# Blender 5.0.1
# www.blender.org
o Archisketch_302398_Frame_polySurface24_001.001
v 0.045950 0.128147 0.162165
v 0.045985 0.128049 0.116691
v 0.046839 0.126863 0.116691
v 0.046544 0.127159 0.162165
v 0.047506 0.126527 0.162165
v 0.048172 0.126375 0.116691
v 0.048648 0.126375 0.162165
v 0.049314 0.126527 0.116691
v 0.050042 0.126897 0.162165
v 0.050015 0.126940 0.116691
v 0.050015 0.126940 0.162165
v 0.050051 0.126904 0.116691
v 0.050573 0.127532 0.162165
v 0.050870 0.128147 0.116691
v 0.050976 0.128611 0.162165
v 0.050941 0.129606 0.116691
v 0.050870 0.129758 0.162165
v 0.049981 0.131042 0.116691
v 0.050277 0.130745 0.162165
v 0.049064 0.131483 0.162165
v 0.048983 0.131461 0.116691
v 0.047756 0.131483 0.116691
v 0.047605 0.131412 0.162165
v 0.046543 0.130745 0.116691
v 0.046617 0.130819 0.162165
v 0.045846 0.129461 0.116691
v 0.045879 0.129607 0.162165
v 0.045901 0.128380 0.116691
v 0.050729 0.130069 0.116691
v 0.046091 0.127836 0.116691
v 0.046398 0.127348 0.116691
v 0.046805 0.126940 0.116691
v 0.047293 0.126633 0.116691
v 0.047837 0.126443 0.116691
v 0.048410 0.126379 0.116691
v 0.048983 0.126443 0.116691
v 0.049527 0.126633 0.116691
v 0.050015 0.126940 0.116691
v 0.050422 0.127348 0.116691
v 0.050729 0.127836 0.116691
v 0.050919 0.128380 0.116691
v 0.050984 0.128952 0.116691
v 0.050919 0.129525 0.116691
v 0.050422 0.130557 0.116691
v 0.050015 0.130964 0.116691
v 0.049527 0.131271 0.116691
v 0.048983 0.131461 0.116691
v 0.048410 0.131526 0.116691
v 0.047837 0.131461 0.116691
v 0.047293 0.131271 0.116691
v 0.046805 0.130964 0.116691
v 0.046398 0.130557 0.116691
v 0.046091 0.130069 0.116691
v 0.045901 0.129525 0.116691
v 0.045836 0.128952 0.116691
v 0.048284 0.128147 0.121319
v -0.048520 0.128048 0.121285
v -0.048520 0.126863 0.120431
v 0.048284 0.127159 0.120726
v 0.048284 0.126527 0.119764
v -0.048520 0.126375 0.119098
v 0.048284 0.126375 0.118622
v -0.048520 0.126527 0.117956
v 0.048284 0.126734 0.117527
v -0.048520 0.127159 0.116993
v 0.048284 0.127532 0.116697
v -0.048520 0.128147 0.116400
v 0.048284 0.128611 0.116294
v -0.048520 0.129607 0.116329
v 0.048284 0.129758 0.116400
v -0.048520 0.131042 0.117289
v 0.048284 0.130949 0.117172
v -0.048520 0.131557 0.118856
v 0.048284 0.131577 0.118854
v 0.048284 0.131526 0.118860
v -0.048520 0.131577 0.118866
v 0.048284 0.131412 0.119665
v -0.048520 0.130949 0.120548
v 0.048284 0.130819 0.120653
v -0.048520 0.129461 0.121424
v 0.048284 0.129607 0.121391
v -0.045950 0.128147 0.162165
v -0.046247 0.127532 0.116691
v -0.045845 0.128611 0.116691
v -0.046722 0.126956 0.162165
v -0.047077 0.126734 0.116691
v -0.048069 0.126387 0.162165
v -0.048485 0.126339 0.116691
v -0.049216 0.126493 0.162165
v -0.050031 0.126913 0.116691
v -0.050015 0.126940 0.162165
v -0.050015 0.126940 0.162165
v -0.050573 0.127532 0.162165
v -0.050629 0.127620 0.116691
v -0.050015 0.126940 0.116691
v -0.050976 0.128611 0.162165
v -0.050987 0.128714 0.116691
v -0.050870 0.129758 0.162165
v -0.050835 0.129856 0.116691
v -0.050277 0.130745 0.162165
v -0.050203 0.130819 0.116691
v -0.049064 0.131483 0.162165
v -0.049215 0.131412 0.116691
v -0.047756 0.131483 0.116691
v -0.047605 0.131412 0.162165
v -0.046617 0.130819 0.162165
v -0.046543 0.130745 0.116691
v -0.045879 0.129607 0.162165
v -0.045950 0.129758 0.116691
v -0.045901 0.128380 0.116691
v -0.046091 0.127836 0.116691
v -0.050729 0.130069 0.116691
v -0.046398 0.127348 0.116691
v -0.046805 0.126940 0.116691
v -0.047293 0.126633 0.116691
v -0.047837 0.126443 0.116691
v -0.048410 0.126379 0.116691
v -0.048983 0.126443 0.116691
v -0.049527 0.126633 0.116691
v -0.050015 0.126940 0.116691
v -0.050422 0.127348 0.116691
v -0.050729 0.127836 0.116691
v -0.050919 0.128380 0.116691
v -0.050984 0.128952 0.116691
v -0.050919 0.129525 0.116691
v -0.050422 0.130557 0.116691
v -0.050015 0.130964 0.116691
v -0.049527 0.131271 0.116691
v -0.048983 0.131461 0.116691
v -0.048410 0.131526 0.116691
v -0.047837 0.131461 0.116691
v -0.047293 0.131271 0.116691
v -0.046805 0.130964 0.116691
v -0.046398 0.130557 0.116691
v -0.046091 0.130069 0.116691
v -0.045901 0.129525 0.116691
v -0.045836 0.128952 0.116691
v 0.048284 0.128147 0.148105
v -0.048520 0.127751 0.147967
v 0.048284 0.127159 0.147512
v -0.048520 0.126734 0.146978
v 0.048284 0.126527 0.146549
v -0.048520 0.126375 0.145883
v 0.048284 0.126375 0.145407
v -0.048520 0.126630 0.144444
v 0.048284 0.126863 0.144074
v -0.048520 0.127620 0.143427
v 0.048284 0.128298 0.143114
v -0.048520 0.128714 0.143068
v -0.048520 0.129856 0.143220
v 0.048284 0.129758 0.143186
v -0.048520 0.130819 0.143853
v 0.048284 0.130949 0.143958
v -0.048520 0.131412 0.144840
v 0.048284 0.131577 0.145639
v -0.048520 0.131526 0.145645
v 0.048284 0.131557 0.145649
v -0.048520 0.131577 0.145651
v -0.048520 0.131116 0.147066
v 0.048284 0.131042 0.147216
v -0.048520 0.130019 0.148032
v 0.048284 0.129606 0.148176
v -0.048520 0.128952 0.148219
v 0.045455 0.127856 0.164430
v -0.045455 0.127856 0.164430
v -0.045455 0.126547 0.163202
v 0.045455 0.126676 0.163401
v -0.045455 0.125726 0.160291
v 0.045455 0.125758 0.160568
v -0.045455 0.125779 0.157000
v 0.045455 0.125779 0.157000
v -0.045455 0.125605 0.153364
v 0.045455 0.125605 0.153774
v -0.045455 0.125779 0.150138
v 0.045455 0.125779 0.150138
v -0.045455 0.125444 0.146525
v 0.045455 0.125429 0.146785
v -0.045455 0.125895 0.144586
v 0.045455 0.125895 0.144586
v -0.045455 0.126646 0.143425
v 0.045455 0.126646 0.143425
v -0.045455 0.127674 0.142708
v 0.045455 0.127674 0.142708
v -0.045455 0.128853 0.142465
v 0.045455 0.128853 0.142465
v 0.045455 0.128853 0.142465
v -0.045455 0.128853 0.142465
v -0.045455 0.130033 0.142708
v 0.045455 0.130033 0.142708
v -0.045455 0.131061 0.143425
v 0.045455 0.131061 0.143425
v -0.045455 0.131812 0.144586
v 0.045455 0.131812 0.144586
v -0.045455 0.132278 0.146785
v 0.045455 0.132263 0.146525
v -0.045455 0.131928 0.150138
v 0.045455 0.131928 0.150138
v -0.045455 0.132102 0.153774
v 0.045455 0.132102 0.153364
v -0.045455 0.131928 0.157000
v 0.045455 0.131928 0.157000
v -0.045455 0.131949 0.160568
v 0.045455 0.131981 0.160291
v -0.045455 0.131031 0.163401
v 0.045455 0.131160 0.163202
v -0.045455 0.129851 0.164430
v 0.045455 0.129851 0.164430
v -0.045455 0.128853 0.164673
v 0.045455 0.128853 0.164673
v 0.045950 -0.128147 0.162165
v 0.046247 -0.127532 0.116691
v 0.045845 -0.128611 0.116691
v 0.046722 -0.126956 0.162165
v 0.047077 -0.126734 0.116691
v 0.048069 -0.126387 0.162165
v 0.048485 -0.126339 0.116691
v 0.049216 -0.126493 0.162165
v 0.050031 -0.126913 0.116691
v 0.050015 -0.126940 0.162165
v 0.050015 -0.126940 0.162165
v 0.050573 -0.127532 0.162165
v 0.050051 -0.126904 0.116691
v 0.050870 -0.128147 0.116691
v 0.050976 -0.128611 0.162165
v 0.050941 -0.129607 0.116691
v 0.050870 -0.129758 0.162165
v 0.050277 -0.130745 0.162165
v 0.050203 -0.130819 0.116691
v 0.049064 -0.131483 0.162165
v 0.049215 -0.131412 0.116691
v 0.047756 -0.131483 0.116691
v 0.047605 -0.131412 0.162165
v 0.046617 -0.130819 0.162165
v 0.046543 -0.130745 0.116691
v 0.045879 -0.129607 0.162165
v 0.045950 -0.129758 0.116691
v 0.045901 -0.128380 0.116691
v 0.046091 -0.127836 0.116691
v 0.050729 -0.130069 0.116691
v 0.046398 -0.127348 0.116691
v 0.046805 -0.126940 0.116691
v 0.047293 -0.126633 0.116691
v 0.047837 -0.126443 0.116691
v 0.048410 -0.126379 0.116691
v 0.048983 -0.126443 0.116691
v 0.049527 -0.126633 0.116691
v 0.050015 -0.126940 0.116691
v 0.050422 -0.127348 0.116691
v 0.050729 -0.127836 0.116691
v 0.050919 -0.128380 0.116691
v 0.050984 -0.128952 0.116691
v 0.050919 -0.129525 0.116691
v 0.050422 -0.130557 0.116691
v 0.050015 -0.130964 0.116691
v 0.049527 -0.131271 0.116691
v 0.048983 -0.131461 0.116691
v 0.048410 -0.131526 0.116691
v 0.047837 -0.131461 0.116691
v 0.047293 -0.131271 0.116691
v 0.046805 -0.130964 0.116691
v 0.046398 -0.130557 0.116691
v 0.046091 -0.130069 0.116691
v 0.045901 -0.129525 0.116691
v 0.045836 -0.128952 0.116691
v 0.048284 -0.128714 0.121437
v 0.048284 -0.127620 0.121079
v -0.048520 -0.127532 0.121023
v -0.048520 -0.128611 0.121425
v 0.048284 -0.126789 0.120281
v -0.048520 -0.126734 0.120192
v 0.048284 -0.126339 0.118934
v -0.048520 -0.126339 0.118785
v 0.048284 -0.126734 0.117527
v -0.048520 -0.126789 0.117439
v 0.048284 -0.127532 0.116697
v -0.048520 -0.127886 0.116473
v 0.048284 -0.128611 0.116294
v -0.048520 -0.129294 0.116294
v 0.048284 -0.129758 0.116400
v -0.048520 -0.130373 0.116697
v 0.048284 -0.130949 0.117172
v -0.048520 -0.131171 0.117527
v 0.048284 -0.131577 0.118854
v -0.048520 -0.131557 0.118856
v 0.048284 -0.131557 0.118864
v -0.048520 -0.131577 0.118866
v 0.048284 -0.131042 0.120431
v -0.048520 -0.130949 0.120548
v 0.048284 -0.129856 0.121285
v -0.048520 -0.129758 0.121319
v -0.045833 -0.128714 0.162165
v -0.045845 -0.128611 0.116691
v -0.046247 -0.127532 0.116691
v -0.046320 -0.127381 0.162165
v -0.047077 -0.126734 0.116691
v -0.047506 -0.126527 0.162165
v -0.048172 -0.126375 0.116691
v -0.048648 -0.126375 0.162165
v -0.049314 -0.126527 0.116691
v -0.050042 -0.126897 0.162165
v -0.050015 -0.126940 0.116691
v -0.050015 -0.126940 0.162165
v -0.050015 -0.126940 0.116691
v -0.050629 -0.127620 0.116691
v -0.050573 -0.127532 0.162165
v -0.050987 -0.128714 0.116691
v -0.050976 -0.128611 0.162165
v -0.050835 -0.129856 0.116691
v -0.050870 -0.129758 0.162165
v -0.050203 -0.130819 0.116691
v -0.050277 -0.130745 0.162165
v -0.049216 -0.131412 0.116691
v -0.049064 -0.131483 0.162165
v -0.047756 -0.131483 0.116691
v -0.047605 -0.131412 0.162165
v -0.046543 -0.130745 0.116691
v -0.046617 -0.130819 0.162165
v -0.045950 -0.129758 0.116691
v -0.045985 -0.129856 0.162165
v -0.045901 -0.128380 0.116691
v -0.050729 -0.130069 0.116691
v -0.046091 -0.127836 0.116691
v -0.046398 -0.127348 0.116691
v -0.046805 -0.126940 0.116691
v -0.047293 -0.126633 0.116691
v -0.047837 -0.126443 0.116691
v -0.048410 -0.126379 0.116691
v -0.048983 -0.126443 0.116691
v -0.049527 -0.126633 0.116691
v -0.050015 -0.126940 0.116691
v -0.050422 -0.127348 0.116691
v -0.050729 -0.127836 0.116691
v -0.050919 -0.128380 0.116691
v -0.050984 -0.128952 0.116691
v -0.050919 -0.129525 0.116691
v -0.050422 -0.130557 0.116691
v -0.050015 -0.130964 0.116691
v -0.049527 -0.131271 0.116691
v -0.048983 -0.131461 0.116691
v -0.048410 -0.131526 0.116691
v -0.047837 -0.131461 0.116691
v -0.047293 -0.131271 0.116691
v -0.046805 -0.130964 0.116691
v -0.046398 -0.130557 0.116691
v -0.046091 -0.130069 0.116691
v -0.045901 -0.129525 0.116691
v -0.045836 -0.128952 0.116691
v 0.135814 -0.128101 0.005018
v 0.140751 -0.127458 0.004932
v 0.145609 -0.126320 0.004932
v 0.150229 -0.124437 0.004932
v 0.154498 -0.121853 0.004932
v 0.158310 -0.118634 0.004932
v 0.161830 -0.114977 0.005019
v 0.164202 -0.110619 0.004932
v 0.166137 -0.106020 0.004932
v 0.167613 -0.101163 0.005019
v 0.168017 -0.096268 0.005019
v 0.135924 -0.127122 0.004405
v 0.161291 -0.114437 0.004586
v 0.166887 -0.100926 0.004586
v 0.167046 -0.096073 0.004406
v 0.140747 -0.126384 0.003953
v 0.145437 -0.125260 0.003953
v 0.149894 -0.123416 0.003953
v 0.154007 -0.120898 0.003953
v 0.157675 -0.117767 0.003953
v 0.160809 -0.114101 0.003953
v 0.163330 -0.109990 0.003953
v 0.165178 -0.105535 0.003953
v 0.166305 -0.100846 0.003952
v 0.135944 -0.126508 0.003429
v 0.166559 -0.096026 0.003690
v 0.140698 -0.126006 0.002864
v 0.145329 -0.124894 0.002864
v 0.149730 -0.123072 0.002864
v 0.153791 -0.120583 0.002864
v 0.157413 -0.117490 0.002864
v 0.160507 -0.113869 0.002864
v 0.162995 -0.109808 0.002864
v 0.164818 -0.105408 0.002864
v 0.165930 -0.100777 0.002864
v 0.166304 -0.096030 0.002864
v 0.136088 -0.126399 0.001997
v 0.140710 -0.126069 0.002001
v 0.145351 -0.124954 0.002001
v 0.149761 -0.123128 0.002001
v 0.153830 -0.120634 0.002001
v 0.157460 -0.117534 0.002001
v 0.160559 -0.113905 0.002001
v 0.163053 -0.109835 0.002001
v 0.164880 -0.105426 0.002001
v 0.165994 -0.100785 0.002001
v 0.166369 -0.096026 0.002001
v 0.135968 -0.126760 0.001196
v 0.135952 -0.126443 0.002001
v 0.140710 -0.126069 0.002001
v 0.140772 -0.126380 0.001195
v 0.145351 -0.124954 0.002001
v 0.145461 -0.125252 0.001195
v 0.149761 -0.123128 0.002001
v 0.149916 -0.123405 0.001195
v 0.153830 -0.120634 0.002001
v 0.154027 -0.120883 0.001195
v 0.157460 -0.117534 0.002001
v 0.157693 -0.117750 0.001195
v 0.160559 -0.113905 0.002001
v 0.160823 -0.114081 0.001195
v 0.163053 -0.109835 0.002001
v 0.163342 -0.109968 0.001195
v 0.164880 -0.105426 0.002001
v 0.165185 -0.105512 0.001195
v 0.165994 -0.100785 0.002001
v 0.166309 -0.100822 0.001195
v 0.166369 -0.096026 0.002001
v 0.166687 -0.096002 0.001195
v 0.135952 -0.127348 0.000561
v 0.141100 -0.127403 0.000215
v 0.145945 -0.126211 0.000215
v 0.150544 -0.124276 0.000215
v 0.154784 -0.121646 0.000215
v 0.158560 -0.118384 0.000215
v 0.161779 -0.114572 0.000215
v 0.164362 -0.110304 0.000215
v 0.166246 -0.105684 0.000215
v 0.167121 -0.100915 0.000380
v 0.167506 -0.095932 0.000380
v 0.136128 -0.128095 0.000129
v 0.168418 -0.099762 0.000000
v 0.139231 -0.128873 -0.000000
v 0.148590 -0.126539 0.000000
v 0.157401 -0.121140 -0.000000
v 0.163080 -0.115188 0.000001
v 0.166464 -0.108665 0.000000
v 0.136089 -0.129804 0.000129
v 0.141454 -0.129636 0.000215
v 0.146644 -0.128361 0.000215
v 0.151393 -0.126067 0.000128
v 0.156113 -0.123475 0.000215
v 0.160158 -0.119983 0.000215
v 0.166102 -0.111253 0.000128
v 0.168112 -0.106349 0.000128
v 0.169616 -0.101179 0.000215
v 0.169738 -0.095785 0.000128
v 0.163730 -0.116150 0.000380
v 0.135952 -0.130557 0.000562
v 0.151751 -0.126983 0.000741
v 0.166930 -0.111784 0.000741
v 0.169013 -0.106744 0.000741
v 0.170482 -0.096026 0.000562
v 0.135967 -0.131144 0.001196
v 0.141458 -0.130710 0.001195
v 0.146816 -0.129422 0.001195
v 0.156603 -0.124430 0.001195
v 0.160793 -0.120850 0.001195
v 0.164370 -0.116658 0.001195
v 0.170639 -0.101508 0.001195
v 0.171071 -0.096002 0.001195
v 0.152015 -0.127538 0.001718
v 0.167469 -0.112079 0.001718
v 0.169592 -0.106950 0.001718
v 0.135954 -0.131525 0.002284
v 0.141507 -0.131088 0.002284
v 0.146923 -0.129788 0.002283
v 0.156819 -0.124745 0.002283
v 0.161055 -0.121127 0.002284
v 0.164672 -0.116891 0.002284
v 0.171014 -0.101578 0.002283
v 0.171387 -0.096026 0.002001
v 0.152066 -0.127657 0.002864
v 0.167581 -0.112144 0.002864
v 0.169713 -0.106998 0.002864
v 0.171451 -0.096031 0.002864
v 0.135952 -0.131461 0.003146
v 0.141479 -0.130962 0.003430
v 0.146876 -0.129667 0.003430
v 0.156737 -0.124645 0.003430
v 0.160958 -0.121041 0.003430
v 0.164563 -0.116821 0.003430
v 0.170951 -0.101570 0.003146
v 0.135936 -0.131145 0.003952
v 0.151884 -0.127322 0.003953
v 0.167236 -0.111981 0.003953
v 0.169347 -0.106890 0.003953
v 0.170635 -0.101532 0.003953
v 0.171069 -0.096051 0.003953
v 0.141366 -0.130358 0.004406
v 0.146670 -0.129088 0.004406
v 0.156362 -0.124158 0.004406
v 0.160511 -0.120619 0.004406
v 0.164217 -0.116562 0.004178
v 0.135952 -0.130557 0.004586
v 0.151256 -0.126451 0.004932
v 0.163674 -0.116226 0.004768
v 0.166216 -0.111645 0.004932
v 0.168287 -0.106718 0.004932
v 0.169823 -0.101439 0.004768
v 0.170249 -0.096121 0.004768
v 0.135776 -0.129809 0.005018
v 0.141117 -0.129406 0.005019
v 0.146275 -0.128187 0.005019
v 0.155708 -0.123423 0.005019
v 0.159750 -0.119995 0.005019
v 0.162558 -0.115906 0.005146
v 0.168940 -0.100339 0.005146
v 0.139231 -0.128873 0.005147
v 0.148590 -0.126539 0.005147
v 0.157401 -0.121140 0.005147
v 0.166464 -0.108665 0.005147
v 0.168629 0.000002 0.005150
v 0.167544 -0.000001 0.004792
v 0.166556 0.000000 0.003776
v 0.166318 0.000003 0.001996
v 0.166339 0.000001 0.001990
v 0.167007 0.000002 0.000786
v 0.167974 0.000000 0.000148
v 0.169119 0.000000 -0.000003
v 0.170204 -0.000002 0.000352
v 0.171041 0.000000 0.001153
v 0.171491 0.000000 0.002499
v 0.170967 0.000000 0.004145
v 0.169781 0.000000 0.004999
v -0.135952 -0.128049 0.004999
v -0.135952 -0.127086 0.004367
v -0.135952 -0.126493 0.003379
v -0.135951 -0.126412 0.001998
v -0.135952 -0.126789 0.001153
v -0.135952 -0.126443 0.002001
v -0.135952 -0.127620 0.000355
v -0.139834 -0.128494 -0.000003
v -0.135952 -0.129856 0.000148
v -0.135952 -0.130819 0.000781
v -0.135952 -0.131412 0.001768
v -0.135952 -0.131518 0.002915
v -0.135952 -0.131116 0.003995
v -0.135952 -0.130285 0.004792
v -0.139772 -0.129033 0.005148
v -0.140751 -0.127458 0.004932
v -0.145609 -0.126320 0.004932
v -0.150229 -0.124437 0.004932
v -0.154498 -0.121853 0.004932
v -0.158310 -0.118634 0.004932
v -0.161830 -0.114977 0.005019
v -0.164202 -0.110619 0.004932
v -0.166137 -0.106020 0.004932
v -0.167613 -0.101163 0.005019
v -0.168017 -0.096267 0.005019
v -0.161291 -0.114437 0.004586
v -0.166662 -0.100914 0.004406
v -0.167046 -0.096073 0.004406
v -0.140747 -0.126384 0.003953
v -0.145437 -0.125260 0.003953
v -0.149894 -0.123416 0.003953
v -0.154007 -0.120898 0.003953
v -0.157675 -0.117767 0.003953
v -0.160809 -0.114101 0.003953
v -0.163330 -0.109990 0.003953
v -0.165178 -0.105536 0.003953
v -0.166182 -0.100814 0.003690
v -0.166559 -0.096026 0.003690
v -0.140698 -0.126006 0.002864
v -0.145329 -0.124894 0.002864
v -0.149730 -0.123072 0.002864
v -0.153791 -0.120583 0.002864
v -0.157413 -0.117490 0.002864
v -0.160507 -0.113869 0.002864
v -0.162995 -0.109808 0.002864
v -0.164818 -0.105408 0.002864
v -0.165930 -0.100777 0.002864
v -0.166304 -0.096030 0.002864
v -0.140710 -0.126069 0.002001
v -0.145351 -0.124954 0.002001
v -0.149761 -0.123128 0.002001
v -0.153830 -0.120634 0.002001
v -0.157460 -0.117534 0.002001
v -0.160559 -0.113905 0.002001
v -0.163053 -0.109835 0.002001
v -0.164880 -0.105426 0.002001
v -0.165994 -0.100785 0.002001
v -0.166369 -0.096026 0.002001
v -0.140772 -0.126380 0.001195
v -0.140710 -0.126069 0.002001
v -0.145461 -0.125252 0.001195
v -0.145351 -0.124954 0.002001
v -0.149916 -0.123405 0.001195
v -0.149761 -0.123128 0.002001
v -0.154027 -0.120884 0.001195
v -0.153830 -0.120634 0.002001
v -0.157693 -0.117750 0.001195
v -0.157460 -0.117534 0.002001
v -0.160823 -0.114081 0.001195
v -0.160559 -0.113905 0.002001
v -0.163342 -0.109968 0.001195
v -0.163053 -0.109835 0.002001
v -0.165185 -0.105512 0.001195
v -0.164880 -0.105426 0.002001
v -0.166309 -0.100822 0.001195
v -0.165994 -0.100785 0.002001
v -0.166687 -0.096002 0.001195
v -0.166369 -0.096026 0.002001
v -0.140934 -0.127181 0.000380
v -0.145945 -0.126211 0.000215
v -0.150544 -0.124276 0.000215
v -0.154784 -0.121646 0.000215
v -0.158560 -0.118384 0.000215
v -0.161779 -0.114572 0.000215
v -0.164362 -0.110304 0.000215
v -0.166246 -0.105684 0.000215
v -0.167122 -0.100915 0.000380
v -0.167506 -0.095932 0.000380
v -0.168418 -0.099762 0.000000
v -0.148590 -0.126539 -0.000000
v -0.157401 -0.121140 -0.000000
v -0.163080 -0.115188 0.000001
v -0.166464 -0.108665 0.000000
v -0.141454 -0.129636 0.000215
v -0.146644 -0.128361 0.000215
v -0.151393 -0.126067 0.000128
v -0.155903 -0.123282 0.000128
v -0.160158 -0.119983 0.000215
v -0.166102 -0.111253 0.000128
v -0.168112 -0.106349 0.000128
v -0.169616 -0.101179 0.000215
v -0.169738 -0.095785 0.000128
v -0.163730 -0.116150 0.000380
v -0.151751 -0.126983 0.000741
v -0.156399 -0.124131 0.000741
v -0.166930 -0.111784 0.000741
v -0.169013 -0.106744 0.000741
v -0.170482 -0.096026 0.000562
v -0.141458 -0.130710 0.001195
v -0.146816 -0.129422 0.001195
v -0.160792 -0.120850 0.001195
v -0.164217 -0.116562 0.000969
v -0.170639 -0.101508 0.001195
v -0.171071 -0.096002 0.001195
v -0.152015 -0.127538 0.001718
v -0.156747 -0.124638 0.001718
v -0.164570 -0.116811 0.001718
v -0.167469 -0.112079 0.001718
v -0.169592 -0.106950 0.001718
v -0.141507 -0.131088 0.002284
v -0.146923 -0.129787 0.002283
v -0.161055 -0.121127 0.002284
v -0.171014 -0.101578 0.002283
v -0.171387 -0.096026 0.002001
v -0.152066 -0.127657 0.002864
v -0.156816 -0.124747 0.002864
v -0.164670 -0.116894 0.002864
v -0.167581 -0.112144 0.002864
v -0.169713 -0.106998 0.002864
v -0.171451 -0.096031 0.002864
v -0.141479 -0.130962 0.003430
v -0.146876 -0.129667 0.003430
v -0.160958 -0.121041 0.003430
v -0.170951 -0.101570 0.003146
v -0.151884 -0.127322 0.003953
v -0.156583 -0.124445 0.003953
v -0.164355 -0.116678 0.003953
v -0.167236 -0.111981 0.003953
v -0.169347 -0.106890 0.003953
v -0.170635 -0.101532 0.003953
v -0.171069 -0.096051 0.003953
v -0.141417 -0.130534 0.004178
v -0.146670 -0.129088 0.004406
v -0.160511 -0.120619 0.004406
v -0.141271 -0.129912 0.004768
v -0.151256 -0.126451 0.004932
v -0.155827 -0.123682 0.004932
v -0.163674 -0.116226 0.004768
v -0.166216 -0.111645 0.004932
v -0.168287 -0.106718 0.004932
v -0.169823 -0.101439 0.004768
v -0.170249 -0.096121 0.004768
v -0.146275 -0.128187 0.005019
v -0.159750 -0.119995 0.005019
v -0.162558 -0.115906 0.005146
v -0.168940 -0.100339 0.005146
v -0.148590 -0.126539 0.005147
v -0.157401 -0.121140 0.005147
v -0.166464 -0.108665 0.005147
v -0.167545 0.000000 0.004792
v -0.168642 -0.000000 0.005151
v -0.166556 0.000000 0.003775
v -0.166318 0.000000 0.001996
v -0.166339 0.000000 0.001990
v -0.167011 0.000000 0.000781
v -0.167974 0.000000 0.000148
v -0.169386 0.000000 0.000009
v -0.170671 0.000001 0.000708
v -0.171302 0.000002 0.001668
v -0.171455 -0.000001 0.002803
v -0.170963 0.000002 0.004151
v -0.169780 0.000003 0.004999
v 0.135814 -0.128101 0.163951
v 0.140851 -0.127726 0.163952
v 0.145609 -0.126320 0.163865
v 0.150406 -0.124660 0.163952
v 0.154708 -0.122047 0.163952
v 0.158547 -0.118792 0.163952
v 0.161830 -0.114977 0.163952
v 0.164476 -0.110696 0.163952
v 0.166137 -0.106020 0.163865
v 0.167613 -0.101163 0.163952
v 0.168017 -0.096268 0.163952
v 0.135924 -0.127122 0.163338
v 0.140852 -0.126962 0.163519
v 0.150171 -0.123934 0.163519
v 0.154362 -0.121366 0.163519
v 0.158099 -0.118174 0.163519
v 0.161291 -0.114437 0.163519
v 0.163859 -0.110246 0.163519
v 0.166887 -0.100926 0.163519
v 0.167046 -0.096073 0.163339
v 0.140747 -0.126384 0.162885
v 0.145437 -0.125260 0.162885
v 0.149894 -0.123416 0.162885
v 0.154007 -0.120898 0.162885
v 0.157675 -0.117767 0.162885
v 0.160809 -0.114101 0.162885
v 0.163330 -0.109990 0.162885
v 0.165178 -0.105535 0.162885
v 0.166305 -0.100846 0.162885
v 0.135952 -0.126633 0.162623
v 0.166559 -0.096026 0.162623
v 0.135949 -0.126379 0.161797
v 0.140698 -0.126006 0.161797
v 0.145329 -0.124894 0.161797
v 0.149730 -0.123072 0.161797
v 0.153791 -0.120583 0.161797
v 0.157413 -0.117490 0.161797
v 0.160507 -0.113869 0.161797
v 0.162995 -0.109808 0.161797
v 0.164818 -0.105408 0.161797
v 0.165930 -0.100777 0.161797
v 0.166304 -0.096030 0.161796
v 0.135952 -0.126443 0.160934
v 0.140710 -0.126069 0.160934
v 0.145351 -0.124954 0.160934
v 0.149761 -0.123128 0.160934
v 0.153830 -0.120634 0.160934
v 0.157460 -0.117534 0.160934
v 0.160559 -0.113905 0.160934
v 0.163053 -0.109835 0.160934
v 0.164880 -0.105426 0.160934
v 0.165994 -0.100785 0.160934
v 0.166369 -0.096026 0.160934
v 0.135968 -0.126760 0.160129
v 0.135952 -0.126443 0.160934
v 0.140710 -0.126069 0.160934
v 0.140772 -0.126380 0.160128
v 0.145351 -0.124954 0.160934
v 0.145461 -0.125252 0.160128
v 0.149761 -0.123128 0.160934
v 0.149916 -0.123405 0.160128
v 0.153830 -0.120634 0.160934
v 0.154027 -0.120883 0.160128
v 0.157460 -0.117534 0.160934
v 0.157693 -0.117750 0.160128
v 0.160559 -0.113905 0.160934
v 0.160823 -0.114081 0.160128
v 0.163053 -0.109835 0.160934
v 0.163342 -0.109968 0.160128
v 0.164880 -0.105426 0.160934
v 0.165185 -0.105512 0.160128
v 0.165994 -0.100785 0.160934
v 0.166309 -0.100822 0.160128
v 0.166369 -0.096026 0.160934
v 0.166687 -0.096002 0.160128
v 0.135952 -0.127348 0.159494
v 0.141100 -0.127403 0.159148
v 0.145945 -0.126211 0.159148
v 0.150544 -0.124276 0.159148
v 0.154784 -0.121646 0.159148
v 0.158560 -0.118384 0.159148
v 0.161779 -0.114572 0.159148
v 0.164362 -0.110304 0.159148
v 0.166246 -0.105684 0.159148
v 0.167122 -0.100915 0.159312
v 0.167506 -0.095932 0.159312
v 0.136128 -0.128095 0.159062
v 0.168418 -0.099762 0.158933
v 0.139231 -0.128873 0.158933
v 0.148591 -0.126539 0.158933
v 0.157401 -0.121140 0.158933
v 0.163080 -0.115188 0.158934
v 0.166464 -0.108665 0.158933
v 0.136089 -0.129804 0.159062
v 0.141454 -0.129636 0.159148
v 0.146644 -0.128361 0.159148
v 0.151393 -0.126067 0.159061
v 0.155903 -0.123281 0.159061
v 0.160158 -0.119983 0.159148
v 0.166102 -0.111253 0.159061
v 0.168112 -0.106349 0.159061
v 0.169616 -0.101179 0.159148
v 0.169738 -0.095785 0.159061
v 0.163730 -0.116150 0.159312
v 0.135952 -0.130557 0.159494
v 0.151751 -0.126983 0.159674
v 0.156399 -0.124131 0.159674
v 0.166930 -0.111784 0.159674
v 0.169013 -0.106744 0.159674
v 0.170482 -0.096026 0.159494
v 0.135967 -0.131144 0.160128
v 0.141458 -0.130710 0.160128
v 0.146816 -0.129422 0.160128
v 0.160793 -0.120850 0.160128
v 0.164370 -0.116658 0.160128
v 0.170639 -0.101508 0.160128
v 0.171071 -0.096002 0.160128
v 0.152015 -0.127538 0.160651
v 0.156747 -0.124638 0.160651
v 0.167469 -0.112079 0.160651
v 0.169592 -0.106950 0.160650
v 0.135952 -0.131461 0.160934
v 0.141507 -0.131088 0.161216
v 0.146923 -0.129788 0.161216
v 0.161055 -0.121127 0.161216
v 0.164672 -0.116891 0.161216
v 0.171014 -0.101578 0.161216
v 0.171387 -0.096026 0.160934
v 0.135949 -0.131526 0.161796
v 0.152066 -0.127657 0.161797
v 0.156816 -0.124747 0.161797
v 0.167581 -0.112144 0.161797
v 0.169713 -0.106998 0.161797
v 0.171451 -0.096031 0.161797
v 0.141479 -0.130962 0.162363
v 0.146876 -0.129667 0.162362
v 0.160958 -0.121041 0.162363
v 0.164563 -0.116821 0.162363
v 0.170951 -0.101570 0.162079
v 0.135936 -0.131145 0.162885
v 0.151884 -0.127322 0.162885
v 0.156583 -0.124445 0.162885
v 0.167236 -0.111981 0.162885
v 0.169347 -0.106890 0.162885
v 0.170635 -0.101532 0.162885
v 0.171069 -0.096051 0.162885
v 0.141366 -0.130358 0.163339
v 0.146670 -0.129088 0.163339
v 0.160511 -0.120619 0.163339
v 0.164217 -0.116562 0.163111
v 0.135952 -0.130557 0.163519
v 0.151256 -0.126451 0.163865
v 0.155827 -0.123682 0.163865
v 0.163674 -0.116226 0.163701
v 0.166216 -0.111645 0.163865
v 0.168286 -0.106718 0.163865
v 0.169823 -0.101439 0.163701
v 0.170249 -0.096121 0.163701
v 0.135776 -0.129809 0.163951
v 0.141117 -0.129406 0.163952
v 0.146275 -0.128187 0.163952
v 0.159750 -0.119995 0.163952
v 0.162558 -0.115906 0.164079
v 0.168940 -0.100339 0.164079
v 0.139231 -0.128873 0.164080
v 0.148591 -0.126539 0.164080
v 0.157401 -0.121140 0.164080
v 0.166464 -0.108665 0.164080
v 0.168629 0.000002 0.164083
v 0.167544 -0.000001 0.163724
v 0.166556 0.000000 0.162709
v 0.166318 0.000003 0.160928
v 0.166339 0.000001 0.160923
v 0.167007 0.000002 0.159719
v 0.167974 0.000000 0.159081
v 0.169119 0.000000 0.158930
v 0.170204 -0.000002 0.159284
v 0.171041 0.000000 0.160086
v 0.171491 0.000000 0.161432
v 0.170967 0.000000 0.163078
v 0.169781 0.000000 0.163932
v -0.135952 -0.127532 0.163670
v -0.139558 -0.128527 0.164079
v -0.135952 -0.126734 0.162839
v -0.135952 -0.126375 0.161744
v -0.135952 -0.126443 0.160934
v -0.135952 -0.126789 0.160086
v -0.135952 -0.126443 0.160934
v -0.135952 -0.127620 0.159288
v -0.139834 -0.128494 0.158930
v -0.135952 -0.129856 0.159081
v -0.135952 -0.130819 0.159714
v -0.135952 -0.131412 0.160701
v -0.135952 -0.131518 0.161848
v -0.135952 -0.131116 0.162927
v -0.135952 -0.130285 0.163725
v -0.139870 -0.129297 0.164023
v -0.140751 -0.127458 0.163865
v -0.145609 -0.126320 0.163865
v -0.150229 -0.124437 0.163865
v -0.154498 -0.121853 0.163865
v -0.158310 -0.118634 0.163865
v -0.161830 -0.114977 0.163952
v -0.164202 -0.110619 0.163865
v -0.166137 -0.106020 0.163865
v -0.167613 -0.101163 0.163952
v -0.168017 -0.096267 0.163952
v -0.161291 -0.114437 0.163519
v -0.166662 -0.100914 0.163339
v -0.167046 -0.096073 0.163339
v -0.140747 -0.126384 0.162885
v -0.145437 -0.125260 0.162885
v -0.149894 -0.123416 0.162885
v -0.154007 -0.120898 0.162885
v -0.157675 -0.117767 0.162885
v -0.160809 -0.114101 0.162885
v -0.163330 -0.109990 0.162885
v -0.165178 -0.105536 0.162885
v -0.166182 -0.100814 0.162623
v -0.166559 -0.096026 0.162623
v -0.140698 -0.126006 0.161797
v -0.145329 -0.124894 0.161797
v -0.149730 -0.123072 0.161797
v -0.153791 -0.120583 0.161797
v -0.157413 -0.117490 0.161797
v -0.160507 -0.113869 0.161797
v -0.162995 -0.109808 0.161797
v -0.164818 -0.105408 0.161797
v -0.165930 -0.100777 0.161797
v -0.166304 -0.096030 0.161796
v -0.140710 -0.126069 0.160934
v -0.145351 -0.124954 0.160934
v -0.149761 -0.123128 0.160934
v -0.153830 -0.120634 0.160934
v -0.157460 -0.117534 0.160934
v -0.160559 -0.113905 0.160934
v -0.163053 -0.109835 0.160934
v -0.164880 -0.105426 0.160934
v -0.165994 -0.100785 0.160934
v -0.166369 -0.096026 0.160934
v -0.140772 -0.126380 0.160128
v -0.140710 -0.126069 0.160934
v -0.145461 -0.125252 0.160128
v -0.145351 -0.124954 0.160934
v -0.149916 -0.123405 0.160128
v -0.149761 -0.123128 0.160934
v -0.154027 -0.120883 0.160128
v -0.153830 -0.120634 0.160934
v -0.157693 -0.117750 0.160128
v -0.157460 -0.117534 0.160934
v -0.160823 -0.114081 0.160128
v -0.160559 -0.113905 0.160934
v -0.163342 -0.109968 0.160128
v -0.163053 -0.109835 0.160934
v -0.165185 -0.105512 0.160128
v -0.164880 -0.105426 0.160934
v -0.166309 -0.100822 0.160128
v -0.165994 -0.100785 0.160934
v -0.166687 -0.096002 0.160128
v -0.166369 -0.096026 0.160934
v -0.140934 -0.127181 0.159312
v -0.145945 -0.126211 0.159148
v -0.150544 -0.124276 0.159148
v -0.154784 -0.121646 0.159148
v -0.158560 -0.118384 0.159148
v -0.161779 -0.114572 0.159148
v -0.164362 -0.110304 0.159148
v -0.166246 -0.105684 0.159148
v -0.167122 -0.100915 0.159312
v -0.167506 -0.095932 0.159312
v -0.168418 -0.099762 0.158933
v -0.148590 -0.126539 0.158933
v -0.157401 -0.121140 0.158933
v -0.163080 -0.115188 0.158934
v -0.166464 -0.108665 0.158933
v -0.141355 -0.129368 0.159061
v -0.146504 -0.128113 0.159061
v -0.151393 -0.126067 0.159061
v -0.155903 -0.123282 0.159061
v -0.159921 -0.119825 0.159061
v -0.166102 -0.111253 0.159061
v -0.168112 -0.106349 0.159061
v -0.169331 -0.101191 0.159061
v -0.169738 -0.095785 0.159061
v -0.163730 -0.116150 0.159312
v -0.141412 -0.130350 0.159674
v -0.146714 -0.129074 0.159674
v -0.151751 -0.126983 0.159674
v -0.156399 -0.124131 0.159674
v -0.160544 -0.120586 0.159674
v -0.166930 -0.111784 0.159674
v -0.169013 -0.106744 0.159674
v -0.170283 -0.101440 0.159674
v -0.170482 -0.096026 0.159494
v -0.164217 -0.116562 0.159902
v -0.171071 -0.096002 0.160128
v -0.141491 -0.130960 0.160650
v -0.146888 -0.129663 0.160651
v -0.152015 -0.127538 0.160651
v -0.156747 -0.124638 0.160651
v -0.160966 -0.121032 0.160650
v -0.164570 -0.116811 0.160650
v -0.167469 -0.112079 0.160651
v -0.169592 -0.106950 0.160650
v -0.170887 -0.101553 0.160651
v -0.171387 -0.096026 0.160934
v -0.141503 -0.131089 0.161797
v -0.146920 -0.129789 0.161797
v -0.152066 -0.127657 0.161797
v -0.156816 -0.124747 0.161797
v -0.161052 -0.121129 0.161797
v -0.164670 -0.116894 0.161797
v -0.167581 -0.112144 0.161797
v -0.169713 -0.106998 0.161797
v -0.171014 -0.101582 0.161797
v -0.171451 -0.096031 0.161797
v -0.141433 -0.130714 0.162885
v -0.146792 -0.129429 0.162885
v -0.151884 -0.127322 0.162885
v -0.156583 -0.124445 0.162885
v -0.160775 -0.120867 0.162885
v -0.164355 -0.116678 0.162885
v -0.167236 -0.111981 0.162885
v -0.169347 -0.106890 0.162885
v -0.170635 -0.101532 0.162885
v -0.171069 -0.096051 0.162885
v -0.141271 -0.129912 0.163701
v -0.146308 -0.128470 0.163865
v -0.151256 -0.126451 0.163865
v -0.155827 -0.123682 0.163865
v -0.159908 -0.120233 0.163865
v -0.163674 -0.116226 0.163701
v -0.166216 -0.111645 0.163865
v -0.168286 -0.106718 0.163865
v -0.169823 -0.101439 0.163701
v -0.170249 -0.096121 0.163701
v -0.162558 -0.115906 0.164079
v -0.168940 -0.100339 0.164079
v -0.148591 -0.126539 0.164080
v -0.157401 -0.121140 0.164080
v -0.166464 -0.108665 0.164080
v -0.167545 0.000000 0.163725
v -0.168642 -0.000000 0.164084
v -0.166714 0.000000 0.162927
v -0.166312 0.000000 0.161848
v -0.166369 0.000000 0.160934
v -0.166659 0.000000 0.160174
v -0.166369 0.000000 0.160934
v -0.167457 0.000000 0.159343
v -0.168803 0.000000 0.158893
v -0.170213 -0.000000 0.159290
v -0.171199 0.000003 0.160303
v -0.171455 -0.000001 0.161735
v -0.170963 0.000002 0.163083
v -0.169780 0.000003 0.163932
v 0.048284 -0.128444 0.148210
v -0.048520 -0.127751 0.147967
v 0.048284 -0.126956 0.147333
v -0.048520 -0.126734 0.146978
v 0.048284 -0.126339 0.145720
v -0.048520 -0.126339 0.145571
v 0.048284 -0.126734 0.144313
v -0.048520 -0.126789 0.144225
v 0.048284 -0.127532 0.143482
v -0.048520 -0.127886 0.143259
v 0.048284 -0.128611 0.143080
v -0.048520 -0.129294 0.143080
v 0.048284 -0.129758 0.143186
v -0.048520 -0.130640 0.143649
v 0.048284 -0.130949 0.143958
v -0.048520 -0.131412 0.144840
v 0.048284 -0.131577 0.145639
v -0.048520 -0.131526 0.145645
v 0.048284 -0.131557 0.145649
v -0.048520 -0.131577 0.145651
v 0.048284 -0.131171 0.146978
v -0.048520 -0.130949 0.147333
v 0.048284 -0.130153 0.147967
v -0.048520 -0.129461 0.148210
v 0.045455 -0.127856 0.164430
v 0.045455 -0.126676 0.163401
v -0.045455 -0.126547 0.163202
v -0.045455 -0.127856 0.164430
v 0.045455 -0.125758 0.160568
v -0.045455 -0.125726 0.160291
v 0.045455 -0.125779 0.157000
v -0.045455 -0.125779 0.157000
v 0.045455 -0.125605 0.153774
v -0.045455 -0.125605 0.153364
v 0.045455 -0.125779 0.150138
v -0.045455 -0.125779 0.150138
v 0.045455 -0.125429 0.146785
v -0.045455 -0.125444 0.146525
v 0.045455 -0.125895 0.144586
v -0.045455 -0.125895 0.144586
v 0.045455 -0.126646 0.143425
v -0.045455 -0.126646 0.143425
v 0.045455 -0.127674 0.142708
v -0.045455 -0.127674 0.142708
v 0.045455 -0.128853 0.142465
v -0.045455 -0.128853 0.142465
v 0.045455 -0.128853 0.142465
v 0.045455 -0.130033 0.142708
v -0.045455 -0.130033 0.142708
v -0.045455 -0.128853 0.142465
v 0.045455 -0.131061 0.143425
v -0.045455 -0.131061 0.143425
v 0.045455 -0.131812 0.144586
v -0.045455 -0.131812 0.144586
v 0.045455 -0.132263 0.146525
v -0.045455 -0.132278 0.146785
v 0.045455 -0.131928 0.150138
v -0.045455 -0.131928 0.150138
v 0.045455 -0.132102 0.153364
v -0.045455 -0.132102 0.153774
v 0.045455 -0.131928 0.157000
v -0.045455 -0.131928 0.157000
v 0.045455 -0.131981 0.160291
v -0.045455 -0.131949 0.160568
v 0.045455 -0.131160 0.163202
v -0.045455 -0.131031 0.163401
v 0.045455 -0.129851 0.164430
v -0.045455 -0.129851 0.164430
v 0.045455 -0.128853 0.164673
v -0.045455 -0.128853 0.164673
v 0.135814 0.128101 0.005018
v 0.140751 0.127458 0.004932
v 0.145609 0.126320 0.004932
v 0.150229 0.124437 0.004932
v 0.154498 0.121853 0.004932
v 0.158310 0.118634 0.004932
v 0.161830 0.114977 0.005019
v 0.164202 0.110619 0.004932
v 0.166137 0.106020 0.004932
v 0.167613 0.101163 0.005019
v 0.168017 0.096267 0.005019
v 0.135924 0.127122 0.004405
v 0.161291 0.114437 0.004586
v 0.166662 0.100914 0.004406
v 0.167046 0.096073 0.004406
v 0.140747 0.126384 0.003953
v 0.145437 0.125260 0.003953
v 0.149894 0.123416 0.003953
v 0.154007 0.120898 0.003953
v 0.157675 0.117767 0.003953
v 0.160809 0.114101 0.003953
v 0.163330 0.109990 0.003953
v 0.165178 0.105536 0.003953
v 0.135944 0.126508 0.003429
v 0.166182 0.100814 0.003690
v 0.166559 0.096026 0.003690
v 0.140698 0.126006 0.002864
v 0.145329 0.124894 0.002864
v 0.149730 0.123072 0.002864
v 0.153791 0.120583 0.002864
v 0.157413 0.117490 0.002864
v 0.160507 0.113869 0.002864
v 0.162995 0.109808 0.002864
v 0.164818 0.105408 0.002864
v 0.165930 0.100777 0.002864
v 0.166304 0.096030 0.002864
v 0.136088 0.126399 0.001997
v 0.140710 0.126069 0.002001
v 0.145351 0.124954 0.002001
v 0.149761 0.123128 0.002001
v 0.153830 0.120634 0.002001
v 0.157460 0.117534 0.002001
v 0.160559 0.113905 0.002001
v 0.163053 0.109835 0.002001
v 0.164880 0.105426 0.002001
v 0.165994 0.100785 0.002001
v 0.166369 0.096026 0.002001
v 0.135968 0.126760 0.001196
v 0.140772 0.126380 0.001195
v 0.140710 0.126069 0.002001
v 0.135952 0.126443 0.002001
v 0.145461 0.125252 0.001195
v 0.145351 0.124954 0.002001
v 0.149916 0.123405 0.001195
v 0.149761 0.123128 0.002001
v 0.154027 0.120884 0.001195
v 0.153830 0.120634 0.002001
v 0.157693 0.117750 0.001195
v 0.157460 0.117534 0.002001
v 0.160823 0.114081 0.001195
v 0.160559 0.113905 0.002001
v 0.163342 0.109968 0.001195
v 0.163053 0.109835 0.002001
v 0.165185 0.105512 0.001195
v 0.164880 0.105426 0.002001
v 0.166309 0.100822 0.001195
v 0.165994 0.100785 0.002001
v 0.166687 0.096002 0.001195
v 0.166369 0.096026 0.002001
v 0.135952 0.127348 0.000561
v 0.141100 0.127403 0.000215
v 0.145945 0.126211 0.000215
v 0.150544 0.124276 0.000215
v 0.154784 0.121646 0.000215
v 0.158560 0.118384 0.000215
v 0.161779 0.114572 0.000215
v 0.164362 0.110304 0.000215
v 0.166246 0.105684 0.000215
v 0.167122 0.100915 0.000380
v 0.167506 0.095932 0.000380
v 0.136128 0.128095 0.000129
v 0.168418 0.099762 0.000000
v 0.139231 0.128873 -0.000000
v 0.148590 0.126539 -0.000000
v 0.157401 0.121140 -0.000000
v 0.163080 0.115188 0.000001
v 0.166464 0.108665 0.000000
v 0.136089 0.129804 0.000129
v 0.141454 0.129636 0.000215
v 0.146644 0.128361 0.000215
v 0.151393 0.126067 0.000128
v 0.155903 0.123282 0.000128
v 0.160158 0.119983 0.000215
v 0.166102 0.111253 0.000128
v 0.168112 0.106349 0.000128
v 0.169616 0.101179 0.000215
v 0.169738 0.095785 0.000128
v 0.163730 0.116150 0.000380
v 0.135952 0.130557 0.000562
v 0.151751 0.126983 0.000741
v 0.156399 0.124131 0.000741
v 0.166930 0.111784 0.000741
v 0.169013 0.106744 0.000741
v 0.170482 0.096026 0.000562
v 0.135967 0.131144 0.001196
v 0.141458 0.130710 0.001195
v 0.146816 0.129422 0.001195
v 0.160792 0.120850 0.001195
v 0.164217 0.116562 0.000969
v 0.170639 0.101508 0.001195
v 0.171071 0.096002 0.001195
v 0.152015 0.127538 0.001718
v 0.156747 0.124638 0.001718
v 0.164570 0.116811 0.001718
v 0.167469 0.112079 0.001718
v 0.169592 0.106950 0.001718
v 0.135954 0.131525 0.002284
v 0.141507 0.131088 0.002284
v 0.146923 0.129787 0.002283
v 0.161055 0.121127 0.002284
v 0.171014 0.101578 0.002283
v 0.171387 0.096026 0.002001
v 0.152066 0.127657 0.002864
v 0.156816 0.124747 0.002864
v 0.164670 0.116894 0.002864
v 0.167581 0.112144 0.002864
v 0.169713 0.106998 0.002864
v 0.171451 0.096031 0.002864
v 0.135952 0.131461 0.003146
v 0.141479 0.130962 0.003430
v 0.146876 0.129667 0.003430
v 0.160958 0.121041 0.003430
v 0.170951 0.101570 0.003146
v 0.135936 0.131145 0.003952
v 0.151884 0.127322 0.003953
v 0.156583 0.124445 0.003953
v 0.164355 0.116678 0.003953
v 0.167236 0.111981 0.003953
v 0.169347 0.106890 0.003953
v 0.170635 0.101532 0.003953
v 0.171069 0.096051 0.003953
v 0.141366 0.130358 0.004406
v 0.146670 0.129088 0.004406
v 0.160511 0.120619 0.004406
v 0.135952 0.130557 0.004586
v 0.151256 0.126451 0.004932
v 0.155827 0.123682 0.004932
v 0.163674 0.116226 0.004768
v 0.166216 0.111645 0.004932
v 0.168287 0.106718 0.004932
v 0.169823 0.101439 0.004768
v 0.170249 0.096121 0.004768
v 0.135776 0.129809 0.005018
v 0.141117 0.129406 0.005019
v 0.146275 0.128187 0.005019
v 0.159750 0.119995 0.005019
v 0.162558 0.115906 0.005146
v 0.168940 0.100339 0.005146
v 0.139231 0.128873 0.005147
v 0.148590 0.126539 0.005147
v 0.157401 0.121140 0.005147
v 0.166464 0.108665 0.005147
v 0.167544 0.000001 0.004792
v 0.168629 -0.000002 0.005150
v 0.166556 -0.000000 0.003776
v 0.166318 -0.000003 0.001996
v 0.166339 -0.000001 0.001990
v 0.167007 -0.000002 0.000786
v 0.167974 0.000000 0.000148
v 0.169119 -0.000000 -0.000003
v 0.170204 0.000002 0.000352
v 0.171041 0.000000 0.001153
v 0.171491 0.000000 0.002499
v 0.170967 0.000000 0.004145
v 0.169781 0.000000 0.004999
v -0.139558 0.128527 0.005146
v -0.135952 0.127532 0.004737
v -0.135952 0.126734 0.003906
v -0.135952 0.126375 0.002812
v -0.135952 0.126443 0.002001
v -0.135952 0.126443 0.002001
v -0.135952 0.126789 0.001153
v -0.135952 0.127620 0.000355
v -0.139834 0.128494 -0.000003
v -0.135951 0.129856 0.000148
v -0.135952 0.130819 0.000781
v -0.135952 0.131412 0.001768
v -0.135952 0.131518 0.002915
v -0.135952 0.131116 0.003995
v -0.135952 0.130285 0.004792
v -0.139870 0.129297 0.005091
v -0.140751 0.127458 0.004932
v -0.145609 0.126320 0.004932
v -0.150229 0.124437 0.004932
v -0.154498 0.121853 0.004932
v -0.158310 0.118634 0.004932
v -0.161830 0.114977 0.005019
v -0.164202 0.110619 0.004932
v -0.166137 0.106020 0.004932
v -0.167613 0.101163 0.005019
v -0.168017 0.096268 0.005019
v -0.161291 0.114437 0.004586
v -0.166887 0.100926 0.004586
v -0.167046 0.096073 0.004406
v -0.140747 0.126384 0.003953
v -0.145437 0.125260 0.003953
v -0.149894 0.123416 0.003953
v -0.154007 0.120898 0.003953
v -0.157675 0.117767 0.003953
v -0.160809 0.114101 0.003953
v -0.163330 0.109990 0.003953
v -0.165178 0.105535 0.003953
v -0.166305 0.100846 0.003952
v -0.166559 0.096026 0.003690
v -0.140698 0.126006 0.002864
v -0.145329 0.124894 0.002864
v -0.149730 0.123072 0.002864
v -0.153791 0.120583 0.002864
v -0.157413 0.117490 0.002864
v -0.160507 0.113869 0.002864
v -0.162995 0.109808 0.002864
v -0.164818 0.105408 0.002864
v -0.165930 0.100777 0.002864
v -0.166304 0.096030 0.002864
v -0.140710 0.126069 0.002001
v -0.145351 0.124954 0.002001
v -0.149761 0.123128 0.002001
v -0.153830 0.120634 0.002001
v -0.157460 0.117534 0.002001
v -0.160559 0.113905 0.002001
v -0.163053 0.109835 0.002001
v -0.164880 0.105426 0.002001
v -0.165994 0.100785 0.002001
v -0.166369 0.096026 0.002001
v -0.140710 0.126069 0.002001
v -0.140772 0.126380 0.001195
v -0.145351 0.124954 0.002001
v -0.145461 0.125252 0.001195
v -0.149761 0.123128 0.002001
v -0.149916 0.123405 0.001195
v -0.153830 0.120634 0.002001
v -0.154027 0.120883 0.001195
v -0.157460 0.117534 0.002001
v -0.157693 0.117750 0.001195
v -0.160559 0.113905 0.002001
v -0.160823 0.114081 0.001195
v -0.163053 0.109835 0.002001
v -0.163342 0.109968 0.001195
v -0.164880 0.105426 0.002001
v -0.165185 0.105512 0.001195
v -0.165994 0.100785 0.002001
v -0.166309 0.100822 0.001195
v -0.166369 0.096026 0.002001
v -0.166687 0.096002 0.001195
v -0.140934 0.127181 0.000380
v -0.145945 0.126211 0.000215
v -0.150544 0.124276 0.000215
v -0.154784 0.121646 0.000215
v -0.158560 0.118384 0.000215
v -0.161779 0.114572 0.000215
v -0.164362 0.110304 0.000215
v -0.166246 0.105684 0.000215
v -0.167121 0.100915 0.000380
v -0.167506 0.095932 0.000380
v -0.168418 0.099762 0.000000
v -0.148590 0.126539 0.000000
v -0.157401 0.121140 -0.000000
v -0.163080 0.115188 0.000001
v -0.166464 0.108665 0.000000
v -0.141454 0.129636 0.000215
v -0.146644 0.128361 0.000215
v -0.151393 0.126067 0.000128
v -0.156113 0.123475 0.000215
v -0.160158 0.119983 0.000215
v -0.166102 0.111253 0.000128
v -0.168112 0.106349 0.000128
v -0.169616 0.101179 0.000215
v -0.169738 0.095785 0.000128
v -0.163730 0.116150 0.000380
v -0.151751 0.126983 0.000741
v -0.166930 0.111784 0.000741
v -0.169013 0.106744 0.000741
v -0.170482 0.096026 0.000562
v -0.141458 0.130710 0.001195
v -0.146816 0.129422 0.001195
v -0.156603 0.124430 0.001195
v -0.160793 0.120850 0.001195
v -0.164370 0.116658 0.001195
v -0.170639 0.101508 0.001195
v -0.171071 0.096002 0.001195
v -0.152015 0.127538 0.001718
v -0.167469 0.112079 0.001718
v -0.169592 0.106950 0.001718
v -0.141507 0.131088 0.002284
v -0.146923 0.129788 0.002283
v -0.156819 0.124745 0.002283
v -0.161055 0.121127 0.002284
v -0.164672 0.116891 0.002284
v -0.171014 0.101578 0.002283
v -0.171387 0.096026 0.002001
v -0.152066 0.127657 0.002864
v -0.167581 0.112144 0.002864
v -0.169713 0.106998 0.002864
v -0.171451 0.096031 0.002864
v -0.141479 0.130962 0.003430
v -0.146876 0.129667 0.003430
v -0.156737 0.124645 0.003430
v -0.160958 0.121041 0.003430
v -0.164563 0.116821 0.003430
v -0.170951 0.101570 0.003146
v -0.151884 0.127322 0.003953
v -0.167236 0.111981 0.003953
v -0.169347 0.106890 0.003953
v -0.170635 0.101532 0.003953
v -0.171069 0.096051 0.003953
v -0.141417 0.130534 0.004178
v -0.146670 0.129088 0.004406
v -0.156362 0.124158 0.004406
v -0.160511 0.120619 0.004406
v -0.164217 0.116562 0.004178
v -0.141271 0.129912 0.004768
v -0.151256 0.126451 0.004932
v -0.163674 0.116226 0.004768
v -0.166216 0.111645 0.004932
v -0.168287 0.106718 0.004932
v -0.169823 0.101439 0.004768
v -0.170249 0.096121 0.004768
v -0.146275 0.128187 0.005019
v -0.155708 0.123423 0.005019
v -0.159750 0.119995 0.005019
v -0.162558 0.115906 0.005146
v -0.168940 0.100339 0.005146
v -0.148590 0.126539 0.005147
v -0.157401 0.121140 0.005147
v -0.166464 0.108665 0.005147
v -0.168642 0.000000 0.005151
v -0.167545 0.000000 0.004792
v -0.166556 0.000000 0.003775
v -0.166318 0.000000 0.001996
v -0.166339 0.000000 0.001990
v -0.167011 0.000000 0.000781
v -0.167974 0.000000 0.000148
v -0.169386 0.000000 0.000009
v -0.170671 -0.000001 0.000708
v -0.171302 -0.000002 0.001668
v -0.171455 0.000001 0.002803
v -0.170963 -0.000002 0.004151
v -0.169780 -0.000003 0.004999
v 0.050507 -0.127447 0.160307
v 0.135221 -0.127447 0.160307
v 0.050507 -0.127447 0.119296
v -0.050507 0.127447 0.119296
v -0.050507 0.127447 0.160307
v -0.135221 0.127447 0.160307
v 0.167447 -0.095221 0.160307
v 0.167447 0.095221 0.160307
v -0.167447 0.095221 0.160307
v -0.167447 -0.095222 0.160307
v -0.165849 -0.105309 0.160307
v -0.161305 -0.114227 0.160307
v -0.154227 -0.121305 0.160307
v -0.145308 -0.125850 0.160307
v -0.135221 -0.127447 0.160307
v 0.145308 -0.125850 0.160307
v 0.154227 -0.121305 0.160307
v 0.161305 -0.114227 0.160307
v 0.165849 -0.105309 0.160307
v -0.165849 0.105309 0.160307
v -0.161305 0.114227 0.160307
v -0.154227 0.121305 0.160307
v -0.145308 0.125850 0.160307
v 0.135221 0.127447 0.160307
v 0.145308 0.125850 0.160307
v 0.154227 0.121305 0.160307
v 0.154227 0.121305 0.160307
v 0.161305 0.114227 0.160307
v 0.165849 0.105309 0.160307
v -0.050507 -0.127447 0.160307
v -0.050507 -0.127447 0.119296
v 0.050507 0.127447 0.160307
v 0.050507 0.127447 0.119296
v 0.050507 -0.129998 0.160307
v 0.050507 -0.129998 0.119296
v 0.135422 -0.129998 0.160307
v -0.050507 0.129998 0.119296
v -0.135422 0.129998 0.160307
v -0.050507 0.129998 0.160307
v 0.169998 -0.095422 0.160307
v 0.169998 0.095422 0.160307
v -0.169998 0.095422 0.160307
v -0.169998 -0.095422 0.160307
v -0.168306 -0.106107 0.160307
v -0.163394 -0.115746 0.160307
v -0.155745 -0.123395 0.160307
v -0.146106 -0.128306 0.160307
v -0.135422 -0.129998 0.160307
v 0.146106 -0.128306 0.160307
v 0.155745 -0.123395 0.160307
v 0.163394 -0.115746 0.160307
v 0.168306 -0.106107 0.160307
v -0.168306 0.106107 0.160307
v -0.163394 0.115746 0.160307
v -0.163394 0.115746 0.160307
v -0.155745 0.123395 0.160307
v -0.146106 0.128306 0.160307
v 0.135422 0.129998 0.160307
v 0.146106 0.128306 0.160307
v 0.155745 0.123395 0.160307
v 0.163394 0.115746 0.160307
v 0.168306 0.106107 0.160307
v -0.050507 -0.129998 0.119296
v -0.050507 -0.129998 0.160307
v 0.050507 0.129998 0.119296
v 0.050507 0.129998 0.160307
v -0.169998 -0.095422 0.000309
v -0.168306 -0.106107 0.000309
v -0.163394 -0.115746 0.000309
v -0.155745 -0.123395 0.000309
v -0.146106 -0.128306 0.000309
v -0.135422 -0.129998 0.000309
v 0.135422 -0.129998 0.000309
v 0.146106 -0.128306 0.000309
v 0.155745 -0.123395 0.000309
v 0.163394 -0.115746 0.000309
v 0.168306 -0.106107 0.000309
v 0.169998 -0.095422 0.000309
v 0.169998 0.095422 0.000309
v 0.168306 0.106107 0.000309
v 0.163394 0.115746 0.000309
v 0.155745 0.123395 0.000309
v 0.146106 0.128306 0.000309
v 0.135422 0.129998 0.000309
v -0.135422 0.129998 0.000309
v -0.146106 0.128306 0.000309
v -0.155745 0.123395 0.000309
v -0.163394 0.115746 0.000309
v -0.163394 0.115746 0.000309
v -0.168306 0.106107 0.000309
v -0.169998 0.095422 0.000309
v -0.135422 -0.129998 0.000309
v 0.135422 0.129998 0.000309
v -0.169998 -0.095422 0.000309
v -0.169998 0.095422 0.000309
v -0.135422 0.129998 0.000309
v 0.169998 0.095422 0.000309
v 0.169998 -0.095422 0.000309
v -0.168306 -0.106107 0.000309
v -0.163394 -0.115746 0.000309
v -0.155745 -0.123395 0.000309
v -0.146106 -0.128306 0.000309
v 0.146106 -0.128306 0.000309
v 0.135422 -0.129998 0.000309
v 0.155745 -0.123395 0.000309
v 0.163394 -0.115746 0.000309
v 0.168306 -0.106107 0.000309
v -0.168306 0.106107 0.000309
v -0.163394 0.115746 0.000309
v -0.155745 0.123395 0.000309
v -0.146106 0.128306 0.000309
v 0.146106 0.128306 0.000309
v 0.155745 0.123395 0.000309
v 0.163394 0.115746 0.000309
v 0.168306 0.106107 0.000309
v 0.050507 -0.129998 0.160307
v 0.050507 -0.127447 0.160307
v 0.050507 -0.127447 0.119296
v 0.050507 -0.129998 0.119296
v 0.135422 -0.129998 0.160307
v 0.135221 -0.127447 0.160307
v 0.050507 -0.127447 0.160307
v 0.050507 -0.129998 0.160307
v -0.135422 0.129998 0.160307
v -0.135221 0.127447 0.160307
v -0.050507 0.127447 0.160307
v -0.050507 0.129998 0.160307
v -0.050507 0.129998 0.160307
v -0.050507 0.127447 0.160307
v -0.050507 0.127447 0.119296
v -0.050507 0.129998 0.119296
v 0.169998 0.095422 0.160307
v 0.167447 0.095221 0.160307
v 0.167447 -0.095221 0.160307
v 0.169998 -0.095422 0.160307
v -0.169998 -0.095422 0.160307
v -0.167447 -0.095221 0.160307
v -0.167447 0.095221 0.160307
v -0.169998 0.095422 0.160307
v -0.168306 -0.106107 0.160307
v -0.165849 -0.105309 0.160307
v -0.163394 -0.115746 0.160307
v -0.161305 -0.114227 0.160307
v -0.155745 -0.123395 0.160307
v -0.154227 -0.121305 0.160307
v -0.146106 -0.128306 0.160307
v -0.145308 -0.125850 0.160307
v -0.135422 -0.129998 0.160307
v -0.135221 -0.127447 0.160307
v 0.146106 -0.128306 0.160307
v 0.145308 -0.125850 0.160307
v 0.155745 -0.123395 0.160307
v 0.154227 -0.121305 0.160307
v 0.163394 -0.115746 0.160307
v 0.161305 -0.114227 0.160307
v 0.168306 -0.106107 0.160307
v 0.165849 -0.105309 0.160307
v -0.165849 0.105309 0.160307
v -0.168306 0.106107 0.160307
v -0.161305 0.114227 0.160307
v -0.163394 0.115746 0.160307
v -0.154227 0.121305 0.160307
v -0.155745 0.123395 0.160307
v -0.145308 0.125850 0.160307
v -0.146106 0.128306 0.160307
v 0.135422 0.129998 0.160307
v 0.135221 0.127447 0.160307
v 0.145308 0.125850 0.160307
v 0.146106 0.128306 0.160307
v 0.154227 0.121305 0.160307
v 0.155745 0.123395 0.160307
v 0.161305 0.114227 0.160307
v 0.163394 0.115746 0.160307
v 0.165849 0.105309 0.160307
v 0.168306 0.106107 0.160307
v -0.050507 -0.129998 0.119296
v -0.050507 -0.127447 0.119296
v -0.050507 -0.127447 0.160307
v -0.050507 -0.129998 0.160307
v -0.050507 -0.129998 0.160307
v -0.050507 -0.127447 0.160307
v 0.050507 0.129998 0.119296
v 0.050507 0.127447 0.119296
v 0.050507 0.127447 0.160307
v 0.050507 0.129998 0.160307
v 0.050507 0.129998 0.160307
v 0.050507 0.127447 0.160307
v 0.050507 -0.129998 0.119296
v 0.050507 -0.127447 0.119296
v -0.050507 -0.127447 0.119296
v -0.050507 -0.129998 0.119296
v -0.050507 0.129998 0.119296
v -0.050507 0.127447 0.119296
v 0.050507 0.127447 0.119296
v 0.050507 0.129998 0.119296
v -0.167447 -0.095221 0.008404
v -0.165849 -0.105309 0.008404
v -0.161305 -0.114227 0.008404
v -0.154227 -0.121305 0.008404
v -0.145308 -0.125850 0.008404
v -0.135221 -0.127447 0.008404
v 0.135428 -0.127443 0.008565
v 0.145308 -0.125850 0.008404
v 0.154227 -0.121305 0.008404
v 0.161305 -0.114227 0.008404
v 0.165849 -0.105309 0.008404
v 0.167447 -0.095221 0.008404
v 0.167447 0.095221 0.008404
v 0.165849 0.105309 0.008404
v 0.161305 0.114227 0.008404
v 0.154227 0.121305 0.008404
v 0.145308 0.125850 0.008404
v 0.154227 0.121305 0.008404
v 0.135221 0.127447 0.008404
v -0.135429 0.127442 0.008563
v -0.145308 0.125850 0.008404
v -0.154227 0.121305 0.008404
v -0.161305 0.114227 0.008404
v -0.165849 0.105309 0.008404
v -0.167447 0.095221 0.008404
v -0.133369 -0.122125 0.002861
v -0.143574 -0.120511 0.002860
v -0.161902 -0.094785 0.002860
v -0.161902 0.094785 0.002860
v -0.134785 0.121903 0.002860
v 0.161902 0.094785 0.002860
v 0.161902 -0.094785 0.002860
v -0.160510 -0.103574 0.002860
v -0.156763 -0.110928 0.002860
v -0.150927 -0.116764 0.002860
v 0.143574 -0.120511 0.002860
v 0.134785 -0.121903 0.002860
v 0.150927 -0.116764 0.002860
v 0.156763 -0.110928 0.002860
v 0.160510 -0.103574 0.002860
v -0.160510 0.103574 0.002860
v -0.156763 0.110928 0.002860
v -0.150927 0.116764 0.002860
v -0.143574 0.120511 0.002860
v 0.133369 0.122125 0.002861
v 0.143574 0.120511 0.002860
v 0.150927 0.116764 0.002860
v 0.156763 0.110928 0.002860
v 0.160510 0.103574 0.002860
v -0.164675 -0.095003 0.003603
v -0.164675 0.095003 0.003603
v -0.166704 -0.095163 0.005632
v -0.166704 0.095163 0.005632
v -0.166704 -0.095163 0.005632
v -0.166704 0.095163 0.005632
v -0.163180 -0.104441 0.003603
v -0.165134 -0.105076 0.005632
v -0.165134 -0.105076 0.005632
v -0.159034 -0.112578 0.003603
v -0.160696 -0.113785 0.005632
v -0.160696 -0.113785 0.005632
v -0.152577 -0.119035 0.003603
v -0.153785 -0.120697 0.005632
v -0.153785 -0.120697 0.005632
v -0.144441 -0.123180 0.003603
v -0.145076 -0.125134 0.005632
v -0.153785 -0.120697 0.005632
v -0.145076 -0.125134 0.005632
v -0.135003 -0.124675 0.003603
v -0.135162 -0.126705 0.005632
v -0.135162 -0.126705 0.005632
v 0.134763 -0.124743 0.003622
v -0.050224 -0.126732 0.005731
v -0.050224 -0.126732 0.005731
v 0.050224 -0.126732 0.005731
v 0.050224 -0.126732 0.005731
v 0.135163 -0.126705 0.005632
v 0.135163 -0.126705 0.005632
v 0.144441 -0.123180 0.003603
v 0.145076 -0.125134 0.005632
v 0.145076 -0.125134 0.005632
v 0.152577 -0.119035 0.003603
v 0.153785 -0.120697 0.005632
v 0.153785 -0.120697 0.005632
v 0.159034 -0.112578 0.003603
v 0.160696 -0.113785 0.005632
v 0.160696 -0.113785 0.005632
v 0.163180 -0.104441 0.003603
v 0.165134 -0.105076 0.005632
v 0.160696 -0.113785 0.005632
v 0.165134 -0.105076 0.005632
v 0.164675 -0.095003 0.003603
v 0.166704 -0.095163 0.005632
v 0.166704 -0.095163 0.005632
v 0.164675 0.095003 0.003603
v 0.166704 0.095163 0.005632
v 0.166704 0.095163 0.005632
v 0.163180 0.104441 0.003603
v 0.165134 0.105076 0.005632
v 0.165134 0.105076 0.005632
v 0.159034 0.112578 0.003603
v 0.160696 0.113785 0.005632
v 0.160696 0.113785 0.005632
v 0.152577 0.119035 0.003603
v 0.153785 0.120697 0.005632
v 0.153785 0.120697 0.005632
v 0.144441 0.123180 0.003603
v 0.145076 0.125134 0.005632
v 0.153785 0.120697 0.005632
v 0.145076 0.125134 0.005632
v 0.135003 0.124675 0.003603
v 0.135162 0.126705 0.005632
v 0.135162 0.126705 0.005632
v -0.134763 0.124743 0.003622
v 0.050224 0.126732 0.005731
v 0.050224 0.126732 0.005731
v -0.050224 0.126732 0.005731
v -0.050224 0.126732 0.005731
v -0.135163 0.126705 0.005632
v -0.135163 0.126705 0.005632
v -0.144441 0.123180 0.003603
v -0.145076 0.125134 0.005632
v -0.145076 0.125134 0.005632
v -0.152577 0.119035 0.003603
v -0.153785 0.120697 0.005632
v -0.153785 0.120697 0.005632
v -0.159034 0.112578 0.003603
v -0.160696 0.113785 0.005632
v -0.160696 0.113785 0.005632
v -0.163180 0.104441 0.003603
v -0.165134 0.105076 0.005632
v -0.165134 0.105076 0.005632
v 0.135814 0.128101 0.163951
v 0.140751 0.127458 0.163865
v 0.145609 0.126320 0.163865
v 0.150229 0.124437 0.163865
v 0.154498 0.121853 0.163865
v 0.158547 0.118792 0.163952
v 0.161830 0.114977 0.163952
v 0.164202 0.110619 0.163865
v 0.166137 0.106020 0.163865
v 0.167613 0.101163 0.163952
v 0.168017 0.096267 0.163952
v 0.135924 0.127122 0.163338
v 0.158099 0.118174 0.163519
v 0.161291 0.114437 0.163519
v 0.166662 0.100914 0.163339
v 0.167046 0.096073 0.163339
v 0.140747 0.126384 0.162885
v 0.145437 0.125260 0.162885
v 0.149894 0.123416 0.162885
v 0.154007 0.120898 0.162885
v 0.157675 0.117767 0.162885
v 0.160809 0.114101 0.162885
v 0.163330 0.109990 0.162885
v 0.165178 0.105536 0.162885
v 0.135944 0.126508 0.162362
v 0.166182 0.100814 0.162623
v 0.166559 0.096026 0.162623
v 0.140698 0.126006 0.161797
v 0.145329 0.124894 0.161797
v 0.149730 0.123072 0.161797
v 0.153791 0.120583 0.161797
v 0.157413 0.117490 0.161797
v 0.160507 0.113869 0.161797
v 0.162995 0.109808 0.161797
v 0.164818 0.105408 0.161797
v 0.165930 0.100777 0.161797
v 0.166304 0.096030 0.161796
v 0.136088 0.126399 0.160929
v 0.140710 0.126069 0.160934
v 0.145351 0.124954 0.160934
v 0.149761 0.123128 0.160934
v 0.153830 0.120634 0.160934
v 0.157460 0.117534 0.160934
v 0.160559 0.113905 0.160934
v 0.163053 0.109835 0.160934
v 0.164880 0.105426 0.160934
v 0.165994 0.100785 0.160934
v 0.166369 0.096026 0.160934
v 0.135968 0.126760 0.160129
v 0.140772 0.126380 0.160128
v 0.140710 0.126069 0.160934
v 0.135952 0.126443 0.160934
v 0.145461 0.125252 0.160128
v 0.145351 0.124954 0.160934
v 0.149916 0.123405 0.160128
v 0.149761 0.123128 0.160934
v 0.154027 0.120883 0.160128
v 0.153830 0.120634 0.160934
v 0.157693 0.117750 0.160128
v 0.157460 0.117534 0.160934
v 0.160823 0.114081 0.160128
v 0.160559 0.113905 0.160934
v 0.163342 0.109968 0.160128
v 0.163053 0.109835 0.160934
v 0.165185 0.105512 0.160128
v 0.164880 0.105426 0.160934
v 0.166309 0.100822 0.160128
v 0.165994 0.100785 0.160934
v 0.166687 0.096002 0.160128
v 0.166369 0.096026 0.160934
v 0.135952 0.127348 0.159494
v 0.141100 0.127403 0.159148
v 0.145945 0.126211 0.159148
v 0.150544 0.124276 0.159148
v 0.154784 0.121646 0.159148
v 0.158560 0.118384 0.159148
v 0.161779 0.114572 0.159148
v 0.164362 0.110304 0.159148
v 0.166246 0.105684 0.159148
v 0.167122 0.100915 0.159312
v 0.167506 0.095932 0.159312
v 0.136128 0.128095 0.159062
v 0.168418 0.099762 0.158933
v 0.139231 0.128873 0.158933
v 0.148590 0.126539 0.158933
v 0.157401 0.121140 0.158933
v 0.163080 0.115188 0.158934
v 0.166464 0.108665 0.158933
v 0.136090 0.129804 0.159062
v 0.141355 0.129368 0.159061
v 0.146504 0.128113 0.159061
v 0.151393 0.126067 0.159061
v 0.155903 0.123282 0.159061
v 0.159921 0.119825 0.159061
v 0.166102 0.111253 0.159061
v 0.168112 0.106349 0.159061
v 0.169331 0.101191 0.159061
v 0.169738 0.095785 0.159061
v 0.163730 0.116150 0.159312
v 0.135952 0.130557 0.159494
v 0.141412 0.130350 0.159674
v 0.146714 0.129074 0.159674
v 0.151751 0.126983 0.159674
v 0.156399 0.124131 0.159674
v 0.160544 0.120586 0.159674
v 0.166930 0.111784 0.159674
v 0.169013 0.106744 0.159674
v 0.170283 0.101440 0.159674
v 0.170482 0.096026 0.159494
v 0.135967 0.131144 0.160128
v 0.164217 0.116562 0.159902
v 0.171071 0.096002 0.160128
v 0.141491 0.130960 0.160650
v 0.146888 0.129663 0.160651
v 0.152015 0.127538 0.160651
v 0.156747 0.124638 0.160651
v 0.160966 0.121032 0.160650
v 0.164570 0.116811 0.160650
v 0.167469 0.112079 0.160651
v 0.169592 0.106950 0.160650
v 0.170887 0.101553 0.160651
v 0.135952 0.131461 0.160934
v 0.171387 0.096026 0.160934
v 0.135949 0.131526 0.161796
v 0.141503 0.131089 0.161797
v 0.146920 0.129789 0.161797
v 0.152066 0.127657 0.161797
v 0.156816 0.124747 0.161797
v 0.161052 0.121129 0.161797
v 0.164670 0.116894 0.161797
v 0.167581 0.112144 0.161797
v 0.169713 0.106998 0.161797
v 0.171014 0.101582 0.161797
v 0.171451 0.096031 0.161797
v 0.135936 0.131145 0.162885
v 0.141433 0.130714 0.162885
v 0.146792 0.129429 0.162885
v 0.151884 0.127322 0.162885
v 0.156583 0.124445 0.162885
v 0.160775 0.120867 0.162885
v 0.164355 0.116678 0.162885
v 0.167236 0.111981 0.162885
v 0.169347 0.106890 0.162885
v 0.170635 0.101532 0.162885
v 0.171069 0.096051 0.162885
v 0.135952 0.130557 0.163519
v 0.141105 0.129691 0.163865
v 0.146308 0.128470 0.163865
v 0.151256 0.126451 0.163865
v 0.155827 0.123682 0.163865
v 0.159908 0.120233 0.163865
v 0.163674 0.116226 0.163701
v 0.166216 0.111645 0.163865
v 0.168286 0.106718 0.163865
v 0.169823 0.101439 0.163701
v 0.170249 0.096121 0.163701
v 0.135776 0.129809 0.163951
v 0.162558 0.115906 0.164079
v 0.168940 0.100339 0.164079
v 0.139231 0.128873 0.164080
v 0.148591 0.126539 0.164080
v 0.157401 0.121140 0.164080
v 0.166464 0.108665 0.164080
v 0.167544 0.000001 0.163724
v 0.168629 -0.000002 0.164083
v 0.166556 -0.000000 0.162709
v 0.166318 -0.000003 0.160928
v 0.166339 -0.000001 0.160923
v 0.167007 -0.000002 0.159719
v 0.167974 0.000000 0.159081
v 0.169119 -0.000000 0.158930
v 0.170204 0.000002 0.159284
v 0.171041 0.000000 0.160086
v 0.171491 0.000000 0.161432
v 0.170967 0.000000 0.163078
v 0.169781 0.000000 0.163932
v -0.139558 0.128527 0.164079
v -0.135952 0.127532 0.163670
v -0.135952 0.126734 0.162839
v -0.135952 0.126375 0.161744
v -0.135952 0.126443 0.160934
v -0.135952 0.126443 0.160934
v -0.135952 0.126789 0.160086
v -0.135952 0.127620 0.159288
v -0.139834 0.128494 0.158930
v -0.135951 0.129856 0.159081
v -0.135952 0.130819 0.159714
v -0.135952 0.131412 0.160701
v -0.135952 0.131518 0.161848
v -0.135952 0.131116 0.162927
v -0.135952 0.130285 0.163725
v -0.139870 0.129297 0.164023
v -0.140851 0.127726 0.163952
v -0.145609 0.126320 0.163865
v -0.150406 0.124660 0.163952
v -0.154708 0.122047 0.163952
v -0.158547 0.118792 0.163952
v -0.161830 0.114977 0.163952
v -0.164476 0.110696 0.163952
v -0.166137 0.106020 0.163865
v -0.167613 0.101163 0.163952
v -0.168017 0.096268 0.163952
v -0.140852 0.126962 0.163519
v -0.150171 0.123934 0.163519
v -0.154362 0.121366 0.163519
v -0.158099 0.118174 0.163519
v -0.161291 0.114437 0.163519
v -0.163859 0.110246 0.163519
v -0.166887 0.100926 0.163519
v -0.167046 0.096073 0.163339
v -0.140747 0.126384 0.162885
v -0.145437 0.125260 0.162885
v -0.149894 0.123416 0.162885
v -0.154007 0.120898 0.162885
v -0.157675 0.117767 0.162885
v -0.160809 0.114101 0.162885
v -0.163330 0.109990 0.162885
v -0.165178 0.105535 0.162885
v -0.166305 0.100846 0.162885
v -0.166559 0.096026 0.162623
v -0.140698 0.126006 0.161797
v -0.145329 0.124894 0.161797
v -0.149730 0.123072 0.161797
v -0.153791 0.120583 0.161797
v -0.157413 0.117490 0.161797
v -0.160507 0.113869 0.161797
v -0.162995 0.109808 0.161797
v -0.164818 0.105408 0.161797
v -0.165930 0.100777 0.161797
v -0.166304 0.096030 0.161796
v -0.140710 0.126069 0.160934
v -0.145351 0.124954 0.160934
v -0.149761 0.123128 0.160934
v -0.153830 0.120634 0.160934
v -0.157460 0.117534 0.160934
v -0.160559 0.113905 0.160934
v -0.163053 0.109835 0.160934
v -0.164880 0.105426 0.160934
v -0.165994 0.100785 0.160934
v -0.166369 0.096026 0.160934
v -0.140710 0.126069 0.160934
v -0.140772 0.126380 0.160128
v -0.145351 0.124954 0.160934
v -0.145461 0.125252 0.160128
v -0.149761 0.123128 0.160934
v -0.149916 0.123405 0.160128
v -0.153830 0.120634 0.160934
v -0.154027 0.120883 0.160128
v -0.157460 0.117534 0.160934
v -0.157693 0.117750 0.160128
v -0.160559 0.113905 0.160934
v -0.160823 0.114081 0.160128
v -0.163053 0.109835 0.160934
v -0.163342 0.109968 0.160128
v -0.164880 0.105426 0.160934
v -0.165185 0.105512 0.160128
v -0.165994 0.100785 0.160934
v -0.166309 0.100822 0.160128
v -0.166369 0.096026 0.160934
v -0.166687 0.096002 0.160128
v -0.140934 0.127181 0.159312
v -0.145945 0.126211 0.159148
v -0.150544 0.124276 0.159148
v -0.154784 0.121646 0.159148
v -0.158560 0.118384 0.159148
v -0.161779 0.114572 0.159148
v -0.164362 0.110304 0.159148
v -0.166246 0.105684 0.159148
v -0.167122 0.100915 0.159312
v -0.167506 0.095932 0.159312
v -0.168418 0.099762 0.158933
v -0.148591 0.126539 0.158933
v -0.157401 0.121140 0.158933
v -0.163080 0.115188 0.158934
v -0.166464 0.108665 0.158933
v -0.141454 0.129636 0.159148
v -0.146644 0.128361 0.159148
v -0.151393 0.126067 0.159061
v -0.155903 0.123281 0.159061
v -0.160158 0.119983 0.159148
v -0.166102 0.111253 0.159061
v -0.168112 0.106349 0.159061
v -0.169616 0.101179 0.159148
v -0.169738 0.095785 0.159061
v -0.163730 0.116150 0.159312
v -0.151751 0.126983 0.159674
v -0.156399 0.124131 0.159674
v -0.166930 0.111784 0.159674
v -0.169013 0.106744 0.159674
v -0.170482 0.096026 0.159494
v -0.141458 0.130710 0.160128
v -0.146816 0.129422 0.160128
v -0.160793 0.120850 0.160128
v -0.164370 0.116658 0.160128
v -0.170639 0.101508 0.160128
v -0.171071 0.096002 0.160128
v -0.152015 0.127538 0.160651
v -0.156747 0.124638 0.160651
v -0.167469 0.112079 0.160651
v -0.169592 0.106950 0.160650
v -0.141507 0.131088 0.161216
v -0.146923 0.129788 0.161216
v -0.161055 0.121127 0.161216
v -0.164672 0.116891 0.161216
v -0.171014 0.101578 0.161216
v -0.171387 0.096026 0.160934
v -0.152066 0.127657 0.161797
v -0.156816 0.124747 0.161797
v -0.167581 0.112144 0.161797
v -0.169713 0.106998 0.161797
v -0.171451 0.096031 0.161797
v -0.141479 0.130962 0.162363
v -0.146876 0.129667 0.162362
v -0.160958 0.121041 0.162363
v -0.164563 0.116821 0.162363
v -0.170951 0.101570 0.162079
v -0.151884 0.127322 0.162885
v -0.156583 0.124445 0.162885
v -0.167236 0.111981 0.162885
v -0.169347 0.106890 0.162885
v -0.170635 0.101532 0.162885
v -0.171069 0.096051 0.162885
v -0.141417 0.130534 0.163111
v -0.146670 0.129088 0.163339
v -0.160511 0.120619 0.163339
v -0.164217 0.116562 0.163111
v -0.141271 0.129912 0.163701
v -0.151256 0.126451 0.163865
v -0.155827 0.123682 0.163865
v -0.163674 0.116226 0.163701
v -0.166216 0.111645 0.163865
v -0.168286 0.106718 0.163865
v -0.169823 0.101439 0.163701
v -0.170249 0.096121 0.163701
v -0.146275 0.128187 0.163952
v -0.159750 0.119995 0.163952
v -0.162558 0.115906 0.164079
v -0.168940 0.100339 0.164079
v -0.148591 0.126539 0.164080
v -0.157401 0.121140 0.164080
v -0.166464 0.108665 0.164080
v -0.168371 0.000000 0.164071
v -0.166881 0.000000 0.163194
v -0.166312 0.000000 0.161848
v -0.166369 0.000000 0.160934
v -0.166339 0.000000 0.160923
v -0.167011 0.000000 0.159714
v -0.167974 0.000000 0.159081
v -0.169386 0.000000 0.158942
v -0.170671 -0.000001 0.159640
v -0.171302 -0.000002 0.160601
v -0.171455 0.000001 0.161735
v -0.170963 -0.000002 0.163083
v -0.169780 -0.000003 0.163932
s 1
f 4 1 2
f 2 3 4
f 5 4 3
f 3 6 5
f 7 5 6
f 6 8 7
f 9 7 8
f 8 10 9
f 13 11 12
f 12 14 13
f 15 13 14
f 14 16 15
f 17 15 16
f 19 17 16
f 16 18 19
f 20 19 18
f 18 21 20
f 21 22 20
f 23 20 22
f 25 23 22
f 22 24 25
f 27 25 24
f 24 26 27
f 1 27 26
f 26 2 1
f 28 29 30
f 30 29 31
f 31 29 32
f 32 29 33
f 33 29 34
f 34 29 35
f 35 29 36
f 36 29 37
f 37 29 38
f 38 29 39
f 39 29 40
f 40 29 41
f 41 29 42
f 42 29 43
f 44 29 45
f 45 29 46
f 46 29 47
f 47 29 48
f 48 29 49
f 49 29 50
f 50 29 51
f 51 29 52
f 52 29 53
f 53 29 54
f 54 29 55
f 55 29 28
f 59 56 57
f 57 58 59
f 60 59 58
f 58 61 60
f 62 60 61
f 61 63 62
f 64 62 63
f 63 65 64
f 66 64 65
f 65 67 66
f 68 66 67
f 67 69 68
f 70 68 69
f 72 70 69
f 69 71 72
f 74 72 71
f 71 73 74
f 77 75 76
f 76 78 77
f 79 77 78
f 81 79 78
f 78 80 81
f 56 81 80
f 80 57 56
f 82 83 84
f 83 82 85
f 85 86 83
f 86 85 87
f 87 88 86
f 88 87 89
f 89 90 88
f 90 89 91
f 95 92 93
f 93 94 95
f 94 93 96
f 96 97 94
f 97 96 98
f 98 99 97
f 99 98 100
f 100 101 99
f 101 100 102
f 102 103 101
f 102 104 103
f 104 102 105
f 104 105 106
f 106 107 104
f 107 106 108
f 108 109 107
f 108 84 109
f 84 108 82
f 110 111 112
f 111 113 112
f 113 114 112
f 114 115 112
f 115 116 112
f 116 117 112
f 117 118 112
f 118 119 112
f 119 120 112
f 120 121 112
f 121 122 112
f 122 123 112
f 123 124 112
f 124 125 112
f 126 127 112
f 127 128 112
f 128 129 112
f 129 130 112
f 130 131 112
f 131 132 112
f 132 133 112
f 133 134 112
f 134 135 112
f 135 136 112
f 136 137 112
f 137 110 112
f 140 138 139
f 139 141 140
f 142 140 141
f 141 143 142
f 144 142 143
f 143 145 144
f 146 144 145
f 145 147 146
f 148 146 147
f 147 149 148
f 151 148 149
f 149 150 151
f 153 151 150
f 150 152 153
f 152 154 153
f 155 153 154
f 154 156 155
f 160 157 158
f 158 159 160
f 159 161 160
f 162 160 161
f 161 163 162
f 138 162 163
f 163 139 138
f 167 164 165
f 165 166 167
f 169 167 166
f 166 168 169
f 171 169 168
f 168 170 171
f 173 171 170
f 170 172 173
f 175 173 172
f 172 174 175
f 177 175 174
f 174 176 177
f 179 177 176
f 176 178 179
f 181 179 178
f 178 180 181
f 183 181 180
f 180 182 183
f 185 183 182
f 182 184 185
f 189 186 187
f 187 188 189
f 191 189 188
f 188 190 191
f 193 191 190
f 190 192 193
f 195 193 192
f 192 194 195
f 197 195 194
f 194 196 197
f 199 197 196
f 196 198 199
f 201 199 198
f 198 200 201
f 203 201 200
f 200 202 203
f 205 203 202
f 202 204 205
f 207 205 204
f 204 206 207
f 209 207 206
f 206 208 209
f 164 209 208
f 208 165 164
f 210 211 212
f 211 210 213
f 213 214 211
f 214 213 215
f 215 216 214
f 216 215 217
f 217 218 216
f 218 217 219
f 222 220 221
f 221 223 222
f 223 221 224
f 224 225 223
f 225 224 226
f 225 226 227
f 227 228 225
f 228 227 229
f 229 230 228
f 229 231 230
f 231 229 232
f 231 232 233
f 233 234 231
f 234 233 235
f 235 236 234
f 235 212 236
f 212 235 210
f 237 238 239
f 238 240 239
f 240 241 239
f 241 242 239
f 242 243 239
f 243 244 239
f 244 245 239
f 245 246 239
f 246 247 239
f 247 248 239
f 248 249 239
f 249 250 239
f 250 251 239
f 251 252 239
f 253 254 239
f 254 255 239
f 255 256 239
f 256 257 239
f 257 258 239
f 258 259 239
f 259 260 239
f 260 261 239
f 261 262 239
f 262 263 239
f 263 264 239
f 264 237 239
f 268 265 266
f 266 267 268
f 267 266 269
f 269 270 267
f 270 269 271
f 271 272 270
f 272 271 273
f 273 274 272
f 274 273 275
f 275 276 274
f 276 275 277
f 277 278 276
f 278 277 279
f 279 280 278
f 280 279 281
f 281 282 280
f 282 281 283
f 283 284 282
f 286 285 287
f 287 288 286
f 288 287 289
f 289 290 288
f 290 289 265
f 265 268 290
f 294 291 292
f 292 293 294
f 293 295 294
f 296 294 295
f 295 297 296
f 298 296 297
f 297 299 298
f 300 298 299
f 299 301 300
f 305 302 303
f 303 304 305
f 307 305 304
f 304 306 307
f 309 307 306
f 306 308 309
f 311 309 308
f 308 310 311
f 313 311 310
f 310 312 313
f 312 314 313
f 315 313 314
f 317 315 314
f 314 316 317
f 319 317 316
f 316 318 319
f 291 319 318
f 318 292 291
f 320 321 322
f 322 321 323
f 323 321 324
f 324 321 325
f 325 321 326
f 326 321 327
f 327 321 328
f 328 321 329
f 329 321 330
f 330 321 331
f 331 321 332
f 332 321 333
f 333 321 334
f 334 321 335
f 336 321 337
f 337 321 338
f 338 321 339
f 339 321 340
f 340 321 341
f 341 321 342
f 342 321 343
f 343 321 344
f 344 321 345
f 345 321 346
f 346 321 347
f 347 321 320
f 349 359 348
f 353 354 360
f 355 360 354
f 356 357 361
f 362 361 357
f 357 358 362
f 359 349 363
f 364 363 349
f 349 350 364
f 365 364 350
f 350 351 365
f 366 365 351
f 351 352 366
f 367 366 352
f 352 353 367
f 368 367 353
f 353 360 368
f 369 368 360
f 360 355 369
f 370 369 355
f 355 356 370
f 371 370 356
f 356 361 371
f 362 371 361
f 363 372 359
f 371 362 373
f 372 363 374
f 375 374 363
f 363 364 375
f 376 375 364
f 364 365 376
f 377 376 365
f 365 366 377
f 378 377 366
f 366 367 378
f 379 378 367
f 367 368 379
f 380 379 368
f 368 369 380
f 381 380 369
f 369 370 381
f 382 381 370
f 370 371 382
f 383 382 371
f 371 373 383
f 374 384 372
f 384 374 385
f 386 385 374
f 374 375 386
f 387 386 375
f 375 376 387
f 388 387 376
f 376 377 388
f 389 388 377
f 377 378 389
f 390 389 378
f 378 379 390
f 391 390 379
f 379 380 391
f 392 391 380
f 380 381 392
f 393 392 381
f 381 382 393
f 394 393 382
f 382 383 394
f 398 395 396
f 396 397 398
f 400 398 397
f 397 399 400
f 402 400 399
f 399 401 402
f 404 402 401
f 401 403 404
f 406 404 403
f 403 405 406
f 408 406 405
f 405 407 408
f 410 408 407
f 407 409 410
f 412 410 409
f 409 411 412
f 414 412 411
f 411 413 414
f 416 414 413
f 413 415 416
f 418 417 395
f 395 398 418
f 419 418 398
f 398 400 419
f 420 419 400
f 400 402 420
f 421 420 402
f 402 404 421
f 422 421 404
f 404 406 422
f 423 422 406
f 406 408 423
f 424 423 408
f 408 410 424
f 425 424 410
f 410 412 425
f 426 425 412
f 412 414 426
f 427 426 414
f 414 416 427
f 418 428 417
f 425 426 429
f 426 427 429
f 428 418 430
f 431 430 418
f 418 419 431
f 419 420 431
f 432 431 420
f 420 421 432
f 421 422 432
f 433 432 422
f 422 423 433
f 434 433 423
f 423 424 434
f 424 425 434
f 429 434 425
f 436 435 430
f 437 436 430
f 430 431 437
f 438 437 431
f 439 438 431
f 431 432 439
f 440 439 432
f 433 440 432
f 433 434 441
f 442 441 434
f 443 442 434
f 434 429 443
f 444 443 429
f 440 433 445
f 441 445 433
f 436 446 435
f 437 438 447
f 439 447 438
f 445 441 448
f 449 448 441
f 441 442 449
f 443 449 442
f 443 444 450
f 452 451 446
f 446 436 452
f 453 452 436
f 436 437 453
f 447 453 437
f 447 439 454
f 455 454 439
f 439 440 455
f 456 455 440
f 440 445 456
f 448 456 445
f 449 443 457
f 458 457 443
f 443 450 458
f 453 447 459
f 454 459 447
f 456 448 460
f 461 460 448
f 448 449 461
f 457 461 449
f 463 462 451
f 451 452 463
f 464 463 452
f 452 453 464
f 459 464 453
f 459 454 465
f 466 465 454
f 454 455 466
f 467 466 455
f 455 456 467
f 460 467 456
f 461 457 468
f 469 468 457
f 457 458 469
f 464 459 470
f 465 470 459
f 467 460 471
f 472 471 460
f 460 461 472
f 468 472 461
f 468 469 473
f 475 474 462
f 462 463 475
f 476 475 463
f 463 464 476
f 470 476 464
f 470 465 477
f 478 477 465
f 465 466 478
f 479 478 466
f 466 467 479
f 471 479 467
f 472 468 480
f 473 480 468
f 475 481 474
f 476 470 482
f 477 482 470
f 479 471 483
f 484 483 471
f 471 472 484
f 485 484 472
f 472 480 485
f 486 485 480
f 480 473 486
f 481 475 487
f 488 487 475
f 475 476 488
f 482 488 476
f 482 477 489
f 490 489 477
f 477 478 490
f 491 490 478
f 478 479 491
f 483 491 479
f 487 492 481
f 488 482 493
f 489 493 482
f 490 491 494
f 495 494 491
f 491 483 495
f 496 495 483
f 483 484 496
f 497 496 484
f 484 485 497
f 498 497 485
f 485 486 498
f 500 499 492
f 492 487 500
f 501 500 487
f 487 488 501
f 493 501 488
f 493 489 502
f 503 502 489
f 489 490 503
f 494 503 490
f 503 494 504
f 495 504 494
f 496 497 505
f 497 498 505
f 499 500 506
f 507 506 500
f 500 501 507
f 501 493 507
f 508 507 493
f 493 502 508
f 502 503 508
f 504 508 503
f 504 495 509
f 495 496 509
f 505 509 496
f 349 348 506
f 350 349 506
f 506 507 350
f 351 350 507
f 352 351 507
f 507 508 352
f 353 352 508
f 354 353 508
f 508 504 354
f 355 354 504
f 504 509 355
f 356 355 509
f 357 356 509
f 509 505 357
f 358 357 505
f 358 510 511
f 511 362 358
f 362 511 512
f 512 373 362
f 512 383 373
f 383 512 513
f 513 394 383
f 514 416 415
f 416 514 515
f 515 427 416
f 427 515 516
f 516 429 427
f 429 516 517
f 517 444 429
f 444 517 518
f 518 450 444
f 519 458 450
f 450 518 519
f 520 469 458
f 458 519 520
f 520 473 469
f 521 486 473
f 473 520 521
f 521 498 486
f 498 521 522
f 522 505 498
f 505 522 510
f 510 358 505
f 523 348 359
f 359 524 523
f 524 359 372
f 372 525 524
f 525 372 384
f 384 526 525
f 528 396 395
f 395 527 528
f 527 395 417
f 417 529 527
f 529 417 428
f 428 530 529
f 530 428 430
f 530 430 435
f 435 531 530
f 531 435 446
f 446 532 531
f 532 446 451
f 451 533 532
f 533 451 462
f 462 534 533
f 534 462 474
f 534 474 481
f 481 535 534
f 535 481 492
f 492 536 535
f 536 492 499
f 499 537 536
f 537 499 506
f 537 506 348
f 348 523 537
f 523 524 538
f 548 543 542
f 543 548 544
f 549 546 545
f 546 549 550
f 550 547 546
f 551 538 524
f 538 551 552
f 552 539 538
f 539 552 553
f 553 540 539
f 540 553 554
f 554 541 540
f 541 554 555
f 555 542 541
f 542 555 556
f 556 548 542
f 548 556 557
f 557 544 548
f 544 557 558
f 558 545 544
f 545 558 549
f 524 525 551
f 559 549 558
f 549 559 560
f 560 550 549
f 561 551 525
f 551 561 562
f 562 552 551
f 552 562 563
f 563 553 552
f 553 563 564
f 564 554 553
f 554 564 565
f 565 555 554
f 555 565 566
f 566 556 555
f 556 566 567
f 567 557 556
f 557 567 568
f 568 558 557
f 558 568 569
f 569 559 558
f 559 569 570
f 570 560 559
f 525 526 561
f 571 561 526
f 561 571 572
f 572 562 561
f 562 572 573
f 573 563 562
f 563 573 574
f 574 564 563
f 564 574 575
f 575 565 564
f 565 575 576
f 576 566 565
f 566 576 577
f 577 567 566
f 567 577 578
f 578 568 567
f 568 578 579
f 579 569 568
f 569 579 580
f 580 570 569
f 528 527 581
f 581 582 528
f 582 581 583
f 583 584 582
f 584 583 585
f 585 586 584
f 586 585 587
f 587 588 586
f 588 587 589
f 589 590 588
f 590 589 591
f 591 592 590
f 592 591 593
f 593 594 592
f 594 593 595
f 595 596 594
f 596 595 597
f 597 598 596
f 598 597 599
f 599 600 598
f 527 529 601
f 601 581 527
f 581 601 602
f 602 583 581
f 583 602 603
f 603 585 583
f 585 603 604
f 604 587 585
f 587 604 605
f 605 589 587
f 589 605 606
f 606 591 589
f 591 606 607
f 607 593 591
f 593 607 608
f 608 595 593
f 595 608 609
f 609 597 595
f 597 609 610
f 610 599 597
f 530 601 529
f 601 530 602
f 611 609 608
f 611 610 609
f 612 602 530
f 612 603 602
f 603 612 613
f 613 604 603
f 613 605 604
f 605 613 614
f 614 606 605
f 606 614 615
f 615 607 606
f 615 608 607
f 608 615 611
f 530 531 616
f 530 616 617
f 617 612 530
f 612 617 618
f 612 618 619
f 619 613 612
f 613 619 620
f 613 620 614
f 621 615 614
f 615 621 622
f 615 622 623
f 623 611 615
f 611 623 624
f 625 614 620
f 614 625 621
f 531 532 616
f 626 618 617
f 618 626 627
f 627 619 618
f 619 627 620
f 628 621 625
f 621 628 629
f 629 622 621
f 622 629 623
f 630 624 623
f 631 616 532
f 616 631 632
f 632 617 616
f 617 632 626
f 633 620 627
f 620 633 634
f 634 625 620
f 625 634 628
f 635 623 629
f 623 635 636
f 636 630 623
f 532 533 631
f 637 626 632
f 626 637 638
f 638 627 626
f 627 638 633
f 639 634 633
f 634 639 640
f 640 628 634
f 628 640 641
f 641 629 628
f 629 641 635
f 642 631 533
f 631 642 643
f 643 632 631
f 632 643 637
f 644 633 638
f 633 644 639
f 645 635 641
f 635 645 646
f 646 636 635
f 533 534 642
f 647 637 643
f 637 647 648
f 648 638 637
f 638 648 644
f 649 639 644
f 639 649 650
f 650 640 639
f 640 650 651
f 651 641 640
f 641 651 645
f 652 646 645
f 653 642 534
f 642 653 654
f 654 643 642
f 643 654 647
f 655 644 648
f 644 655 649
f 656 645 651
f 645 656 652
f 534 535 653
f 657 647 654
f 647 657 658
f 658 648 647
f 648 658 655
f 659 649 655
f 649 659 660
f 660 650 649
f 650 660 661
f 661 651 650
f 651 661 662
f 662 656 651
f 656 662 663
f 663 652 656
f 664 653 535
f 653 664 665
f 665 654 653
f 654 665 657
f 666 655 658
f 655 666 659
f 535 536 667
f 667 664 535
f 664 667 665
f 668 657 665
f 657 668 669
f 669 658 657
f 658 669 666
f 670 659 666
f 659 670 671
f 671 660 659
f 660 671 672
f 672 661 660
f 661 672 673
f 673 662 661
f 662 673 674
f 674 663 662
f 675 665 667
f 665 675 668
f 676 666 669
f 666 676 670
f 537 667 536
f 667 537 675
f 677 670 676
f 670 677 671
f 678 673 672
f 678 674 673
f 679 675 537
f 679 668 675
f 668 679 680
f 680 669 668
f 680 676 669
f 676 680 677
f 681 671 677
f 681 672 671
f 672 681 678
f 537 523 538
f 537 538 539
f 539 679 537
f 679 539 540
f 679 540 541
f 541 680 679
f 680 541 542
f 680 542 543
f 543 677 680
f 677 543 544
f 544 681 677
f 681 544 545
f 681 545 546
f 546 678 681
f 678 546 547
f 682 683 547
f 547 550 682
f 684 682 550
f 550 560 684
f 560 570 684
f 685 684 570
f 570 580 685
f 600 599 686
f 687 686 599
f 599 610 687
f 688 687 610
f 610 611 688
f 689 688 611
f 611 624 689
f 624 630 690
f 690 689 624
f 630 636 690
f 691 690 636
f 636 646 691
f 646 652 692
f 692 691 646
f 652 663 693
f 693 692 652
f 663 674 693
f 694 693 674
f 674 678 694
f 683 694 678
f 678 547 683
f 707 706 695
f 695 696 707
f 697 707 696
f 697 698 708
f 709 708 698
f 698 699 709
f 710 709 699
f 699 700 710
f 711 710 700
f 700 701 711
f 712 711 701
f 701 702 712
f 703 712 702
f 703 704 713
f 714 713 704
f 704 705 714
f 706 707 715
f 716 715 707
f 707 697 716
f 717 716 697
f 697 708 717
f 718 717 708
f 708 709 718
f 719 718 709
f 709 710 719
f 720 719 710
f 710 711 720
f 721 720 711
f 711 712 721
f 722 721 712
f 712 703 722
f 723 722 703
f 703 713 723
f 714 723 713
f 715 724 706
f 723 714 725
f 727 726 724
f 724 715 727
f 728 727 715
f 715 716 728
f 729 728 716
f 716 717 729
f 730 729 717
f 717 718 730
f 731 730 718
f 718 719 731
f 732 731 719
f 719 720 732
f 733 732 720
f 720 721 733
f 734 733 721
f 721 722 734
f 735 734 722
f 722 723 735
f 736 735 723
f 723 725 736
f 738 737 726
f 726 727 738
f 739 738 727
f 727 728 739
f 740 739 728
f 728 729 740
f 741 740 729
f 729 730 741
f 742 741 730
f 730 731 742
f 743 742 731
f 731 732 743
f 744 743 732
f 732 733 744
f 745 744 733
f 733 734 745
f 746 745 734
f 734 735 746
f 747 746 735
f 735 736 747
f 751 748 749
f 749 750 751
f 753 751 750
f 750 752 753
f 755 753 752
f 752 754 755
f 757 755 754
f 754 756 757
f 759 757 756
f 756 758 759
f 761 759 758
f 758 760 761
f 763 761 760
f 760 762 763
f 765 763 762
f 762 764 765
f 767 765 764
f 764 766 767
f 769 767 766
f 766 768 769
f 771 770 748
f 748 751 771
f 772 771 751
f 751 753 772
f 773 772 753
f 753 755 773
f 774 773 755
f 755 757 774
f 775 774 757
f 757 759 775
f 776 775 759
f 759 761 776
f 777 776 761
f 761 763 777
f 778 777 763
f 763 765 778
f 779 778 765
f 765 767 779
f 780 779 767
f 767 769 780
f 771 781 770
f 778 779 782
f 779 780 782
f 781 771 783
f 784 783 771
f 771 772 784
f 772 773 784
f 785 784 773
f 773 774 785
f 774 775 785
f 786 785 775
f 775 776 786
f 787 786 776
f 776 777 787
f 777 778 787
f 782 787 778
f 789 788 783
f 790 789 783
f 783 784 790
f 791 790 784
f 792 791 784
f 784 785 792
f 793 792 785
f 786 793 785
f 786 787 794
f 795 794 787
f 796 795 787
f 787 782 796
f 797 796 782
f 793 786 798
f 794 798 786
f 789 799 788
f 790 791 800
f 801 800 791
f 791 792 801
f 793 801 792
f 798 794 802
f 803 802 794
f 794 795 803
f 796 803 795
f 796 797 804
f 806 805 799
f 799 789 806
f 807 806 789
f 789 790 807
f 800 807 790
f 801 793 808
f 809 808 793
f 793 798 809
f 802 809 798
f 803 796 810
f 811 810 796
f 796 804 811
f 807 800 812
f 813 812 800
f 800 801 813
f 808 813 801
f 809 802 814
f 815 814 802
f 802 803 815
f 810 815 803
f 817 816 805
f 805 806 817
f 818 817 806
f 806 807 818
f 812 818 807
f 813 808 819
f 820 819 808
f 808 809 820
f 814 820 809
f 815 810 821
f 822 821 810
f 810 811 822
f 817 823 816
f 818 812 824
f 825 824 812
f 812 813 825
f 819 825 813
f 820 814 826
f 827 826 814
f 814 815 827
f 821 827 815
f 821 822 828
f 823 817 829
f 830 829 817
f 817 818 830
f 824 830 818
f 825 819 831
f 832 831 819
f 819 820 832
f 826 832 820
f 827 821 833
f 828 833 821
f 829 834 823
f 830 824 835
f 836 835 824
f 824 825 836
f 831 836 825
f 832 826 837
f 838 837 826
f 826 827 838
f 839 838 827
f 827 833 839
f 840 839 833
f 833 828 840
f 834 829 841
f 842 841 829
f 829 830 842
f 835 842 830
f 836 831 843
f 844 843 831
f 831 832 844
f 837 844 832
f 841 845 834
f 842 835 846
f 847 846 835
f 835 836 847
f 843 847 836
f 843 844 848
f 849 848 844
f 844 837 849
f 850 849 837
f 837 838 850
f 851 850 838
f 838 839 851
f 852 851 839
f 839 840 852
f 854 853 845
f 845 841 854
f 855 854 841
f 841 842 855
f 846 855 842
f 847 843 856
f 848 856 843
f 856 848 857
f 849 857 848
f 850 851 858
f 851 852 858
f 853 854 859
f 860 859 854
f 854 855 860
f 855 846 860
f 861 860 846
f 846 847 861
f 847 856 861
f 857 861 856
f 857 849 862
f 849 850 862
f 858 862 850
f 696 695 859
f 697 696 859
f 859 860 697
f 698 697 860
f 699 698 860
f 860 861 699
f 700 699 861
f 701 700 861
f 861 857 701
f 702 701 857
f 857 862 702
f 703 702 862
f 704 703 862
f 862 858 704
f 705 704 858
f 705 863 864
f 864 714 705
f 714 864 865
f 865 725 714
f 865 736 725
f 736 865 866
f 866 747 736
f 867 769 768
f 769 867 868
f 868 780 769
f 780 868 869
f 869 782 780
f 782 869 870
f 870 797 782
f 797 870 871
f 871 804 797
f 872 811 804
f 804 871 872
f 873 822 811
f 811 872 873
f 873 828 822
f 874 840 828
f 828 873 874
f 874 852 840
f 852 874 875
f 875 858 852
f 858 875 863
f 863 705 858
f 695 876 877
f 876 695 706
f 706 878 876
f 878 706 724
f 878 724 726
f 726 879 878
f 879 726 737
f 737 880 879
f 882 749 748
f 748 881 882
f 881 748 770
f 770 883 881
f 883 770 781
f 781 884 883
f 884 781 783
f 884 783 788
f 788 885 884
f 885 788 799
f 799 886 885
f 886 799 805
f 805 887 886
f 887 805 816
f 887 816 823
f 823 888 887
f 888 823 834
f 834 889 888
f 889 834 845
f 845 890 889
f 890 845 853
f 853 891 890
f 891 853 859
f 859 877 891
f 877 859 695
f 877 876 892
f 902 897 896
f 897 902 898
f 903 900 899
f 900 903 904
f 904 901 900
f 876 878 905
f 905 892 876
f 892 905 906
f 906 893 892
f 893 906 907
f 907 894 893
f 894 907 908
f 908 895 894
f 895 908 909
f 909 896 895
f 896 909 910
f 910 902 896
f 902 910 911
f 911 898 902
f 898 911 912
f 912 899 898
f 899 912 903
f 913 903 912
f 903 913 914
f 914 904 903
f 878 879 915
f 915 905 878
f 905 915 916
f 916 906 905
f 906 916 917
f 917 907 906
f 907 917 918
f 918 908 907
f 908 918 919
f 919 909 908
f 909 919 920
f 920 910 909
f 910 920 921
f 921 911 910
f 911 921 922
f 922 912 911
f 912 922 923
f 923 913 912
f 913 923 924
f 924 914 913
f 879 880 925
f 925 915 879
f 915 925 926
f 926 916 915
f 916 926 927
f 927 917 916
f 917 927 928
f 928 918 917
f 918 928 929
f 929 919 918
f 919 929 930
f 930 920 919
f 920 930 931
f 931 921 920
f 921 931 932
f 932 922 921
f 922 932 933
f 933 923 922
f 923 933 934
f 934 924 923
f 882 881 935
f 935 936 882
f 936 935 937
f 937 938 936
f 938 937 939
f 939 940 938
f 940 939 941
f 941 942 940
f 942 941 943
f 943 944 942
f 944 943 945
f 945 946 944
f 946 945 947
f 947 948 946
f 948 947 949
f 949 950 948
f 950 949 951
f 951 952 950
f 952 951 953
f 953 954 952
f 881 883 955
f 955 935 881
f 935 955 956
f 956 937 935
f 937 956 957
f 957 939 937
f 939 957 958
f 958 941 939
f 941 958 959
f 959 943 941
f 943 959 960
f 960 945 943
f 945 960 961
f 961 947 945
f 947 961 962
f 962 949 947
f 949 962 963
f 963 951 949
f 951 963 964
f 964 953 951
f 884 955 883
f 955 884 956
f 965 963 962
f 965 964 963
f 966 956 884
f 966 957 956
f 957 966 967
f 967 958 957
f 967 959 958
f 959 967 968
f 968 960 959
f 960 968 969
f 969 961 960
f 969 962 961
f 962 969 965
f 884 885 970
f 884 970 971
f 971 966 884
f 966 971 972
f 966 972 973
f 973 967 966
f 967 973 974
f 967 974 968
f 975 969 968
f 969 975 976
f 969 976 977
f 977 965 969
f 965 977 978
f 979 968 974
f 968 979 975
f 885 886 980
f 980 970 885
f 970 980 981
f 981 971 970
f 971 981 982
f 982 972 971
f 972 982 983
f 983 973 972
f 973 983 984
f 984 974 973
f 974 984 979
f 985 975 979
f 975 985 986
f 986 976 975
f 976 986 987
f 987 977 976
f 977 987 988
f 988 978 977
f 989 979 984
f 979 989 985
f 990 988 987
f 886 887 991
f 991 980 886
f 980 991 992
f 992 981 980
f 981 992 993
f 993 982 981
f 982 993 994
f 994 983 982
f 983 994 995
f 995 984 983
f 984 995 996
f 996 989 984
f 989 996 997
f 997 985 989
f 985 997 998
f 998 986 985
f 986 998 999
f 999 987 986
f 987 999 990
f 1000 990 999
f 887 888 1001
f 1001 991 887
f 991 1001 1002
f 1002 992 991
f 992 1002 1003
f 1003 993 992
f 993 1003 1004
f 1004 994 993
f 994 1004 1005
f 1005 995 994
f 995 1005 1006
f 1006 996 995
f 996 1006 1007
f 1007 997 996
f 997 1007 1008
f 1008 998 997
f 998 1008 1009
f 1009 999 998
f 999 1009 1010
f 1010 1000 999
f 888 889 1011
f 1011 1001 888
f 1001 1011 1012
f 1012 1002 1001
f 1002 1012 1013
f 1013 1003 1002
f 1003 1013 1014
f 1014 1004 1003
f 1004 1014 1015
f 1015 1005 1004
f 1005 1015 1016
f 1016 1006 1005
f 1006 1016 1017
f 1017 1007 1006
f 1007 1017 1018
f 1018 1008 1007
f 1008 1018 1019
f 1019 1009 1008
f 1009 1019 1020
f 1020 1010 1009
f 889 890 1021
f 1021 1011 889
f 1011 1021 1022
f 1022 1012 1011
f 1012 1022 1023
f 1023 1013 1012
f 1013 1023 1024
f 1024 1014 1013
f 1014 1024 1025
f 1025 1015 1014
f 1015 1025 1026
f 1026 1016 1015
f 1016 1026 1027
f 1027 1017 1016
f 1017 1027 1028
f 1028 1018 1017
f 1018 1028 1029
f 1029 1019 1018
f 1019 1029 1030
f 1030 1020 1019
f 891 1021 890
f 1021 891 1022
f 1031 1026 1025
f 1026 1031 1027
f 1032 1029 1028
f 1032 1030 1029
f 891 877 1033
f 1033 1022 891
f 1033 1023 1022
f 1023 1033 1034
f 1034 1024 1023
f 1034 1025 1024
f 1025 1034 1031
f 1035 1027 1031
f 1035 1028 1027
f 1028 1035 1032
f 877 892 893
f 893 1033 877
f 1033 893 894
f 1033 894 895
f 895 1034 1033
f 1034 895 896
f 1034 896 897
f 897 1031 1034
f 1031 897 898
f 898 1035 1031
f 1035 898 899
f 1035 899 900
f 900 1032 1035
f 1032 900 901
f 1036 1037 901
f 901 904 1036
f 1038 1036 904
f 904 914 1038
f 914 924 1039
f 1039 1038 914
f 924 934 1040
f 1040 1039 924
f 954 953 1041
f 1041 1042 954
f 953 964 1043
f 1043 1041 953
f 964 965 1044
f 1044 1043 964
f 965 978 1044
f 1045 1044 978
f 978 988 1045
f 988 990 1046
f 1046 1045 988
f 990 1000 1046
f 1000 1010 1047
f 1047 1046 1000
f 1010 1020 1048
f 1048 1047 1010
f 1020 1030 1048
f 1049 1048 1030
f 1030 1032 1049
f 1037 1049 1032
f 1032 901 1037
f 1051 1050 1052
f 1052 1053 1051
f 1053 1052 1054
f 1054 1055 1053
f 1055 1054 1056
f 1056 1057 1055
f 1057 1056 1058
f 1058 1059 1057
f 1059 1058 1060
f 1060 1061 1059
f 1061 1060 1062
f 1062 1063 1061
f 1063 1062 1064
f 1064 1065 1063
f 1065 1064 1066
f 1066 1067 1065
f 1069 1068 1070
f 1070 1071 1069
f 1071 1070 1072
f 1072 1073 1071
f 1073 1072 1050
f 1050 1051 1073
f 1077 1074 1075
f 1075 1076 1077
f 1076 1075 1078
f 1078 1079 1076
f 1079 1078 1080
f 1080 1081 1079
f 1081 1080 1082
f 1082 1083 1081
f 1083 1082 1084
f 1084 1085 1083
f 1085 1084 1086
f 1086 1087 1085
f 1087 1086 1088
f 1088 1089 1087
f 1089 1088 1090
f 1090 1091 1089
f 1091 1090 1092
f 1092 1093 1091
f 1093 1092 1094
f 1094 1095 1093
f 1099 1096 1097
f 1097 1098 1099
f 1098 1097 1100
f 1100 1101 1098
f 1101 1100 1102
f 1102 1103 1101
f 1103 1102 1104
f 1104 1105 1103
f 1105 1104 1106
f 1106 1107 1105
f 1107 1106 1108
f 1108 1109 1107
f 1109 1108 1110
f 1110 1111 1109
f 1111 1110 1112
f 1112 1113 1111
f 1113 1112 1114
f 1114 1115 1113
f 1115 1114 1116
f 1116 1117 1115
f 1117 1116 1118
f 1118 1119 1117
f 1119 1118 1074
f 1074 1077 1119
f 1120 1131 1121
f 1132 1126 1125
f 1126 1132 1127
f 1133 1129 1128
f 1129 1133 1134
f 1134 1130 1129
f 1135 1121 1131
f 1121 1135 1136
f 1136 1122 1121
f 1122 1136 1137
f 1137 1123 1122
f 1123 1137 1138
f 1138 1124 1123
f 1124 1138 1139
f 1139 1125 1124
f 1125 1139 1140
f 1140 1132 1125
f 1132 1140 1141
f 1141 1127 1132
f 1127 1141 1142
f 1142 1128 1127
f 1128 1142 1133
f 1131 1143 1135
f 1144 1133 1142
f 1133 1144 1145
f 1145 1134 1133
f 1146 1135 1143
f 1135 1146 1147
f 1147 1136 1135
f 1136 1147 1148
f 1148 1137 1136
f 1137 1148 1149
f 1149 1138 1137
f 1138 1149 1150
f 1150 1139 1138
f 1139 1150 1151
f 1151 1140 1139
f 1140 1151 1152
f 1152 1141 1140
f 1141 1152 1153
f 1153 1142 1141
f 1142 1153 1154
f 1154 1144 1142
f 1144 1154 1155
f 1155 1145 1144
f 1143 1156 1146
f 1157 1146 1156
f 1146 1157 1158
f 1158 1147 1146
f 1147 1158 1159
f 1159 1148 1147
f 1148 1159 1160
f 1160 1149 1148
f 1149 1160 1161
f 1161 1150 1149
f 1150 1161 1162
f 1162 1151 1150
f 1151 1162 1163
f 1163 1152 1151
f 1152 1163 1164
f 1164 1153 1152
f 1153 1164 1165
f 1165 1154 1153
f 1154 1165 1166
f 1166 1155 1154
f 1170 1167 1168
f 1168 1169 1170
f 1169 1168 1171
f 1171 1172 1169
f 1172 1171 1173
f 1173 1174 1172
f 1174 1173 1175
f 1175 1176 1174
f 1176 1175 1177
f 1177 1178 1176
f 1178 1177 1179
f 1179 1180 1178
f 1180 1179 1181
f 1181 1182 1180
f 1182 1181 1183
f 1183 1184 1182
f 1184 1183 1185
f 1185 1186 1184
f 1186 1185 1187
f 1187 1188 1186
f 1167 1189 1190
f 1190 1168 1167
f 1168 1190 1191
f 1191 1171 1168
f 1171 1191 1192
f 1192 1173 1171
f 1173 1192 1193
f 1193 1175 1173
f 1175 1193 1194
f 1194 1177 1175
f 1177 1194 1195
f 1195 1179 1177
f 1179 1195 1196
f 1196 1181 1179
f 1181 1196 1197
f 1197 1183 1181
f 1183 1197 1198
f 1198 1185 1183
f 1185 1198 1199
f 1199 1187 1185
f 1189 1200 1190
f 1201 1198 1197
f 1201 1199 1198
f 1202 1190 1200
f 1190 1202 1203
f 1203 1191 1190
f 1203 1192 1191
f 1192 1203 1204
f 1204 1193 1192
f 1204 1194 1193
f 1194 1204 1205
f 1205 1195 1194
f 1195 1205 1206
f 1206 1196 1195
f 1206 1197 1196
f 1197 1206 1201
f 1202 1207 1208
f 1202 1208 1209
f 1209 1203 1202
f 1203 1209 1210
f 1203 1210 1211
f 1211 1204 1203
f 1204 1211 1212
f 1204 1212 1205
f 1213 1206 1205
f 1206 1213 1214
f 1206 1214 1215
f 1215 1201 1206
f 1201 1215 1216
f 1217 1205 1212
f 1205 1217 1213
f 1207 1218 1208
f 1219 1210 1209
f 1210 1219 1220
f 1220 1211 1210
f 1211 1220 1212
f 1221 1213 1217
f 1213 1221 1222
f 1222 1214 1213
f 1214 1222 1215
f 1223 1216 1215
f 1218 1224 1225
f 1225 1208 1218
f 1208 1225 1226
f 1226 1209 1208
f 1209 1226 1219
f 1227 1212 1220
f 1212 1227 1228
f 1228 1217 1212
f 1217 1228 1221
f 1229 1215 1222
f 1215 1229 1230
f 1230 1223 1215
f 1231 1219 1226
f 1219 1231 1232
f 1232 1220 1219
f 1220 1232 1227
f 1233 1228 1227
f 1228 1233 1234
f 1234 1221 1228
f 1221 1234 1235
f 1235 1222 1221
f 1222 1235 1229
f 1224 1236 1237
f 1237 1225 1224
f 1225 1237 1238
f 1238 1226 1225
f 1226 1238 1231
f 1239 1227 1232
f 1227 1239 1233
f 1240 1229 1235
f 1229 1240 1241
f 1241 1230 1229
f 1242 1231 1238
f 1231 1242 1243
f 1243 1232 1231
f 1232 1243 1239
f 1244 1233 1239
f 1233 1244 1245
f 1245 1234 1233
f 1234 1245 1246
f 1246 1235 1234
f 1235 1246 1240
f 1247 1241 1240
f 1236 1248 1249
f 1249 1237 1236
f 1237 1249 1250
f 1250 1238 1237
f 1238 1250 1242
f 1251 1239 1243
f 1239 1251 1244
f 1252 1240 1246
f 1240 1252 1247
f 1248 1253 1249
f 1254 1242 1250
f 1242 1254 1255
f 1255 1243 1242
f 1243 1255 1251
f 1256 1244 1251
f 1244 1256 1257
f 1257 1245 1244
f 1245 1257 1258
f 1258 1246 1245
f 1246 1258 1259
f 1259 1252 1246
f 1252 1259 1260
f 1260 1247 1252
f 1261 1249 1253
f 1249 1261 1262
f 1262 1250 1249
f 1250 1262 1254
f 1263 1251 1255
f 1251 1263 1256
f 1253 1264 1261
f 1265 1254 1262
f 1254 1265 1266
f 1266 1255 1254
f 1255 1266 1263
f 1267 1256 1263
f 1256 1267 1268
f 1268 1257 1256
f 1257 1268 1269
f 1269 1258 1257
f 1258 1269 1270
f 1270 1259 1258
f 1259 1270 1271
f 1271 1260 1259
f 1264 1272 1273
f 1273 1261 1264
f 1261 1273 1274
f 1274 1262 1261
f 1262 1274 1265
f 1275 1263 1266
f 1263 1275 1267
f 1276 1267 1275
f 1267 1276 1268
f 1277 1270 1269
f 1277 1271 1270
f 1278 1273 1272
f 1273 1278 1279
f 1279 1274 1273
f 1279 1265 1274
f 1265 1279 1280
f 1280 1266 1265
f 1280 1275 1266
f 1275 1280 1276
f 1281 1268 1276
f 1281 1269 1268
f 1269 1281 1277
f 1278 1120 1121
f 1278 1121 1122
f 1122 1279 1278
f 1279 1122 1123
f 1279 1123 1124
f 1124 1280 1279
f 1280 1124 1125
f 1280 1125 1126
f 1126 1276 1280
f 1276 1126 1127
f 1127 1281 1276
f 1281 1127 1128
f 1281 1128 1129
f 1129 1277 1281
f 1277 1129 1130
f 1282 1283 1130
f 1130 1134 1282
f 1284 1282 1134
f 1134 1145 1284
f 1145 1155 1284
f 1285 1284 1155
f 1155 1166 1285
f 1188 1187 1286
f 1287 1286 1187
f 1187 1199 1287
f 1288 1287 1199
f 1199 1201 1288
f 1289 1288 1201
f 1201 1216 1289
f 1290 1289 1216
f 1216 1223 1290
f 1223 1230 1291
f 1291 1290 1223
f 1230 1241 1292
f 1292 1291 1230
f 1241 1247 1292
f 1247 1260 1293
f 1293 1292 1247
f 1260 1271 1293
f 1294 1293 1271
f 1271 1277 1294
f 1283 1294 1277
f 1277 1130 1283
f 1295 1296 1120
f 1131 1120 1296
f 1296 1297 1131
f 1143 1131 1297
f 1297 1298 1143
f 1156 1143 1298
f 1298 1299 1156
f 1167 1170 1300
f 1300 1301 1167
f 1189 1167 1301
f 1301 1302 1189
f 1200 1189 1302
f 1302 1303 1200
f 1202 1200 1303
f 1207 1202 1303
f 1303 1304 1207
f 1218 1207 1304
f 1304 1305 1218
f 1224 1218 1305
f 1305 1306 1224
f 1236 1224 1306
f 1306 1307 1236
f 1248 1236 1307
f 1253 1248 1307
f 1307 1308 1253
f 1264 1253 1308
f 1308 1309 1264
f 1272 1264 1309
f 1309 1310 1272
f 1278 1272 1310
f 1310 1295 1278
f 1120 1278 1295
f 1311 1296 1295
f 1315 1316 1321
f 1317 1321 1316
f 1318 1319 1322
f 1323 1322 1319
f 1319 1320 1323
f 1324 1297 1296
f 1296 1311 1324
f 1325 1324 1311
f 1311 1312 1325
f 1326 1325 1312
f 1312 1313 1326
f 1327 1326 1313
f 1313 1314 1327
f 1328 1327 1314
f 1314 1315 1328
f 1329 1328 1315
f 1315 1321 1329
f 1330 1329 1321
f 1321 1317 1330
f 1331 1330 1317
f 1317 1318 1331
f 1332 1331 1318
f 1318 1322 1332
f 1323 1332 1322
f 1332 1323 1333
f 1334 1298 1297
f 1297 1324 1334
f 1335 1334 1324
f 1324 1325 1335
f 1336 1335 1325
f 1325 1326 1336
f 1337 1336 1326
f 1326 1327 1337
f 1338 1337 1327
f 1327 1328 1338
f 1339 1338 1328
f 1328 1329 1339
f 1340 1339 1329
f 1329 1330 1340
f 1341 1340 1330
f 1330 1331 1341
f 1342 1341 1331
f 1331 1332 1342
f 1343 1342 1332
f 1332 1333 1343
f 1344 1299 1298
f 1298 1334 1344
f 1345 1344 1334
f 1334 1335 1345
f 1346 1345 1335
f 1335 1336 1346
f 1347 1346 1336
f 1336 1337 1347
f 1348 1347 1337
f 1337 1338 1348
f 1349 1348 1338
f 1338 1339 1349
f 1350 1349 1339
f 1339 1340 1350
f 1351 1350 1340
f 1340 1341 1351
f 1352 1351 1341
f 1341 1342 1352
f 1353 1352 1342
f 1342 1343 1353
f 1355 1301 1300
f 1300 1354 1355
f 1357 1355 1354
f 1354 1356 1357
f 1359 1357 1356
f 1356 1358 1359
f 1361 1359 1358
f 1358 1360 1361
f 1363 1361 1360
f 1360 1362 1363
f 1365 1363 1362
f 1362 1364 1365
f 1367 1365 1364
f 1364 1366 1367
f 1369 1367 1366
f 1366 1368 1369
f 1371 1369 1368
f 1368 1370 1371
f 1373 1371 1370
f 1370 1372 1373
f 1374 1302 1301
f 1301 1355 1374
f 1375 1374 1355
f 1355 1357 1375
f 1376 1375 1357
f 1357 1359 1376
f 1377 1376 1359
f 1359 1361 1377
f 1378 1377 1361
f 1361 1363 1378
f 1379 1378 1363
f 1363 1365 1379
f 1380 1379 1365
f 1365 1367 1380
f 1381 1380 1367
f 1367 1369 1381
f 1382 1381 1369
f 1369 1371 1382
f 1383 1382 1371
f 1371 1373 1383
f 1302 1374 1303
f 1375 1303 1374
f 1381 1382 1384
f 1382 1383 1384
f 1303 1375 1385
f 1375 1376 1385
f 1386 1385 1376
f 1376 1377 1386
f 1377 1378 1386
f 1387 1386 1378
f 1378 1379 1387
f 1388 1387 1379
f 1379 1380 1388
f 1380 1381 1388
f 1384 1388 1381
f 1389 1304 1303
f 1390 1389 1303
f 1303 1385 1390
f 1391 1390 1385
f 1392 1391 1385
f 1385 1386 1392
f 1393 1392 1386
f 1387 1393 1386
f 1387 1388 1394
f 1395 1394 1388
f 1396 1395 1388
f 1388 1384 1396
f 1397 1396 1384
f 1393 1387 1398
f 1394 1398 1387
f 1389 1305 1304
f 1390 1391 1399
f 1392 1399 1391
f 1398 1394 1400
f 1401 1400 1394
f 1394 1395 1401
f 1396 1401 1395
f 1396 1397 1402
f 1305 1389 1403
f 1404 1403 1389
f 1389 1390 1404
f 1399 1404 1390
f 1399 1392 1405
f 1406 1405 1392
f 1392 1393 1406
f 1407 1406 1393
f 1393 1398 1407
f 1400 1407 1398
f 1401 1396 1408
f 1409 1408 1396
f 1396 1402 1409
f 1403 1306 1305
f 1404 1399 1410
f 1405 1410 1399
f 1407 1400 1411
f 1412 1411 1400
f 1400 1401 1412
f 1408 1412 1401
f 1306 1403 1413
f 1414 1413 1403
f 1403 1404 1414
f 1410 1414 1404
f 1410 1405 1415
f 1416 1415 1405
f 1405 1406 1416
f 1417 1416 1406
f 1406 1407 1417
f 1411 1417 1407
f 1412 1408 1418
f 1419 1418 1408
f 1408 1409 1419
f 1413 1307 1306
f 1414 1410 1420
f 1415 1420 1410
f 1417 1411 1421
f 1422 1421 1411
f 1411 1412 1422
f 1418 1422 1412
f 1418 1419 1423
f 1307 1413 1424
f 1425 1424 1413
f 1413 1414 1425
f 1420 1425 1414
f 1420 1415 1426
f 1427 1426 1415
f 1415 1416 1427
f 1428 1427 1416
f 1416 1417 1428
f 1421 1428 1417
f 1422 1418 1429
f 1423 1429 1418
f 1424 1308 1307
f 1425 1420 1430
f 1426 1430 1420
f 1428 1421 1431
f 1432 1431 1421
f 1421 1422 1432
f 1433 1432 1422
f 1422 1429 1433
f 1434 1433 1429
f 1429 1423 1434
f 1308 1424 1435
f 1436 1435 1424
f 1424 1425 1436
f 1430 1436 1425
f 1430 1426 1437
f 1438 1437 1426
f 1426 1427 1438
f 1439 1438 1427
f 1427 1428 1439
f 1431 1439 1428
f 1440 1309 1308
f 1308 1435 1440
f 1436 1440 1435
f 1436 1430 1441
f 1437 1441 1430
f 1438 1439 1442
f 1443 1442 1439
f 1439 1431 1443
f 1444 1443 1431
f 1431 1432 1444
f 1445 1444 1432
f 1432 1433 1445
f 1446 1445 1433
f 1433 1434 1446
f 1440 1436 1447
f 1441 1447 1436
f 1441 1437 1448
f 1449 1448 1437
f 1437 1438 1449
f 1442 1449 1438
f 1309 1440 1310
f 1447 1310 1440
f 1449 1442 1450
f 1443 1450 1442
f 1444 1445 1451
f 1445 1446 1451
f 1452 1295 1310
f 1310 1447 1452
f 1447 1441 1452
f 1453 1452 1441
f 1441 1448 1453
f 1448 1449 1453
f 1450 1453 1449
f 1450 1443 1454
f 1443 1444 1454
f 1451 1454 1444
f 1312 1311 1295
f 1295 1452 1312
f 1313 1312 1452
f 1314 1313 1452
f 1452 1453 1314
f 1315 1314 1453
f 1316 1315 1453
f 1453 1450 1316
f 1317 1316 1450
f 1450 1454 1317
f 1318 1317 1454
f 1319 1318 1454
f 1454 1451 1319
f 1320 1319 1451
f 1320 1455 1456
f 1456 1323 1320
f 1323 1456 1457
f 1457 1333 1323
f 1457 1343 1333
f 1343 1457 1458
f 1458 1353 1343
f 1459 1373 1372
f 1373 1459 1460
f 1460 1383 1373
f 1383 1460 1461
f 1461 1384 1383
f 1384 1461 1462
f 1462 1397 1384
f 1463 1402 1397
f 1397 1462 1463
f 1463 1409 1402
f 1409 1463 1464
f 1464 1419 1409
f 1465 1423 1419
f 1419 1464 1465
f 1466 1434 1423
f 1423 1465 1466
f 1466 1446 1434
f 1446 1466 1467
f 1467 1451 1446
f 1451 1467 1455
f 1455 1320 1451
f 1470 1468 1469
f 1473 1471 1472
f 1497 1498 1482
f 1491 1499 1500
f 1503 1501 1502
f 1506 1504 1505
f 1515 1530 1531
f 1532 1533 1525
f 1510 1534 1535
f 1535 1511 1510
f 1511 1535 1536
f 1536 1512 1511
f 1512 1536 1537
f 1537 1513 1512
f 1513 1537 1538
f 1538 1514 1513
f 1514 1538 1539
f 1539 1515 1514
f 1539 1530 1515
f 1540 1502 1530
f 1530 1539 1540
f 1540 1503 1502
f 1503 1540 1541
f 1541 1516 1503
f 1516 1541 1542
f 1542 1517 1516
f 1517 1542 1543
f 1543 1518 1517
f 1518 1543 1544
f 1544 1519 1518
f 1519 1544 1545
f 1545 1507 1519
f 1546 1508 1507
f 1507 1545 1546
f 1547 1529 1508
f 1508 1546 1547
f 1548 1528 1529
f 1529 1547 1548
f 1549 1527 1528
f 1528 1548 1549
f 1550 1526 1527
f 1527 1549 1550
f 1551 1525 1526
f 1526 1550 1551
f 1532 1525 1551
f 1552 1504 1532
f 1532 1551 1552
f 1505 1504 1552
f 1553 1524 1505
f 1505 1552 1553
f 1554 1523 1524
f 1524 1553 1554
f 1555 1522 1523
f 1523 1554 1555
f 1557 1520 1521
f 1521 1556 1557
f 1558 1509 1520
f 1520 1557 1558
f 1534 1510 1509
f 1509 1558 1534
f 1561 1562 1560
f 1564 1565 1560
f 1566 1561 1560
f 1567 1566 1560
f 1568 1567 1560
f 1569 1568 1560
f 1559 1569 1560
f 1570 1571 1560
f 1572 1570 1560
f 1573 1572 1560
f 1574 1573 1560
f 1565 1574 1560
f 1562 1575 1560
f 1575 1576 1560
f 1576 1577 1560
f 1577 1578 1560
f 1578 1563 1560
f 1579 1580 1560
f 1580 1581 1560
f 1581 1582 1560
f 1582 1564 1560
f 1571 1559 1560
f 1586 1583 1584
f 1584 1585 1586
f 1590 1587 1588
f 1588 1589 1590
f 1594 1591 1592
f 1592 1593 1594
f 1598 1595 1596
f 1596 1597 1598
f 1602 1599 1600
f 1600 1601 1602
f 1606 1603 1604
f 1604 1605 1606
f 1603 1607 1608
f 1608 1604 1603
f 1607 1609 1610
f 1610 1608 1607
f 1609 1611 1612
f 1612 1610 1609
f 1611 1613 1614
f 1614 1612 1611
f 1613 1615 1616
f 1616 1614 1613
f 1587 1617 1618
f 1618 1588 1587
f 1617 1619 1620
f 1620 1618 1617
f 1619 1621 1622
f 1622 1620 1619
f 1621 1623 1624
f 1624 1622 1621
f 1623 1602 1601
f 1601 1624 1623
f 1626 1606 1605
f 1605 1625 1626
f 1628 1626 1625
f 1625 1627 1628
f 1630 1628 1627
f 1627 1629 1630
f 1632 1630 1629
f 1629 1631 1632
f 1591 1632 1631
f 1631 1592 1591
f 1636 1633 1634
f 1634 1635 1636
f 1638 1636 1635
f 1635 1637 1638
f 1640 1638 1637
f 1637 1639 1640
f 1642 1640 1639
f 1639 1641 1642
f 1599 1642 1641
f 1641 1600 1599
f 1646 1643 1644
f 1644 1645 1646
f 1615 1647 1648
f 1648 1616 1615
f 1652 1649 1650
f 1650 1651 1652
f 1633 1653 1654
f 1654 1634 1633
f 1658 1655 1656
f 1656 1657 1658
f 1662 1659 1660
f 1660 1661 1662
f 1664 1663 1477
f 1477 1478 1664
f 1665 1664 1478
f 1478 1479 1665
f 1666 1665 1479
f 1479 1480 1666
f 1667 1666 1480
f 1480 1481 1667
f 1668 1667 1481
f 1481 1482 1668
f 1482 1498 1669
f 1669 1668 1482
f 1498 1470 1669
f 1470 1469 1669
f 1670 1669 1469
f 1469 1483 1670
f 1671 1670 1483
f 1483 1484 1671
f 1672 1671 1484
f 1484 1485 1672
f 1673 1672 1485
f 1485 1486 1673
f 1674 1673 1486
f 1486 1474 1674
f 1474 1475 1675
f 1675 1674 1474
f 1475 1496 1676
f 1676 1675 1475
f 1496 1495 1677
f 1677 1676 1496
f 1495 1494 1678
f 1678 1677 1495
f 1493 1492 1679
f 1679 1680 1493
f 1492 1491 1681
f 1681 1679 1492
f 1500 1682 1681
f 1681 1491 1500
f 1500 1471 1682
f 1682 1471 1473
f 1473 1490 1683
f 1683 1682 1473
f 1490 1489 1684
f 1684 1683 1490
f 1489 1488 1685
f 1685 1684 1489
f 1488 1487 1686
f 1686 1685 1488
f 1487 1476 1687
f 1687 1686 1487
f 1476 1477 1663
f 1663 1687 1476
f 1690 1689 1691
f 1692 1689 1707
f 1693 1689 1694
f 1695 1689 1690
f 1696 1689 1695
f 1697 1689 1696
f 1698 1689 1699
f 1700 1689 1698
f 1701 1689 1700
f 1702 1689 1701
f 1694 1689 1702
f 1691 1689 1703
f 1703 1689 1704
f 1704 1689 1705
f 1705 1689 1706
f 1706 1689 1692
f 1707 1689 1708
f 1708 1689 1709
f 1709 1689 1710
f 1710 1689 1711
f 1711 1689 1693
f 1699 1689 1688
f 1713 1712 1690
f 1690 1691 1713
f 1687 1663 1714
f 1714 1715 1687
f 1717 1716 1712
f 1712 1713 1717
f 1695 1690 1712
f 1712 1718 1695
f 1718 1712 1716
f 1716 1719 1718
f 1720 1714 1663
f 1663 1664 1720
f 1696 1695 1718
f 1718 1721 1696
f 1721 1718 1719
f 1719 1722 1721
f 1723 1720 1664
f 1664 1665 1723
f 1697 1696 1721
f 1721 1724 1697
f 1724 1721 1722
f 1722 1725 1724
f 1726 1723 1665
f 1665 1666 1726
f 1689 1697 1724
f 1724 1727 1689
f 1727 1724 1725
f 1725 1728 1727
f 1730 1729 1666
f 1666 1667 1730
f 1688 1689 1727
f 1727 1731 1688
f 1731 1727 1728
f 1728 1732 1731
f 1733 1730 1667
f 1667 1668 1733
f 1731 1734 1688
f 1734 1731 1732
f 1732 1735 1734
f 1736 1733 1668
f 1668 1669 1736
f 1735 1737 1734
f 1738 1736 1669
f 1699 1688 1734
f 1737 1739 1734
f 1740 1738 1669
f 1698 1699 1734
f 1734 1741 1698
f 1741 1734 1739
f 1739 1742 1741
f 1743 1740 1669
f 1669 1670 1743
f 1700 1698 1741
f 1741 1744 1700
f 1744 1741 1742
f 1742 1745 1744
f 1746 1743 1670
f 1670 1671 1746
f 1701 1700 1744
f 1744 1747 1701
f 1747 1744 1745
f 1745 1748 1747
f 1749 1746 1671
f 1671 1672 1749
f 1702 1701 1747
f 1747 1750 1702
f 1750 1747 1748
f 1748 1751 1750
f 1753 1752 1672
f 1672 1673 1753
f 1694 1702 1750
f 1750 1754 1694
f 1754 1750 1751
f 1751 1755 1754
f 1756 1753 1673
f 1673 1674 1756
f 1693 1694 1754
f 1754 1757 1693
f 1757 1754 1755
f 1755 1758 1757
f 1759 1756 1674
f 1674 1675 1759
f 1711 1693 1757
f 1757 1760 1711
f 1760 1757 1758
f 1758 1761 1760
f 1762 1759 1675
f 1675 1676 1762
f 1710 1711 1760
f 1760 1763 1710
f 1763 1760 1761
f 1761 1764 1763
f 1765 1762 1676
f 1676 1677 1765
f 1709 1710 1763
f 1763 1766 1709
f 1766 1763 1764
f 1764 1767 1766
f 1768 1765 1677
f 1677 1678 1768
f 1708 1709 1766
f 1766 1769 1708
f 1769 1766 1767
f 1767 1770 1769
f 1772 1771 1680
f 1680 1679 1772
f 1707 1708 1769
f 1769 1773 1707
f 1773 1769 1770
f 1770 1774 1773
f 1775 1772 1679
f 1679 1681 1775
f 1773 1776 1707
f 1776 1773 1774
f 1774 1777 1776
f 1778 1775 1681
f 1681 1682 1778
f 1777 1779 1776
f 1780 1778 1682
f 1692 1707 1776
f 1779 1781 1776
f 1782 1780 1682
f 1706 1692 1776
f 1776 1783 1706
f 1783 1776 1781
f 1781 1784 1783
f 1785 1782 1682
f 1682 1683 1785
f 1705 1706 1783
f 1783 1786 1705
f 1786 1783 1784
f 1784 1787 1786
f 1788 1785 1683
f 1683 1684 1788
f 1704 1705 1786
f 1786 1789 1704
f 1789 1786 1787
f 1787 1790 1789
f 1791 1788 1684
f 1684 1685 1791
f 1703 1704 1789
f 1789 1792 1703
f 1792 1789 1790
f 1790 1793 1792
f 1794 1791 1685
f 1685 1686 1794
f 1691 1703 1792
f 1792 1713 1691
f 1713 1792 1793
f 1793 1717 1713
f 1715 1794 1686
f 1686 1687 1715
f 1795 1806 1796
f 1807 1800 1799
f 1800 1807 1808
f 1808 1801 1800
f 1801 1808 1802
f 1809 1804 1803
f 1804 1809 1810
f 1810 1805 1804
f 1811 1796 1806
f 1796 1811 1812
f 1812 1797 1796
f 1797 1812 1813
f 1813 1798 1797
f 1798 1813 1814
f 1814 1799 1798
f 1799 1814 1815
f 1815 1807 1799
f 1807 1815 1816
f 1816 1808 1807
f 1808 1816 1817
f 1817 1802 1808
f 1802 1817 1818
f 1818 1803 1802
f 1803 1818 1809
f 1806 1819 1811
f 1820 1809 1818
f 1809 1820 1821
f 1821 1810 1809
f 1822 1811 1819
f 1811 1822 1823
f 1823 1812 1811
f 1812 1823 1824
f 1824 1813 1812
f 1813 1824 1825
f 1825 1814 1813
f 1814 1825 1826
f 1826 1815 1814
f 1815 1826 1827
f 1827 1816 1815
f 1816 1827 1828
f 1828 1817 1816
f 1817 1828 1829
f 1829 1818 1817
f 1818 1829 1830
f 1830 1820 1818
f 1820 1830 1831
f 1831 1821 1820
f 1819 1832 1822
f 1833 1822 1832
f 1822 1833 1834
f 1834 1823 1822
f 1823 1834 1835
f 1835 1824 1823
f 1824 1835 1836
f 1836 1825 1824
f 1825 1836 1837
f 1837 1826 1825
f 1826 1837 1838
f 1838 1827 1826
f 1827 1838 1839
f 1839 1828 1827
f 1828 1839 1840
f 1840 1829 1828
f 1829 1840 1841
f 1841 1830 1829
f 1830 1841 1842
f 1842 1831 1830
f 1846 1843 1844
f 1844 1845 1846
f 1845 1844 1847
f 1847 1848 1845
f 1848 1847 1849
f 1849 1850 1848
f 1850 1849 1851
f 1851 1852 1850
f 1852 1851 1853
f 1853 1854 1852
f 1854 1853 1855
f 1855 1856 1854
f 1856 1855 1857
f 1857 1858 1856
f 1858 1857 1859
f 1859 1860 1858
f 1860 1859 1861
f 1861 1862 1860
f 1862 1861 1863
f 1863 1864 1862
f 1843 1865 1866
f 1866 1844 1843
f 1844 1866 1867
f 1867 1847 1844
f 1847 1867 1868
f 1868 1849 1847
f 1849 1868 1869
f 1869 1851 1849
f 1851 1869 1870
f 1870 1853 1851
f 1853 1870 1871
f 1871 1855 1853
f 1855 1871 1872
f 1872 1857 1855
f 1857 1872 1873
f 1873 1859 1857
f 1859 1873 1874
f 1874 1861 1859
f 1861 1874 1875
f 1875 1863 1861
f 1865 1876 1866
f 1877 1874 1873
f 1877 1875 1874
f 1878 1866 1876
f 1866 1878 1879
f 1879 1867 1866
f 1879 1868 1867
f 1868 1879 1880
f 1880 1869 1868
f 1880 1870 1869
f 1870 1880 1881
f 1881 1871 1870
f 1871 1881 1882
f 1882 1872 1871
f 1882 1873 1872
f 1873 1882 1877
f 1878 1883 1884
f 1878 1884 1885
f 1885 1879 1878
f 1879 1885 1886
f 1879 1886 1887
f 1887 1880 1879
f 1880 1887 1888
f 1880 1888 1881
f 1889 1882 1881
f 1882 1889 1890
f 1882 1890 1891
f 1891 1877 1882
f 1877 1891 1892
f 1893 1881 1888
f 1881 1893 1889
f 1883 1894 1895
f 1895 1884 1883
f 1884 1895 1896
f 1896 1885 1884
f 1885 1896 1897
f 1897 1886 1885
f 1886 1897 1898
f 1898 1887 1886
f 1887 1898 1899
f 1899 1888 1887
f 1888 1899 1893
f 1900 1889 1893
f 1889 1900 1901
f 1901 1890 1889
f 1890 1901 1902
f 1902 1891 1890
f 1891 1902 1903
f 1903 1892 1891
f 1894 1904 1895
f 1905 1893 1899
f 1893 1905 1900
f 1906 1903 1902
f 1907 1895 1904
f 1895 1907 1908
f 1908 1896 1895
f 1896 1908 1909
f 1909 1897 1896
f 1897 1909 1910
f 1910 1898 1897
f 1898 1910 1911
f 1911 1899 1898
f 1899 1911 1912
f 1912 1905 1899
f 1905 1912 1913
f 1913 1900 1905
f 1900 1913 1914
f 1914 1901 1900
f 1901 1914 1915
f 1915 1902 1901
f 1902 1915 1906
f 1904 1916 1907
f 1917 1906 1915
f 1916 1918 1919
f 1919 1907 1916
f 1907 1919 1920
f 1920 1908 1907
f 1908 1920 1921
f 1921 1909 1908
f 1909 1921 1922
f 1922 1910 1909
f 1910 1922 1923
f 1923 1911 1910
f 1911 1923 1924
f 1924 1912 1911
f 1912 1924 1925
f 1925 1913 1912
f 1913 1925 1926
f 1926 1914 1913
f 1914 1926 1927
f 1927 1915 1914
f 1915 1927 1928
f 1928 1917 1915
f 1918 1929 1930
f 1930 1919 1918
f 1919 1930 1931
f 1931 1920 1919
f 1920 1931 1932
f 1932 1921 1920
f 1921 1932 1933
f 1933 1922 1921
f 1922 1933 1934
f 1934 1923 1922
f 1923 1934 1935
f 1935 1924 1923
f 1924 1935 1936
f 1936 1925 1924
f 1925 1936 1937
f 1937 1926 1925
f 1926 1937 1938
f 1938 1927 1926
f 1927 1938 1939
f 1939 1928 1927
f 1929 1940 1941
f 1941 1930 1929
f 1930 1941 1942
f 1942 1931 1930
f 1931 1942 1943
f 1943 1932 1931
f 1932 1943 1944
f 1944 1933 1932
f 1933 1944 1945
f 1945 1934 1933
f 1934 1945 1946
f 1946 1935 1934
f 1935 1946 1947
f 1947 1936 1935
f 1936 1947 1948
f 1948 1937 1936
f 1937 1948 1949
f 1949 1938 1937
f 1938 1949 1950
f 1950 1939 1938
f 1940 1951 1941
f 1952 1946 1945
f 1946 1952 1947
f 1953 1949 1948
f 1953 1950 1949
f 1954 1941 1951
f 1941 1954 1955
f 1955 1942 1941
f 1955 1943 1942
f 1943 1955 1956
f 1956 1944 1943
f 1956 1945 1944
f 1945 1956 1952
f 1957 1947 1952
f 1957 1948 1947
f 1948 1957 1953
f 1954 1795 1796
f 1954 1796 1797
f 1797 1955 1954
f 1955 1797 1798
f 1955 1798 1799
f 1799 1956 1955
f 1956 1799 1800
f 1956 1800 1801
f 1801 1952 1956
f 1952 1801 1802
f 1802 1957 1952
f 1957 1802 1803
f 1957 1803 1804
f 1804 1953 1957
f 1953 1804 1805
f 1958 1959 1805
f 1805 1810 1958
f 1960 1958 1810
f 1810 1821 1960
f 1821 1831 1960
f 1961 1960 1831
f 1831 1842 1961
f 1864 1863 1962
f 1963 1962 1863
f 1863 1875 1963
f 1964 1963 1875
f 1875 1877 1964
f 1965 1964 1877
f 1877 1892 1965
f 1966 1965 1892
f 1892 1903 1966
f 1903 1906 1967
f 1967 1966 1903
f 1906 1917 1968
f 1968 1967 1906
f 1917 1928 1968
f 1928 1939 1969
f 1969 1968 1928
f 1939 1950 1969
f 1970 1969 1950
f 1950 1953 1970
f 1959 1970 1953
f 1953 1805 1959
f 1971 1972 1795
f 1806 1795 1972
f 1972 1973 1806
f 1819 1806 1973
f 1973 1974 1819
f 1832 1819 1974
f 1974 1975 1832
f 1843 1846 1976
f 1976 1977 1843
f 1865 1843 1977
f 1977 1978 1865
f 1876 1865 1978
f 1978 1979 1876
f 1878 1876 1979
f 1883 1878 1979
f 1979 1980 1883
f 1894 1883 1980
f 1980 1981 1894
f 1904 1894 1981
f 1981 1982 1904
f 1916 1904 1982
f 1918 1916 1982
f 1982 1983 1918
f 1929 1918 1983
f 1983 1984 1929
f 1940 1929 1984
f 1984 1985 1940
f 1951 1940 1985
f 1985 1986 1951
f 1954 1951 1986
f 1986 1971 1954
f 1795 1954 1971
f 1987 1972 1971
f 1972 1987 1997
f 1988 1997 1987
f 1988 1989 1998
f 1999 1998 1989
f 1989 1990 1999
f 2000 1999 1990
f 1990 1991 2000
f 2001 2000 1991
f 1991 1992 2001
f 2002 2001 1992
f 1992 1993 2002
f 1994 2002 1993
f 1994 1995 2003
f 2004 2003 1995
f 1995 1996 2004
f 2005 1973 1972
f 1972 1997 2005
f 2006 2005 1997
f 1997 1988 2006
f 2007 2006 1988
f 1988 1998 2007
f 2008 2007 1998
f 1998 1999 2008
f 2009 2008 1999
f 1999 2000 2009
f 2010 2009 2000
f 2000 2001 2010
f 2011 2010 2001
f 2001 2002 2011
f 2012 2011 2002
f 2002 1994 2012
f 2013 2012 1994
f 1994 2003 2013
f 2004 2013 2003
f 2013 2004 2014
f 2015 1974 1973
f 1973 2005 2015
f 2016 2015 2005
f 2005 2006 2016
f 2017 2016 2006
f 2006 2007 2017
f 2018 2017 2007
f 2007 2008 2018
f 2019 2018 2008
f 2008 2009 2019
f 2020 2019 2009
f 2009 2010 2020
f 2021 2020 2010
f 2010 2011 2021
f 2022 2021 2011
f 2011 2012 2022
f 2023 2022 2012
f 2012 2013 2023
f 2024 2023 2013
f 2013 2014 2024
f 2025 1975 1974
f 1974 2015 2025
f 2026 2025 2015
f 2015 2016 2026
f 2027 2026 2016
f 2016 2017 2027
f 2028 2027 2017
f 2017 2018 2028
f 2029 2028 2018
f 2018 2019 2029
f 2030 2029 2019
f 2019 2020 2030
f 2031 2030 2020
f 2020 2021 2031
f 2032 2031 2021
f 2021 2022 2032
f 2033 2032 2022
f 2022 2023 2033
f 2034 2033 2023
f 2023 2024 2034
f 2036 1977 1976
f 1976 2035 2036
f 2038 2036 2035
f 2035 2037 2038
f 2040 2038 2037
f 2037 2039 2040
f 2042 2040 2039
f 2039 2041 2042
f 2044 2042 2041
f 2041 2043 2044
f 2046 2044 2043
f 2043 2045 2046
f 2048 2046 2045
f 2045 2047 2048
f 2050 2048 2047
f 2047 2049 2050
f 2052 2050 2049
f 2049 2051 2052
f 2054 2052 2051
f 2051 2053 2054
f 2055 1978 1977
f 1977 2036 2055
f 2056 2055 2036
f 2036 2038 2056
f 2057 2056 2038
f 2038 2040 2057
f 2058 2057 2040
f 2040 2042 2058
f 2059 2058 2042
f 2042 2044 2059
f 2060 2059 2044
f 2044 2046 2060
f 2061 2060 2046
f 2046 2048 2061
f 2062 2061 2048
f 2048 2050 2062
f 2063 2062 2050
f 2050 2052 2063
f 2064 2063 2052
f 2052 2054 2064
f 1978 2055 1979
f 2056 1979 2055
f 2062 2063 2065
f 2063 2064 2065
f 1979 2056 2066
f 2056 2057 2066
f 2067 2066 2057
f 2057 2058 2067
f 2058 2059 2067
f 2068 2067 2059
f 2059 2060 2068
f 2069 2068 2060
f 2060 2061 2069
f 2061 2062 2069
f 2065 2069 2062
f 2070 1980 1979
f 2071 2070 1979
f 1979 2066 2071
f 2072 2071 2066
f 2073 2072 2066
f 2066 2067 2073
f 2074 2073 2067
f 2068 2074 2067
f 2068 2069 2075
f 2076 2075 2069
f 2077 2076 2069
f 2069 2065 2077
f 2078 2077 2065
f 2074 2068 2079
f 2075 2079 2068
f 2070 1981 1980
f 2071 2072 2080
f 2081 2080 2072
f 2072 2073 2081
f 2074 2081 2073
f 2079 2075 2082
f 2083 2082 2075
f 2075 2076 2083
f 2077 2083 2076
f 2077 2078 2084
f 1981 2070 2085
f 2086 2085 2070
f 2070 2071 2086
f 2080 2086 2071
f 2081 2074 2087
f 2088 2087 2074
f 2074 2079 2088
f 2082 2088 2079
f 2083 2077 2089
f 2090 2089 2077
f 2077 2084 2090
f 2085 1982 1981
f 2086 2080 2091
f 2092 2091 2080
f 2080 2081 2092
f 2087 2092 2081
f 2088 2082 2093
f 2094 2093 2082
f 2082 2083 2094
f 2089 2094 2083
f 1982 2085 2095
f 2096 2095 2085
f 2085 2086 2096
f 2091 2096 2086
f 2092 2087 2097
f 2098 2097 2087
f 2087 2088 2098
f 2093 2098 2088
f 2094 2089 2099
f 2100 2099 2089
f 2089 2090 2100
f 2095 1983 1982
f 2096 2091 2101
f 2102 2101 2091
f 2091 2092 2102
f 2097 2102 2092
f 2098 2093 2103
f 2104 2103 2093
f 2093 2094 2104
f 2099 2104 2094
f 2099 2100 2105
f 1983 2095 2106
f 2107 2106 2095
f 2095 2096 2107
f 2101 2107 2096
f 2102 2097 2108
f 2109 2108 2097
f 2097 2098 2109
f 2103 2109 2098
f 2104 2099 2110
f 2105 2110 2099
f 2106 1984 1983
f 2107 2101 2111
f 2112 2111 2101
f 2101 2102 2112
f 2108 2112 2102
f 2109 2103 2113
f 2114 2113 2103
f 2103 2104 2114
f 2115 2114 2104
f 2104 2110 2115
f 2116 2115 2110
f 2110 2105 2116
f 1984 2106 2117
f 2118 2117 2106
f 2106 2107 2118
f 2111 2118 2107
f 2112 2108 2119
f 2120 2119 2108
f 2108 2109 2120
f 2113 2120 2109
f 2121 1985 1984
f 1984 2117 2121
f 2118 2121 2117
f 2118 2111 2122
f 2123 2122 2111
f 2111 2112 2123
f 2119 2123 2112
f 2119 2120 2124
f 2125 2124 2120
f 2120 2113 2125
f 2126 2125 2113
f 2113 2114 2126
f 2127 2126 2114
f 2114 2115 2127
f 2128 2127 2115
f 2115 2116 2128
f 2121 2118 2129
f 2122 2129 2118
f 2123 2119 2130
f 2124 2130 2119
f 1985 2121 1986
f 2129 1986 2121
f 2130 2124 2131
f 2125 2131 2124
f 2126 2127 2132
f 2127 2128 2132
f 2133 1971 1986
f 1986 2129 2133
f 2129 2122 2133
f 2134 2133 2122
f 2122 2123 2134
f 2123 2130 2134
f 2131 2134 2130
f 2131 2125 2135
f 2125 2126 2135
f 2132 2135 2126
f 1988 1987 1971
f 1971 2133 1988
f 1989 1988 2133
f 1990 1989 2133
f 2133 2134 1990
f 1991 1990 2134
f 1992 1991 2134
f 2134 2131 1992
f 1993 1992 2131
f 2131 2135 1993
f 1994 1993 2135
f 1995 1994 2135
f 2135 2132 1995
f 1996 1995 2132
f 2137 2004 1996
f 1996 2136 2137
f 2137 2014 2004
f 2138 2024 2014
f 2014 2137 2138
f 2139 2034 2024
f 2024 2138 2139
f 2140 2054 2053
f 2054 2140 2141
f 2141 2064 2054
f 2064 2141 2142
f 2142 2065 2064
f 2065 2142 2143
f 2143 2078 2065
f 2144 2084 2078
f 2078 2143 2144
f 2144 2090 2084
f 2090 2144 2145
f 2145 2100 2090
f 2146 2105 2100
f 2100 2145 2146
f 2147 2116 2105
f 2105 2146 2147
f 2147 2128 2116
f 2128 2147 2148
f 2148 2132 2128
f 2132 2148 2136
f 2136 1996 2132
