# Blender 5.0.1
# www.blender.org
o Archisketch_302398_Frame_polySurface24_001.001
v 0.045901 0.128380 0.162165
v 0.045901 0.128380 0.116691
v 0.046091 0.127836 0.116691
v 0.046091 0.127836 0.162165
v 0.046398 0.127348 0.116691
v 0.046398 0.127348 0.162165
v 0.046805 0.126940 0.116691
v 0.046805 0.126940 0.162165
v 0.047293 0.126633 0.116691
v 0.047293 0.126633 0.162165
v 0.047837 0.126443 0.116691
v 0.047837 0.126443 0.162165
v 0.048410 0.126379 0.116691
v 0.048410 0.126379 0.162165
v 0.048983 0.126443 0.116691
v 0.048983 0.126443 0.162165
v 0.049527 0.126633 0.116691
v 0.049527 0.126633 0.162165
v 0.050015 0.126940 0.116691
v 0.050015 0.126940 0.162165
v 0.050015 0.126940 0.162165
v 0.050015 0.126940 0.116691
v 0.050422 0.127348 0.116691
v 0.050422 0.127348 0.162165
v 0.050729 0.127836 0.116691
v 0.050729 0.127836 0.162165
v 0.050919 0.128380 0.116691
v 0.050919 0.128380 0.162165
v 0.050984 0.128952 0.116691
v 0.050984 0.128952 0.162165
v 0.050919 0.129525 0.116691
v 0.050919 0.129525 0.162165
v 0.050729 0.130069 0.116691
v 0.050729 0.130069 0.162165
v 0.050422 0.130557 0.116691
v 0.050422 0.130557 0.162165
v 0.050015 0.130964 0.116691
v 0.050015 0.130964 0.162165
v 0.049527 0.131271 0.116691
v 0.049527 0.131271 0.162165
v 0.048983 0.131461 0.116691
v 0.048983 0.131461 0.162165
v 0.048410 0.131526 0.116691
v 0.048410 0.131526 0.162165
v 0.047837 0.131461 0.116691
v 0.047837 0.131461 0.162165
v 0.047293 0.131271 0.116691
v 0.047293 0.131271 0.162165
v 0.046805 0.130964 0.116691
v 0.046805 0.130964 0.162165
v 0.046398 0.130557 0.116691
v 0.046398 0.130557 0.162165
v 0.046091 0.130069 0.116691
v 0.046091 0.130069 0.162165
v 0.045901 0.129525 0.116691
v 0.045901 0.129525 0.162165
v 0.045836 0.128952 0.116691
v 0.045836 0.128952 0.162165
v 0.045901 0.128380 0.116691
v 0.048410 0.128952 0.116691
v 0.046091 0.127836 0.116691
v 0.046398 0.127348 0.116691
v 0.046805 0.126940 0.116691
v 0.047293 0.126633 0.116691
v 0.047837 0.126443 0.116691
v 0.048410 0.126379 0.116691
v 0.048983 0.126443 0.116691
v 0.049527 0.126633 0.116691
v 0.050015 0.126940 0.116691
v 0.050422 0.127348 0.116691
v 0.050729 0.127836 0.116691
v 0.050919 0.128380 0.116691
v 0.050984 0.128952 0.116691
v 0.050919 0.129525 0.116691
v 0.050729 0.130069 0.116691
v 0.050422 0.130557 0.116691
v 0.050015 0.130964 0.116691
v 0.049527 0.131271 0.116691
v 0.048983 0.131461 0.116691
v 0.048410 0.131526 0.116691
v 0.047837 0.131461 0.116691
v 0.047293 0.131271 0.116691
v 0.046805 0.130964 0.116691
v 0.046398 0.130557 0.116691
v 0.046091 0.130069 0.116691
v 0.045901 0.129525 0.116691
v 0.045836 0.128952 0.116691
v 0.048284 0.128380 0.121369
v -0.048520 0.128380 0.121369
v -0.048520 0.127836 0.121179
v 0.048284 0.127836 0.121179
v -0.048520 0.127348 0.120872
v 0.048284 0.127348 0.120872
v -0.048520 0.126940 0.120465
v 0.048284 0.126940 0.120465
v -0.048520 0.126633 0.119977
v 0.048284 0.126633 0.119977
v -0.048520 0.126443 0.119433
v 0.048284 0.126443 0.119433
v -0.048520 0.126379 0.118860
v 0.048284 0.126379 0.118860
v -0.048520 0.126443 0.118287
v 0.048284 0.126443 0.118287
v -0.048520 0.126633 0.117743
v 0.048284 0.126633 0.117743
v -0.048520 0.126940 0.117255
v 0.048284 0.126940 0.117255
v -0.048520 0.127348 0.116848
v 0.048284 0.127348 0.116848
v -0.048520 0.127836 0.116541
v 0.048284 0.127836 0.116541
v -0.048520 0.128380 0.116351
v 0.048284 0.128380 0.116351
v -0.048520 0.128952 0.116286
v 0.048284 0.128952 0.116286
v -0.048520 0.129525 0.116351
v 0.048284 0.129525 0.116351
v -0.048520 0.130069 0.116541
v 0.048284 0.130069 0.116541
v -0.048520 0.130557 0.116848
v 0.048284 0.130557 0.116848
v -0.048520 0.130964 0.117255
v 0.048284 0.130964 0.117255
v -0.048520 0.131271 0.117743
v 0.048284 0.131271 0.117743
v -0.048520 0.131461 0.118287
v 0.048284 0.131461 0.118287
v -0.048520 0.131526 0.118860
v 0.048284 0.131526 0.118860
v 0.048284 0.131526 0.118860
v -0.048520 0.131526 0.118860
v -0.048520 0.131461 0.119433
v 0.048284 0.131461 0.119433
v -0.048520 0.131271 0.119977
v 0.048284 0.131271 0.119977
v -0.048520 0.130964 0.120465
v 0.048284 0.130964 0.120465
v -0.048520 0.130557 0.120872
v 0.048284 0.130557 0.120872
v -0.048520 0.130069 0.121179
v 0.048284 0.130069 0.121179
v -0.048520 0.129525 0.121369
v 0.048284 0.129525 0.121369
v -0.048520 0.128952 0.121434
v 0.048284 0.128952 0.121434
v -0.045901 0.128380 0.162165
v -0.046091 0.127836 0.162165
v -0.046091 0.127836 0.116691
v -0.045901 0.128380 0.116691
v -0.046398 0.127348 0.162165
v -0.046398 0.127348 0.116691
v -0.046805 0.126940 0.162165
v -0.046805 0.126940 0.116691
v -0.047293 0.126633 0.162165
v -0.047293 0.126633 0.116691
v -0.047837 0.126443 0.162165
v -0.047837 0.126443 0.116691
v -0.048410 0.126379 0.162165
v -0.048410 0.126379 0.116691
v -0.048983 0.126443 0.162165
v -0.048983 0.126443 0.116691
v -0.049527 0.126633 0.162165
v -0.049527 0.126633 0.116691
v -0.050015 0.126940 0.162165
v -0.050015 0.126940 0.116691
v -0.050015 0.126940 0.162165
v -0.050422 0.127348 0.162165
v -0.050422 0.127348 0.116691
v -0.050015 0.126940 0.116691
v -0.050729 0.127836 0.162165
v -0.050729 0.127836 0.116691
v -0.050919 0.128380 0.162165
v -0.050919 0.128380 0.116691
v -0.050984 0.128952 0.162165
v -0.050984 0.128952 0.116691
v -0.050919 0.129525 0.162165
v -0.050919 0.129525 0.116691
v -0.050729 0.130069 0.162165
v -0.050729 0.130069 0.116691
v -0.050422 0.130557 0.162165
v -0.050422 0.130557 0.116691
v -0.050015 0.130964 0.162165
v -0.050015 0.130964 0.116691
v -0.049527 0.131271 0.162165
v -0.049527 0.131271 0.116691
v -0.048983 0.131461 0.162165
v -0.048983 0.131461 0.116691
v -0.048410 0.131526 0.162165
v -0.048410 0.131526 0.116691
v -0.047837 0.131461 0.162165
v -0.047837 0.131461 0.116691
v -0.047293 0.131271 0.162165
v -0.047293 0.131271 0.116691
v -0.046805 0.130964 0.162165
v -0.046805 0.130964 0.116691
v -0.046398 0.130557 0.162165
v -0.046398 0.130557 0.116691
v -0.046091 0.130069 0.162165
v -0.046091 0.130069 0.116691
v -0.045901 0.129525 0.162165
v -0.045901 0.129525 0.116691
v -0.045836 0.128952 0.162165
v -0.045836 0.128952 0.116691
v -0.045901 0.128380 0.116691
v -0.046091 0.127836 0.116691
v -0.048410 0.128952 0.116691
v -0.046398 0.127348 0.116691
v -0.046805 0.126940 0.116691
v -0.047293 0.126633 0.116691
v -0.047837 0.126443 0.116691
v -0.048410 0.126379 0.116691
v -0.048983 0.126443 0.116691
v -0.049527 0.126633 0.116691
v -0.050015 0.126940 0.116691
v -0.050422 0.127348 0.116691
v -0.050729 0.127836 0.116691
v -0.050919 0.128380 0.116691
v -0.050984 0.128952 0.116691
v -0.050919 0.129525 0.116691
v -0.050729 0.130069 0.116691
v -0.050422 0.130557 0.116691
v -0.050015 0.130964 0.116691
v -0.049527 0.131271 0.116691
v -0.048983 0.131461 0.116691
v -0.048410 0.131526 0.116691
v -0.047837 0.131461 0.116691
v -0.047293 0.131271 0.116691
v -0.046805 0.130964 0.116691
v -0.046398 0.130557 0.116691
v -0.046091 0.130069 0.116691
v -0.045901 0.129525 0.116691
v -0.045836 0.128952 0.116691
v 0.048284 0.128380 0.148154
v -0.048520 0.128380 0.148154
v -0.048520 0.127836 0.147964
v 0.048284 0.127836 0.147964
v -0.048520 0.127348 0.147658
v 0.048284 0.127348 0.147658
v -0.048520 0.126940 0.147250
v 0.048284 0.126940 0.147250
v -0.048520 0.126633 0.146762
v 0.048284 0.126633 0.146762
v -0.048520 0.126443 0.146218
v 0.048284 0.126443 0.146218
v -0.048520 0.126379 0.145645
v 0.048284 0.126379 0.145645
v -0.048520 0.126443 0.145073
v 0.048284 0.126443 0.145073
v -0.048520 0.126633 0.144529
v 0.048284 0.126633 0.144529
v -0.048520 0.126940 0.144041
v 0.048284 0.126940 0.144041
v -0.048520 0.127348 0.143633
v 0.048284 0.127348 0.143633
v -0.048520 0.127836 0.143327
v 0.048284 0.127836 0.143327
v -0.048520 0.128380 0.143136
v 0.048284 0.128380 0.143136
v -0.048520 0.128952 0.143072
v 0.048284 0.128952 0.143072
v -0.048520 0.129525 0.143136
v 0.048284 0.129525 0.143136
v -0.048520 0.130069 0.143327
v 0.048284 0.130069 0.143327
v -0.048520 0.130557 0.143633
v 0.048284 0.130557 0.143633
v -0.048520 0.130964 0.144041
v 0.048284 0.130964 0.144041
v -0.048520 0.131271 0.144529
v 0.048284 0.131271 0.144529
v -0.048520 0.131461 0.145073
v 0.048284 0.131461 0.145073
v -0.048520 0.131526 0.145645
v 0.048284 0.131526 0.145645
v 0.048284 0.131526 0.145645
v -0.048520 0.131526 0.145645
v -0.048520 0.131461 0.146218
v 0.048284 0.131461 0.146218
v -0.048520 0.131271 0.146762
v 0.048284 0.131271 0.146762
v -0.048520 0.130964 0.147250
v 0.048284 0.130964 0.147250
v -0.048520 0.130557 0.147658
v 0.048284 0.130557 0.147658
v -0.048520 0.130069 0.147964
v 0.048284 0.130069 0.147964
v -0.048520 0.129525 0.148154
v 0.048284 0.129525 0.148154
v -0.048520 0.128952 0.148219
v 0.048284 0.128952 0.148219
v 0.045455 0.127856 0.164430
v -0.045455 0.127856 0.164430
v -0.045455 0.126966 0.163713
v 0.045455 0.126966 0.163713
v -0.045455 0.126275 0.162552
v 0.045455 0.126275 0.162552
v -0.045455 0.125846 0.160999
v 0.045455 0.125846 0.160999
v -0.045455 0.125704 0.159121
v 0.045455 0.125704 0.159121
v -0.045455 0.125779 0.157000
v 0.045455 0.125779 0.157000
v -0.045455 0.125638 0.154730
v 0.045455 0.125638 0.154730
v -0.045455 0.125638 0.152408
v 0.045455 0.125638 0.152408
v -0.045455 0.125779 0.150138
v 0.045455 0.125779 0.150138
v -0.045455 0.125508 0.148017
v 0.045455 0.125508 0.148017
v -0.045455 0.125507 0.146139
v 0.045455 0.125507 0.146139
v -0.045455 0.125895 0.144586
v 0.045455 0.125895 0.144586
v -0.045455 0.126646 0.143425
v 0.045455 0.126646 0.143425
v -0.045455 0.127674 0.142708
v 0.045455 0.127674 0.142708
v -0.045455 0.128853 0.142465
v 0.045455 0.128853 0.142465
v 0.045455 0.128853 0.142465
v -0.045455 0.128853 0.142465
v -0.045455 0.130033 0.142708
v 0.045455 0.130033 0.142708
v -0.045455 0.131061 0.143425
v 0.045455 0.131061 0.143425
v -0.045455 0.131812 0.144586
v 0.045455 0.131812 0.144586
v -0.045455 0.132200 0.146139
v 0.045455 0.132200 0.146139
v -0.045455 0.132199 0.148017
v 0.045455 0.132199 0.148017
v -0.045455 0.131928 0.150138
v 0.045455 0.131928 0.150138
v -0.045455 0.132069 0.152408
v 0.045455 0.132069 0.152408
v -0.045455 0.132069 0.154730
v 0.045455 0.132069 0.154730
v -0.045455 0.131928 0.157000
v 0.045455 0.131928 0.157000
v -0.045455 0.132003 0.159121
v 0.045455 0.132003 0.159121
v -0.045455 0.131861 0.160999
v 0.045455 0.131861 0.160999
v -0.045455 0.131432 0.162552
v 0.045455 0.131432 0.162552
v -0.045455 0.130741 0.163713
v 0.045455 0.130741 0.163713
v -0.045455 0.129851 0.164430
v 0.045455 0.129851 0.164430
v -0.045455 0.128853 0.164673
v 0.045455 0.128853 0.164673
v 0.045901 -0.128380 0.162165
v 0.046091 -0.127836 0.162165
v 0.046091 -0.127836 0.116691
v 0.045901 -0.128380 0.116691
v 0.046398 -0.127348 0.162165
v 0.046398 -0.127348 0.116691
v 0.046805 -0.126940 0.162165
v 0.046805 -0.126940 0.116691
v 0.047293 -0.126633 0.162165
v 0.047293 -0.126633 0.116691
v 0.047837 -0.126443 0.162165
v 0.047837 -0.126443 0.116691
v 0.048410 -0.126379 0.162165
v 0.048410 -0.126379 0.116691
v 0.048983 -0.126443 0.162165
v 0.048983 -0.126443 0.116691
v 0.049527 -0.126633 0.162165
v 0.049527 -0.126633 0.116691
v 0.050015 -0.126940 0.162165
v 0.050015 -0.126940 0.116691
v 0.050015 -0.126940 0.162165
v 0.050422 -0.127348 0.162165
v 0.050422 -0.127348 0.116691
v 0.050015 -0.126940 0.116691
v 0.050729 -0.127836 0.162165
v 0.050729 -0.127836 0.116691
v 0.050919 -0.128380 0.162165
v 0.050919 -0.128380 0.116691
v 0.050984 -0.128952 0.162165
v 0.050984 -0.128952 0.116691
v 0.050919 -0.129525 0.162165
v 0.050919 -0.129525 0.116691
v 0.050729 -0.130069 0.162165
v 0.050729 -0.130069 0.116691
v 0.050422 -0.130557 0.162165
v 0.050422 -0.130557 0.116691
v 0.050015 -0.130964 0.162165
v 0.050015 -0.130964 0.116691
v 0.049527 -0.131271 0.162165
v 0.049527 -0.131271 0.116691
v 0.048983 -0.131461 0.162165
v 0.048983 -0.131461 0.116691
v 0.048410 -0.131526 0.162165
v 0.048410 -0.131526 0.116691
v 0.047837 -0.131461 0.162165
v 0.047837 -0.131461 0.116691
v 0.047293 -0.131271 0.162165
v 0.047293 -0.131271 0.116691
v 0.046805 -0.130964 0.162165
v 0.046805 -0.130964 0.116691
v 0.046398 -0.130557 0.162165
v 0.046398 -0.130557 0.116691
v 0.046091 -0.130069 0.162165
v 0.046091 -0.130069 0.116691
v 0.045901 -0.129525 0.162165
v 0.045901 -0.129525 0.116691
v 0.045836 -0.128952 0.162165
v 0.045836 -0.128952 0.116691
v 0.045901 -0.128380 0.116691
v 0.046091 -0.127836 0.116691
v 0.048410 -0.128952 0.116691
v 0.046398 -0.127348 0.116691
v 0.046805 -0.126940 0.116691
v 0.047293 -0.126633 0.116691
v 0.047837 -0.126443 0.116691
v 0.048410 -0.126379 0.116691
v 0.048983 -0.126443 0.116691
v 0.049527 -0.126633 0.116691
v 0.050015 -0.126940 0.116691
v 0.050422 -0.127348 0.116691
v 0.050729 -0.127836 0.116691
v 0.050919 -0.128380 0.116691
v 0.050984 -0.128952 0.116691
v 0.050919 -0.129525 0.116691
v 0.050729 -0.130069 0.116691
v 0.050422 -0.130557 0.116691
v 0.050015 -0.130964 0.116691
v 0.049527 -0.131271 0.116691
v 0.048983 -0.131461 0.116691
v 0.048410 -0.131526 0.116691
v 0.047837 -0.131461 0.116691
v 0.047293 -0.131271 0.116691
v 0.046805 -0.130964 0.116691
v 0.046398 -0.130557 0.116691
v 0.046091 -0.130069 0.116691
v 0.045901 -0.129525 0.116691
v 0.045836 -0.128952 0.116691
v 0.048284 -0.128380 0.121369
v 0.048284 -0.127836 0.121179
v -0.048520 -0.127836 0.121179
v -0.048520 -0.128380 0.121369
v 0.048284 -0.127348 0.120872
v -0.048520 -0.127348 0.120872
v 0.048284 -0.126940 0.120465
v -0.048520 -0.126940 0.120465
v 0.048284 -0.126633 0.119977
v -0.048520 -0.126633 0.119977
v 0.048284 -0.126443 0.119433
v -0.048520 -0.126443 0.119433
v 0.048284 -0.126379 0.118860
v -0.048520 -0.126379 0.118860
v 0.048284 -0.126443 0.118287
v -0.048520 -0.126443 0.118287
v 0.048284 -0.126633 0.117743
v -0.048520 -0.126633 0.117743
v 0.048284 -0.126940 0.117255
v -0.048520 -0.126940 0.117255
v 0.048284 -0.127348 0.116848
v -0.048520 -0.127348 0.116848
v 0.048284 -0.127836 0.116541
v -0.048520 -0.127836 0.116541
v 0.048284 -0.128380 0.116351
v -0.048520 -0.128380 0.116351
v 0.048284 -0.128952 0.116286
v -0.048520 -0.128952 0.116286
v 0.048284 -0.129525 0.116351
v -0.048520 -0.129525 0.116351
v 0.048284 -0.130069 0.116541
v -0.048520 -0.130069 0.116541
v 0.048284 -0.130557 0.116848
v -0.048520 -0.130557 0.116848
v 0.048284 -0.130964 0.117255
v -0.048520 -0.130964 0.117255
v 0.048284 -0.131271 0.117743
v -0.048520 -0.131271 0.117743
v 0.048284 -0.131461 0.118287
v -0.048520 -0.131461 0.118287
v 0.048284 -0.131526 0.118860
v -0.048520 -0.131526 0.118860
v 0.048284 -0.131526 0.118860
v 0.048284 -0.131461 0.119433
v -0.048520 -0.131461 0.119433
v -0.048520 -0.131526 0.118860
v 0.048284 -0.131271 0.119977
v -0.048520 -0.131271 0.119977
v 0.048284 -0.130964 0.120465
v -0.048520 -0.130964 0.120465
v 0.048284 -0.130557 0.120872
v -0.048520 -0.130557 0.120872
v 0.048284 -0.130069 0.121179
v -0.048520 -0.130069 0.121179
v 0.048284 -0.129525 0.121369
v -0.048520 -0.129525 0.121369
v 0.048284 -0.128952 0.121434
v -0.048520 -0.128952 0.121434
v -0.045901 -0.128380 0.162165
v -0.045901 -0.128380 0.116691
v -0.046091 -0.127836 0.116691
v -0.046091 -0.127836 0.162165
v -0.046398 -0.127348 0.116691
v -0.046398 -0.127348 0.162165
v -0.046805 -0.126940 0.116691
v -0.046805 -0.126940 0.162165
v -0.047293 -0.126633 0.116691
v -0.047293 -0.126633 0.162165
v -0.047837 -0.126443 0.116691
v -0.047837 -0.126443 0.162165
v -0.048410 -0.126379 0.116691
v -0.048410 -0.126379 0.162165
v -0.048983 -0.126443 0.116691
v -0.048983 -0.126443 0.162165
v -0.049527 -0.126633 0.116691
v -0.049527 -0.126633 0.162165
v -0.050015 -0.126940 0.116691
v -0.050015 -0.126940 0.162165
v -0.050015 -0.126940 0.162165
v -0.050015 -0.126940 0.116691
v -0.050422 -0.127348 0.116691
v -0.050422 -0.127348 0.162165
v -0.050729 -0.127836 0.116691
v -0.050729 -0.127836 0.162165
v -0.050919 -0.128380 0.116691
v -0.050919 -0.128380 0.162165
v -0.050984 -0.128952 0.116691
v -0.050984 -0.128952 0.162165
v -0.050919 -0.129525 0.116691
v -0.050919 -0.129525 0.162165
v -0.050729 -0.130069 0.116691
v -0.050729 -0.130069 0.162165
v -0.050422 -0.130557 0.116691
v -0.050422 -0.130557 0.162165
v -0.050015 -0.130964 0.116691
v -0.050015 -0.130964 0.162165
v -0.049527 -0.131271 0.116691
v -0.049527 -0.131271 0.162165
v -0.048983 -0.131461 0.116691
v -0.048983 -0.131461 0.162165
v -0.048410 -0.131526 0.116691
v -0.048410 -0.131526 0.162165
v -0.047837 -0.131461 0.116691
v -0.047837 -0.131461 0.162165
v -0.047293 -0.131271 0.116691
v -0.047293 -0.131271 0.162165
v -0.046805 -0.130964 0.116691
v -0.046805 -0.130964 0.162165
v -0.046398 -0.130557 0.116691
v -0.046398 -0.130557 0.162165
v -0.046091 -0.130069 0.116691
v -0.046091 -0.130069 0.162165
v -0.045901 -0.129525 0.116691
v -0.045901 -0.129525 0.162165
v -0.045836 -0.128952 0.116691
v -0.045836 -0.128952 0.162165
v -0.045901 -0.128380 0.116691
v -0.048410 -0.128952 0.116691
v -0.046091 -0.127836 0.116691
v -0.046398 -0.127348 0.116691
v -0.046805 -0.126940 0.116691
v -0.047293 -0.126633 0.116691
v -0.047837 -0.126443 0.116691
v -0.048410 -0.126379 0.116691
v -0.048983 -0.126443 0.116691
v -0.049527 -0.126633 0.116691
v -0.050015 -0.126940 0.116691
v -0.050422 -0.127348 0.116691
v -0.050729 -0.127836 0.116691
v -0.050919 -0.128380 0.116691
v -0.050984 -0.128952 0.116691
v -0.050919 -0.129525 0.116691
v -0.050729 -0.130069 0.116691
v -0.050422 -0.130557 0.116691
v -0.050015 -0.130964 0.116691
v -0.049527 -0.131271 0.116691
v -0.048983 -0.131461 0.116691
v -0.048410 -0.131526 0.116691
v -0.047837 -0.131461 0.116691
v -0.047293 -0.131271 0.116691
v -0.046805 -0.130964 0.116691
v -0.046398 -0.130557 0.116691
v -0.046091 -0.130069 0.116691
v -0.045901 -0.129525 0.116691
v -0.045836 -0.128952 0.116691
v 0.135952 -0.127836 0.004892
v 0.135952 -0.128380 0.005083
v 0.141013 -0.127981 0.005083
v 0.140928 -0.127444 0.004892
v 0.145949 -0.126796 0.005083
v 0.145781 -0.126279 0.004892
v 0.150640 -0.124853 0.005083
v 0.150393 -0.124369 0.004892
v 0.154969 -0.122201 0.005083
v 0.154649 -0.121761 0.004892
v 0.158829 -0.118904 0.005083
v 0.158444 -0.118519 0.004892
v 0.162126 -0.115043 0.005083
v 0.161686 -0.114723 0.004892
v 0.164779 -0.110714 0.005083
v 0.164294 -0.110467 0.004892
v 0.166721 -0.106024 0.005083
v 0.166204 -0.105856 0.004892
v 0.167907 -0.101088 0.005083
v 0.167369 -0.101002 0.004892
v 0.168305 -0.096026 0.005083
v 0.167761 -0.096026 0.004892
v 0.135952 -0.127348 0.004586
v 0.140852 -0.126962 0.004586
v 0.145631 -0.125815 0.004586
v 0.150171 -0.123934 0.004586
v 0.154362 -0.121366 0.004586
v 0.158099 -0.118174 0.004586
v 0.161291 -0.114437 0.004586
v 0.163859 -0.110246 0.004586
v 0.165740 -0.105705 0.004586
v 0.166887 -0.100926 0.004586
v 0.167273 -0.096026 0.004586
v 0.135952 -0.126940 0.004178
v 0.140788 -0.126560 0.004178
v 0.145505 -0.125427 0.004178
v 0.149986 -0.123571 0.004178
v 0.154122 -0.121036 0.004178
v 0.157811 -0.117886 0.004178
v 0.160962 -0.114197 0.004178
v 0.163496 -0.110061 0.004178
v 0.165352 -0.105579 0.004178
v 0.166485 -0.100862 0.004178
v 0.166865 -0.096026 0.004178
v 0.135952 -0.126633 0.003690
v 0.140740 -0.126257 0.003690
v 0.145410 -0.125135 0.003690
v 0.149847 -0.123298 0.003690
v 0.153942 -0.120788 0.003690
v 0.157594 -0.117669 0.003690
v 0.160713 -0.114017 0.003690
v 0.163223 -0.109922 0.003690
v 0.165061 -0.105485 0.003690
v 0.166182 -0.100814 0.003690
v 0.166559 -0.096026 0.003690
v 0.135952 -0.126443 0.003146
v 0.140710 -0.126069 0.003146
v 0.145351 -0.124954 0.003146
v 0.149761 -0.123128 0.003146
v 0.153830 -0.120634 0.003146
v 0.157460 -0.117534 0.003146
v 0.160559 -0.113905 0.003146
v 0.163053 -0.109835 0.003146
v 0.164880 -0.105426 0.003146
v 0.165994 -0.100785 0.003146
v 0.166369 -0.096026 0.003146
v 0.135952 -0.126379 0.002574
v 0.140700 -0.126005 0.002574
v 0.145331 -0.124893 0.002574
v 0.149731 -0.123070 0.002574
v 0.153792 -0.120582 0.002574
v 0.157414 -0.117489 0.002574
v 0.160507 -0.113867 0.002574
v 0.162996 -0.109806 0.002574
v 0.164818 -0.105406 0.002574
v 0.165930 -0.100775 0.002574
v 0.166304 -0.096026 0.002574
v 0.135952 -0.126443 0.002001
v 0.140710 -0.126069 0.002001
v 0.145351 -0.124954 0.002001
v 0.149761 -0.123128 0.002001
v 0.153830 -0.120634 0.002001
v 0.157460 -0.117534 0.002001
v 0.160559 -0.113905 0.002001
v 0.163053 -0.109835 0.002001
v 0.164880 -0.105426 0.002001
v 0.165994 -0.100785 0.002001
v 0.166369 -0.096026 0.002001
v 0.135952 -0.126633 0.001457
v 0.135952 -0.126443 0.002001
v 0.140710 -0.126069 0.002001
v 0.140740 -0.126257 0.001457
v 0.145351 -0.124954 0.002001
v 0.145410 -0.125135 0.001457
v 0.149761 -0.123128 0.002001
v 0.149847 -0.123298 0.001457
v 0.153830 -0.120634 0.002001
v 0.153942 -0.120788 0.001457
v 0.157460 -0.117534 0.002001
v 0.157594 -0.117669 0.001457
v 0.160559 -0.113905 0.002001
v 0.160713 -0.114017 0.001457
v 0.163053 -0.109835 0.002001
v 0.163223 -0.109922 0.001457
v 0.164880 -0.105426 0.002001
v 0.165061 -0.105485 0.001457
v 0.165994 -0.100785 0.002001
v 0.166182 -0.100814 0.001457
v 0.166369 -0.096026 0.002001
v 0.166559 -0.096026 0.001457
v 0.135952 -0.126940 0.000969
v 0.140788 -0.126560 0.000969
v 0.145505 -0.125427 0.000969
v 0.149986 -0.123571 0.000969
v 0.154122 -0.121036 0.000969
v 0.157811 -0.117886 0.000969
v 0.160962 -0.114197 0.000969
v 0.163496 -0.110061 0.000969
v 0.165352 -0.105579 0.000969
v 0.166485 -0.100862 0.000969
v 0.166865 -0.096026 0.000969
v 0.135952 -0.127348 0.000562
v 0.140852 -0.126962 0.000562
v 0.145631 -0.125815 0.000562
v 0.150171 -0.123934 0.000562
v 0.154362 -0.121366 0.000562
v 0.158099 -0.118174 0.000562
v 0.161291 -0.114437 0.000562
v 0.163859 -0.110246 0.000562
v 0.165740 -0.105705 0.000562
v 0.166887 -0.100926 0.000562
v 0.167273 -0.096026 0.000562
v 0.135952 -0.127836 0.000255
v 0.140928 -0.127444 0.000255
v 0.145781 -0.126279 0.000255
v 0.150393 -0.124369 0.000255
v 0.154649 -0.121761 0.000255
v 0.158444 -0.118519 0.000255
v 0.161686 -0.114723 0.000255
v 0.164294 -0.110467 0.000255
v 0.166204 -0.105856 0.000255
v 0.167369 -0.101002 0.000255
v 0.167761 -0.096026 0.000255
v 0.135952 -0.128380 0.000065
v 0.141013 -0.127981 0.000065
v 0.145949 -0.126796 0.000065
v 0.150640 -0.124853 0.000065
v 0.154969 -0.122201 0.000065
v 0.158829 -0.118904 0.000065
v 0.162126 -0.115043 0.000065
v 0.164779 -0.110714 0.000065
v 0.166721 -0.106024 0.000065
v 0.167907 -0.101088 0.000065
v 0.168305 -0.096026 0.000065
v 0.135952 -0.128952 0.000000
v 0.141103 -0.128547 0.000000
v 0.146126 -0.127341 0.000000
v 0.150900 -0.125364 0.000000
v 0.155305 -0.122664 0.000000
v 0.159234 -0.119309 0.000000
v 0.162589 -0.115380 0.000000
v 0.165289 -0.110974 0.000000
v 0.167266 -0.106201 0.000000
v 0.168472 -0.101177 0.000000
v 0.168878 -0.096026 0.000000
v 0.135952 -0.129525 0.000065
v 0.141192 -0.129113 0.000065
v 0.146303 -0.127885 0.000065
v 0.151160 -0.125874 0.000065
v 0.155642 -0.123127 0.000065
v 0.159639 -0.119713 0.000065
v 0.163053 -0.115716 0.000065
v 0.165799 -0.111234 0.000065
v 0.167811 -0.106378 0.000065
v 0.169038 -0.101267 0.000065
v 0.169450 -0.096026 0.000065
v 0.135952 -0.130069 0.000255
v 0.141277 -0.129650 0.000255
v 0.146472 -0.128403 0.000255
v 0.151407 -0.126359 0.000255
v 0.155962 -0.123567 0.000255
v 0.160023 -0.120098 0.000255
v 0.163493 -0.116036 0.000255
v 0.166284 -0.111481 0.000255
v 0.168328 -0.106546 0.000255
v 0.169575 -0.101352 0.000255
v 0.169994 -0.096026 0.000255
v 0.135952 -0.130557 0.000562
v 0.141354 -0.130132 0.000562
v 0.146622 -0.128867 0.000562
v 0.151628 -0.126793 0.000562
v 0.156248 -0.123962 0.000562
v 0.160369 -0.120443 0.000562
v 0.163888 -0.116323 0.000562
v 0.166719 -0.111703 0.000562
v 0.168792 -0.106697 0.000562
v 0.170057 -0.101428 0.000562
v 0.170482 -0.096026 0.000562
v 0.135952 -0.130964 0.000969
v 0.141417 -0.130534 0.000969
v 0.146748 -0.129254 0.000969
v 0.151813 -0.127156 0.000969
v 0.156488 -0.124292 0.000969
v 0.160657 -0.120731 0.000969
v 0.164217 -0.116562 0.000969
v 0.167082 -0.111888 0.000969
v 0.169180 -0.106823 0.000969
v 0.170460 -0.101492 0.000969
v 0.170890 -0.096026 0.000969
v 0.135952 -0.131271 0.001457
v 0.141465 -0.130837 0.001457
v 0.146843 -0.129546 0.001457
v 0.151953 -0.127430 0.001457
v 0.156668 -0.124540 0.001457
v 0.160874 -0.120948 0.001457
v 0.164465 -0.116743 0.001457
v 0.167355 -0.112027 0.001457
v 0.169471 -0.106918 0.001457
v 0.170763 -0.101540 0.001457
v 0.171196 -0.096026 0.001457
v 0.135952 -0.131461 0.002001
v 0.141495 -0.131025 0.002001
v 0.146902 -0.129727 0.002001
v 0.152039 -0.127599 0.002001
v 0.156780 -0.124694 0.002001
v 0.161008 -0.121083 0.002001
v 0.164619 -0.116855 0.002001
v 0.167525 -0.112114 0.002001
v 0.169653 -0.106976 0.002001
v 0.170951 -0.101570 0.002001
v 0.171387 -0.096026 0.002001
v 0.135952 -0.131526 0.002574
v 0.141505 -0.131089 0.002574
v 0.146922 -0.129789 0.002574
v 0.152068 -0.127657 0.002574
v 0.156818 -0.124746 0.002574
v 0.161054 -0.121128 0.002574
v 0.164672 -0.116893 0.002574
v 0.167582 -0.112143 0.002574
v 0.169714 -0.106996 0.002574
v 0.171014 -0.101580 0.002574
v 0.171451 -0.096026 0.002574
v 0.135952 -0.131461 0.003146
v 0.141495 -0.131025 0.003146
v 0.146902 -0.129727 0.003146
v 0.152039 -0.127599 0.003146
v 0.156780 -0.124694 0.003146
v 0.161008 -0.121083 0.003146
v 0.164619 -0.116855 0.003146
v 0.167525 -0.112114 0.003146
v 0.169653 -0.106976 0.003146
v 0.170951 -0.101570 0.003146
v 0.171387 -0.096026 0.003146
v 0.135952 -0.131271 0.003690
v 0.141465 -0.130837 0.003690
v 0.146843 -0.129546 0.003690
v 0.151953 -0.127430 0.003690
v 0.156668 -0.124540 0.003690
v 0.160874 -0.120948 0.003690
v 0.164465 -0.116743 0.003690
v 0.167355 -0.112027 0.003690
v 0.169471 -0.106918 0.003690
v 0.170763 -0.101540 0.003690
v 0.171196 -0.096026 0.003690
v 0.135952 -0.130964 0.004178
v 0.141417 -0.130534 0.004178
v 0.146748 -0.129254 0.004178
v 0.151813 -0.127156 0.004178
v 0.156488 -0.124292 0.004178
v 0.160657 -0.120731 0.004178
v 0.164217 -0.116562 0.004178
v 0.167082 -0.111888 0.004178
v 0.169180 -0.106823 0.004178
v 0.170460 -0.101492 0.004178
v 0.170890 -0.096026 0.004178
v 0.135952 -0.130557 0.004586
v 0.141354 -0.130132 0.004586
v 0.146622 -0.128867 0.004586
v 0.151628 -0.126793 0.004586
v 0.156248 -0.123962 0.004586
v 0.160369 -0.120443 0.004586
v 0.163888 -0.116323 0.004586
v 0.166719 -0.111703 0.004586
v 0.168792 -0.106697 0.004586
v 0.170057 -0.101428 0.004586
v 0.170482 -0.096026 0.004586
v 0.135952 -0.130069 0.004892
v 0.141277 -0.129650 0.004892
v 0.146472 -0.128403 0.004892
v 0.151407 -0.126359 0.004892
v 0.155962 -0.123567 0.004892
v 0.160023 -0.120098 0.004892
v 0.163493 -0.116036 0.004892
v 0.166284 -0.111481 0.004892
v 0.168328 -0.106546 0.004892
v 0.169575 -0.101352 0.004892
v 0.169994 -0.096026 0.004892
v 0.135952 -0.129525 0.005083
v 0.141192 -0.129113 0.005083
v 0.146303 -0.127885 0.005083
v 0.151160 -0.125874 0.005083
v 0.155642 -0.123127 0.005083
v 0.159639 -0.119713 0.005083
v 0.163053 -0.115716 0.005083
v 0.165799 -0.111234 0.005083
v 0.167811 -0.106378 0.005083
v 0.169038 -0.101267 0.005083
v 0.169450 -0.096026 0.005083
v 0.135952 -0.128952 0.005147
v 0.141103 -0.128547 0.005147
v 0.146126 -0.127341 0.005147
v 0.150900 -0.125364 0.005147
v 0.155305 -0.122664 0.005147
v 0.159234 -0.119309 0.005147
v 0.162589 -0.115380 0.005147
v 0.165289 -0.110974 0.005147
v 0.167266 -0.106201 0.005147
v 0.168472 -0.101177 0.005147
v 0.168878 -0.096026 0.005147
v 0.168305 0.000003 0.005083
v 0.167761 0.000000 0.004892
v 0.167273 0.000000 0.004586
v 0.166865 0.000003 0.004178
v 0.166559 0.000000 0.003690
v 0.166369 0.000000 0.003146
v 0.166304 0.000003 0.002574
v 0.166369 0.000003 0.002001
v 0.166369 0.000003 0.002001
v 0.166559 0.000000 0.001457
v 0.166865 0.000003 0.000969
v 0.167273 0.000000 0.000562
v 0.167761 0.000000 0.000255
v 0.168305 0.000000 0.000065
v 0.168878 0.000000 0.000000
v 0.169450 0.000000 0.000065
v 0.169994 -0.000003 0.000255
v 0.170482 0.000000 0.000562
v 0.170890 0.000000 0.000969
v 0.171196 0.000000 0.001457
v 0.171387 0.000000 0.002001
v 0.171451 0.000000 0.002574
v 0.171387 0.000000 0.003146
v 0.171196 0.000000 0.003690
v 0.170890 0.000000 0.004178
v 0.170482 0.000000 0.004586
v 0.169994 0.000000 0.004892
v 0.169450 0.000000 0.005083
v 0.168878 0.000000 0.005147
v 0.008693 -0.128380 0.005083
v 0.008693 -0.127836 0.004892
v -0.135952 -0.127836 0.004892
v -0.135952 -0.128380 0.005083
v 0.008693 -0.127348 0.004586
v -0.135952 -0.127348 0.004586
v 0.008693 -0.126940 0.004178
v -0.135952 -0.126940 0.004178
v 0.008693 -0.126633 0.003690
v -0.135952 -0.126633 0.003690
v 0.008693 -0.126443 0.003146
v -0.135952 -0.126443 0.003146
v 0.008693 -0.126379 0.002574
v -0.135952 -0.126379 0.002574
v 0.008693 -0.126443 0.002001
v -0.135952 -0.126443 0.002001
v 0.008693 -0.126443 0.002001
v 0.008693 -0.126633 0.001457
v -0.135952 -0.126633 0.001457
v -0.135952 -0.126443 0.002001
v 0.008693 -0.126940 0.000969
v -0.135952 -0.126940 0.000969
v 0.008693 -0.127348 0.000562
v -0.135952 -0.127348 0.000562
v 0.008693 -0.127836 0.000255
v -0.135952 -0.127836 0.000255
v 0.008693 -0.128380 0.000065
v -0.135952 -0.128380 0.000065
v 0.008693 -0.128952 0.000000
v -0.135952 -0.128952 0.000000
v 0.008693 -0.129525 0.000065
v -0.135952 -0.129525 0.000065
v 0.008693 -0.130069 0.000255
v -0.135952 -0.130069 0.000255
v 0.008693 -0.130557 0.000562
v -0.135952 -0.130557 0.000562
v 0.008693 -0.130964 0.000969
v -0.135952 -0.130964 0.000969
v 0.008693 -0.131271 0.001457
v -0.135952 -0.131271 0.001457
v 0.008693 -0.131461 0.002001
v -0.135952 -0.131461 0.002001
v 0.008693 -0.131526 0.002574
v -0.135952 -0.131526 0.002574
v 0.008693 -0.131461 0.003146
v -0.135952 -0.131461 0.003146
v 0.008693 -0.131271 0.003690
v -0.135952 -0.131271 0.003690
v 0.008693 -0.130964 0.004178
v -0.135952 -0.130964 0.004178
v 0.008693 -0.130557 0.004586
v -0.135952 -0.130557 0.004586
v 0.008693 -0.130069 0.004892
v -0.135952 -0.130069 0.004892
v 0.008693 -0.129525 0.005083
v -0.135952 -0.129525 0.005083
v 0.008693 -0.128952 0.005147
v -0.135952 -0.128952 0.005147
v -0.140928 -0.127444 0.004892
v -0.141013 -0.127981 0.005083
v -0.145781 -0.126279 0.004892
v -0.145949 -0.126796 0.005083
v -0.150393 -0.124369 0.004892
v -0.150640 -0.124853 0.005083
v -0.154649 -0.121761 0.004892
v -0.154969 -0.122201 0.005083
v -0.158444 -0.118519 0.004892
v -0.158829 -0.118904 0.005083
v -0.161686 -0.114723 0.004892
v -0.162126 -0.115043 0.005083
v -0.164294 -0.110467 0.004892
v -0.164779 -0.110714 0.005083
v -0.166204 -0.105856 0.004892
v -0.166721 -0.106024 0.005083
v -0.167369 -0.101002 0.004892
v -0.167907 -0.101088 0.005083
v -0.167761 -0.096026 0.004892
v -0.168305 -0.096026 0.005083
v -0.140852 -0.126962 0.004586
v -0.145631 -0.125815 0.004586
v -0.150171 -0.123934 0.004586
v -0.154362 -0.121366 0.004586
v -0.158099 -0.118174 0.004586
v -0.161291 -0.114437 0.004586
v -0.163859 -0.110246 0.004586
v -0.165740 -0.105705 0.004586
v -0.166887 -0.100926 0.004586
v -0.167273 -0.096026 0.004586
v -0.140788 -0.126560 0.004178
v -0.145505 -0.125427 0.004178
v -0.149986 -0.123571 0.004178
v -0.154122 -0.121036 0.004178
v -0.157811 -0.117886 0.004178
v -0.160962 -0.114197 0.004178
v -0.163496 -0.110061 0.004178
v -0.165352 -0.105579 0.004178
v -0.166485 -0.100862 0.004178
v -0.166865 -0.096026 0.004178
v -0.140740 -0.126257 0.003690
v -0.145410 -0.125135 0.003690
v -0.149847 -0.123298 0.003690
v -0.153942 -0.120788 0.003690
v -0.157594 -0.117669 0.003690
v -0.160713 -0.114017 0.003690
v -0.163223 -0.109922 0.003690
v -0.165061 -0.105485 0.003690
v -0.166182 -0.100814 0.003690
v -0.166559 -0.096026 0.003690
v -0.140710 -0.126069 0.003146
v -0.145351 -0.124954 0.003146
v -0.149761 -0.123128 0.003146
v -0.153830 -0.120634 0.003146
v -0.157460 -0.117534 0.003146
v -0.160559 -0.113905 0.003146
v -0.163053 -0.109835 0.003146
v -0.164880 -0.105426 0.003146
v -0.165994 -0.100785 0.003146
v -0.166369 -0.096026 0.003146
v -0.140700 -0.126005 0.002574
v -0.145331 -0.124893 0.002574
v -0.149731 -0.123070 0.002574
v -0.153792 -0.120582 0.002574
v -0.157414 -0.117489 0.002574
v -0.160507 -0.113867 0.002574
v -0.162996 -0.109806 0.002574
v -0.164818 -0.105406 0.002574
v -0.165930 -0.100775 0.002574
v -0.166304 -0.096026 0.002574
v -0.140710 -0.126069 0.002001
v -0.145351 -0.124954 0.002001
v -0.149761 -0.123128 0.002001
v -0.153830 -0.120634 0.002001
v -0.157460 -0.117534 0.002001
v -0.160559 -0.113905 0.002001
v -0.163053 -0.109835 0.002001
v -0.164880 -0.105426 0.002001
v -0.165994 -0.100785 0.002001
v -0.166369 -0.096026 0.002001
v -0.140740 -0.126257 0.001457
v -0.140710 -0.126069 0.002001
v -0.145410 -0.125135 0.001457
v -0.145351 -0.124954 0.002001
v -0.149847 -0.123298 0.001457
v -0.149761 -0.123128 0.002001
v -0.153942 -0.120788 0.001457
v -0.153830 -0.120634 0.002001
v -0.157594 -0.117669 0.001457
v -0.157460 -0.117534 0.002001
v -0.160713 -0.114017 0.001457
v -0.160559 -0.113905 0.002001
v -0.163223 -0.109922 0.001457
v -0.163053 -0.109835 0.002001
v -0.165061 -0.105485 0.001457
v -0.164880 -0.105426 0.002001
v -0.166182 -0.100814 0.001457
v -0.165994 -0.100785 0.002001
v -0.166559 -0.096026 0.001457
v -0.166369 -0.096026 0.002001
v -0.140788 -0.126560 0.000969
v -0.145505 -0.125427 0.000969
v -0.149986 -0.123571 0.000969
v -0.154122 -0.121036 0.000969
v -0.157811 -0.117886 0.000969
v -0.160962 -0.114197 0.000969
v -0.163496 -0.110061 0.000969
v -0.165352 -0.105579 0.000969
v -0.166485 -0.100862 0.000969
v -0.166865 -0.096026 0.000969
v -0.140852 -0.126962 0.000562
v -0.145631 -0.125815 0.000562
v -0.150171 -0.123934 0.000562
v -0.154362 -0.121366 0.000562
v -0.158099 -0.118174 0.000562
v -0.161291 -0.114437 0.000562
v -0.163859 -0.110246 0.000562
v -0.165740 -0.105705 0.000562
v -0.166887 -0.100926 0.000562
v -0.167273 -0.096026 0.000562
v -0.140928 -0.127444 0.000255
v -0.145781 -0.126279 0.000255
v -0.150393 -0.124369 0.000255
v -0.154649 -0.121761 0.000255
v -0.158444 -0.118519 0.000255
v -0.161686 -0.114723 0.000255
v -0.164294 -0.110467 0.000255
v -0.166204 -0.105856 0.000255
v -0.167369 -0.101002 0.000255
v -0.167761 -0.096026 0.000255
v -0.141013 -0.127981 0.000065
v -0.145949 -0.126796 0.000065
v -0.150640 -0.124853 0.000065
v -0.154969 -0.122201 0.000065
v -0.158829 -0.118904 0.000065
v -0.162126 -0.115043 0.000065
v -0.164779 -0.110714 0.000065
v -0.166721 -0.106024 0.000065
v -0.167907 -0.101088 0.000065
v -0.168305 -0.096026 0.000065
v -0.141103 -0.128547 0.000000
v -0.146126 -0.127341 0.000000
v -0.150900 -0.125364 0.000000
v -0.155305 -0.122664 0.000000
v -0.159234 -0.119309 0.000000
v -0.162589 -0.115380 0.000000
v -0.165289 -0.110974 0.000000
v -0.167266 -0.106201 0.000000
v -0.168472 -0.101177 0.000000
v -0.168878 -0.096026 0.000000
v -0.141192 -0.129113 0.000065
v -0.146303 -0.127885 0.000065
v -0.151160 -0.125874 0.000065
v -0.155642 -0.123127 0.000065
v -0.159639 -0.119713 0.000065
v -0.163053 -0.115716 0.000065
v -0.165799 -0.111234 0.000065
v -0.167811 -0.106378 0.000065
v -0.169038 -0.101267 0.000065
v -0.169450 -0.096026 0.000065
v -0.141277 -0.129650 0.000255
v -0.146472 -0.128403 0.000255
v -0.151407 -0.126359 0.000255
v -0.155962 -0.123567 0.000255
v -0.160023 -0.120098 0.000255
v -0.163493 -0.116036 0.000255
v -0.166284 -0.111481 0.000255
v -0.168328 -0.106546 0.000255
v -0.169575 -0.101352 0.000255
v -0.169994 -0.096026 0.000255
v -0.141354 -0.130132 0.000562
v -0.146622 -0.128867 0.000562
v -0.151628 -0.126793 0.000562
v -0.156248 -0.123962 0.000562
v -0.160369 -0.120443 0.000562
v -0.163888 -0.116323 0.000562
v -0.166719 -0.111703 0.000562
v -0.168792 -0.106697 0.000562
v -0.170057 -0.101428 0.000562
v -0.170482 -0.096026 0.000562
v -0.141417 -0.130534 0.000969
v -0.146748 -0.129254 0.000969
v -0.151813 -0.127156 0.000969
v -0.156488 -0.124292 0.000969
v -0.160657 -0.120731 0.000969
v -0.164217 -0.116562 0.000969
v -0.167082 -0.111888 0.000969
v -0.169180 -0.106823 0.000969
v -0.170460 -0.101492 0.000969
v -0.170890 -0.096026 0.000969
v -0.141465 -0.130837 0.001457
v -0.146843 -0.129546 0.001457
v -0.151953 -0.127430 0.001457
v -0.156668 -0.124540 0.001457
v -0.160874 -0.120948 0.001457
v -0.164465 -0.116743 0.001457
v -0.167355 -0.112027 0.001457
v -0.169471 -0.106918 0.001457
v -0.170763 -0.101540 0.001457
v -0.171196 -0.096026 0.001457
v -0.141495 -0.131025 0.002001
v -0.146902 -0.129727 0.002001
v -0.152039 -0.127599 0.002001
v -0.156780 -0.124694 0.002001
v -0.161008 -0.121083 0.002001
v -0.164619 -0.116855 0.002001
v -0.167525 -0.112114 0.002001
v -0.169653 -0.106976 0.002001
v -0.170951 -0.101570 0.002001
v -0.171387 -0.096026 0.002001
v -0.141505 -0.131089 0.002574
v -0.146922 -0.129789 0.002574
v -0.152068 -0.127657 0.002574
v -0.156818 -0.124746 0.002574
v -0.161054 -0.121128 0.002574
v -0.164672 -0.116893 0.002574
v -0.167582 -0.112143 0.002574
v -0.169714 -0.106996 0.002574
v -0.171014 -0.101580 0.002574
v -0.171451 -0.096026 0.002574
v -0.141495 -0.131025 0.003146
v -0.146902 -0.129727 0.003146
v -0.152039 -0.127599 0.003146
v -0.156780 -0.124694 0.003146
v -0.161008 -0.121083 0.003146
v -0.164619 -0.116855 0.003146
v -0.167525 -0.112114 0.003146
v -0.169653 -0.106976 0.003146
v -0.170951 -0.101570 0.003146
v -0.171387 -0.096026 0.003146
v -0.141465 -0.130837 0.003690
v -0.146843 -0.129546 0.003690
v -0.151953 -0.127430 0.003690
v -0.156668 -0.124540 0.003690
v -0.160874 -0.120948 0.003690
v -0.164465 -0.116743 0.003690
v -0.167355 -0.112027 0.003690
v -0.169471 -0.106918 0.003690
v -0.170763 -0.101540 0.003690
v -0.171196 -0.096026 0.003690
v -0.141417 -0.130534 0.004178
v -0.146748 -0.129254 0.004178
v -0.151813 -0.127156 0.004178
v -0.156488 -0.124292 0.004178
v -0.160657 -0.120731 0.004178
v -0.164217 -0.116562 0.004178
v -0.167082 -0.111888 0.004178
v -0.169180 -0.106823 0.004178
v -0.170460 -0.101492 0.004178
v -0.170890 -0.096026 0.004178
v -0.141354 -0.130132 0.004586
v -0.146622 -0.128867 0.004586
v -0.151628 -0.126793 0.004586
v -0.156248 -0.123962 0.004586
v -0.160369 -0.120443 0.004586
v -0.163888 -0.116323 0.004586
v -0.166719 -0.111703 0.004586
v -0.168792 -0.106697 0.004586
v -0.170057 -0.101428 0.004586
v -0.170482 -0.096026 0.004586
v -0.141277 -0.129650 0.004892
v -0.146472 -0.128403 0.004892
v -0.151407 -0.126359 0.004892
v -0.155962 -0.123567 0.004892
v -0.160023 -0.120098 0.004892
v -0.163493 -0.116036 0.004892
v -0.166284 -0.111481 0.004892
v -0.168328 -0.106546 0.004892
v -0.169575 -0.101352 0.004892
v -0.169994 -0.096026 0.004892
v -0.141192 -0.129113 0.005083
v -0.146303 -0.127885 0.005083
v -0.151160 -0.125874 0.005083
v -0.155642 -0.123127 0.005083
v -0.159639 -0.119713 0.005083
v -0.163053 -0.115716 0.005083
v -0.165799 -0.111234 0.005083
v -0.167811 -0.106378 0.005083
v -0.169038 -0.101267 0.005083
v -0.169450 -0.096026 0.005083
v -0.141103 -0.128547 0.005147
v -0.146126 -0.127341 0.005147
v -0.150900 -0.125364 0.005147
v -0.155305 -0.122664 0.005147
v -0.159234 -0.119309 0.005147
v -0.162589 -0.115380 0.005147
v -0.165289 -0.110974 0.005147
v -0.167266 -0.106201 0.005147
v -0.168472 -0.101177 0.005147
v -0.168878 -0.096026 0.005147
v -0.167761 0.000000 0.004892
v -0.168305 0.000000 0.005083
v -0.167273 0.000000 0.004586
v -0.166865 0.000000 0.004178
v -0.166559 0.000000 0.003690
v -0.166369 0.000000 0.003146
v -0.166304 0.000000 0.002574
v -0.166369 0.000000 0.002001
v -0.166559 0.000000 0.001457
v -0.166369 0.000000 0.002001
v -0.166865 0.000000 0.000969
v -0.167273 0.000000 0.000562
v -0.167761 0.000000 0.000255
v -0.168305 0.000000 0.000065
v -0.168878 0.000000 0.000000
v -0.169450 0.000000 0.000065
v -0.169994 0.000000 0.000255
v -0.170482 0.000000 0.000562
v -0.170890 0.000003 0.000969
v -0.171196 0.000003 0.001457
v -0.171387 0.000000 0.002001
v -0.171451 -0.000003 0.002574
v -0.171387 0.000003 0.003146
v -0.171196 0.000003 0.003690
v -0.170890 0.000003 0.004178
v -0.170482 0.000000 0.004586
v -0.169994 0.000003 0.004892
v -0.169450 0.000003 0.005083
v -0.168878 0.000000 0.005147
v 0.135952 -0.127836 0.163825
v 0.135952 -0.128380 0.164016
v 0.141013 -0.127981 0.164016
v 0.140928 -0.127444 0.163825
v 0.145949 -0.126796 0.164016
v 0.145781 -0.126279 0.163825
v 0.150640 -0.124853 0.164016
v 0.150393 -0.124369 0.163825
v 0.154969 -0.122201 0.164016
v 0.154649 -0.121761 0.163825
v 0.158829 -0.118904 0.164016
v 0.158444 -0.118519 0.163825
v 0.162126 -0.115043 0.164016
v 0.161686 -0.114723 0.163825
v 0.164779 -0.110714 0.164016
v 0.164294 -0.110467 0.163825
v 0.166721 -0.106024 0.164016
v 0.166204 -0.105856 0.163825
v 0.167907 -0.101088 0.164016
v 0.167369 -0.101002 0.163825
v 0.168305 -0.096026 0.164016
v 0.167761 -0.096026 0.163825
v 0.135952 -0.127348 0.163519
v 0.140852 -0.126962 0.163519
v 0.145631 -0.125815 0.163519
v 0.150171 -0.123934 0.163519
v 0.154362 -0.121366 0.163519
v 0.158099 -0.118174 0.163519
v 0.161291 -0.114437 0.163519
v 0.163859 -0.110246 0.163519
v 0.165740 -0.105705 0.163519
v 0.166887 -0.100926 0.163519
v 0.167273 -0.096026 0.163519
v 0.135952 -0.126940 0.163111
v 0.140788 -0.126560 0.163111
v 0.145505 -0.125427 0.163111
v 0.149986 -0.123571 0.163111
v 0.154122 -0.121036 0.163111
v 0.157811 -0.117886 0.163111
v 0.160962 -0.114197 0.163111
v 0.163496 -0.110061 0.163111
v 0.165352 -0.105579 0.163111
v 0.166485 -0.100862 0.163111
v 0.166865 -0.096026 0.163111
v 0.135952 -0.126633 0.162623
v 0.140740 -0.126257 0.162623
v 0.145410 -0.125135 0.162623
v 0.149847 -0.123298 0.162623
v 0.153942 -0.120788 0.162623
v 0.157594 -0.117669 0.162623
v 0.160713 -0.114017 0.162623
v 0.163223 -0.109922 0.162623
v 0.165061 -0.105485 0.162623
v 0.166182 -0.100814 0.162623
v 0.166559 -0.096026 0.162623
v 0.135952 -0.126443 0.162079
v 0.140710 -0.126069 0.162079
v 0.145351 -0.124954 0.162079
v 0.149761 -0.123128 0.162079
v 0.153830 -0.120634 0.162079
v 0.157460 -0.117534 0.162079
v 0.160559 -0.113905 0.162079
v 0.163053 -0.109835 0.162079
v 0.164880 -0.105426 0.162079
v 0.165994 -0.100785 0.162079
v 0.166369 -0.096026 0.162079
v 0.135952 -0.126379 0.161507
v 0.140700 -0.126005 0.161507
v 0.145331 -0.124893 0.161507
v 0.149731 -0.123070 0.161507
v 0.153792 -0.120582 0.161507
v 0.157414 -0.117489 0.161507
v 0.160507 -0.113867 0.161507
v 0.162996 -0.109806 0.161507
v 0.164818 -0.105406 0.161507
v 0.165930 -0.100775 0.161507
v 0.166304 -0.096026 0.161507
v 0.135952 -0.126443 0.160934
v 0.140710 -0.126069 0.160934
v 0.145351 -0.124954 0.160934
v 0.149761 -0.123128 0.160934
v 0.153830 -0.120634 0.160934
v 0.157460 -0.117534 0.160934
v 0.160559 -0.113905 0.160934
v 0.163053 -0.109835 0.160934
v 0.164880 -0.105426 0.160934
v 0.165994 -0.100785 0.160934
v 0.166369 -0.096026 0.160934
v 0.135952 -0.126633 0.160390
v 0.135952 -0.126443 0.160934
v 0.140710 -0.126069 0.160934
v 0.140740 -0.126257 0.160390
v 0.145351 -0.124954 0.160934
v 0.145410 -0.125135 0.160390
v 0.149761 -0.123128 0.160934
v 0.149847 -0.123298 0.160390
v 0.153830 -0.120634 0.160934
v 0.153942 -0.120788 0.160390
v 0.157460 -0.117534 0.160934
v 0.157594 -0.117669 0.160390
v 0.160559 -0.113905 0.160934
v 0.160713 -0.114017 0.160390
v 0.163053 -0.109835 0.160934
v 0.163223 -0.109922 0.160390
v 0.164880 -0.105426 0.160934
v 0.165061 -0.105485 0.160390
v 0.165994 -0.100785 0.160934
v 0.166182 -0.100814 0.160390
v 0.166369 -0.096026 0.160934
v 0.166559 -0.096026 0.160390
v 0.135952 -0.126940 0.159902
v 0.140788 -0.126560 0.159902
v 0.145505 -0.125427 0.159902
v 0.149986 -0.123571 0.159902
v 0.154122 -0.121036 0.159902
v 0.157811 -0.117886 0.159902
v 0.160962 -0.114197 0.159902
v 0.163496 -0.110061 0.159902
v 0.165352 -0.105579 0.159902
v 0.166485 -0.100862 0.159902
v 0.166865 -0.096026 0.159902
v 0.135952 -0.127348 0.159494
v 0.140852 -0.126962 0.159494
v 0.145631 -0.125815 0.159494
v 0.150171 -0.123934 0.159494
v 0.154362 -0.121366 0.159494
v 0.158099 -0.118174 0.159494
v 0.161291 -0.114437 0.159494
v 0.163859 -0.110246 0.159494
v 0.165740 -0.105705 0.159494
v 0.166887 -0.100926 0.159494
v 0.167273 -0.096026 0.159494
v 0.135952 -0.127836 0.159188
v 0.140928 -0.127444 0.159188
v 0.145781 -0.126279 0.159188
v 0.150393 -0.124369 0.159188
v 0.154649 -0.121761 0.159188
v 0.158444 -0.118519 0.159188
v 0.161686 -0.114723 0.159188
v 0.164294 -0.110467 0.159188
v 0.166204 -0.105856 0.159188
v 0.167369 -0.101002 0.159188
v 0.167761 -0.096026 0.159188
v 0.135952 -0.128380 0.158997
v 0.141013 -0.127981 0.158997
v 0.145949 -0.126796 0.158997
v 0.150640 -0.124853 0.158997
v 0.154969 -0.122201 0.158997
v 0.158829 -0.118904 0.158997
v 0.162126 -0.115043 0.158997
v 0.164779 -0.110714 0.158997
v 0.166721 -0.106024 0.158997
v 0.167907 -0.101088 0.158997
v 0.168305 -0.096026 0.158997
v 0.135952 -0.128952 0.158933
v 0.141103 -0.128547 0.158933
v 0.146126 -0.127341 0.158933
v 0.150900 -0.125364 0.158933
v 0.155305 -0.122664 0.158933
v 0.159234 -0.119309 0.158933
v 0.162589 -0.115380 0.158933
v 0.165289 -0.110974 0.158933
v 0.167266 -0.106201 0.158933
v 0.168472 -0.101177 0.158933
v 0.168878 -0.096026 0.158933
v 0.135952 -0.129525 0.158997
v 0.141192 -0.129113 0.158997
v 0.146303 -0.127885 0.158997
v 0.151160 -0.125874 0.158997
v 0.155642 -0.123127 0.158997
v 0.159639 -0.119713 0.158997
v 0.163053 -0.115716 0.158997
v 0.165799 -0.111234 0.158997
v 0.167811 -0.106378 0.158997
v 0.169038 -0.101267 0.158997
v 0.169450 -0.096026 0.158997
v 0.135952 -0.130069 0.159188
v 0.141277 -0.129650 0.159188
v 0.146472 -0.128403 0.159188
v 0.151407 -0.126359 0.159188
v 0.155962 -0.123567 0.159188
v 0.160023 -0.120098 0.159188
v 0.163493 -0.116036 0.159188
v 0.166284 -0.111481 0.159188
v 0.168328 -0.106546 0.159188
v 0.169575 -0.101352 0.159188
v 0.169994 -0.096026 0.159188
v 0.135952 -0.130557 0.159494
v 0.141354 -0.130132 0.159494
v 0.146622 -0.128867 0.159494
v 0.151628 -0.126793 0.159494
v 0.156248 -0.123962 0.159494
v 0.160369 -0.120443 0.159494
v 0.163888 -0.116323 0.159494
v 0.166719 -0.111703 0.159494
v 0.168792 -0.106697 0.159494
v 0.170057 -0.101428 0.159494
v 0.170482 -0.096026 0.159494
v 0.135952 -0.130964 0.159902
v 0.141417 -0.130534 0.159902
v 0.146748 -0.129254 0.159902
v 0.151813 -0.127156 0.159902
v 0.156488 -0.124292 0.159902
v 0.160657 -0.120731 0.159902
v 0.164217 -0.116562 0.159902
v 0.167082 -0.111888 0.159902
v 0.169180 -0.106823 0.159902
v 0.170460 -0.101492 0.159902
v 0.170890 -0.096026 0.159902
v 0.135952 -0.131271 0.160390
v 0.141465 -0.130837 0.160390
v 0.146843 -0.129546 0.160390
v 0.151953 -0.127430 0.160390
v 0.156668 -0.124540 0.160390
v 0.160874 -0.120948 0.160390
v 0.164465 -0.116743 0.160390
v 0.167355 -0.112027 0.160390
v 0.169471 -0.106918 0.160390
v 0.170763 -0.101540 0.160390
v 0.171196 -0.096026 0.160390
v 0.135952 -0.131461 0.160934
v 0.141495 -0.131025 0.160934
v 0.146902 -0.129727 0.160934
v 0.152039 -0.127599 0.160934
v 0.156780 -0.124694 0.160934
v 0.161008 -0.121083 0.160934
v 0.164619 -0.116855 0.160934
v 0.167525 -0.112114 0.160934
v 0.169653 -0.106976 0.160934
v 0.170951 -0.101570 0.160934
v 0.171387 -0.096026 0.160934
v 0.135952 -0.131526 0.161507
v 0.141505 -0.131089 0.161507
v 0.146922 -0.129789 0.161507
v 0.152068 -0.127657 0.161507
v 0.156818 -0.124746 0.161507
v 0.161054 -0.121128 0.161507
v 0.164672 -0.116893 0.161507
v 0.167582 -0.112143 0.161507
v 0.169714 -0.106996 0.161507
v 0.171014 -0.101580 0.161507
v 0.171451 -0.096026 0.161507
v 0.135952 -0.131461 0.162079
v 0.141495 -0.131025 0.162079
v 0.146902 -0.129727 0.162079
v 0.152039 -0.127599 0.162079
v 0.156780 -0.124694 0.162079
v 0.161008 -0.121083 0.162079
v 0.164619 -0.116855 0.162079
v 0.167525 -0.112114 0.162079
v 0.169653 -0.106976 0.162079
v 0.170951 -0.101570 0.162079
v 0.171387 -0.096026 0.162079
v 0.135952 -0.131271 0.162623
v 0.141465 -0.130837 0.162623
v 0.146843 -0.129546 0.162623
v 0.151953 -0.127430 0.162623
v 0.156668 -0.124540 0.162623
v 0.160874 -0.120948 0.162623
v 0.164465 -0.116743 0.162623
v 0.167355 -0.112027 0.162623
v 0.169471 -0.106918 0.162623
v 0.170763 -0.101540 0.162623
v 0.171196 -0.096026 0.162623
v 0.135952 -0.130964 0.163111
v 0.141417 -0.130534 0.163111
v 0.146748 -0.129254 0.163111
v 0.151813 -0.127156 0.163111
v 0.156488 -0.124292 0.163111
v 0.160657 -0.120731 0.163111
v 0.164217 -0.116562 0.163111
v 0.167082 -0.111888 0.163111
v 0.169180 -0.106823 0.163111
v 0.170460 -0.101492 0.163111
v 0.170890 -0.096026 0.163111
v 0.135952 -0.130557 0.163519
v 0.141354 -0.130132 0.163519
v 0.146622 -0.128867 0.163519
v 0.151628 -0.126793 0.163519
v 0.156248 -0.123962 0.163519
v 0.160369 -0.120443 0.163519
v 0.163888 -0.116323 0.163519
v 0.166719 -0.111703 0.163519
v 0.168792 -0.106697 0.163519
v 0.170057 -0.101428 0.163519
v 0.170482 -0.096026 0.163519
v 0.135952 -0.130069 0.163825
v 0.141277 -0.129650 0.163825
v 0.146472 -0.128403 0.163825
v 0.151407 -0.126359 0.163825
v 0.155962 -0.123567 0.163825
v 0.160023 -0.120098 0.163825
v 0.163493 -0.116036 0.163825
v 0.166284 -0.111481 0.163825
v 0.168328 -0.106546 0.163825
v 0.169575 -0.101352 0.163825
v 0.169994 -0.096026 0.163825
v 0.135952 -0.129525 0.164016
v 0.141192 -0.129113 0.164016
v 0.146303 -0.127885 0.164016
v 0.151160 -0.125874 0.164016
v 0.155642 -0.123127 0.164016
v 0.159639 -0.119713 0.164016
v 0.163053 -0.115716 0.164016
v 0.165799 -0.111234 0.164016
v 0.167811 -0.106378 0.164016
v 0.169038 -0.101267 0.164016
v 0.169450 -0.096026 0.164016
v 0.135952 -0.128952 0.164080
v 0.141103 -0.128547 0.164080
v 0.146126 -0.127341 0.164080
v 0.150900 -0.125364 0.164080
v 0.155305 -0.122664 0.164080
v 0.159234 -0.119309 0.164080
v 0.162589 -0.115380 0.164080
v 0.165289 -0.110974 0.164080
v 0.167266 -0.106201 0.164080
v 0.168472 -0.101177 0.164080
v 0.168878 -0.096026 0.164080
v 0.168305 0.000003 0.164016
v 0.167761 0.000000 0.163825
v 0.167273 0.000000 0.163519
v 0.166865 0.000003 0.163111
v 0.166559 0.000000 0.162623
v 0.166369 0.000000 0.162079
v 0.166304 0.000003 0.161507
v 0.166369 0.000003 0.160934
v 0.166369 0.000003 0.160934
v 0.166559 0.000000 0.160390
v 0.166865 0.000003 0.159902
v 0.167273 0.000000 0.159494
v 0.167761 0.000000 0.159188
v 0.168305 0.000000 0.158997
v 0.168878 0.000000 0.158933
v 0.169450 0.000000 0.158997
v 0.169994 -0.000003 0.159188
v 0.170482 0.000000 0.159494
v 0.170890 0.000000 0.159902
v 0.171196 0.000000 0.160390
v 0.171387 0.000000 0.160934
v 0.171451 0.000000 0.161507
v 0.171387 0.000000 0.162079
v 0.171196 0.000000 0.162623
v 0.170890 0.000000 0.163111
v 0.170482 0.000000 0.163519
v 0.169994 0.000000 0.163825
v 0.169450 0.000000 0.164016
v 0.168878 0.000000 0.164080
v 0.008693 -0.128380 0.164016
v 0.008693 -0.127836 0.163825
v -0.135952 -0.127836 0.163825
v -0.135952 -0.128380 0.164016
v 0.008693 -0.127348 0.163519
v -0.135952 -0.127348 0.163519
v 0.008693 -0.126940 0.163111
v -0.135952 -0.126940 0.163111
v 0.008693 -0.126633 0.162623
v -0.135952 -0.126633 0.162623
v 0.008693 -0.126443 0.162079
v -0.135952 -0.126443 0.162079
v 0.008693 -0.126379 0.161507
v -0.135952 -0.126379 0.161507
v 0.008693 -0.126443 0.160934
v -0.135952 -0.126443 0.160934
v 0.008693 -0.126443 0.160934
v 0.008693 -0.126633 0.160390
v -0.135952 -0.126633 0.160390
v -0.135952 -0.126443 0.160934
v 0.008693 -0.126940 0.159902
v -0.135952 -0.126940 0.159902
v 0.008693 -0.127348 0.159494
v -0.135952 -0.127348 0.159494
v 0.008693 -0.127836 0.159188
v -0.135952 -0.127836 0.159188
v 0.008693 -0.128380 0.158997
v -0.135952 -0.128380 0.158997
v 0.008693 -0.128952 0.158933
v -0.135952 -0.128952 0.158933
v 0.008693 -0.129525 0.158997
v -0.135952 -0.129525 0.158997
v 0.008693 -0.130069 0.159188
v -0.135952 -0.130069 0.159188
v 0.008693 -0.130557 0.159494
v -0.135952 -0.130557 0.159494
v 0.008693 -0.130964 0.159902
v -0.135952 -0.130964 0.159902
v 0.008693 -0.131271 0.160390
v -0.135952 -0.131271 0.160390
v 0.008693 -0.131461 0.160934
v -0.135952 -0.131461 0.160934
v 0.008693 -0.131526 0.161507
v -0.135952 -0.131526 0.161507
v 0.008693 -0.131461 0.162079
v -0.135952 -0.131461 0.162079
v 0.008693 -0.131271 0.162623
v -0.135952 -0.131271 0.162623
v 0.008693 -0.130964 0.163111
v -0.135952 -0.130964 0.163111
v 0.008693 -0.130557 0.163519
v -0.135952 -0.130557 0.163519
v 0.008693 -0.130069 0.163825
v -0.135952 -0.130069 0.163825
v 0.008693 -0.129525 0.164016
v -0.135952 -0.129525 0.164016
v 0.008693 -0.128952 0.164080
v -0.135952 -0.128952 0.164080
v -0.140928 -0.127444 0.163825
v -0.141013 -0.127981 0.164016
v -0.145781 -0.126279 0.163825
v -0.145949 -0.126796 0.164016
v -0.150393 -0.124369 0.163825
v -0.150640 -0.124853 0.164016
v -0.154649 -0.121761 0.163825
v -0.154969 -0.122201 0.164016
v -0.158444 -0.118519 0.163825
v -0.158829 -0.118904 0.164016
v -0.161686 -0.114723 0.163825
v -0.162126 -0.115043 0.164016
v -0.164294 -0.110467 0.163825
v -0.164779 -0.110714 0.164016
v -0.166204 -0.105856 0.163825
v -0.166721 -0.106024 0.164016
v -0.167369 -0.101002 0.163825
v -0.167907 -0.101088 0.164016
v -0.167761 -0.096026 0.163825
v -0.168305 -0.096026 0.164016
v -0.140852 -0.126962 0.163519
v -0.145631 -0.125815 0.163519
v -0.150171 -0.123934 0.163519
v -0.154362 -0.121366 0.163519
v -0.158099 -0.118174 0.163519
v -0.161291 -0.114437 0.163519
v -0.163859 -0.110246 0.163519
v -0.165740 -0.105705 0.163519
v -0.166887 -0.100926 0.163519
v -0.167273 -0.096026 0.163519
v -0.140788 -0.126560 0.163111
v -0.145505 -0.125427 0.163111
v -0.149986 -0.123571 0.163111
v -0.154122 -0.121036 0.163111
v -0.157811 -0.117886 0.163111
v -0.160962 -0.114197 0.163111
v -0.163496 -0.110061 0.163111
v -0.165352 -0.105579 0.163111
v -0.166485 -0.100862 0.163111
v -0.166865 -0.096026 0.163111
v -0.140740 -0.126257 0.162623
v -0.145410 -0.125135 0.162623
v -0.149847 -0.123298 0.162623
v -0.153942 -0.120788 0.162623
v -0.157594 -0.117669 0.162623
v -0.160713 -0.114017 0.162623
v -0.163223 -0.109922 0.162623
v -0.165061 -0.105485 0.162623
v -0.166182 -0.100814 0.162623
v -0.166559 -0.096026 0.162623
v -0.140710 -0.126069 0.162079
v -0.145351 -0.124954 0.162079
v -0.149761 -0.123128 0.162079
v -0.153830 -0.120634 0.162079
v -0.157460 -0.117534 0.162079
v -0.160559 -0.113905 0.162079
v -0.163053 -0.109835 0.162079
v -0.164880 -0.105426 0.162079
v -0.165994 -0.100785 0.162079
v -0.166369 -0.096026 0.162079
v -0.140700 -0.126005 0.161507
v -0.145331 -0.124893 0.161507
v -0.149731 -0.123070 0.161507
v -0.153792 -0.120582 0.161507
v -0.157414 -0.117489 0.161507
v -0.160507 -0.113867 0.161507
v -0.162996 -0.109806 0.161507
v -0.164818 -0.105406 0.161507
v -0.165930 -0.100775 0.161507
v -0.166304 -0.096026 0.161507
v -0.140710 -0.126069 0.160934
v -0.145351 -0.124954 0.160934
v -0.149761 -0.123128 0.160934
v -0.153830 -0.120634 0.160934
v -0.157460 -0.117534 0.160934
v -0.160559 -0.113905 0.160934
v -0.163053 -0.109835 0.160934
v -0.164880 -0.105426 0.160934
v -0.165994 -0.100785 0.160934
v -0.166369 -0.096026 0.160934
v -0.140740 -0.126257 0.160390
v -0.140710 -0.126069 0.160934
v -0.145410 -0.125135 0.160390
v -0.145351 -0.124954 0.160934
v -0.149847 -0.123298 0.160390
v -0.149761 -0.123128 0.160934
v -0.153942 -0.120788 0.160390
v -0.153830 -0.120634 0.160934
v -0.157594 -0.117669 0.160390
v -0.157460 -0.117534 0.160934
v -0.160713 -0.114017 0.160390
v -0.160559 -0.113905 0.160934
v -0.163223 -0.109922 0.160390
v -0.163053 -0.109835 0.160934
v -0.165061 -0.105485 0.160390
v -0.164880 -0.105426 0.160934
v -0.166182 -0.100814 0.160390
v -0.165994 -0.100785 0.160934
v -0.166559 -0.096026 0.160390
v -0.166369 -0.096026 0.160934
v -0.140788 -0.126560 0.159902
v -0.145505 -0.125427 0.159902
v -0.149986 -0.123571 0.159902
v -0.154122 -0.121036 0.159902
v -0.157811 -0.117886 0.159902
v -0.160962 -0.114197 0.159902
v -0.163496 -0.110061 0.159902
v -0.165352 -0.105579 0.159902
v -0.166485 -0.100862 0.159902
v -0.166865 -0.096026 0.159902
v -0.140852 -0.126962 0.159494
v -0.145631 -0.125815 0.159494
v -0.150171 -0.123934 0.159494
v -0.154362 -0.121366 0.159494
v -0.158099 -0.118174 0.159494
v -0.161291 -0.114437 0.159494
v -0.163859 -0.110246 0.159494
v -0.165740 -0.105705 0.159494
v -0.166887 -0.100926 0.159494
v -0.167273 -0.096026 0.159494
v -0.140928 -0.127444 0.159188
v -0.145781 -0.126279 0.159188
v -0.150393 -0.124369 0.159188
v -0.154649 -0.121761 0.159188
v -0.158444 -0.118519 0.159188
v -0.161686 -0.114723 0.159188
v -0.164294 -0.110467 0.159188
v -0.166204 -0.105856 0.159188
v -0.167369 -0.101002 0.159188
v -0.167761 -0.096026 0.159188
v -0.141013 -0.127981 0.158997
v -0.145949 -0.126796 0.158997
v -0.150640 -0.124853 0.158997
v -0.154969 -0.122201 0.158997
v -0.158829 -0.118904 0.158997
v -0.162126 -0.115043 0.158997
v -0.164779 -0.110714 0.158997
v -0.166721 -0.106024 0.158997
v -0.167907 -0.101088 0.158997
v -0.168305 -0.096026 0.158997
v -0.141103 -0.128547 0.158933
v -0.146126 -0.127341 0.158933
v -0.150900 -0.125364 0.158933
v -0.155305 -0.122664 0.158933
v -0.159234 -0.119309 0.158933
v -0.162589 -0.115380 0.158933
v -0.165289 -0.110974 0.158933
v -0.167266 -0.106201 0.158933
v -0.168472 -0.101177 0.158933
v -0.168878 -0.096026 0.158933
v -0.141192 -0.129113 0.158997
v -0.146303 -0.127885 0.158997
v -0.151160 -0.125874 0.158997
v -0.155642 -0.123127 0.158997
v -0.159639 -0.119713 0.158997
v -0.163053 -0.115716 0.158997
v -0.165799 -0.111234 0.158997
v -0.167811 -0.106378 0.158997
v -0.169038 -0.101267 0.158997
v -0.169450 -0.096026 0.158997
v -0.141277 -0.129650 0.159188
v -0.146472 -0.128403 0.159188
v -0.151407 -0.126359 0.159188
v -0.155962 -0.123567 0.159188
v -0.160023 -0.120098 0.159188
v -0.163493 -0.116036 0.159188
v -0.166284 -0.111481 0.159188
v -0.168328 -0.106546 0.159188
v -0.169575 -0.101352 0.159188
v -0.169994 -0.096026 0.159188
v -0.141354 -0.130132 0.159494
v -0.146622 -0.128867 0.159494
v -0.151628 -0.126793 0.159494
v -0.156248 -0.123962 0.159494
v -0.160369 -0.120443 0.159494
v -0.163888 -0.116323 0.159494
v -0.166719 -0.111703 0.159494
v -0.168792 -0.106697 0.159494
v -0.170057 -0.101428 0.159494
v -0.170482 -0.096026 0.159494
v -0.141417 -0.130534 0.159902
v -0.146748 -0.129254 0.159902
v -0.151813 -0.127156 0.159902
v -0.156488 -0.124292 0.159902
v -0.160657 -0.120731 0.159902
v -0.164217 -0.116562 0.159902
v -0.167082 -0.111888 0.159902
v -0.169180 -0.106823 0.159902
v -0.170460 -0.101492 0.159902
v -0.170890 -0.096026 0.159902
v -0.141465 -0.130837 0.160390
v -0.146843 -0.129546 0.160390
v -0.151953 -0.127430 0.160390
v -0.156668 -0.124540 0.160390
v -0.160874 -0.120948 0.160390
v -0.164465 -0.116743 0.160390
v -0.167355 -0.112027 0.160390
v -0.169471 -0.106918 0.160390
v -0.170763 -0.101540 0.160390
v -0.171196 -0.096026 0.160390
v -0.141495 -0.131025 0.160934
v -0.146902 -0.129727 0.160934
v -0.152039 -0.127599 0.160934
v -0.156780 -0.124694 0.160934
v -0.161008 -0.121083 0.160934
v -0.164619 -0.116855 0.160934
v -0.167525 -0.112114 0.160934
v -0.169653 -0.106976 0.160934
v -0.170951 -0.101570 0.160934
v -0.171387 -0.096026 0.160934
v -0.141505 -0.131089 0.161507
v -0.146922 -0.129789 0.161507
v -0.152068 -0.127657 0.161507
v -0.156818 -0.124746 0.161507
v -0.161054 -0.121128 0.161507
v -0.164672 -0.116893 0.161507
v -0.167582 -0.112143 0.161507
v -0.169714 -0.106996 0.161507
v -0.171014 -0.101580 0.161507
v -0.171451 -0.096026 0.161507
v -0.141495 -0.131025 0.162079
v -0.146902 -0.129727 0.162079
v -0.152039 -0.127599 0.162079
v -0.156780 -0.124694 0.162079
v -0.161008 -0.121083 0.162079
v -0.164619 -0.116855 0.162079
v -0.167525 -0.112114 0.162079
v -0.169653 -0.106976 0.162079
v -0.170951 -0.101570 0.162079
v -0.171387 -0.096026 0.162079
v -0.141465 -0.130837 0.162623
v -0.146843 -0.129546 0.162623
v -0.151953 -0.127430 0.162623
v -0.156668 -0.124540 0.162623
v -0.160874 -0.120948 0.162623
v -0.164465 -0.116743 0.162623
v -0.167355 -0.112027 0.162623
v -0.169471 -0.106918 0.162623
v -0.170763 -0.101540 0.162623
v -0.171196 -0.096026 0.162623
v -0.141417 -0.130534 0.163111
v -0.146748 -0.129254 0.163111
v -0.151813 -0.127156 0.163111
v -0.156488 -0.124292 0.163111
v -0.160657 -0.120731 0.163111
v -0.164217 -0.116562 0.163111
v -0.167082 -0.111888 0.163111
v -0.169180 -0.106823 0.163111
v -0.170460 -0.101492 0.163111
v -0.170890 -0.096026 0.163111
v -0.141354 -0.130132 0.163519
v -0.146622 -0.128867 0.163519
v -0.151628 -0.126793 0.163519
v -0.156248 -0.123962 0.163519
v -0.160369 -0.120443 0.163519
v -0.163888 -0.116323 0.163519
v -0.166719 -0.111703 0.163519
v -0.168792 -0.106697 0.163519
v -0.170057 -0.101428 0.163519
v -0.170482 -0.096026 0.163519
v -0.141277 -0.129650 0.163825
v -0.146472 -0.128403 0.163825
v -0.151407 -0.126359 0.163825
v -0.155962 -0.123567 0.163825
v -0.160023 -0.120098 0.163825
v -0.163493 -0.116036 0.163825
v -0.166284 -0.111481 0.163825
v -0.168328 -0.106546 0.163825
v -0.169575 -0.101352 0.163825
v -0.169994 -0.096026 0.163825
v -0.141192 -0.129113 0.164016
v -0.146303 -0.127885 0.164016
v -0.151160 -0.125874 0.164016
v -0.155642 -0.123127 0.164016
v -0.159639 -0.119713 0.164016
v -0.163053 -0.115716 0.164016
v -0.165799 -0.111234 0.164016
v -0.167811 -0.106378 0.164016
v -0.169038 -0.101267 0.164016
v -0.169450 -0.096026 0.164016
v -0.141103 -0.128547 0.164080
v -0.146126 -0.127341 0.164080
v -0.150900 -0.125364 0.164080
v -0.155305 -0.122664 0.164080
v -0.159234 -0.119309 0.164080
v -0.162589 -0.115380 0.164080
v -0.165289 -0.110974 0.164080
v -0.167266 -0.106201 0.164080
v -0.168472 -0.101177 0.164080
v -0.168878 -0.096026 0.164080
v -0.167761 0.000000 0.163825
v -0.168305 0.000000 0.164016
v -0.167273 0.000000 0.163519
v -0.166865 0.000000 0.163111
v -0.166559 0.000000 0.162623
v -0.166369 0.000000 0.162079
v -0.166304 0.000000 0.161507
v -0.166369 0.000000 0.160934
v -0.166559 0.000000 0.160390
v -0.166369 0.000000 0.160934
v -0.166865 0.000000 0.159902
v -0.167273 0.000000 0.159494
v -0.167761 0.000000 0.159188
v -0.168305 0.000000 0.158997
v -0.168878 0.000000 0.158933
v -0.169450 0.000000 0.158997
v -0.169994 0.000000 0.159188
v -0.170482 0.000000 0.159494
v -0.170890 0.000003 0.159902
v -0.171196 0.000003 0.160390
v -0.171387 0.000000 0.160934
v -0.171451 -0.000003 0.161507
v -0.171387 0.000003 0.162079
v -0.171196 0.000003 0.162623
v -0.170890 0.000003 0.163111
v -0.170482 0.000000 0.163519
v -0.169994 0.000003 0.163825
v -0.169450 0.000003 0.164016
v -0.168878 0.000000 0.164080
v 0.048284 -0.128380 0.148154
v 0.048284 -0.127836 0.147964
v -0.048520 -0.127836 0.147964
v -0.048520 -0.128380 0.148154
v 0.048284 -0.127348 0.147658
v -0.048520 -0.127348 0.147658
v 0.048284 -0.126940 0.147250
v -0.048520 -0.126940 0.147250
v 0.048284 -0.126633 0.146762
v -0.048520 -0.126633 0.146762
v 0.048284 -0.126443 0.146218
v -0.048520 -0.126443 0.146218
v 0.048284 -0.126379 0.145645
v -0.048520 -0.126379 0.145645
v 0.048284 -0.126443 0.145073
v -0.048520 -0.126443 0.145073
v 0.048284 -0.126633 0.144529
v -0.048520 -0.126633 0.144529
v 0.048284 -0.126940 0.144041
v -0.048520 -0.126940 0.144041
v 0.048284 -0.127348 0.143633
v -0.048520 -0.127348 0.143633
v 0.048284 -0.127836 0.143327
v -0.048520 -0.127836 0.143327
v 0.048284 -0.128380 0.143136
v -0.048520 -0.128380 0.143136
v 0.048284 -0.128952 0.143072
v -0.048520 -0.128952 0.143072
v 0.048284 -0.129525 0.143136
v -0.048520 -0.129525 0.143136
v 0.048284 -0.130069 0.143327
v -0.048520 -0.130069 0.143327
v 0.048284 -0.130557 0.143633
v -0.048520 -0.130557 0.143633
v 0.048284 -0.130964 0.144041
v -0.048520 -0.130964 0.144041
v 0.048284 -0.131271 0.144529
v -0.048520 -0.131271 0.144529
v 0.048284 -0.131461 0.145073
v -0.048520 -0.131461 0.145073
v 0.048284 -0.131526 0.145645
v -0.048520 -0.131526 0.145645
v 0.048284 -0.131526 0.145645
v 0.048284 -0.131461 0.146218
v -0.048520 -0.131461 0.146218
v -0.048520 -0.131526 0.145645
v 0.048284 -0.131271 0.146762
v -0.048520 -0.131271 0.146762
v 0.048284 -0.130964 0.147250
v -0.048520 -0.130964 0.147250
v 0.048284 -0.130557 0.147658
v -0.048520 -0.130557 0.147658
v 0.048284 -0.130069 0.147964
v -0.048520 -0.130069 0.147964
v 0.048284 -0.129525 0.148154
v -0.048520 -0.129525 0.148154
v 0.048284 -0.128952 0.148219
v -0.048520 -0.128952 0.148219
v 0.045455 -0.127856 0.164430
v 0.045455 -0.126966 0.163713
v -0.045455 -0.126966 0.163713
v -0.045455 -0.127856 0.164430
v 0.045455 -0.126275 0.162552
v -0.045455 -0.126275 0.162552
v 0.045455 -0.125846 0.160999
v -0.045455 -0.125846 0.160999
v 0.045455 -0.125704 0.159121
v -0.045455 -0.125704 0.159121
v 0.045455 -0.125779 0.157000
v -0.045455 -0.125779 0.157000
v 0.045455 -0.125638 0.154730
v -0.045455 -0.125638 0.154730
v 0.045455 -0.125638 0.152408
v -0.045455 -0.125638 0.152408
v 0.045455 -0.125779 0.150138
v -0.045455 -0.125779 0.150138
v 0.045455 -0.125508 0.148017
v -0.045455 -0.125508 0.148017
v 0.045455 -0.125507 0.146139
v -0.045455 -0.125507 0.146139
v 0.045455 -0.125895 0.144586
v -0.045455 -0.125895 0.144586
v 0.045455 -0.126646 0.143425
v -0.045455 -0.126646 0.143425
v 0.045455 -0.127674 0.142708
v -0.045455 -0.127674 0.142708
v 0.045455 -0.128853 0.142465
v -0.045455 -0.128853 0.142465
v 0.045455 -0.128853 0.142465
v 0.045455 -0.130033 0.142708
v -0.045455 -0.130033 0.142708
v -0.045455 -0.128853 0.142465
v 0.045455 -0.131061 0.143425
v -0.045455 -0.131061 0.143425
v 0.045455 -0.131812 0.144586
v -0.045455 -0.131812 0.144586
v 0.045455 -0.132200 0.146139
v -0.045455 -0.132200 0.146139
v 0.045455 -0.132199 0.148017
v -0.045455 -0.132199 0.148017
v 0.045455 -0.131928 0.150138
v -0.045455 -0.131928 0.150138
v 0.045455 -0.132069 0.152408
v -0.045455 -0.132069 0.152408
v 0.045455 -0.132069 0.154730
v -0.045455 -0.132069 0.154730
v 0.045455 -0.131928 0.157000
v -0.045455 -0.131928 0.157000
v 0.045455 -0.132003 0.159121
v -0.045455 -0.132003 0.159121
v 0.045455 -0.131861 0.160999
v -0.045455 -0.131861 0.160999
v 0.045455 -0.131432 0.162552
v -0.045455 -0.131432 0.162552
v 0.045455 -0.130741 0.163713
v -0.045455 -0.130741 0.163713
v 0.045455 -0.129851 0.164430
v -0.045455 -0.129851 0.164430
v 0.045455 -0.128853 0.164673
v -0.045455 -0.128853 0.164673
v 0.135952 0.127836 0.004892
v 0.140928 0.127444 0.004892
v 0.141013 0.127981 0.005083
v 0.135952 0.128380 0.005083
v 0.145781 0.126279 0.004892
v 0.145949 0.126796 0.005083
v 0.150393 0.124369 0.004892
v 0.150640 0.124853 0.005083
v 0.154649 0.121761 0.004892
v 0.154969 0.122201 0.005083
v 0.158444 0.118519 0.004892
v 0.158829 0.118904 0.005083
v 0.161686 0.114723 0.004892
v 0.162126 0.115043 0.005083
v 0.164294 0.110467 0.004892
v 0.164779 0.110714 0.005083
v 0.166204 0.105856 0.004892
v 0.166721 0.106024 0.005083
v 0.167369 0.101002 0.004892
v 0.167907 0.101088 0.005083
v 0.167761 0.096026 0.004892
v 0.168305 0.096026 0.005083
v 0.135952 0.127348 0.004586
v 0.140852 0.126962 0.004586
v 0.145631 0.125815 0.004586
v 0.150171 0.123934 0.004586
v 0.154362 0.121366 0.004586
v 0.158099 0.118174 0.004586
v 0.161291 0.114437 0.004586
v 0.163859 0.110246 0.004586
v 0.165740 0.105705 0.004586
v 0.166887 0.100926 0.004586
v 0.167273 0.096026 0.004586
v 0.135952 0.126940 0.004178
v 0.140788 0.126560 0.004178
v 0.145505 0.125427 0.004178
v 0.149986 0.123571 0.004178
v 0.154122 0.121036 0.004178
v 0.157811 0.117886 0.004178
v 0.160962 0.114197 0.004178
v 0.163496 0.110061 0.004178
v 0.165352 0.105579 0.004178
v 0.166485 0.100862 0.004178
v 0.166865 0.096026 0.004178
v 0.135952 0.126633 0.003690
v 0.140740 0.126257 0.003690
v 0.145410 0.125135 0.003690
v 0.149847 0.123298 0.003690
v 0.153942 0.120788 0.003690
v 0.157594 0.117669 0.003690
v 0.160713 0.114017 0.003690
v 0.163223 0.109922 0.003690
v 0.165061 0.105485 0.003690
v 0.166182 0.100814 0.003690
v 0.166559 0.096026 0.003690
v 0.135952 0.126443 0.003146
v 0.140710 0.126069 0.003146
v 0.145351 0.124954 0.003146
v 0.149761 0.123128 0.003146
v 0.153830 0.120634 0.003146
v 0.157460 0.117534 0.003146
v 0.160559 0.113905 0.003146
v 0.163053 0.109835 0.003146
v 0.164880 0.105426 0.003146
v 0.165994 0.100785 0.003146
v 0.166369 0.096026 0.003146
v 0.135952 0.126379 0.002574
v 0.140700 0.126005 0.002574
v 0.145331 0.124893 0.002574
v 0.149731 0.123070 0.002574
v 0.153792 0.120582 0.002574
v 0.157414 0.117489 0.002574
v 0.160507 0.113867 0.002574
v 0.162996 0.109806 0.002574
v 0.164818 0.105406 0.002574
v 0.165930 0.100775 0.002574
v 0.166304 0.096026 0.002574
v 0.135952 0.126443 0.002001
v 0.140710 0.126069 0.002001
v 0.145351 0.124954 0.002001
v 0.149761 0.123128 0.002001
v 0.153830 0.120634 0.002001
v 0.157460 0.117534 0.002001
v 0.160559 0.113905 0.002001
v 0.163053 0.109835 0.002001
v 0.164880 0.105426 0.002001
v 0.165994 0.100785 0.002001
v 0.166369 0.096026 0.002001
v 0.135952 0.126633 0.001457
v 0.140740 0.126257 0.001457
v 0.140710 0.126069 0.002001
v 0.135952 0.126443 0.002001
v 0.145410 0.125135 0.001457
v 0.145351 0.124954 0.002001
v 0.149847 0.123298 0.001457
v 0.149761 0.123128 0.002001
v 0.153942 0.120788 0.001457
v 0.153830 0.120634 0.002001
v 0.157594 0.117669 0.001457
v 0.157460 0.117534 0.002001
v 0.160713 0.114017 0.001457
v 0.160559 0.113905 0.002001
v 0.163223 0.109922 0.001457
v 0.163053 0.109835 0.002001
v 0.165061 0.105485 0.001457
v 0.164880 0.105426 0.002001
v 0.166182 0.100814 0.001457
v 0.165994 0.100785 0.002001
v 0.166559 0.096026 0.001457
v 0.166369 0.096026 0.002001
v 0.135952 0.126940 0.000969
v 0.140788 0.126560 0.000969
v 0.145505 0.125427 0.000969
v 0.149986 0.123571 0.000969
v 0.154122 0.121036 0.000969
v 0.157811 0.117886 0.000969
v 0.160962 0.114197 0.000969
v 0.163496 0.110061 0.000969
v 0.165352 0.105579 0.000969
v 0.166485 0.100862 0.000969
v 0.166865 0.096026 0.000969
v 0.135952 0.127348 0.000562
v 0.140852 0.126962 0.000562
v 0.145631 0.125815 0.000562
v 0.150171 0.123934 0.000562
v 0.154362 0.121366 0.000562
v 0.158099 0.118174 0.000562
v 0.161291 0.114437 0.000562
v 0.163859 0.110246 0.000562
v 0.165740 0.105705 0.000562
v 0.166887 0.100926 0.000562
v 0.167273 0.096026 0.000562
v 0.135952 0.127836 0.000255
v 0.140928 0.127444 0.000255
v 0.145781 0.126279 0.000255
v 0.150393 0.124369 0.000255
v 0.154649 0.121761 0.000255
v 0.158444 0.118519 0.000255
v 0.161686 0.114723 0.000255
v 0.164294 0.110467 0.000255
v 0.166204 0.105856 0.000255
v 0.167369 0.101002 0.000255
v 0.167761 0.096026 0.000255
v 0.135952 0.128380 0.000065
v 0.141013 0.127981 0.000065
v 0.145949 0.126796 0.000065
v 0.150640 0.124853 0.000065
v 0.154969 0.122201 0.000065
v 0.158829 0.118904 0.000065
v 0.162126 0.115043 0.000065
v 0.164779 0.110714 0.000065
v 0.166721 0.106024 0.000065
v 0.167907 0.101088 0.000065
v 0.168305 0.096026 0.000065
v 0.135952 0.128952 0.000000
v 0.141103 0.128547 0.000000
v 0.146126 0.127341 0.000000
v 0.150900 0.125364 0.000000
v 0.155305 0.122664 0.000000
v 0.159234 0.119309 0.000000
v 0.162589 0.115380 0.000000
v 0.165289 0.110974 0.000000
v 0.167266 0.106201 0.000000
v 0.168472 0.101177 0.000000
v 0.168878 0.096026 0.000000
v 0.135952 0.129525 0.000065
v 0.141192 0.129113 0.000065
v 0.146303 0.127885 0.000065
v 0.151160 0.125874 0.000065
v 0.155642 0.123127 0.000065
v 0.159639 0.119713 0.000065
v 0.163053 0.115716 0.000065
v 0.165799 0.111234 0.000065
v 0.167811 0.106378 0.000065
v 0.169038 0.101267 0.000065
v 0.169450 0.096026 0.000065
v 0.135952 0.130069 0.000255
v 0.141277 0.129650 0.000255
v 0.146472 0.128403 0.000255
v 0.151407 0.126359 0.000255
v 0.155962 0.123567 0.000255
v 0.160023 0.120098 0.000255
v 0.163493 0.116036 0.000255
v 0.166284 0.111481 0.000255
v 0.168328 0.106546 0.000255
v 0.169575 0.101352 0.000255
v 0.169994 0.096026 0.000255
v 0.135952 0.130557 0.000562
v 0.141354 0.130132 0.000562
v 0.146622 0.128867 0.000562
v 0.151628 0.126793 0.000562
v 0.156248 0.123962 0.000562
v 0.160369 0.120443 0.000562
v 0.163888 0.116323 0.000562
v 0.166719 0.111703 0.000562
v 0.168792 0.106697 0.000562
v 0.170057 0.101428 0.000562
v 0.170482 0.096026 0.000562
v 0.135952 0.130964 0.000969
v 0.141417 0.130534 0.000969
v 0.146748 0.129254 0.000969
v 0.151813 0.127156 0.000969
v 0.156488 0.124292 0.000969
v 0.160657 0.120731 0.000969
v 0.164217 0.116562 0.000969
v 0.167082 0.111888 0.000969
v 0.169180 0.106823 0.000969
v 0.170460 0.101492 0.000969
v 0.170890 0.096026 0.000969
v 0.135952 0.131271 0.001457
v 0.141465 0.130837 0.001457
v 0.146843 0.129546 0.001457
v 0.151953 0.127430 0.001457
v 0.156668 0.124540 0.001457
v 0.160874 0.120948 0.001457
v 0.164465 0.116743 0.001457
v 0.167355 0.112027 0.001457
v 0.169471 0.106918 0.001457
v 0.170763 0.101540 0.001457
v 0.171196 0.096026 0.001457
v 0.135952 0.131461 0.002001
v 0.141495 0.131025 0.002001
v 0.146902 0.129727 0.002001
v 0.152039 0.127599 0.002001
v 0.156780 0.124694 0.002001
v 0.161008 0.121083 0.002001
v 0.164619 0.116855 0.002001
v 0.167525 0.112114 0.002001
v 0.169653 0.106976 0.002001
v 0.170951 0.101570 0.002001
v 0.171387 0.096026 0.002001
v 0.135952 0.131526 0.002574
v 0.141505 0.131089 0.002574
v 0.146922 0.129789 0.002574
v 0.152068 0.127657 0.002574
v 0.156818 0.124746 0.002574
v 0.161054 0.121128 0.002574
v 0.164672 0.116893 0.002574
v 0.167582 0.112143 0.002574
v 0.169714 0.106996 0.002574
v 0.171014 0.101580 0.002574
v 0.171451 0.096026 0.002574
v 0.135952 0.131461 0.003146
v 0.141495 0.131025 0.003146
v 0.146902 0.129727 0.003146
v 0.152039 0.127599 0.003146
v 0.156780 0.124694 0.003146
v 0.161008 0.121083 0.003146
v 0.164619 0.116855 0.003146
v 0.167525 0.112114 0.003146
v 0.169653 0.106976 0.003146
v 0.170951 0.101570 0.003146
v 0.171387 0.096026 0.003146
v 0.135952 0.131271 0.003690
v 0.141465 0.130837 0.003690
v 0.146843 0.129546 0.003690
v 0.151953 0.127430 0.003690
v 0.156668 0.124540 0.003690
v 0.160874 0.120948 0.003690
v 0.164465 0.116743 0.003690
v 0.167355 0.112027 0.003690
v 0.169471 0.106918 0.003690
v 0.170763 0.101540 0.003690
v 0.171196 0.096026 0.003690
v 0.135952 0.130964 0.004178
v 0.141417 0.130534 0.004178
v 0.146748 0.129254 0.004178
v 0.151813 0.127156 0.004178
v 0.156488 0.124292 0.004178
v 0.160657 0.120731 0.004178
v 0.164217 0.116562 0.004178
v 0.167082 0.111888 0.004178
v 0.169180 0.106823 0.004178
v 0.170460 0.101492 0.004178
v 0.170890 0.096026 0.004178
v 0.135952 0.130557 0.004586
v 0.141354 0.130132 0.004586
v 0.146622 0.128867 0.004586
v 0.151628 0.126793 0.004586
v 0.156248 0.123962 0.004586
v 0.160369 0.120443 0.004586
v 0.163888 0.116323 0.004586
v 0.166719 0.111703 0.004586
v 0.168792 0.106697 0.004586
v 0.170057 0.101428 0.004586
v 0.170482 0.096026 0.004586
v 0.135952 0.130069 0.004892
v 0.141277 0.129650 0.004892
v 0.146472 0.128403 0.004892
v 0.151407 0.126359 0.004892
v 0.155962 0.123567 0.004892
v 0.160023 0.120098 0.004892
v 0.163493 0.116036 0.004892
v 0.166284 0.111481 0.004892
v 0.168328 0.106546 0.004892
v 0.169575 0.101352 0.004892
v 0.169994 0.096026 0.004892
v 0.135952 0.129525 0.005083
v 0.141192 0.129113 0.005083
v 0.146303 0.127885 0.005083
v 0.151160 0.125874 0.005083
v 0.155642 0.123127 0.005083
v 0.159639 0.119713 0.005083
v 0.163053 0.115716 0.005083
v 0.165799 0.111234 0.005083
v 0.167811 0.106378 0.005083
v 0.169038 0.101267 0.005083
v 0.169450 0.096026 0.005083
v 0.135952 0.128952 0.005147
v 0.141103 0.128547 0.005147
v 0.146126 0.127341 0.005147
v 0.150900 0.125364 0.005147
v 0.155305 0.122664 0.005147
v 0.159234 0.119309 0.005147
v 0.162589 0.115380 0.005147
v 0.165289 0.110974 0.005147
v 0.167266 0.106201 0.005147
v 0.168472 0.101177 0.005147
v 0.168878 0.096026 0.005147
v 0.167761 0.000000 0.004892
v 0.168305 -0.000003 0.005083
v 0.167273 0.000000 0.004586
v 0.166865 -0.000003 0.004178
v 0.166559 0.000000 0.003690
v 0.166369 0.000000 0.003146
v 0.166304 -0.000003 0.002574
v 0.166369 -0.000003 0.002001
v 0.166559 0.000000 0.001457
v 0.166369 -0.000003 0.002001
v 0.166865 -0.000003 0.000969
v 0.167273 0.000000 0.000562
v 0.167761 0.000000 0.000255
v 0.168305 0.000000 0.000065
v 0.168878 0.000000 0.000000
v 0.169450 0.000000 0.000065
v 0.169994 0.000003 0.000255
v 0.170482 0.000000 0.000562
v 0.170890 0.000000 0.000969
v 0.171196 0.000000 0.001457
v 0.171387 0.000000 0.002001
v 0.171451 0.000000 0.002574
v 0.171387 0.000000 0.003146
v 0.171196 0.000000 0.003690
v 0.170890 0.000000 0.004178
v 0.170482 0.000000 0.004586
v 0.169994 0.000000 0.004892
v 0.169450 0.000000 0.005083
v 0.168878 0.000000 0.005147
v 0.008693 0.128380 0.005083
v -0.135952 0.128380 0.005083
v -0.135952 0.127836 0.004892
v 0.008693 0.127836 0.004892
v -0.135952 0.127348 0.004586
v 0.008693 0.127348 0.004586
v -0.135952 0.126940 0.004178
v 0.008693 0.126940 0.004178
v -0.135952 0.126633 0.003690
v 0.008693 0.126633 0.003690
v -0.135952 0.126443 0.003146
v 0.008693 0.126443 0.003146
v -0.135952 0.126379 0.002574
v 0.008693 0.126379 0.002574
v -0.135952 0.126443 0.002001
v 0.008693 0.126443 0.002001
v 0.008693 0.126443 0.002001
v -0.135952 0.126443 0.002001
v -0.135952 0.126633 0.001457
v 0.008693 0.126633 0.001457
v -0.135952 0.126940 0.000969
v 0.008693 0.126940 0.000969
v -0.135952 0.127348 0.000562
v 0.008693 0.127348 0.000562
v -0.135952 0.127836 0.000255
v 0.008693 0.127836 0.000255
v -0.135952 0.128380 0.000065
v 0.008693 0.128380 0.000065
v -0.135952 0.128952 0.000000
v 0.008693 0.128952 0.000000
v -0.135952 0.129525 0.000065
v 0.008693 0.129525 0.000065
v -0.135952 0.130069 0.000255
v 0.008693 0.130069 0.000255
v -0.135952 0.130557 0.000562
v 0.008693 0.130557 0.000562
v -0.135952 0.130964 0.000969
v 0.008693 0.130964 0.000969
v -0.135952 0.131271 0.001457
v 0.008693 0.131271 0.001457
v -0.135952 0.131461 0.002001
v 0.008693 0.131461 0.002001
v -0.135952 0.131526 0.002574
v 0.008693 0.131526 0.002574
v -0.135952 0.131461 0.003146
v 0.008693 0.131461 0.003146
v -0.135952 0.131271 0.003690
v 0.008693 0.131271 0.003690
v -0.135952 0.130964 0.004178
v 0.008693 0.130964 0.004178
v -0.135952 0.130557 0.004586
v 0.008693 0.130557 0.004586
v -0.135952 0.130069 0.004892
v 0.008693 0.130069 0.004892
v -0.135952 0.129525 0.005083
v 0.008693 0.129525 0.005083
v -0.135952 0.128952 0.005147
v 0.008693 0.128952 0.005147
v -0.141013 0.127981 0.005083
v -0.140928 0.127444 0.004892
v -0.145949 0.126796 0.005083
v -0.145781 0.126279 0.004892
v -0.150640 0.124853 0.005083
v -0.150393 0.124369 0.004892
v -0.154969 0.122201 0.005083
v -0.154649 0.121761 0.004892
v -0.158829 0.118904 0.005083
v -0.158444 0.118519 0.004892
v -0.162126 0.115043 0.005083
v -0.161686 0.114723 0.004892
v -0.164779 0.110714 0.005083
v -0.164294 0.110467 0.004892
v -0.166721 0.106024 0.005083
v -0.166204 0.105856 0.004892
v -0.167907 0.101088 0.005083
v -0.167369 0.101002 0.004892
v -0.168305 0.096026 0.005083
v -0.167761 0.096026 0.004892
v -0.140852 0.126962 0.004586
v -0.145631 0.125815 0.004586
v -0.150171 0.123934 0.004586
v -0.154362 0.121366 0.004586
v -0.158099 0.118174 0.004586
v -0.161291 0.114437 0.004586
v -0.163859 0.110246 0.004586
v -0.165740 0.105705 0.004586
v -0.166887 0.100926 0.004586
v -0.167273 0.096026 0.004586
v -0.140788 0.126560 0.004178
v -0.145505 0.125427 0.004178
v -0.149986 0.123571 0.004178
v -0.154122 0.121036 0.004178
v -0.157811 0.117886 0.004178
v -0.160962 0.114197 0.004178
v -0.163496 0.110061 0.004178
v -0.165352 0.105579 0.004178
v -0.166485 0.100862 0.004178
v -0.166865 0.096026 0.004178
v -0.140740 0.126257 0.003690
v -0.145410 0.125135 0.003690
v -0.149847 0.123298 0.003690
v -0.153942 0.120788 0.003690
v -0.157594 0.117669 0.003690
v -0.160713 0.114017 0.003690
v -0.163223 0.109922 0.003690
v -0.165061 0.105485 0.003690
v -0.166182 0.100814 0.003690
v -0.166559 0.096026 0.003690
v -0.140710 0.126069 0.003146
v -0.145351 0.124954 0.003146
v -0.149761 0.123128 0.003146
v -0.153830 0.120634 0.003146
v -0.157460 0.117534 0.003146
v -0.160559 0.113905 0.003146
v -0.163053 0.109835 0.003146
v -0.164880 0.105426 0.003146
v -0.165994 0.100785 0.003146
v -0.166369 0.096026 0.003146
v -0.140700 0.126005 0.002574
v -0.145331 0.124893 0.002574
v -0.149731 0.123070 0.002574
v -0.153792 0.120582 0.002574
v -0.157414 0.117489 0.002574
v -0.160507 0.113867 0.002574
v -0.162996 0.109806 0.002574
v -0.164818 0.105406 0.002574
v -0.165930 0.100775 0.002574
v -0.166304 0.096026 0.002574
v -0.140710 0.126069 0.002001
v -0.145351 0.124954 0.002001
v -0.149761 0.123128 0.002001
v -0.153830 0.120634 0.002001
v -0.157460 0.117534 0.002001
v -0.160559 0.113905 0.002001
v -0.163053 0.109835 0.002001
v -0.164880 0.105426 0.002001
v -0.165994 0.100785 0.002001
v -0.166369 0.096026 0.002001
v -0.140710 0.126069 0.002001
v -0.140740 0.126257 0.001457
v -0.145351 0.124954 0.002001
v -0.145410 0.125135 0.001457
v -0.149761 0.123128 0.002001
v -0.149847 0.123298 0.001457
v -0.153830 0.120634 0.002001
v -0.153942 0.120788 0.001457
v -0.157460 0.117534 0.002001
v -0.157594 0.117669 0.001457
v -0.160559 0.113905 0.002001
v -0.160713 0.114017 0.001457
v -0.163053 0.109835 0.002001
v -0.163223 0.109922 0.001457
v -0.164880 0.105426 0.002001
v -0.165061 0.105485 0.001457
v -0.165994 0.100785 0.002001
v -0.166182 0.100814 0.001457
v -0.166369 0.096026 0.002001
v -0.166559 0.096026 0.001457
v -0.140788 0.126560 0.000969
v -0.145505 0.125427 0.000969
v -0.149986 0.123571 0.000969
v -0.154122 0.121036 0.000969
v -0.157811 0.117886 0.000969
v -0.160962 0.114197 0.000969
v -0.163496 0.110061 0.000969
v -0.165352 0.105579 0.000969
v -0.166485 0.100862 0.000969
v -0.166865 0.096026 0.000969
v -0.140852 0.126962 0.000562
v -0.145631 0.125815 0.000562
v -0.150171 0.123934 0.000562
v -0.154362 0.121366 0.000562
v -0.158099 0.118174 0.000562
v -0.161291 0.114437 0.000562
v -0.163859 0.110246 0.000562
v -0.165740 0.105705 0.000562
v -0.166887 0.100926 0.000562
v -0.167273 0.096026 0.000562
v -0.140928 0.127444 0.000255
v -0.145781 0.126279 0.000255
v -0.150393 0.124369 0.000255
v -0.154649 0.121761 0.000255
v -0.158444 0.118519 0.000255
v -0.161686 0.114723 0.000255
v -0.164294 0.110467 0.000255
v -0.166204 0.105856 0.000255
v -0.167369 0.101002 0.000255
v -0.167761 0.096026 0.000255
v -0.141013 0.127981 0.000065
v -0.145949 0.126796 0.000065
v -0.150640 0.124853 0.000065
v -0.154969 0.122201 0.000065
v -0.158829 0.118904 0.000065
v -0.162126 0.115043 0.000065
v -0.164779 0.110714 0.000065
v -0.166721 0.106024 0.000065
v -0.167907 0.101088 0.000065
v -0.168305 0.096026 0.000065
v -0.141103 0.128547 0.000000
v -0.146126 0.127341 0.000000
v -0.150900 0.125364 0.000000
v -0.155305 0.122664 0.000000
v -0.159234 0.119309 0.000000
v -0.162589 0.115380 0.000000
v -0.165289 0.110974 0.000000
v -0.167266 0.106201 0.000000
v -0.168472 0.101177 0.000000
v -0.168878 0.096026 0.000000
v -0.141192 0.129113 0.000065
v -0.146303 0.127885 0.000065
v -0.151160 0.125874 0.000065
v -0.155642 0.123127 0.000065
v -0.159639 0.119713 0.000065
v -0.163053 0.115716 0.000065
v -0.165799 0.111234 0.000065
v -0.167811 0.106378 0.000065
v -0.169038 0.101267 0.000065
v -0.169450 0.096026 0.000065
v -0.141277 0.129650 0.000255
v -0.146472 0.128403 0.000255
v -0.151407 0.126359 0.000255
v -0.155962 0.123567 0.000255
v -0.160023 0.120098 0.000255
v -0.163493 0.116036 0.000255
v -0.166284 0.111481 0.000255
v -0.168328 0.106546 0.000255
v -0.169575 0.101352 0.000255
v -0.169994 0.096026 0.000255
v -0.141354 0.130132 0.000562
v -0.146622 0.128867 0.000562
v -0.151628 0.126793 0.000562
v -0.156248 0.123962 0.000562
v -0.160369 0.120443 0.000562
v -0.163888 0.116323 0.000562
v -0.166719 0.111703 0.000562
v -0.168792 0.106697 0.000562
v -0.170057 0.101428 0.000562
v -0.170482 0.096026 0.000562
v -0.141417 0.130534 0.000969
v -0.146748 0.129254 0.000969
v -0.151813 0.127156 0.000969
v -0.156488 0.124292 0.000969
v -0.160657 0.120731 0.000969
v -0.164217 0.116562 0.000969
v -0.167082 0.111888 0.000969
v -0.169180 0.106823 0.000969
v -0.170460 0.101492 0.000969
v -0.170890 0.096026 0.000969
v -0.141465 0.130837 0.001457
v -0.146843 0.129546 0.001457
v -0.151953 0.127430 0.001457
v -0.156668 0.124540 0.001457
v -0.160874 0.120948 0.001457
v -0.164465 0.116743 0.001457
v -0.167355 0.112027 0.001457
v -0.169471 0.106918 0.001457
v -0.170763 0.101540 0.001457
v -0.171196 0.096026 0.001457
v -0.141495 0.131025 0.002001
v -0.146902 0.129727 0.002001
v -0.152039 0.127599 0.002001
v -0.156780 0.124694 0.002001
v -0.161008 0.121083 0.002001
v -0.164619 0.116855 0.002001
v -0.167525 0.112114 0.002001
v -0.169653 0.106976 0.002001
v -0.170951 0.101570 0.002001
v -0.171387 0.096026 0.002001
v -0.141505 0.131089 0.002574
v -0.146922 0.129789 0.002574
v -0.152068 0.127657 0.002574
v -0.156818 0.124746 0.002574
v -0.161054 0.121128 0.002574
v -0.164672 0.116893 0.002574
v -0.167582 0.112143 0.002574
v -0.169714 0.106996 0.002574
v -0.171014 0.101580 0.002574
v -0.171451 0.096026 0.002574
v -0.141495 0.131025 0.003146
v -0.146902 0.129727 0.003146
v -0.152039 0.127599 0.003146
v -0.156780 0.124694 0.003146
v -0.161008 0.121083 0.003146
v -0.164619 0.116855 0.003146
v -0.167525 0.112114 0.003146
v -0.169653 0.106976 0.003146
v -0.170951 0.101570 0.003146
v -0.171387 0.096026 0.003146
v -0.141465 0.130837 0.003690
v -0.146843 0.129546 0.003690
v -0.151953 0.127430 0.003690
v -0.156668 0.124540 0.003690
v -0.160874 0.120948 0.003690
v -0.164465 0.116743 0.003690
v -0.167355 0.112027 0.003690
v -0.169471 0.106918 0.003690
v -0.170763 0.101540 0.003690
v -0.171196 0.096026 0.003690
v -0.141417 0.130534 0.004178
v -0.146748 0.129254 0.004178
v -0.151813 0.127156 0.004178
v -0.156488 0.124292 0.004178
v -0.160657 0.120731 0.004178
v -0.164217 0.116562 0.004178
v -0.167082 0.111888 0.004178
v -0.169180 0.106823 0.004178
v -0.170460 0.101492 0.004178
v -0.170890 0.096026 0.004178
v -0.141354 0.130132 0.004586
v -0.146622 0.128867 0.004586
v -0.151628 0.126793 0.004586
v -0.156248 0.123962 0.004586
v -0.160369 0.120443 0.004586
v -0.163888 0.116323 0.004586
v -0.166719 0.111703 0.004586
v -0.168792 0.106697 0.004586
v -0.170057 0.101428 0.004586
v -0.170482 0.096026 0.004586
v -0.141277 0.129650 0.004892
v -0.146472 0.128403 0.004892
v -0.151407 0.126359 0.004892
v -0.155962 0.123567 0.004892
v -0.160023 0.120098 0.004892
v -0.163493 0.116036 0.004892
v -0.166284 0.111481 0.004892
v -0.168328 0.106546 0.004892
v -0.169575 0.101352 0.004892
v -0.169994 0.096026 0.004892
v -0.141192 0.129113 0.005083
v -0.146303 0.127885 0.005083
v -0.151160 0.125874 0.005083
v -0.155642 0.123127 0.005083
v -0.159639 0.119713 0.005083
v -0.163053 0.115716 0.005083
v -0.165799 0.111234 0.005083
v -0.167811 0.106378 0.005083
v -0.169038 0.101267 0.005083
v -0.169450 0.096026 0.005083
v -0.141103 0.128547 0.005147
v -0.146126 0.127341 0.005147
v -0.150900 0.125364 0.005147
v -0.155305 0.122664 0.005147
v -0.159234 0.119309 0.005147
v -0.162589 0.115380 0.005147
v -0.165289 0.110974 0.005147
v -0.167266 0.106201 0.005147
v -0.168472 0.101177 0.005147
v -0.168878 0.096026 0.005147
v -0.168305 0.000000 0.005083
v -0.167761 0.000000 0.004892
v -0.167273 0.000000 0.004586
v -0.166865 0.000000 0.004178
v -0.166559 0.000000 0.003690
v -0.166369 0.000000 0.003146
v -0.166304 0.000000 0.002574
v -0.166369 0.000000 0.002001
v -0.166369 0.000000 0.002001
v -0.166559 0.000000 0.001457
v -0.166865 0.000000 0.000969
v -0.167273 0.000000 0.000562
v -0.167761 0.000000 0.000255
v -0.168305 0.000000 0.000065
v -0.168878 0.000000 0.000000
v -0.169450 0.000000 0.000065
v -0.169994 0.000000 0.000255
v -0.170482 0.000000 0.000562
v -0.170890 -0.000003 0.000969
v -0.171196 -0.000003 0.001457
v -0.171387 0.000000 0.002001
v -0.171451 0.000003 0.002574
v -0.171387 -0.000003 0.003146
v -0.171196 -0.000003 0.003690
v -0.170890 -0.000003 0.004178
v -0.170482 0.000000 0.004586
v -0.169994 -0.000003 0.004892
v -0.169450 -0.000003 0.005083
v -0.168878 0.000000 0.005147
v 0.050507 -0.127447 0.160307
v 0.135221 -0.127447 0.160307
v 0.135221 -0.127447 0.119296
v 0.050507 -0.127447 0.119296
v -0.050507 0.127447 0.119296
v -0.050507 0.127447 0.160307
v -0.135221 0.127447 0.160307
v -0.135221 0.127447 0.119296
v 0.167447 -0.095221 0.160307
v 0.167447 0.095221 0.160307
v 0.167447 0.095221 0.119296
v 0.167447 -0.095221 0.119296
v -0.167447 0.095221 0.160307
v -0.167447 -0.095221 0.160307
v -0.167447 -0.095221 0.119296
v -0.167447 0.095221 0.119296
v -0.165849 -0.105309 0.160307
v -0.165849 -0.105309 0.119296
v -0.161305 -0.114227 0.160307
v -0.161305 -0.114227 0.119296
v -0.154227 -0.121305 0.160307
v -0.154227 -0.121305 0.119296
v -0.145308 -0.125850 0.160307
v -0.145308 -0.125850 0.119296
v -0.135221 -0.127447 0.160307
v -0.135221 -0.127447 0.119296
v 0.145308 -0.125850 0.160307
v 0.145308 -0.125850 0.119296
v 0.154227 -0.121305 0.160307
v 0.154227 -0.121305 0.119296
v 0.161305 -0.114227 0.160307
v 0.161305 -0.114227 0.119296
v 0.165849 -0.105309 0.160307
v 0.165849 -0.105309 0.119296
v -0.165849 0.105309 0.119296
v -0.165849 0.105309 0.160307
v -0.161305 0.114227 0.119296
v -0.161305 0.114227 0.160307
v -0.154227 0.121305 0.119296
v -0.154227 0.121305 0.160307
v -0.145308 0.125850 0.119296
v -0.145308 0.125850 0.160307
v 0.135221 0.127447 0.160307
v 0.135221 0.127447 0.119296
v 0.145308 0.125850 0.119296
v 0.145308 0.125850 0.160307
v 0.154227 0.121305 0.119296
v 0.154227 0.121305 0.160307
v 0.154227 0.121305 0.160307
v 0.154227 0.121305 0.119296
v 0.161305 0.114227 0.119296
v 0.161305 0.114227 0.160307
v 0.165849 0.105309 0.119296
v 0.165849 0.105309 0.160307
v -0.050507 -0.127447 0.160307
v -0.050507 -0.127447 0.119296
v 0.050507 0.127447 0.160307
v 0.050507 0.127447 0.119296
v 0.050507 -0.129998 0.160307
v 0.050507 -0.129998 0.119296
v 0.135422 -0.129998 0.119296
v 0.135422 -0.129998 0.160307
v -0.050507 0.129998 0.119296
v -0.135422 0.129998 0.119296
v -0.135422 0.129998 0.160307
v -0.050507 0.129998 0.160307
v 0.169998 -0.095422 0.160307
v 0.169998 -0.095422 0.119296
v 0.169998 0.095422 0.119296
v 0.169998 0.095422 0.160307
v -0.169998 0.095422 0.160307
v -0.169998 0.095422 0.119296
v -0.169998 -0.095422 0.119296
v -0.169998 -0.095422 0.160307
v -0.168306 -0.106107 0.119296
v -0.168306 -0.106107 0.160307
v -0.163394 -0.115746 0.119296
v -0.163394 -0.115746 0.160307
v -0.155745 -0.123395 0.119296
v -0.155745 -0.123395 0.160307
v -0.146106 -0.128306 0.119296
v -0.146106 -0.128306 0.160307
v -0.135422 -0.129998 0.119296
v -0.135422 -0.129998 0.160307
v 0.146106 -0.128306 0.119296
v 0.146106 -0.128306 0.160307
v 0.155745 -0.123395 0.119296
v 0.155745 -0.123395 0.160307
v 0.163394 -0.115746 0.119296
v 0.163394 -0.115746 0.160307
v 0.168306 -0.106107 0.119296
v 0.168306 -0.106107 0.160307
v -0.168306 0.106107 0.160307
v -0.168306 0.106107 0.119296
v -0.163394 0.115746 0.160307
v -0.163394 0.115746 0.119296
v -0.163394 0.115746 0.160307
v -0.155745 0.123395 0.160307
v -0.155745 0.123395 0.119296
v -0.163394 0.115746 0.119296
v -0.146106 0.128306 0.160307
v -0.146106 0.128306 0.119296
v 0.135422 0.129998 0.160307
v 0.146106 0.128306 0.160307
v 0.146106 0.128306 0.119296
v 0.135422 0.129998 0.119296
v 0.155745 0.123395 0.160307
v 0.155745 0.123395 0.119296
v 0.163394 0.115746 0.160307
v 0.163394 0.115746 0.119296
v 0.168306 0.106107 0.160307
v 0.168306 0.106107 0.119296
v -0.050507 -0.129998 0.119296
v -0.050507 -0.129998 0.160307
v 0.050507 0.129998 0.119296
v 0.050507 0.129998 0.160307
v -0.169998 -0.095422 0.000309
v -0.168306 -0.106107 0.000309
v -0.163394 -0.115746 0.000309
v -0.155745 -0.123395 0.000309
v -0.146106 -0.128306 0.000309
v -0.135422 -0.129998 0.000309
v -0.050507 -0.129998 0.000309
v 0.050507 -0.129998 0.000309
v 0.135422 -0.129998 0.000309
v 0.146106 -0.128306 0.000309
v 0.155745 -0.123395 0.000309
v 0.163394 -0.115746 0.000309
v 0.168306 -0.106107 0.000309
v 0.169998 -0.095422 0.000309
v 0.169998 0.095422 0.000309
v 0.168306 0.106107 0.000309
v 0.163394 0.115746 0.000309
v 0.155745 0.123395 0.000309
v 0.146106 0.128306 0.000309
v 0.135422 0.129998 0.000309
v 0.050507 0.129998 0.000309
v -0.050507 0.129998 0.000309
v -0.135422 0.129998 0.000309
v -0.146106 0.128306 0.000309
v -0.155745 0.123395 0.000309
v -0.163394 0.115746 0.000309
v -0.163394 0.115746 0.000309
v -0.168306 0.106107 0.000309
v -0.169998 0.095422 0.000309
v -0.050507 -0.129998 0.000309
v -0.135422 -0.129998 0.000309
v 0.000000 0.000000 0.000309
v -0.169998 -0.095422 0.000309
v -0.169998 0.095422 0.000309
v -0.135422 0.129998 0.000309
v -0.050507 0.129998 0.000309
v 0.169998 0.095422 0.000309
v 0.169998 -0.095422 0.000309
v -0.168306 -0.106107 0.000309
v -0.163394 -0.115746 0.000309
v -0.155745 -0.123395 0.000309
v -0.146106 -0.128306 0.000309
v 0.146106 -0.128306 0.000309
v 0.135422 -0.129998 0.000309
v 0.155745 -0.123395 0.000309
v 0.163394 -0.115746 0.000309
v 0.168306 -0.106107 0.000309
v -0.168306 0.106107 0.000309
v -0.163394 0.115746 0.000309
v -0.155745 0.123395 0.000309
v -0.146106 0.128306 0.000309
v 0.135422 0.129998 0.000309
v 0.146106 0.128306 0.000309
v 0.155745 0.123395 0.000309
v 0.163394 0.115746 0.000309
v 0.168306 0.106107 0.000309
v 0.050507 -0.129998 0.000309
v 0.050507 0.129998 0.000309
v 0.050507 -0.129998 0.160307
v 0.050507 -0.127447 0.160307
v 0.050507 -0.127447 0.119296
v 0.050507 -0.129998 0.119296
v 0.135422 -0.129998 0.160307
v 0.135221 -0.127447 0.160307
v 0.050507 -0.127447 0.160307
v 0.050507 -0.129998 0.160307
v -0.135422 0.129998 0.160307
v -0.135221 0.127447 0.160307
v -0.050507 0.127447 0.160307
v -0.050507 0.129998 0.160307
v -0.050507 0.129998 0.160307
v -0.050507 0.127447 0.160307
v -0.050507 0.127447 0.119296
v -0.050507 0.129998 0.119296
v 0.169998 0.095422 0.160307
v 0.167447 0.095221 0.160307
v 0.167447 -0.095221 0.160307
v 0.169998 -0.095422 0.160307
v -0.169998 -0.095422 0.160307
v -0.167447 -0.095221 0.160307
v -0.167447 0.095221 0.160307
v -0.169998 0.095422 0.160307
v -0.168306 -0.106107 0.160307
v -0.165849 -0.105309 0.160307
v -0.163394 -0.115746 0.160307
v -0.161305 -0.114227 0.160307
v -0.155745 -0.123395 0.160307
v -0.154227 -0.121305 0.160307
v -0.146106 -0.128306 0.160307
v -0.145308 -0.125850 0.160307
v -0.135422 -0.129998 0.160307
v -0.135221 -0.127447 0.160307
v 0.146106 -0.128306 0.160307
v 0.145308 -0.125850 0.160307
v 0.155745 -0.123395 0.160307
v 0.154227 -0.121305 0.160307
v 0.163394 -0.115746 0.160307
v 0.161305 -0.114227 0.160307
v 0.168306 -0.106107 0.160307
v 0.165849 -0.105309 0.160307
v -0.165849 0.105309 0.160307
v -0.168306 0.106107 0.160307
v -0.161305 0.114227 0.160307
v -0.163394 0.115746 0.160307
v -0.154227 0.121305 0.160307
v -0.155745 0.123395 0.160307
v -0.145308 0.125850 0.160307
v -0.146106 0.128306 0.160307
v 0.135422 0.129998 0.160307
v 0.135221 0.127447 0.160307
v 0.145308 0.125850 0.160307
v 0.146106 0.128306 0.160307
v 0.154227 0.121305 0.160307
v 0.155745 0.123395 0.160307
v 0.161305 0.114227 0.160307
v 0.163394 0.115746 0.160307
v 0.165849 0.105309 0.160307
v 0.168306 0.106107 0.160307
v -0.050507 -0.129998 0.119296
v -0.050507 -0.127447 0.119296
v -0.050507 -0.127447 0.160307
v -0.050507 -0.129998 0.160307
v -0.050507 -0.129998 0.160307
v -0.050507 -0.127447 0.160307
v 0.050507 0.129998 0.119296
v 0.050507 0.127447 0.119296
v 0.050507 0.127447 0.160307
v 0.050507 0.129998 0.160307
v 0.050507 0.129998 0.160307
v 0.050507 0.127447 0.160307
v 0.050507 -0.129998 0.119296
v 0.050507 -0.127447 0.119296
v -0.050507 -0.127447 0.119296
v -0.050507 -0.129998 0.119296
v -0.050507 0.129998 0.119296
v -0.050507 0.127447 0.119296
v 0.050507 0.127447 0.119296
v 0.050507 0.129998 0.119296
v -0.167447 -0.095221 0.008404
v -0.165849 -0.105309 0.008404
v -0.161305 -0.114227 0.008404
v -0.154227 -0.121305 0.008404
v -0.145308 -0.125850 0.008404
v -0.135221 -0.127447 0.008404
v -0.050507 -0.127447 0.008603
v 0.050507 -0.127447 0.008603
v 0.135221 -0.127447 0.008404
v 0.145308 -0.125850 0.008404
v 0.154227 -0.121305 0.008404
v 0.161305 -0.114227 0.008404
v 0.165849 -0.105309 0.008404
v 0.167447 -0.095221 0.008404
v 0.167447 0.095221 0.008404
v 0.165849 0.105309 0.008404
v 0.161305 0.114227 0.008404
v 0.154227 0.121305 0.008404
v 0.145308 0.125850 0.008404
v 0.154227 0.121305 0.008404
v 0.135221 0.127447 0.008404
v 0.050507 0.127447 0.008603
v -0.050507 0.127447 0.008603
v -0.135221 0.127447 0.008404
v -0.145308 0.125850 0.008404
v -0.154227 0.121305 0.008404
v -0.161305 0.114227 0.008404
v -0.165849 0.105309 0.008404
v -0.167447 0.095221 0.008404
v -0.048391 -0.122109 0.002860
v 0.000000 0.000000 0.002860
v -0.134785 -0.121903 0.002860
v -0.161902 -0.094785 0.002860
v -0.161902 0.094785 0.002860
v -0.134785 0.121903 0.002860
v -0.048391 0.122109 0.002860
v 0.161902 0.094785 0.002860
v 0.161902 -0.094785 0.002860
v -0.160510 -0.103574 0.002860
v -0.156763 -0.110928 0.002860
v -0.150927 -0.116764 0.002860
v -0.143574 -0.120511 0.002860
v 0.143574 -0.120511 0.002860
v 0.134785 -0.121903 0.002860
v 0.150927 -0.116764 0.002860
v 0.156763 -0.110928 0.002860
v 0.160510 -0.103574 0.002860
v -0.160510 0.103574 0.002860
v -0.156763 0.110928 0.002860
v -0.150927 0.116764 0.002860
v -0.143574 0.120511 0.002860
v 0.134785 0.121903 0.002860
v 0.143574 0.120511 0.002860
v 0.150927 0.116764 0.002860
v 0.156763 0.110928 0.002860
v 0.160510 0.103574 0.002860
v 0.048391 -0.122109 0.002860
v 0.048391 0.122109 0.002860
v -0.164675 -0.095003 0.003603
v -0.164675 0.095003 0.003603
v -0.166704 -0.095163 0.005632
v -0.166704 0.095163 0.005632
v -0.166704 -0.095163 0.005632
v -0.166704 0.095163 0.005632
v -0.163180 -0.104441 0.003603
v -0.165134 -0.105076 0.005632
v -0.165134 -0.105076 0.005632
v -0.159034 -0.112578 0.003603
v -0.160696 -0.113785 0.005632
v -0.160696 -0.113785 0.005632
v -0.152577 -0.119035 0.003603
v -0.153785 -0.120697 0.005632
v -0.153785 -0.120697 0.005632
v -0.144441 -0.123180 0.003603
v -0.145076 -0.125134 0.005632
v -0.153785 -0.120697 0.005632
v -0.145076 -0.125134 0.005632
v -0.135003 -0.124675 0.003603
v -0.135162 -0.126705 0.005632
v -0.135162 -0.126705 0.005632
v -0.049449 -0.124778 0.003629
v -0.050224 -0.126732 0.005731
v -0.050224 -0.126732 0.005731
v 0.049449 -0.124778 0.003629
v 0.050224 -0.126732 0.005731
v 0.050224 -0.126732 0.005731
v 0.135003 -0.124675 0.003603
v 0.135163 -0.126705 0.005632
v 0.135163 -0.126705 0.005632
v 0.144441 -0.123180 0.003603
v 0.145076 -0.125134 0.005632
v 0.145076 -0.125134 0.005632
v 0.152577 -0.119035 0.003603
v 0.153785 -0.120697 0.005632
v 0.153785 -0.120697 0.005632
v 0.159034 -0.112578 0.003603
v 0.160696 -0.113785 0.005632
v 0.160696 -0.113785 0.005632
v 0.163180 -0.104441 0.003603
v 0.165134 -0.105076 0.005632
v 0.160696 -0.113785 0.005632
v 0.165134 -0.105076 0.005632
v 0.164675 -0.095003 0.003603
v 0.166704 -0.095163 0.005632
v 0.166704 -0.095163 0.005632
v 0.164675 0.095003 0.003603
v 0.166704 0.095163 0.005632
v 0.166704 0.095163 0.005632
v 0.163180 0.104441 0.003603
v 0.165134 0.105076 0.005632
v 0.165134 0.105076 0.005632
v 0.159034 0.112578 0.003603
v 0.160696 0.113785 0.005632
v 0.160696 0.113785 0.005632
v 0.152577 0.119035 0.003603
v 0.153785 0.120697 0.005632
v 0.153785 0.120697 0.005632
v 0.144441 0.123180 0.003603
v 0.145076 0.125134 0.005632
v 0.153785 0.120697 0.005632
v 0.145076 0.125134 0.005632
v 0.135003 0.124675 0.003603
v 0.135162 0.126705 0.005632
v 0.135162 0.126705 0.005632
v 0.049449 0.124778 0.003629
v 0.050224 0.126732 0.005731
v 0.050224 0.126732 0.005731
v -0.049449 0.124778 0.003629
v -0.050224 0.126732 0.005731
v -0.050224 0.126732 0.005731
v -0.135003 0.124675 0.003603
v -0.135163 0.126705 0.005632
v -0.135163 0.126705 0.005632
v -0.144441 0.123180 0.003603
v -0.145076 0.125134 0.005632
v -0.145076 0.125134 0.005632
v -0.152577 0.119035 0.003603
v -0.153785 0.120697 0.005632
v -0.153785 0.120697 0.005632
v -0.159034 0.112578 0.003603
v -0.160696 0.113785 0.005632
v -0.160696 0.113785 0.005632
v -0.163180 0.104441 0.003603
v -0.165134 0.105076 0.005632
v -0.165134 0.105076 0.005632
v 0.135952 0.127836 0.163825
v 0.140928 0.127444 0.163825
v 0.141013 0.127981 0.164016
v 0.135952 0.128380 0.164016
v 0.145781 0.126279 0.163825
v 0.145949 0.126796 0.164016
v 0.150393 0.124369 0.163825
v 0.150640 0.124853 0.164016
v 0.154649 0.121761 0.163825
v 0.154969 0.122201 0.164016
v 0.158444 0.118519 0.163825
v 0.158829 0.118904 0.164016
v 0.161686 0.114723 0.163825
v 0.162126 0.115043 0.164016
v 0.164294 0.110467 0.163825
v 0.164779 0.110714 0.164016
v 0.166204 0.105856 0.163825
v 0.166721 0.106024 0.164016
v 0.167369 0.101002 0.163825
v 0.167907 0.101088 0.164016
v 0.167761 0.096026 0.163825
v 0.168305 0.096026 0.164016
v 0.135952 0.127348 0.163519
v 0.140852 0.126962 0.163519
v 0.145631 0.125815 0.163519
v 0.150171 0.123934 0.163519
v 0.154362 0.121366 0.163519
v 0.158099 0.118174 0.163519
v 0.161291 0.114437 0.163519
v 0.163859 0.110246 0.163519
v 0.165740 0.105705 0.163519
v 0.166887 0.100926 0.163519
v 0.167273 0.096026 0.163519
v 0.135952 0.126940 0.163111
v 0.140788 0.126560 0.163111
v 0.145505 0.125427 0.163111
v 0.149986 0.123571 0.163111
v 0.154122 0.121036 0.163111
v 0.157811 0.117886 0.163111
v 0.160962 0.114197 0.163111
v 0.163496 0.110061 0.163111
v 0.165352 0.105579 0.163111
v 0.166485 0.100862 0.163111
v 0.166865 0.096026 0.163111
v 0.135952 0.126633 0.162623
v 0.140740 0.126257 0.162623
v 0.145410 0.125135 0.162623
v 0.149847 0.123298 0.162623
v 0.153942 0.120788 0.162623
v 0.157594 0.117669 0.162623
v 0.160713 0.114017 0.162623
v 0.163223 0.109922 0.162623
v 0.165061 0.105485 0.162623
v 0.166182 0.100814 0.162623
v 0.166559 0.096026 0.162623
v 0.135952 0.126443 0.162079
v 0.140710 0.126069 0.162079
v 0.145351 0.124954 0.162079
v 0.149761 0.123128 0.162079
v 0.153830 0.120634 0.162079
v 0.157460 0.117534 0.162079
v 0.160559 0.113905 0.162079
v 0.163053 0.109835 0.162079
v 0.164880 0.105426 0.162079
v 0.165994 0.100785 0.162079
v 0.166369 0.096026 0.162079
v 0.135952 0.126379 0.161507
v 0.140700 0.126005 0.161507
v 0.145331 0.124893 0.161507
v 0.149731 0.123070 0.161507
v 0.153792 0.120582 0.161507
v 0.157414 0.117489 0.161507
v 0.160507 0.113867 0.161507
v 0.162996 0.109806 0.161507
v 0.164818 0.105406 0.161507
v 0.165930 0.100775 0.161507
v 0.166304 0.096026 0.161507
v 0.135952 0.126443 0.160934
v 0.140710 0.126069 0.160934
v 0.145351 0.124954 0.160934
v 0.149761 0.123128 0.160934
v 0.153830 0.120634 0.160934
v 0.157460 0.117534 0.160934
v 0.160559 0.113905 0.160934
v 0.163053 0.109835 0.160934
v 0.164880 0.105426 0.160934
v 0.165994 0.100785 0.160934
v 0.166369 0.096026 0.160934
v 0.135952 0.126633 0.160390
v 0.140740 0.126257 0.160390
v 0.140710 0.126069 0.160934
v 0.135952 0.126443 0.160934
v 0.145410 0.125135 0.160390
v 0.145351 0.124954 0.160934
v 0.149847 0.123298 0.160390
v 0.149761 0.123128 0.160934
v 0.153942 0.120788 0.160390
v 0.153830 0.120634 0.160934
v 0.157594 0.117669 0.160390
v 0.157460 0.117534 0.160934
v 0.160713 0.114017 0.160390
v 0.160559 0.113905 0.160934
v 0.163223 0.109922 0.160390
v 0.163053 0.109835 0.160934
v 0.165061 0.105485 0.160390
v 0.164880 0.105426 0.160934
v 0.166182 0.100814 0.160390
v 0.165994 0.100785 0.160934
v 0.166559 0.096026 0.160390
v 0.166369 0.096026 0.160934
v 0.135952 0.126940 0.159902
v 0.140788 0.126560 0.159902
v 0.145505 0.125427 0.159902
v 0.149986 0.123571 0.159902
v 0.154122 0.121036 0.159902
v 0.157811 0.117886 0.159902
v 0.160962 0.114197 0.159902
v 0.163496 0.110061 0.159902
v 0.165352 0.105579 0.159902
v 0.166485 0.100862 0.159902
v 0.166865 0.096026 0.159902
v 0.135952 0.127348 0.159494
v 0.140852 0.126962 0.159494
v 0.145631 0.125815 0.159494
v 0.150171 0.123934 0.159494
v 0.154362 0.121366 0.159494
v 0.158099 0.118174 0.159494
v 0.161291 0.114437 0.159494
v 0.163859 0.110246 0.159494
v 0.165740 0.105705 0.159494
v 0.166887 0.100926 0.159494
v 0.167273 0.096026 0.159494
v 0.135952 0.127836 0.159188
v 0.140928 0.127444 0.159188
v 0.145781 0.126279 0.159188
v 0.150393 0.124369 0.159188
v 0.154649 0.121761 0.159188
v 0.158444 0.118519 0.159188
v 0.161686 0.114723 0.159188
v 0.164294 0.110467 0.159188
v 0.166204 0.105856 0.159188
v 0.167369 0.101002 0.159188
v 0.167761 0.096026 0.159188
v 0.135952 0.128380 0.158997
v 0.141013 0.127981 0.158997
v 0.145949 0.126796 0.158997
v 0.150640 0.124853 0.158997
v 0.154969 0.122201 0.158997
v 0.158829 0.118904 0.158997
v 0.162126 0.115043 0.158997
v 0.164779 0.110714 0.158997
v 0.166721 0.106024 0.158997
v 0.167907 0.101088 0.158997
v 0.168305 0.096026 0.158997
v 0.135952 0.128952 0.158933
v 0.141103 0.128547 0.158933
v 0.146126 0.127341 0.158933
v 0.150900 0.125364 0.158933
v 0.155305 0.122664 0.158933
v 0.159234 0.119309 0.158933
v 0.162589 0.115380 0.158933
v 0.165289 0.110974 0.158933
v 0.167266 0.106201 0.158933
v 0.168472 0.101177 0.158933
v 0.168878 0.096026 0.158933
v 0.135952 0.129525 0.158997
v 0.141192 0.129113 0.158997
v 0.146303 0.127885 0.158997
v 0.151160 0.125874 0.158997
v 0.155642 0.123127 0.158997
v 0.159639 0.119713 0.158997
v 0.163053 0.115716 0.158997
v 0.165799 0.111234 0.158997
v 0.167811 0.106378 0.158997
v 0.169038 0.101267 0.158997
v 0.169450 0.096026 0.158997
v 0.135952 0.130069 0.159188
v 0.141277 0.129650 0.159188
v 0.146472 0.128403 0.159188
v 0.151407 0.126359 0.159188
v 0.155962 0.123567 0.159188
v 0.160023 0.120098 0.159188
v 0.163493 0.116036 0.159188
v 0.166284 0.111481 0.159188
v 0.168328 0.106546 0.159188
v 0.169575 0.101352 0.159188
v 0.169994 0.096026 0.159188
v 0.135952 0.130557 0.159494
v 0.141354 0.130132 0.159494
v 0.146622 0.128867 0.159494
v 0.151628 0.126793 0.159494
v 0.156248 0.123962 0.159494
v 0.160369 0.120443 0.159494
v 0.163888 0.116323 0.159494
v 0.166719 0.111703 0.159494
v 0.168792 0.106697 0.159494
v 0.170057 0.101428 0.159494
v 0.170482 0.096026 0.159494
v 0.135952 0.130964 0.159902
v 0.141417 0.130534 0.159902
v 0.146748 0.129254 0.159902
v 0.151813 0.127156 0.159902
v 0.156488 0.124292 0.159902
v 0.160657 0.120731 0.159902
v 0.164217 0.116562 0.159902
v 0.167082 0.111888 0.159902
v 0.169180 0.106823 0.159902
v 0.170460 0.101492 0.159902
v 0.170890 0.096026 0.159902
v 0.135952 0.131271 0.160390
v 0.141465 0.130837 0.160390
v 0.146843 0.129546 0.160390
v 0.151953 0.127430 0.160390
v 0.156668 0.124540 0.160390
v 0.160874 0.120948 0.160390
v 0.164465 0.116743 0.160390
v 0.167355 0.112027 0.160390
v 0.169471 0.106918 0.160390
v 0.170763 0.101540 0.160390
v 0.171196 0.096026 0.160390
v 0.135952 0.131461 0.160934
v 0.141495 0.131025 0.160934
v 0.146902 0.129727 0.160934
v 0.152039 0.127599 0.160934
v 0.156780 0.124694 0.160934
v 0.161008 0.121083 0.160934
v 0.164619 0.116855 0.160934
v 0.167525 0.112114 0.160934
v 0.169653 0.106976 0.160934
v 0.170951 0.101570 0.160934
v 0.171387 0.096026 0.160934
v 0.135952 0.131526 0.161507
v 0.141505 0.131089 0.161507
v 0.146922 0.129789 0.161507
v 0.152068 0.127657 0.161507
v 0.156818 0.124746 0.161507
v 0.161054 0.121128 0.161507
v 0.164672 0.116893 0.161507
v 0.167582 0.112143 0.161507
v 0.169714 0.106996 0.161507
v 0.171014 0.101580 0.161507
v 0.171451 0.096026 0.161507
v 0.135952 0.131461 0.162079
v 0.141495 0.131025 0.162079
v 0.146902 0.129727 0.162079
v 0.152039 0.127599 0.162079
v 0.156780 0.124694 0.162079
v 0.161008 0.121083 0.162079
v 0.164619 0.116855 0.162079
v 0.167525 0.112114 0.162079
v 0.169653 0.106976 0.162079
v 0.170951 0.101570 0.162079
v 0.171387 0.096026 0.162079
v 0.135952 0.131271 0.162623
v 0.141465 0.130837 0.162623
v 0.146843 0.129546 0.162623
v 0.151953 0.127430 0.162623
v 0.156668 0.124540 0.162623
v 0.160874 0.120948 0.162623
v 0.164465 0.116743 0.162623
v 0.167355 0.112027 0.162623
v 0.169471 0.106918 0.162623
v 0.170763 0.101540 0.162623
v 0.171196 0.096026 0.162623
v 0.135952 0.130964 0.163111
v 0.141417 0.130534 0.163111
v 0.146748 0.129254 0.163111
v 0.151813 0.127156 0.163111
v 0.156488 0.124292 0.163111
v 0.160657 0.120731 0.163111
v 0.164217 0.116562 0.163111
v 0.167082 0.111888 0.163111
v 0.169180 0.106823 0.163111
v 0.170460 0.101492 0.163111
v 0.170890 0.096026 0.163111
v 0.135952 0.130557 0.163519
v 0.141354 0.130132 0.163519
v 0.146622 0.128867 0.163519
v 0.151628 0.126793 0.163519
v 0.156248 0.123962 0.163519
v 0.160369 0.120443 0.163519
v 0.163888 0.116323 0.163519
v 0.166719 0.111703 0.163519
v 0.168792 0.106697 0.163519
v 0.170057 0.101428 0.163519
v 0.170482 0.096026 0.163519
v 0.135952 0.130069 0.163825
v 0.141277 0.129650 0.163825
v 0.146472 0.128403 0.163825
v 0.151407 0.126359 0.163825
v 0.155962 0.123567 0.163825
v 0.160023 0.120098 0.163825
v 0.163493 0.116036 0.163825
v 0.166284 0.111481 0.163825
v 0.168328 0.106546 0.163825
v 0.169575 0.101352 0.163825
v 0.169994 0.096026 0.163825
v 0.135952 0.129525 0.164016
v 0.141192 0.129113 0.164016
v 0.146303 0.127885 0.164016
v 0.151160 0.125874 0.164016
v 0.155642 0.123127 0.164016
v 0.159639 0.119713 0.164016
v 0.163053 0.115716 0.164016
v 0.165799 0.111234 0.164016
v 0.167811 0.106378 0.164016
v 0.169038 0.101267 0.164016
v 0.169450 0.096026 0.164016
v 0.135952 0.128952 0.164080
v 0.141103 0.128547 0.164080
v 0.146126 0.127341 0.164080
v 0.150900 0.125364 0.164080
v 0.155305 0.122664 0.164080
v 0.159234 0.119309 0.164080
v 0.162589 0.115380 0.164080
v 0.165289 0.110974 0.164080
v 0.167266 0.106201 0.164080
v 0.168472 0.101177 0.164080
v 0.168878 0.096026 0.164080
v 0.167761 0.000000 0.163825
v 0.168305 -0.000003 0.164016
v 0.167273 0.000000 0.163519
v 0.166865 -0.000003 0.163111
v 0.166559 0.000000 0.162623
v 0.166369 0.000000 0.162079
v 0.166304 -0.000003 0.161507
v 0.166369 -0.000003 0.160934
v 0.166559 0.000000 0.160390
v 0.166369 -0.000003 0.160934
v 0.166865 -0.000003 0.159902
v 0.167273 0.000000 0.159494
v 0.167761 0.000000 0.159188
v 0.168305 0.000000 0.158997
v 0.168878 0.000000 0.158933
v 0.169450 0.000000 0.158997
v 0.169994 0.000003 0.159188
v 0.170482 0.000000 0.159494
v 0.170890 0.000000 0.159902
v 0.171196 0.000000 0.160390
v 0.171387 0.000000 0.160934
v 0.171451 0.000000 0.161507
v 0.171387 0.000000 0.162079
v 0.171196 0.000000 0.162623
v 0.170890 0.000000 0.163111
v 0.170482 0.000000 0.163519
v 0.169994 0.000000 0.163825
v 0.169450 0.000000 0.164016
v 0.168878 0.000000 0.164080
v 0.008693 0.128380 0.164016
v -0.135952 0.128380 0.164016
v -0.135952 0.127836 0.163825
v 0.008693 0.127836 0.163825
v -0.135952 0.127348 0.163519
v 0.008693 0.127348 0.163519
v -0.135952 0.126940 0.163111
v 0.008693 0.126940 0.163111
v -0.135952 0.126633 0.162623
v 0.008693 0.126633 0.162623
v -0.135952 0.126443 0.162079
v 0.008693 0.126443 0.162079
v -0.135952 0.126379 0.161507
v 0.008693 0.126379 0.161507
v -0.135952 0.126443 0.160934
v 0.008693 0.126443 0.160934
v 0.008693 0.126443 0.160934
v -0.135952 0.126443 0.160934
v -0.135952 0.126633 0.160390
v 0.008693 0.126633 0.160390
v -0.135952 0.126940 0.159902
v 0.008693 0.126940 0.159902
v -0.135952 0.127348 0.159494
v 0.008693 0.127348 0.159494
v -0.135952 0.127836 0.159188
v 0.008693 0.127836 0.159188
v -0.135952 0.128380 0.158997
v 0.008693 0.128380 0.158997
v -0.135952 0.128952 0.158933
v 0.008693 0.128952 0.158933
v -0.135952 0.129525 0.158997
v 0.008693 0.129525 0.158997
v -0.135952 0.130069 0.159188
v 0.008693 0.130069 0.159188
v -0.135952 0.130557 0.159494
v 0.008693 0.130557 0.159494
v -0.135952 0.130964 0.159902
v 0.008693 0.130964 0.159902
v -0.135952 0.131271 0.160390
v 0.008693 0.131271 0.160390
v -0.135952 0.131461 0.160934
v 0.008693 0.131461 0.160934
v -0.135952 0.131526 0.161507
v 0.008693 0.131526 0.161507
v -0.135952 0.131461 0.162079
v 0.008693 0.131461 0.162079
v -0.135952 0.131271 0.162623
v 0.008693 0.131271 0.162623
v -0.135952 0.130964 0.163111
v 0.008693 0.130964 0.163111
v -0.135952 0.130557 0.163519
v 0.008693 0.130557 0.163519
v -0.135952 0.130069 0.163825
v 0.008693 0.130069 0.163825
v -0.135952 0.129525 0.164016
v 0.008693 0.129525 0.164016
v -0.135952 0.128952 0.164080
v 0.008693 0.128952 0.164080
v -0.141013 0.127981 0.164016
v -0.140928 0.127444 0.163825
v -0.145949 0.126796 0.164016
v -0.145781 0.126279 0.163825
v -0.150640 0.124853 0.164016
v -0.150393 0.124369 0.163825
v -0.154969 0.122201 0.164016
v -0.154649 0.121761 0.163825
v -0.158829 0.118904 0.164016
v -0.158444 0.118519 0.163825
v -0.162126 0.115043 0.164016
v -0.161686 0.114723 0.163825
v -0.164779 0.110714 0.164016
v -0.164294 0.110467 0.163825
v -0.166721 0.106024 0.164016
v -0.166204 0.105856 0.163825
v -0.167907 0.101088 0.164016
v -0.167369 0.101002 0.163825
v -0.168305 0.096026 0.164016
v -0.167761 0.096026 0.163825
v -0.140852 0.126962 0.163519
v -0.145631 0.125815 0.163519
v -0.150171 0.123934 0.163519
v -0.154362 0.121366 0.163519
v -0.158099 0.118174 0.163519
v -0.161291 0.114437 0.163519
v -0.163859 0.110246 0.163519
v -0.165740 0.105705 0.163519
v -0.166887 0.100926 0.163519
v -0.167273 0.096026 0.163519
v -0.140788 0.126560 0.163111
v -0.145505 0.125427 0.163111
v -0.149986 0.123571 0.163111
v -0.154122 0.121036 0.163111
v -0.157811 0.117886 0.163111
v -0.160962 0.114197 0.163111
v -0.163496 0.110061 0.163111
v -0.165352 0.105579 0.163111
v -0.166485 0.100862 0.163111
v -0.166865 0.096026 0.163111
v -0.140740 0.126257 0.162623
v -0.145410 0.125135 0.162623
v -0.149847 0.123298 0.162623
v -0.153942 0.120788 0.162623
v -0.157594 0.117669 0.162623
v -0.160713 0.114017 0.162623
v -0.163223 0.109922 0.162623
v -0.165061 0.105485 0.162623
v -0.166182 0.100814 0.162623
v -0.166559 0.096026 0.162623
v -0.140710 0.126069 0.162079
v -0.145351 0.124954 0.162079
v -0.149761 0.123128 0.162079
v -0.153830 0.120634 0.162079
v -0.157460 0.117534 0.162079
v -0.160559 0.113905 0.162079
v -0.163053 0.109835 0.162079
v -0.164880 0.105426 0.162079
v -0.165994 0.100785 0.162079
v -0.166369 0.096026 0.162079
v -0.140700 0.126005 0.161507
v -0.145331 0.124893 0.161507
v -0.149731 0.123070 0.161507
v -0.153792 0.120582 0.161507
v -0.157414 0.117489 0.161507
v -0.160507 0.113867 0.161507
v -0.162996 0.109806 0.161507
v -0.164818 0.105406 0.161507
v -0.165930 0.100775 0.161507
v -0.166304 0.096026 0.161507
v -0.140710 0.126069 0.160934
v -0.145351 0.124954 0.160934
v -0.149761 0.123128 0.160934
v -0.153830 0.120634 0.160934
v -0.157460 0.117534 0.160934
v -0.160559 0.113905 0.160934
v -0.163053 0.109835 0.160934
v -0.164880 0.105426 0.160934
v -0.165994 0.100785 0.160934
v -0.166369 0.096026 0.160934
v -0.140710 0.126069 0.160934
v -0.140740 0.126257 0.160390
v -0.145351 0.124954 0.160934
v -0.145410 0.125135 0.160390
v -0.149761 0.123128 0.160934
v -0.149847 0.123298 0.160390
v -0.153830 0.120634 0.160934
v -0.153942 0.120788 0.160390
v -0.157460 0.117534 0.160934
v -0.157594 0.117669 0.160390
v -0.160559 0.113905 0.160934
v -0.160713 0.114017 0.160390
v -0.163053 0.109835 0.160934
v -0.163223 0.109922 0.160390
v -0.164880 0.105426 0.160934
v -0.165061 0.105485 0.160390
v -0.165994 0.100785 0.160934
v -0.166182 0.100814 0.160390
v -0.166369 0.096026 0.160934
v -0.166559 0.096026 0.160390
v -0.140788 0.126560 0.159902
v -0.145505 0.125427 0.159902
v -0.149986 0.123571 0.159902
v -0.154122 0.121036 0.159902
v -0.157811 0.117886 0.159902
v -0.160962 0.114197 0.159902
v -0.163496 0.110061 0.159902
v -0.165352 0.105579 0.159902
v -0.166485 0.100862 0.159902
v -0.166865 0.096026 0.159902
v -0.140852 0.126962 0.159494
v -0.145631 0.125815 0.159494
v -0.150171 0.123934 0.159494
v -0.154362 0.121366 0.159494
v -0.158099 0.118174 0.159494
v -0.161291 0.114437 0.159494
v -0.163859 0.110246 0.159494
v -0.165740 0.105705 0.159494
v -0.166887 0.100926 0.159494
v -0.167273 0.096026 0.159494
v -0.140928 0.127444 0.159188
v -0.145781 0.126279 0.159188
v -0.150393 0.124369 0.159188
v -0.154649 0.121761 0.159188
v -0.158444 0.118519 0.159188
v -0.161686 0.114723 0.159188
v -0.164294 0.110467 0.159188
v -0.166204 0.105856 0.159188
v -0.167369 0.101002 0.159188
v -0.167761 0.096026 0.159188
v -0.141013 0.127981 0.158997
v -0.145949 0.126796 0.158997
v -0.150640 0.124853 0.158997
v -0.154969 0.122201 0.158997
v -0.158829 0.118904 0.158997
v -0.162126 0.115043 0.158997
v -0.164779 0.110714 0.158997
v -0.166721 0.106024 0.158997
v -0.167907 0.101088 0.158997
v -0.168305 0.096026 0.158997
v -0.141103 0.128547 0.158933
v -0.146126 0.127341 0.158933
v -0.150900 0.125364 0.158933
v -0.155305 0.122664 0.158933
v -0.159234 0.119309 0.158933
v -0.162589 0.115380 0.158933
v -0.165289 0.110974 0.158933
v -0.167266 0.106201 0.158933
v -0.168472 0.101177 0.158933
v -0.168878 0.096026 0.158933
v -0.141192 0.129113 0.158997
v -0.146303 0.127885 0.158997
v -0.151160 0.125874 0.158997
v -0.155642 0.123127 0.158997
v -0.159639 0.119713 0.158997
v -0.163053 0.115716 0.158997
v -0.165799 0.111234 0.158997
v -0.167811 0.106378 0.158997
v -0.169038 0.101267 0.158997
v -0.169450 0.096026 0.158997
v -0.141277 0.129650 0.159188
v -0.146472 0.128403 0.159188
v -0.151407 0.126359 0.159188
v -0.155962 0.123567 0.159188
v -0.160023 0.120098 0.159188
v -0.163493 0.116036 0.159188
v -0.166284 0.111481 0.159188
v -0.168328 0.106546 0.159188
v -0.169575 0.101352 0.159188
v -0.169994 0.096026 0.159188
v -0.141354 0.130132 0.159494
v -0.146622 0.128867 0.159494
v -0.151628 0.126793 0.159494
v -0.156248 0.123962 0.159494
v -0.160369 0.120443 0.159494
v -0.163888 0.116323 0.159494
v -0.166719 0.111703 0.159494
v -0.168792 0.106697 0.159494
v -0.170057 0.101428 0.159494
v -0.170482 0.096026 0.159494
v -0.141417 0.130534 0.159902
v -0.146748 0.129254 0.159902
v -0.151813 0.127156 0.159902
v -0.156488 0.124292 0.159902
v -0.160657 0.120731 0.159902
v -0.164217 0.116562 0.159902
v -0.167082 0.111888 0.159902
v -0.169180 0.106823 0.159902
v -0.170460 0.101492 0.159902
v -0.170890 0.096026 0.159902
v -0.141465 0.130837 0.160390
v -0.146843 0.129546 0.160390
v -0.151953 0.127430 0.160390
v -0.156668 0.124540 0.160390
v -0.160874 0.120948 0.160390
v -0.164465 0.116743 0.160390
v -0.167355 0.112027 0.160390
v -0.169471 0.106918 0.160390
v -0.170763 0.101540 0.160390
v -0.171196 0.096026 0.160390
v -0.141495 0.131025 0.160934
v -0.146902 0.129727 0.160934
v -0.152039 0.127599 0.160934
v -0.156780 0.124694 0.160934
v -0.161008 0.121083 0.160934
v -0.164619 0.116855 0.160934
v -0.167525 0.112114 0.160934
v -0.169653 0.106976 0.160934
v -0.170951 0.101570 0.160934
v -0.171387 0.096026 0.160934
v -0.141505 0.131089 0.161507
v -0.146922 0.129789 0.161507
v -0.152068 0.127657 0.161507
v -0.156818 0.124746 0.161507
v -0.161054 0.121128 0.161507
v -0.164672 0.116893 0.161507
v -0.167582 0.112143 0.161507
v -0.169714 0.106996 0.161507
v -0.171014 0.101580 0.161507
v -0.171451 0.096026 0.161507
v -0.141495 0.131025 0.162079
v -0.146902 0.129727 0.162079
v -0.152039 0.127599 0.162079
v -0.156780 0.124694 0.162079
v -0.161008 0.121083 0.162079
v -0.164619 0.116855 0.162079
v -0.167525 0.112114 0.162079
v -0.169653 0.106976 0.162079
v -0.170951 0.101570 0.162079
v -0.171387 0.096026 0.162079
v -0.141465 0.130837 0.162623
v -0.146843 0.129546 0.162623
v -0.151953 0.127430 0.162623
v -0.156668 0.124540 0.162623
v -0.160874 0.120948 0.162623
v -0.164465 0.116743 0.162623
v -0.167355 0.112027 0.162623
v -0.169471 0.106918 0.162623
v -0.170763 0.101540 0.162623
v -0.171196 0.096026 0.162623
v -0.141417 0.130534 0.163111
v -0.146748 0.129254 0.163111
v -0.151813 0.127156 0.163111
v -0.156488 0.124292 0.163111
v -0.160657 0.120731 0.163111
v -0.164217 0.116562 0.163111
v -0.167082 0.111888 0.163111
v -0.169180 0.106823 0.163111
v -0.170460 0.101492 0.163111
v -0.170890 0.096026 0.163111
v -0.141354 0.130132 0.163519
v -0.146622 0.128867 0.163519
v -0.151628 0.126793 0.163519
v -0.156248 0.123962 0.163519
v -0.160369 0.120443 0.163519
v -0.163888 0.116323 0.163519
v -0.166719 0.111703 0.163519
v -0.168792 0.106697 0.163519
v -0.170057 0.101428 0.163519
v -0.170482 0.096026 0.163519
v -0.141277 0.129650 0.163825
v -0.146472 0.128403 0.163825
v -0.151407 0.126359 0.163825
v -0.155962 0.123567 0.163825
v -0.160023 0.120098 0.163825
v -0.163493 0.116036 0.163825
v -0.166284 0.111481 0.163825
v -0.168328 0.106546 0.163825
v -0.169575 0.101352 0.163825
v -0.169994 0.096026 0.163825
v -0.141192 0.129113 0.164016
v -0.146303 0.127885 0.164016
v -0.151160 0.125874 0.164016
v -0.155642 0.123127 0.164016
v -0.159639 0.119713 0.164016
v -0.163053 0.115716 0.164016
v -0.165799 0.111234 0.164016
v -0.167811 0.106378 0.164016
v -0.169038 0.101267 0.164016
v -0.169450 0.096026 0.164016
v -0.141103 0.128547 0.164080
v -0.146126 0.127341 0.164080
v -0.150900 0.125364 0.164080
v -0.155305 0.122664 0.164080
v -0.159234 0.119309 0.164080
v -0.162589 0.115380 0.164080
v -0.165289 0.110974 0.164080
v -0.167266 0.106201 0.164080
v -0.168472 0.101177 0.164080
v -0.168878 0.096026 0.164080
v -0.168305 0.000000 0.164016
v -0.167761 0.000000 0.163825
v -0.167273 0.000000 0.163519
v -0.166865 0.000000 0.163111
v -0.166559 0.000000 0.162623
v -0.166369 0.000000 0.162079
v -0.166304 0.000000 0.161507
v -0.166369 0.000000 0.160934
v -0.166369 0.000000 0.160934
v -0.166559 0.000000 0.160390
v -0.166865 0.000000 0.159902
v -0.167273 0.000000 0.159494
v -0.167761 0.000000 0.159188
v -0.168305 0.000000 0.158997
v -0.168878 0.000000 0.158933
v -0.169450 0.000000 0.158997
v -0.169994 0.000000 0.159188
v -0.170482 0.000000 0.159494
v -0.170890 -0.000003 0.159902
v -0.171196 -0.000003 0.160390
v -0.171387 0.000000 0.160934
v -0.171451 0.000003 0.161507
v -0.171387 -0.000003 0.162079
v -0.171196 -0.000003 0.162623
v -0.170890 -0.000003 0.163111
v -0.170482 0.000000 0.163519
v -0.169994 -0.000003 0.163825
v -0.169450 -0.000003 0.164016
v -0.168878 0.000000 0.164080
vn -0.9010 -0.4339 -0.0000
vn -0.9749 -0.2225 -0.0000
vn -0.7818 -0.6235 -0.0000
vn -0.6235 -0.7818 -0.0000
vn -0.4339 -0.9010 -0.0000
vn -0.2225 -0.9749 -0.0000
vn -0.0000 -1.0000 -0.0000
vn 0.2225 -0.9749 -0.0000
vn 0.4339 -0.9010 -0.0000
vn 0.6235 -0.7819 -0.0000
vn 0.6234 -0.7819 -0.0000
vn 0.7818 -0.6235 -0.0000
vn 0.6236 -0.7818 -0.0000
vn 0.6235 -0.7818 -0.0000
vn 0.9010 -0.4339 -0.0000
vn 0.9749 -0.2225 -0.0000
vn 1.0000 -0.0000 -0.0000
vn 0.9749 0.2225 -0.0000
vn 0.9010 0.4339 -0.0000
vn 0.7818 0.6235 -0.0000
vn 0.6235 0.7818 -0.0000
vn 0.4339 0.9010 -0.0000
vn 0.2225 0.9749 -0.0000
vn -0.0000 1.0000 -0.0000
vn -0.2225 0.9749 -0.0000
vn -0.4339 0.9010 -0.0000
vn -0.6235 0.7818 -0.0000
vn -0.7818 0.6235 -0.0000
vn -0.9010 0.4339 -0.0000
vn -0.9749 0.2225 -0.0000
vn -1.0000 -0.0000 -0.0000
vn -0.0000 -0.0000 -1.0000
vn -0.0000 -0.4339 0.9010
vn -0.0000 -0.2225 0.9749
vn -0.0000 -0.6235 0.7818
vn -0.0000 -0.7818 0.6235
vn -0.0000 -0.9010 0.4339
vn -0.0000 -0.9749 0.2225
vn -0.0000 -0.9749 -0.2225
vn -0.0000 -0.9010 -0.4339
vn -0.0000 -0.7818 -0.6235
vn -0.0000 -0.6235 -0.7818
vn -0.0000 -0.4339 -0.9010
vn -0.0000 -0.2225 -0.9749
vn -0.0000 0.2225 -0.9749
vn -0.0000 0.4339 -0.9010
vn -0.0000 0.6235 -0.7818
vn -0.0000 0.7818 -0.6235
vn -0.0000 0.9010 -0.4339
vn -0.0000 0.9749 -0.2225
vn -0.0000 1.0000 -0.0001
vn -0.0000 0.9749 0.2225
vn -0.0000 1.0000 0.0001
vn -0.0000 0.9010 0.4339
vn -0.0000 0.7818 0.6235
vn -0.0000 0.6235 0.7818
vn -0.0000 0.4339 0.9010
vn -0.0000 0.2225 0.9749
vn -0.0000 -0.0000 1.0000
vn -0.6234 -0.7819 -0.0000
vn -0.0000 -0.7650 0.6440
vn -0.0000 -0.4534 0.8913
vn -0.0000 -0.9243 0.3816
vn -0.0000 -0.9864 0.1643
vn -0.0000 -0.9999 0.0167
vn -0.0000 -0.9999 0.0148
vn -0.0000 -0.9995 0.0309
vn -0.0000 -0.9995 -0.0309
vn -0.0000 -0.9996 0.0298
vn -0.0000 -0.9977 0.0679
vn -0.0000 -0.9937 -0.1123
vn -0.0000 -0.9221 -0.3870
vn -0.0000 -0.7260 -0.6877
vn -0.0000 -0.7260 -0.6876
vn -0.0000 -0.3987 -0.9171
vn -0.0000 -0.3988 -0.9171
vn -0.0000 -0.0001 -1.0000
vn -0.0000 0.3988 -0.9171
vn -0.0000 0.0001 -1.0000
vn 0.0001 0.0001 -1.0000
vn -0.0000 0.3987 -0.9171
vn -0.0000 0.7260 -0.6876
vn -0.0000 0.7260 -0.6877
vn -0.0000 0.9221 -0.3869
vn -0.0000 0.9221 -0.3870
vn -0.0000 0.9937 -0.1123
vn -0.0000 0.9977 0.0679
vn -0.0000 0.9996 0.0298
vn -0.0000 0.9995 -0.0309
vn -0.0000 0.9995 0.0309
vn -0.0000 0.9999 0.0150
vn -0.0000 0.9999 0.0148
vn -0.0000 0.9999 0.0168
vn -0.0000 0.9864 0.1643
vn -0.0000 0.9243 0.3816
vn -0.0000 0.7650 0.6440
vn -0.0000 0.4534 0.8913
vn 0.6235 0.7819 -0.0000
vn 0.6234 0.7819 -0.0000
vn 0.6236 0.7818 -0.0000
vn -0.0000 -1.0000 -0.0001
vn -0.0000 -1.0000 0.0001
vn -0.6234 0.7819 -0.0000
vn -0.0670 0.4233 0.9035
vn -0.0013 0.4337 0.9011
vn -0.0007 0.2223 0.9750
vn -0.0339 0.2139 0.9763
vn -0.1325 0.4077 0.9034
vn -0.0668 0.2057 0.9763
vn -0.1945 0.3818 0.9036
vn -0.0982 0.1928 0.9763
vn -0.2522 0.3471 0.9033
vn -0.1271 0.1750 0.9763
vn -0.3031 0.3031 0.9035
vn -0.1529 0.1529 0.9763
vn -0.3467 0.2519 0.9035
vn -0.1750 0.1271 0.9763
vn -0.3821 0.1947 0.9034
vn -0.1927 0.0982 0.9763
vn -0.4076 0.1324 0.9035
vn -0.2056 0.0668 0.9764
vn -0.4233 0.0671 0.9035
vn -0.2136 0.0338 0.9763
vn -0.4336 0.0017 0.9011
vn -0.2222 0.0009 0.9750
vn -0.0969 0.6120 0.7849
vn -0.0018 0.6233 0.7819
vn -0.1914 0.5891 0.7850
vn -0.2813 0.5520 0.7850
vn -0.3641 0.5011 0.7850
vn -0.4379 0.4379 0.7851
vn -0.5011 0.3641 0.7850
vn -0.5519 0.2812 0.7851
vn -0.5891 0.1914 0.7851
vn -0.6119 0.0969 0.7850
vn -0.6233 0.0024 0.7820
vn -0.1219 0.7698 0.6265
vn -0.0023 0.7818 0.6236
vn -0.2409 0.7415 0.6262
vn -0.3539 0.6947 0.6262
vn -0.4583 0.6307 0.6262
vn -0.5511 0.5511 0.6266
vn -0.6306 0.4581 0.6265
vn -0.6943 0.3538 0.6267
vn -0.7415 0.2409 0.6262
vn -0.7696 0.1219 0.6267
vn -0.7816 0.0029 0.6238
vn -0.1408 0.8887 0.4364
vn -0.0026 0.9009 0.4340
vn -0.2780 0.8557 0.4364
vn -0.4085 0.8018 0.4361
vn -0.5290 0.7280 0.4361
vn -0.6362 0.6362 0.4365
vn -0.7279 0.5288 0.4365
vn -0.8018 0.4085 0.4361
vn -0.8559 0.2781 0.4361
vn -0.8888 0.1408 0.4361
vn -0.9009 0.0034 0.4340
vn -0.1525 0.9626 0.2241
vn -0.0028 0.9749 0.2226
vn -0.3012 0.9269 0.2238
vn -0.4424 0.8683 0.2241
vn -0.5729 0.7885 0.2237
vn -0.6892 0.6892 0.2237
vn -0.7884 0.5728 0.2242
vn -0.8684 0.4424 0.2241
vn -0.9269 0.3012 0.2238
vn -0.9626 0.1525 0.2241
vn -0.9749 0.0037 0.2225
vn -0.1564 0.9877 -0.0000
vn -0.0029 1.0000 -0.0000
vn -0.3090 0.9511 -0.0000
vn -0.4540 0.8910 -0.0000
vn -0.5878 0.8090 -0.0000
vn -0.7071 0.7071 -0.0000
vn -0.8090 0.5878 -0.0000
vn -0.8910 0.4540 -0.0000
vn -0.9511 0.3090 -0.0000
vn -0.9877 0.1564 -0.0000
vn -1.0000 0.0037 -0.0000
vn -0.1525 0.9626 -0.2239
vn -0.0028 0.9749 -0.2225
vn -0.3012 0.9269 -0.2239
vn -0.4425 0.8684 -0.2239
vn -0.5729 0.7885 -0.2239
vn -0.6892 0.6891 -0.2239
vn -0.7885 0.5729 -0.2239
vn -0.8684 0.4425 -0.2239
vn -0.9269 0.3012 -0.2239
vn -0.9626 0.1525 -0.2239
vn -0.9749 0.0037 -0.2225
vn -0.1408 0.8888 -0.4361
vn -0.0026 0.9009 -0.4340
vn -0.0028 0.9749 -0.2226
vn -0.1525 0.9626 -0.2240
vn -0.2780 0.8557 -0.4364
vn -0.3012 0.9269 -0.2240
vn -0.4085 0.8018 -0.4361
vn -0.4424 0.8684 -0.2240
vn -0.5290 0.7280 -0.4361
vn -0.5729 0.7885 -0.2240
vn -0.6361 0.6361 -0.4367
vn -0.6891 0.6891 -0.2240
vn -0.7280 0.5290 -0.4361
vn -0.7885 0.5729 -0.2240
vn -0.8018 0.4085 -0.4361
vn -0.8684 0.4424 -0.2240
vn -0.8559 0.2781 -0.4361
vn -0.9269 0.3012 -0.2240
vn -0.8888 0.1408 -0.4361
vn -0.9626 0.1525 -0.2240
vn -0.9009 0.0034 -0.4340
vn -0.9749 0.0036 -0.2226
vn -0.1219 0.7696 -0.6268
vn -0.0023 0.7817 -0.6236
vn -0.2408 0.7412 -0.6266
vn -0.3538 0.6944 -0.6266
vn -0.4581 0.6305 -0.6266
vn -0.5511 0.5511 -0.6266
vn -0.6305 0.4581 -0.6266
vn -0.6944 0.3538 -0.6266
vn -0.7411 0.2408 -0.6268
vn -0.7696 0.1219 -0.6267
vn -0.7816 0.0029 -0.6238
vn -0.0969 0.6120 -0.7849
vn -0.0018 0.6233 -0.7819
vn -0.1915 0.5895 -0.7848
vn -0.2814 0.5522 -0.7848
vn -0.3641 0.5012 -0.7850
vn -0.4382 0.4382 -0.7849
vn -0.5012 0.3641 -0.7850
vn -0.5520 0.2813 -0.7850
vn -0.5891 0.1914 -0.7851
vn -0.6122 0.0970 -0.7848
vn -0.6233 0.0024 -0.7820
vn -0.0670 0.4233 -0.9035
vn -0.0013 0.4337 -0.9011
vn -0.1325 0.4077 -0.9034
vn -0.1945 0.3817 -0.9036
vn -0.2520 0.3468 -0.9034
vn -0.3030 0.3030 -0.9035
vn -0.3466 0.2518 -0.9036
vn -0.3820 0.1946 -0.9034
vn -0.4076 0.1325 -0.9035
vn -0.4234 0.0671 -0.9034
vn -0.4336 0.0016 -0.9011
vn -0.0339 0.2138 -0.9763
vn -0.0007 0.2223 -0.9750
vn -0.0669 0.2058 -0.9763
vn -0.0982 0.1927 -0.9763
vn -0.1272 0.1751 -0.9763
vn -0.1530 0.1530 -0.9763
vn -0.1751 0.1272 -0.9763
vn -0.1928 0.0983 -0.9763
vn -0.2058 0.0669 -0.9763
vn -0.2136 0.0338 -0.9763
vn -0.2222 0.0008 -0.9750
vn 0.0010 -0.0066 -1.0000
vn -0.0000 -0.0003 -1.0000
vn 0.0021 -0.0064 -1.0000
vn 0.0030 -0.0059 -1.0000
vn 0.0039 -0.0054 -1.0000
vn 0.0047 -0.0047 -1.0000
vn 0.0054 -0.0039 -1.0000
vn 0.0059 -0.0030 -1.0000
vn 0.0063 -0.0020 -1.0000
vn 0.0066 -0.0010 -1.0000
vn 0.0004 -0.0000 -1.0000
vn 0.0358 -0.2258 -0.9735
vn 0.0007 -0.2228 -0.9749
vn 0.0707 -0.2176 -0.9735
vn 0.1037 -0.2036 -0.9735
vn 0.1344 -0.1849 -0.9735
vn 0.1618 -0.1618 -0.9735
vn 0.1850 -0.1344 -0.9735
vn 0.2039 -0.1039 -0.9735
vn 0.2172 -0.0706 -0.9736
vn 0.2257 -0.0357 -0.9735
vn 0.2228 -0.0009 -0.9749
vn 0.0687 -0.4338 -0.8984
vn 0.0014 -0.4341 -0.9009
vn 0.1357 -0.4177 -0.8984
vn 0.1994 -0.3913 -0.8984
vn 0.2581 -0.3552 -0.8985
vn 0.3104 -0.3104 -0.8985
vn 0.3552 -0.2581 -0.8985
vn 0.3914 -0.1994 -0.8983
vn 0.4176 -0.1357 -0.8985
vn 0.4336 -0.0687 -0.8985
vn 0.4342 -0.0018 -0.9008
vn 0.0981 -0.6195 -0.7788
vn 0.0020 -0.6237 -0.7817
vn 0.1939 -0.5968 -0.7786
vn 0.2848 -0.5590 -0.7787
vn 0.3687 -0.5075 -0.7788
vn 0.4437 -0.4437 -0.7786
vn 0.5076 -0.3688 -0.7787
vn 0.5590 -0.2848 -0.7787
vn 0.5966 -0.1938 -0.7788
vn 0.6197 -0.0982 -0.7787
vn 0.6237 -0.0026 -0.7817
vn 0.1227 -0.7746 -0.6204
vn 0.0025 -0.7819 -0.6234
vn 0.2424 -0.7459 -0.6204
vn 0.3559 -0.6985 -0.6208
vn 0.4608 -0.6343 -0.6208
vn 0.5546 -0.5546 -0.6204
vn 0.6345 -0.4610 -0.6204
vn 0.6990 -0.3561 -0.6202
vn 0.7458 -0.2423 -0.6205
vn 0.7743 -0.1226 -0.6208
vn 0.7820 -0.0033 -0.6233
vn 0.1411 -0.8909 -0.4317
vn 0.0029 -0.9010 -0.4338
vn 0.2787 -0.8579 -0.4317
vn 0.4096 -0.8039 -0.4313
vn 0.5302 -0.7297 -0.4317
vn 0.6378 -0.6378 -0.4317
vn 0.7300 -0.5304 -0.4311
vn 0.8039 -0.4096 -0.4313
vn 0.8579 -0.2787 -0.4317
vn 0.8909 -0.1411 -0.4317
vn 0.9010 -0.0039 -0.4338
vn 0.1526 -0.9632 -0.2213
vn 0.0032 -0.9749 -0.2224
vn 0.3014 -0.9275 -0.2213
vn 0.4427 -0.8689 -0.2213
vn 0.5732 -0.7890 -0.2213
vn 0.6896 -0.6896 -0.2213
vn 0.7890 -0.5732 -0.2213
vn 0.8689 -0.4427 -0.2213
vn 0.9275 -0.3014 -0.2213
vn 0.9632 -0.1526 -0.2213
vn 0.9749 -0.0042 -0.2224
vn 0.1564 -0.9877 -0.0000
vn 0.0033 -1.0000 -0.0000
vn 0.3090 -0.9511 -0.0000
vn 0.4540 -0.8910 -0.0000
vn 0.5878 -0.8090 -0.0000
vn 0.7071 -0.7071 -0.0000
vn 0.8090 -0.5878 -0.0000
vn 0.8910 -0.4540 -0.0000
vn 0.9511 -0.3090 -0.0000
vn 0.9877 -0.1564 -0.0000
vn 1.0000 -0.0043 -0.0000
vn 0.1526 -0.9633 0.2209
vn 0.0032 -0.9749 0.2225
vn 0.3014 -0.9275 0.2214
vn 0.4427 -0.8689 0.2213
vn 0.5732 -0.7890 0.2213
vn 0.6896 -0.6896 0.2213
vn 0.7890 -0.5732 0.2213
vn 0.8689 -0.4427 0.2213
vn 0.9275 -0.3014 0.2213
vn 0.9632 -0.1526 0.2213
vn 0.9749 -0.0042 0.2224
vn 0.1411 -0.8909 0.4317
vn 0.0030 -0.9010 0.4338
vn 0.2788 -0.8581 0.4313
vn 0.4095 -0.8037 0.4317
vn 0.5302 -0.7297 0.4317
vn 0.6380 -0.6380 0.4313
vn 0.7299 -0.5303 0.4313
vn 0.8037 -0.4095 0.4317
vn 0.8581 -0.2788 0.4312
vn 0.8909 -0.1411 0.4317
vn 0.9010 -0.0039 0.4337
vn 0.1227 -0.7746 0.6204
vn 0.0025 -0.7819 0.6234
vn 0.2424 -0.7459 0.6204
vn 0.3561 -0.6988 0.6204
vn 0.4610 -0.6346 0.6203
vn 0.5544 -0.5544 0.6208
vn 0.6345 -0.4610 0.6204
vn 0.6989 -0.3561 0.6202
vn 0.7459 -0.2424 0.6204
vn 0.7743 -0.1226 0.6208
vn 0.7820 -0.0033 0.6233
vn 0.0982 -0.6197 0.7787
vn 0.0020 -0.6236 0.7817
vn 0.1939 -0.5968 0.7786
vn 0.2848 -0.5589 0.7788
vn 0.3688 -0.5076 0.7787
vn 0.4437 -0.4437 0.7786
vn 0.5072 -0.3685 0.7791
vn 0.5590 -0.2848 0.7787
vn 0.5967 -0.1939 0.7787
vn 0.6198 -0.0982 0.7786
vn 0.6237 -0.0026 0.7817
vn 0.0687 -0.4337 0.8984
vn 0.0014 -0.4341 0.9009
vn 0.1357 -0.4177 0.8984
vn 0.1993 -0.3912 0.8984
vn 0.2581 -0.3553 0.8984
vn 0.3104 -0.3104 0.8985
vn 0.3552 -0.2581 0.8985
vn 0.3910 -0.1992 0.8986
vn 0.4177 -0.1357 0.8984
vn 0.4336 -0.0687 0.8985
vn 0.4342 -0.0018 0.9008
vn 0.0358 -0.2258 0.9735
vn 0.0007 -0.2228 0.9749
vn 0.0707 -0.2176 0.9735
vn 0.1038 -0.2037 0.9735
vn 0.1343 -0.1849 0.9735
vn 0.1617 -0.1617 0.9735
vn 0.1850 -0.1344 0.9735
vn 0.2037 -0.1038 0.9735
vn 0.2174 -0.0706 0.9735
vn 0.2258 -0.0358 0.9735
vn 0.2228 -0.0009 0.9749
vn 0.0010 -0.0065 1.0000
vn -0.0000 -0.0003 1.0000
vn 0.0021 -0.0064 1.0000
vn 0.0030 -0.0059 1.0000
vn 0.0040 -0.0055 1.0000
vn 0.0048 -0.0048 1.0000
vn 0.0054 -0.0039 1.0000
vn 0.0059 -0.0030 1.0000
vn 0.0063 -0.0020 1.0000
vn 0.0065 -0.0010 1.0000
vn 0.0004 -0.0000 1.0000
vn -0.4337 -0.0000 0.9010
vn -0.2225 -0.0000 0.9749
vn -0.6236 -0.0000 0.7817
vn -0.7818 -0.0000 0.6235
vn -0.9009 -0.0000 0.4340
vn -0.9750 -0.0000 0.2224
vn -1.0000 -0.0000 -0.0002
vn -0.9750 -0.0000 -0.2223
vn -0.9010 -0.0000 -0.4339
vn -0.9750 -0.0000 -0.2224
vn -0.7818 -0.0000 -0.6235
vn -0.6236 -0.0000 -0.7817
vn -0.4339 -0.0000 -0.9010
vn -0.2225 -0.0000 -0.9749
vn 0.2224 -0.0000 -0.9750
vn 0.4339 -0.0000 -0.9010
vn 0.6236 -0.0000 -0.7817
vn 0.7818 -0.0000 -0.6235
vn 0.9010 -0.0000 -0.4339
vn 0.9749 -0.0000 -0.2225
vn 0.9749 -0.0000 0.2225
vn 0.9010 -0.0000 0.4339
vn 0.7818 -0.0000 0.6235
vn 0.6235 -0.0000 0.7818
vn 0.4339 -0.0000 0.9010
vn 0.2225 -0.0000 0.9749
vn -0.0002 -0.0000 1.0000
vn 0.0006 0.2223 0.9750
vn 0.0011 0.4337 0.9011
vn 0.0016 0.6234 0.7819
vn 0.0020 0.7818 0.6236
vn 0.0023 0.9009 0.4340
vn 0.0024 0.9749 0.2226
vn 0.0025 1.0000 -0.0000
vn -0.0000 0.9749 -0.2224
vn 0.0025 0.9749 -0.2225
vn 0.0025 0.9749 -0.2226
vn -0.0000 0.9749 -0.2226
vn 0.0023 0.9009 -0.4340
vn 0.0020 0.7818 -0.6236
vn 0.0016 0.6234 -0.7819
vn 0.0011 0.4337 -0.9010
vn 0.0006 0.2223 -0.9750
vn -0.0000 -0.0002 -1.0000
vn -0.0006 -0.2228 -0.9749
vn -0.0013 -0.4341 -0.9009
vn -0.0018 -0.6236 -0.7817
vn -0.0022 -0.7819 -0.6234
vn -0.0026 -0.9010 -0.4338
vn -0.0028 -0.9749 -0.2224
vn -0.0029 -1.0000 -0.0000
vn -0.0028 -0.9749 0.2225
vn -0.0026 -0.9010 0.4338
vn -0.0022 -0.7819 0.6234
vn -0.0018 -0.6236 0.7817
vn -0.0012 -0.4341 0.9009
vn -0.0006 -0.2227 0.9749
vn -0.0000 -0.0002 1.0000
vn 0.0670 0.4233 0.9035
vn 0.0339 0.2139 0.9763
vn 0.1325 0.4077 0.9035
vn 0.0668 0.2057 0.9763
vn 0.1945 0.3818 0.9035
vn 0.0982 0.1927 0.9763
vn 0.2518 0.3466 0.9036
vn 0.1271 0.1749 0.9763
vn 0.3030 0.3031 0.9035
vn 0.1529 0.1529 0.9763
vn 0.3467 0.2519 0.9035
vn 0.1749 0.1271 0.9764
vn 0.3821 0.1947 0.9034
vn 0.1926 0.0981 0.9764
vn 0.4075 0.1324 0.9036
vn 0.2057 0.0668 0.9763
vn 0.4234 0.0671 0.9034
vn 0.2137 0.0338 0.9763
vn 0.4336 0.0017 0.9011
vn 0.2222 0.0008 0.9750
vn 0.0969 0.6120 0.7849
vn 0.1915 0.5895 0.7848
vn 0.2812 0.5518 0.7851
vn 0.3642 0.5013 0.7849
vn 0.4380 0.4380 0.7851
vn 0.5011 0.3641 0.7850
vn 0.5520 0.2813 0.7850
vn 0.5893 0.1915 0.7849
vn 0.6121 0.0969 0.7848
vn 0.6233 0.0024 0.7820
vn 0.1219 0.7697 0.6266
vn 0.2409 0.7415 0.6262
vn 0.3539 0.6947 0.6262
vn 0.4583 0.6307 0.6262
vn 0.5513 0.5513 0.6262
vn 0.6305 0.4581 0.6266
vn 0.6943 0.3538 0.6268
vn 0.7411 0.2408 0.6267
vn 0.7698 0.1219 0.6266
vn 0.7817 0.0029 0.6236
vn 0.1407 0.8886 0.4365
vn 0.2781 0.8559 0.4361
vn 0.4085 0.8018 0.4361
vn 0.5290 0.7280 0.4361
vn 0.6362 0.6362 0.4365
vn 0.7278 0.5288 0.4366
vn 0.8016 0.4085 0.4365
vn 0.8559 0.2781 0.4361
vn 0.8888 0.1408 0.4361
vn 0.9009 0.0034 0.4340
vn 0.1525 0.9626 0.2238
vn 0.3012 0.9269 0.2238
vn 0.4425 0.8684 0.2237
vn 0.5729 0.7885 0.2237
vn 0.6892 0.6892 0.2237
vn 0.7885 0.5729 0.2237
vn 0.8684 0.4425 0.2237
vn 0.9269 0.3012 0.2238
vn 0.9626 0.1525 0.2238
vn 0.9749 0.0037 0.2226
vn 0.1564 0.9877 -0.0000
vn 0.3090 0.9511 -0.0000
vn 0.4540 0.8910 -0.0000
vn 0.5878 0.8090 -0.0000
vn 0.7071 0.7071 -0.0000
vn 0.8090 0.5878 -0.0000
vn 0.8910 0.4540 -0.0000
vn 0.9511 0.3090 -0.0000
vn 0.9877 0.1564 -0.0000
vn 1.0000 0.0037 -0.0000
vn 0.1525 0.9626 -0.2239
vn 0.3012 0.9269 -0.2239
vn 0.4425 0.8684 -0.2239
vn 0.5729 0.7885 -0.2239
vn 0.6892 0.6891 -0.2239
vn 0.7885 0.5729 -0.2239
vn 0.8684 0.4425 -0.2239
vn 0.9269 0.3012 -0.2239
vn 0.9626 0.1525 -0.2239
vn 0.9749 0.0037 -0.2225
vn 0.1408 0.8887 -0.4364
vn 0.1525 0.9626 -0.2240
vn 0.2781 0.8559 -0.4361
vn 0.3012 0.9269 -0.2240
vn 0.4085 0.8018 -0.4361
vn 0.4424 0.8684 -0.2240
vn 0.5290 0.7280 -0.4361
vn 0.5729 0.7885 -0.2240
vn 0.6361 0.6361 -0.4366
vn 0.6891 0.6891 -0.2240
vn 0.7280 0.5290 -0.4361
vn 0.7885 0.5729 -0.2240
vn 0.8018 0.4085 -0.4361
vn 0.8684 0.4424 -0.2240
vn 0.8559 0.2781 -0.4361
vn 0.9269 0.3012 -0.2240
vn 0.8886 0.1407 -0.4365
vn 0.9626 0.1525 -0.2240
vn 0.9009 0.0034 -0.4340
vn 0.9749 0.0037 -0.2226
vn 0.1220 0.7700 -0.6262
vn 0.2408 0.7412 -0.6266
vn 0.3540 0.6947 -0.6262
vn 0.4581 0.6306 -0.6265
vn 0.5511 0.5511 -0.6266
vn 0.6304 0.4580 -0.6268
vn 0.6943 0.3538 -0.6267
vn 0.7412 0.2408 -0.6266
vn 0.7700 0.1220 -0.6262
vn 0.7817 0.0029 -0.6236
vn 0.0969 0.6117 -0.7851
vn 0.1914 0.5892 -0.7850
vn 0.2813 0.5521 -0.7849
vn 0.3642 0.5013 -0.7849
vn 0.4382 0.4382 -0.7849
vn 0.5012 0.3641 -0.7850
vn 0.5519 0.2812 -0.7850
vn 0.5893 0.1915 -0.7849
vn 0.6122 0.0970 -0.7848
vn 0.6233 0.0024 -0.7820
vn 0.0671 0.4236 -0.9034
vn 0.1325 0.4079 -0.9034
vn 0.1945 0.3818 -0.9035
vn 0.2519 0.3467 -0.9035
vn 0.3031 0.3031 -0.9034
vn 0.3466 0.2518 -0.9036
vn 0.3817 0.1945 -0.9036
vn 0.4078 0.1325 -0.9034
vn 0.4240 0.0672 -0.9032
vn 0.4336 0.0016 -0.9011
vn 0.0338 0.2136 -0.9763
vn 0.0669 0.2058 -0.9763
vn 0.0984 0.1931 -0.9762
vn 0.1271 0.1749 -0.9764
vn 0.1530 0.1530 -0.9763
vn 0.1750 0.1271 -0.9763
vn 0.1927 0.0982 -0.9763
vn 0.2058 0.0669 -0.9763
vn 0.2138 0.0339 -0.9763
vn 0.2222 0.0008 -0.9750
vn -0.0010 -0.0066 -1.0000
vn -0.0021 -0.0063 -1.0000
vn -0.0030 -0.0059 -1.0000
vn -0.0040 -0.0054 -1.0000
vn -0.0047 -0.0047 -1.0000
vn -0.0054 -0.0039 -1.0000
vn -0.0059 -0.0030 -1.0000
vn -0.0063 -0.0020 -1.0000
vn -0.0065 -0.0010 -1.0000
vn -0.0004 -0.0000 -1.0000
vn -0.0357 -0.2257 -0.9735
vn -0.0707 -0.2175 -0.9735
vn -0.1038 -0.2038 -0.9735
vn -0.1341 -0.1846 -0.9736
vn -0.1617 -0.1617 -0.9735
vn -0.1850 -0.1344 -0.9735
vn -0.2037 -0.1038 -0.9735
vn -0.2176 -0.0707 -0.9735
vn -0.2259 -0.0358 -0.9735
vn -0.2229 -0.0010 -0.9749
vn -0.0687 -0.4339 -0.8983
vn -0.1358 -0.4178 -0.8983
vn -0.1994 -0.3913 -0.8984
vn -0.2582 -0.3554 -0.8983
vn -0.3105 -0.3105 -0.8984
vn -0.3553 -0.2581 -0.8984
vn -0.3913 -0.1994 -0.8984
vn -0.4176 -0.1357 -0.8985
vn -0.4337 -0.0687 -0.8984
vn -0.4342 -0.0018 -0.9008
vn -0.0982 -0.6197 -0.7787
vn -0.1939 -0.5967 -0.7787
vn -0.2848 -0.5589 -0.7788
vn -0.3688 -0.5076 -0.7787
vn -0.4436 -0.4436 -0.7787
vn -0.5075 -0.3687 -0.7787
vn -0.5589 -0.2848 -0.7788
vn -0.5967 -0.1939 -0.7787
vn -0.6197 -0.0982 -0.7787
vn -0.6237 -0.0026 -0.7817
vn -0.1226 -0.7743 -0.6208
vn -0.2423 -0.7456 -0.6208
vn -0.3562 -0.6990 -0.6201
vn -0.4611 -0.6346 -0.6202
vn -0.5544 -0.5544 -0.6208
vn -0.6344 -0.4609 -0.6205
vn -0.6988 -0.3561 -0.6204
vn -0.7456 -0.2423 -0.6208
vn -0.7746 -0.1227 -0.6205
vn -0.7820 -0.0033 -0.6233
vn -0.1411 -0.8909 -0.4317
vn -0.2788 -0.8581 -0.4313
vn -0.4095 -0.8037 -0.4317
vn -0.5302 -0.7297 -0.4317
vn -0.6378 -0.6378 -0.4317
vn -0.7299 -0.5303 -0.4314
vn -0.8037 -0.4095 -0.4317
vn -0.8579 -0.2787 -0.4317
vn -0.8909 -0.1411 -0.4317
vn -0.9010 -0.0039 -0.4337
vn -0.1526 -0.9633 -0.2208
vn -0.3014 -0.9275 -0.2213
vn -0.4427 -0.8689 -0.2213
vn -0.5732 -0.7890 -0.2213
vn -0.6896 -0.6896 -0.2213
vn -0.7890 -0.5732 -0.2213
vn -0.8689 -0.4427 -0.2213
vn -0.9275 -0.3014 -0.2210
vn -0.9632 -0.1526 -0.2213
vn -0.9749 -0.0042 -0.2224
vn -0.1564 -0.9877 -0.0000
vn -0.3090 -0.9511 -0.0000
vn -0.4540 -0.8910 -0.0000
vn -0.5878 -0.8090 -0.0000
vn -0.7071 -0.7071 -0.0000
vn -0.8090 -0.5878 -0.0000
vn -0.8910 -0.4540 -0.0000
vn -0.9511 -0.3090 -0.0000
vn -0.9877 -0.1564 -0.0000
vn -1.0000 -0.0043 -0.0000
vn -0.1526 -0.9633 0.2209
vn -0.3014 -0.9275 0.2214
vn -0.4427 -0.8689 0.2213
vn -0.5732 -0.7890 0.2213
vn -0.6896 -0.6896 0.2213
vn -0.7890 -0.5733 0.2210
vn -0.8690 -0.4428 0.2210
vn -0.9275 -0.3014 0.2213
vn -0.9632 -0.1526 0.2213
vn -0.9749 -0.0042 0.2224
vn -0.1411 -0.8911 0.4314
vn -0.2788 -0.8581 0.4312
vn -0.4095 -0.8037 0.4317
vn -0.5302 -0.7297 0.4317
vn -0.6378 -0.6378 0.4317
vn -0.7297 -0.5302 0.4317
vn -0.8039 -0.4096 0.4313
vn -0.8580 -0.2788 0.4314
vn -0.8909 -0.1411 0.4317
vn -0.9010 -0.0039 0.4338
vn -0.1227 -0.7746 0.6204
vn -0.2423 -0.7456 0.6208
vn -0.3560 -0.6987 0.6205
vn -0.4610 -0.6345 0.6204
vn -0.5544 -0.5544 0.6208
vn -0.6345 -0.4610 0.6204
vn -0.6990 -0.3561 0.6202
vn -0.7456 -0.2423 0.6208
vn -0.7743 -0.1226 0.6208
vn -0.7820 -0.0033 0.6233
vn -0.0981 -0.6196 0.7788
vn -0.1938 -0.5966 0.7788
vn -0.2848 -0.5589 0.7788
vn -0.3687 -0.5075 0.7787
vn -0.4438 -0.4438 0.7786
vn -0.5076 -0.3688 0.7787
vn -0.5590 -0.2848 0.7787
vn -0.5968 -0.1939 0.7786
vn -0.6197 -0.0982 0.7787
vn -0.6237 -0.0026 0.7817
vn -0.0687 -0.4339 0.8983
vn -0.1357 -0.4177 0.8984
vn -0.1994 -0.3914 0.8983
vn -0.2580 -0.3551 0.8985
vn -0.3105 -0.3105 0.8984
vn -0.3553 -0.2581 0.8984
vn -0.3913 -0.1994 0.8984
vn -0.4177 -0.1357 0.8984
vn -0.4337 -0.0687 0.8984
vn -0.4342 -0.0018 0.9008
vn -0.0358 -0.2258 0.9735
vn -0.0707 -0.2175 0.9735
vn -0.1037 -0.2034 0.9736
vn -0.1345 -0.1852 0.9735
vn -0.1617 -0.1617 0.9735
vn -0.1850 -0.1344 0.9735
vn -0.2034 -0.1037 0.9736
vn -0.2175 -0.0707 0.9735
vn -0.2258 -0.0358 0.9735
vn -0.2228 -0.0009 0.9749
vn -0.0010 -0.0065 1.0000
vn -0.0021 -0.0063 1.0000
vn -0.0030 -0.0059 1.0000
vn -0.0039 -0.0054 1.0000
vn -0.0047 -0.0047 1.0000
vn -0.0054 -0.0039 1.0000
vn -0.0060 -0.0031 1.0000
vn -0.0063 -0.0020 1.0000
vn -0.0066 -0.0010 1.0000
vn -0.0004 -0.0000 1.0000
vn 0.9749 -0.0000 -0.2226
vn 0.6235 -0.0000 -0.7818
vn 0.2225 -0.0000 -0.9749
vn -0.7819 -0.0000 -0.6233
vn -0.9009 -0.0000 -0.4340
vn -0.9749 -0.0000 -0.2228
vn -1.0000 -0.0000 0.0002
vn -0.9749 -0.0000 0.2228
vn -0.9010 -0.0000 0.4339
vn -0.7819 -0.0000 0.6233
vn -0.6235 -0.0000 0.7818
vn -0.2227 -0.0000 0.9749
vn -0.0671 0.4234 0.9034
vn -0.0338 0.2137 0.9763
vn -0.1324 0.4075 0.9035
vn -0.1946 0.3820 0.9034
vn -0.0982 0.1927 0.9763
vn -0.2520 0.3468 0.9034
vn -0.1271 0.1749 0.9763
vn -0.3032 0.3031 0.9034
vn -0.1532 0.1532 0.9762
vn -0.3819 0.1946 0.9035
vn -0.1926 0.0981 0.9764
vn -0.2056 0.0668 0.9763
vn -0.4233 0.0670 0.9035
vn -0.2135 0.0338 0.9764
vn -0.2222 0.0008 0.9750
vn -0.1914 0.5892 0.7850
vn -0.2812 0.5520 0.7850
vn -0.3642 0.5013 0.7849
vn -0.4382 0.4382 0.7849
vn -0.5012 0.3641 0.7850
vn -0.5521 0.2813 0.7849
vn -0.5893 0.1915 0.7849
vn -0.6121 0.0969 0.7848
vn -0.1219 0.7697 0.6267
vn -0.3538 0.6943 0.6267
vn -0.4580 0.6304 0.6268
vn -0.5513 0.5513 0.6262
vn -0.6305 0.4581 0.6266
vn -0.6944 0.3538 0.6266
vn -0.7413 0.2409 0.6265
vn -0.7700 0.1220 0.6262
vn -0.1408 0.8888 0.4361
vn -0.5289 0.7279 0.4364
vn -0.6362 0.6362 0.4364
vn -0.7280 0.5290 0.4361
vn -0.8557 0.2780 0.4365
vn -0.8887 0.1408 0.4364
vn -0.1525 0.9626 0.2238
vn -0.4425 0.8684 0.2237
vn -0.7885 0.5729 0.2237
vn -0.8684 0.4425 0.2237
vn -0.9626 0.1525 0.2237
vn -0.6891 0.6892 -0.2239
vn -0.9749 0.0037 -0.2226
vn -0.1407 0.8886 -0.4365
vn -0.2781 0.8559 -0.4361
vn -0.4086 0.8018 -0.4361
vn -0.5289 0.7280 -0.4361
vn -0.5728 0.7885 -0.2240
vn -0.6362 0.6362 -0.4365
vn -0.7279 0.5288 -0.4365
vn -0.1220 0.7700 -0.6262
vn -0.4583 0.6307 -0.6262
vn -0.6307 0.4583 -0.6262
vn -0.7413 0.2409 -0.6265
vn -0.7697 0.1219 -0.6266
vn -0.0969 0.6119 -0.7850
vn -0.1915 0.5893 -0.7849
vn -0.2812 0.5519 -0.7851
vn -0.4381 0.4381 -0.7850
vn -0.5011 0.3641 -0.7850
vn -0.5521 0.2813 -0.7849
vn -0.5892 0.1914 -0.7850
vn -0.6119 0.0969 -0.7850
vn -0.0671 0.4234 -0.9034
vn -0.1325 0.4076 -0.9035
vn -0.1946 0.3820 -0.9034
vn -0.2519 0.3468 -0.9035
vn -0.3031 0.3031 -0.9034
vn -0.3470 0.2521 -0.9034
vn -0.4075 0.1324 -0.9035
vn -0.0339 0.2137 -0.9763
vn -0.0669 0.2060 -0.9763
vn -0.0982 0.1928 -0.9763
vn -0.1273 0.1752 -0.9763
vn -0.1927 0.0982 -0.9763
vn -0.2059 0.0669 -0.9763
vn 0.0011 -0.0067 -1.0000
vn 0.0063 -0.0021 -1.0000
vn 0.0066 -0.0011 -1.0000
vn 0.0707 -0.2177 -0.9734
vn 0.1039 -0.2039 -0.9735
vn 0.1345 -0.1851 -0.9735
vn 0.1617 -0.1617 -0.9735
vn 0.2037 -0.1038 -0.9735
vn 0.2175 -0.0707 -0.9735
vn 0.2259 -0.0358 -0.9735
vn 0.2229 -0.0009 -0.9749
vn 0.1357 -0.4176 -0.8985
vn 0.1993 -0.3912 -0.8985
vn 0.2581 -0.3553 -0.8984
vn 0.3553 -0.2581 -0.8984
vn 0.3912 -0.1993 -0.8985
vn 0.0982 -0.6197 -0.7786
vn 0.1938 -0.5965 -0.7789
vn 0.2849 -0.5591 -0.7786
vn 0.3688 -0.5076 -0.7786
vn 0.4435 -0.4436 -0.7788
vn 0.5075 -0.3687 -0.7787
vn 0.5591 -0.2848 -0.7787
vn 0.6195 -0.0981 -0.7789
vn 0.1226 -0.7743 -0.6208
vn 0.2423 -0.7456 -0.6208
vn 0.3561 -0.6988 -0.6204
vn 0.4610 -0.6345 -0.6204
vn 0.5544 -0.5544 -0.6208
vn 0.6343 -0.4608 -0.6208
vn 0.6985 -0.3559 -0.6208
vn 0.7459 -0.2424 -0.6204
vn 0.7748 -0.1227 -0.6202
vn 0.1411 -0.8911 -0.4313
vn 0.0030 -0.9010 -0.4338
vn 0.4095 -0.8037 -0.4317
vn 0.5303 -0.7299 -0.4314
vn 0.7297 -0.5302 -0.4317
vn 0.6896 -0.6896 -0.2210
vn 0.9275 -0.3014 -0.2210
vn 0.1526 -0.9632 0.2213
vn 0.9633 -0.1526 0.2207
vn 0.2787 -0.8579 0.4317
vn 0.6379 -0.6379 0.4314
vn 0.7297 -0.5302 0.4317
vn 0.8579 -0.2787 0.4317
vn 0.8911 -0.1411 0.4314
vn 0.1226 -0.7743 0.6208
vn 0.4611 -0.6346 0.6202
vn 0.5546 -0.5546 0.6203
vn 0.6985 -0.3559 0.6208
vn 0.7458 -0.2423 0.6205
vn 0.0981 -0.6196 0.7787
vn 0.1938 -0.5965 0.7789
vn 0.3687 -0.5075 0.7787
vn 0.5076 -0.3688 0.7787
vn 0.5588 -0.2847 0.7789
vn 0.5966 -0.1938 0.7788
vn 0.0687 -0.4336 0.8985
vn 0.1993 -0.3912 0.8985
vn 0.3105 -0.3105 0.8984
vn 0.3554 -0.2582 0.8983
vn 0.3912 -0.1993 0.8984
vn 0.4338 -0.0687 0.8984
vn 0.0706 -0.2172 0.9736
vn 0.1849 -0.1343 0.9735
vn 0.2038 -0.1038 0.9735
vn 0.2175 -0.0707 0.9735
vn 0.2259 -0.0358 0.9735
vn 0.2229 -0.0009 0.9749
vn 0.0010 -0.0066 1.0000
vn 0.0021 -0.0063 1.0000
vn 0.0030 -0.0058 1.0000
vn 0.0039 -0.0054 1.0000
vn 0.0064 -0.0021 1.0000
vn 0.0067 -0.0011 1.0000
vn 0.0003 -0.0000 1.0000
vn -0.4338 -0.0000 0.9010
vn -0.2226 -0.0000 -0.9749
vn 0.7819 -0.0000 -0.6235
vn 0.0016 0.6233 0.7819
vn 0.0023 0.9009 0.4339
vn -0.0013 -0.4341 0.9009
vn -0.0006 -0.2228 0.9749
vn 0.0671 0.4234 0.9035
vn 0.1325 0.4077 0.9034
vn 0.0982 0.1928 0.9763
vn 0.3032 0.3032 0.9034
vn 0.1530 0.1530 0.9763
vn 0.1751 0.1272 0.9763
vn 0.1927 0.0982 0.9763
vn 0.4075 0.1324 0.9035
vn 0.4233 0.0671 0.9035
vn 0.2136 0.0338 0.9763
vn 0.1914 0.5891 0.7850
vn 0.2812 0.5520 0.7850
vn 0.4381 0.4381 0.7849
vn 0.5894 0.1915 0.7848
vn 0.3538 0.6943 0.6267
vn 0.4581 0.6304 0.6267
vn 0.5509 0.5509 0.6269
vn 0.6307 0.4583 0.6262
vn 0.6945 0.3539 0.6265
vn 0.7413 0.2409 0.6265
vn 0.7697 0.1219 0.6266
vn 0.1408 0.8888 0.4361
vn 0.4086 0.8018 0.4361
vn 0.6362 0.6362 0.4364
vn 0.7280 0.5290 0.4361
vn 0.8018 0.4085 0.4361
vn 0.3012 0.9269 0.2241
vn 0.9626 0.1525 0.2237
vn 0.6891 0.6892 -0.2239
vn 0.7885 0.5728 -0.2239
vn 0.1408 0.8888 -0.4361
vn 0.4086 0.8018 -0.4361
vn 0.5289 0.7280 -0.4361
vn 0.5728 0.7885 -0.2240
vn 0.6362 0.6362 -0.4364
vn 0.7279 0.5288 -0.4365
vn 0.8885 0.1407 -0.4367
vn 0.9749 0.0036 -0.2226
vn 0.2409 0.7415 -0.6262
vn 0.4581 0.6305 -0.6266
vn 0.5513 0.5513 -0.6262
vn 0.6305 0.4581 -0.6266
vn 0.7415 0.2409 -0.6262
vn 0.0969 0.6119 -0.7850
vn 0.1914 0.5891 -0.7850
vn 0.2814 0.5522 -0.7848
vn 0.4381 0.4381 -0.7850
vn 0.5013 0.3642 -0.7849
vn 0.5521 0.2813 -0.7849
vn 0.5892 0.1914 -0.7850
vn 0.6121 0.0969 -0.7848
vn 0.0671 0.4234 -0.9034
vn 0.1325 0.4076 -0.9035
vn 0.1946 0.3820 -0.9034
vn 0.2520 0.3468 -0.9034
vn 0.3031 0.3032 -0.9034
vn 0.3469 0.2520 -0.9034
vn 0.3819 0.1946 -0.9035
vn 0.4075 0.1324 -0.9036
vn 0.4233 0.0670 -0.9035
vn 0.0339 0.2138 -0.9763
vn 0.0668 0.2056 -0.9763
vn 0.0982 0.1928 -0.9763
vn 0.1272 0.1751 -0.9763
vn 0.1530 0.1531 -0.9763
vn 0.1926 0.0981 -0.9764
vn 0.2057 0.0668 -0.9763
vn 0.2136 0.0338 -0.9763
vn -0.0011 -0.0067 -1.0000
vn -0.0021 -0.0064 -1.0000
vn -0.0048 -0.0048 -1.0000
vn -0.0055 -0.0040 -1.0000
vn -0.0060 -0.0031 -1.0000
vn -0.0063 -0.0021 -1.0000
vn -0.0066 -0.0011 -1.0000
vn -0.0358 -0.2260 -0.9735
vn -0.0706 -0.2172 -0.9736
vn -0.1038 -0.2037 -0.9735
vn -0.1343 -0.1849 -0.9735
vn -0.1618 -0.1618 -0.9735
vn -0.1849 -0.1343 -0.9735
vn -0.2034 -0.1037 -0.9736
vn -0.2174 -0.0706 -0.9735
vn -0.2260 -0.0358 -0.9735
vn -0.2229 -0.0009 -0.9749
vn -0.0687 -0.4335 -0.8986
vn -0.1356 -0.4175 -0.8985
vn -0.1993 -0.3912 -0.8985
vn -0.2581 -0.3552 -0.8984
vn -0.3106 -0.3106 -0.8984
vn -0.3552 -0.2581 -0.8985
vn -0.3912 -0.1993 -0.8984
vn -0.4176 -0.1357 -0.8984
vn -0.4336 -0.0687 -0.8985
vn -0.0981 -0.6194 -0.7789
vn -0.2848 -0.5590 -0.7787
vn -0.3689 -0.5077 -0.7786
vn -0.4437 -0.4437 -0.7786
vn -0.5077 -0.3689 -0.7786
vn -0.5591 -0.2848 -0.7787
vn -0.1227 -0.7745 -0.6205
vn -0.2424 -0.7459 -0.6204
vn -0.3561 -0.6988 -0.6204
vn -0.4610 -0.6345 -0.6204
vn -0.5546 -0.5546 -0.6203
vn -0.6343 -0.4608 -0.6208
vn -0.6985 -0.3559 -0.6208
vn -0.7458 -0.2423 -0.6205
vn -0.7743 -0.1226 -0.6208
vn -0.1411 -0.8911 -0.4313
vn -0.2787 -0.8579 -0.4317
vn -0.7297 -0.5302 -0.4317
vn -0.8581 -0.2788 -0.4312
vn -0.8910 -0.1411 -0.4314
vn -0.9275 -0.3014 -0.2213
vn -0.1526 -0.9633 0.2208
vn -0.5732 -0.7889 0.2213
vn -0.7890 -0.5732 0.2213
vn -0.8689 -0.4427 0.2213
vn -0.1411 -0.8909 0.4317
vn -0.2787 -0.8579 0.4317
vn -0.4096 -0.8039 0.4312
vn -0.8039 -0.4096 0.4312
vn -0.8581 -0.2788 0.4313
vn -0.8911 -0.1411 0.4314
vn -0.2424 -0.7459 0.6204
vn -0.3561 -0.6988 0.6204
vn -0.4610 -0.6346 0.6203
vn -0.5547 -0.5547 0.6202
vn -0.6989 -0.3561 0.6203
vn -0.7460 -0.2424 0.6202
vn -0.7746 -0.1227 0.6204
vn -0.0981 -0.6194 0.7789
vn -0.1939 -0.5967 0.7787
vn -0.2849 -0.5591 0.7786
vn -0.3688 -0.5077 0.7786
vn -0.4435 -0.4435 0.7788
vn -0.5075 -0.3687 0.7787
vn -0.5591 -0.2849 0.7786
vn -0.5967 -0.1939 0.7787
vn -0.6197 -0.0982 0.7786
vn -0.0687 -0.4338 0.8984
vn -0.1357 -0.4176 0.8985
vn -0.1993 -0.3911 0.8985
vn -0.2581 -0.3552 0.8985
vn -0.3103 -0.3103 0.8986
vn -0.3911 -0.1993 0.8985
vn -0.4176 -0.1357 0.8984
vn -0.4339 -0.0687 0.8983
vn -0.0358 -0.2260 0.9735
vn -0.0707 -0.2174 0.9735
vn -0.1038 -0.2038 0.9735
vn -0.1344 -0.1850 0.9735
vn -0.1851 -0.1345 0.9735
vn -0.2037 -0.1038 0.9735
vn -0.2174 -0.0706 0.9735
vn -0.2260 -0.0358 0.9735
vn -0.0011 -0.0066 1.0000
vn -0.0030 -0.0060 1.0000
vn -0.0055 -0.0040 1.0000
vn -0.0057 -0.0029 1.0000
vn -0.0064 -0.0021 1.0000
vn -0.0003 -0.0000 1.0000
vn 0.2226 -0.0000 -0.9749
vn -0.0000 0.9999 0.0167
vn -0.0000 -0.9221 -0.3869
vn -0.0000 -0.9999 0.0150
vn -0.0000 -0.9999 0.0168
vn -0.0007 -0.2223 0.9750
vn -0.0013 -0.4337 0.9011
vn -0.0670 -0.4233 0.9035
vn -0.0339 -0.2139 0.9763
vn -0.1325 -0.4077 0.9035
vn -0.0668 -0.2057 0.9763
vn -0.1945 -0.3818 0.9035
vn -0.0982 -0.1927 0.9763
vn -0.2518 -0.3466 0.9036
vn -0.1271 -0.1749 0.9763
vn -0.3030 -0.3031 0.9035
vn -0.1529 -0.1529 0.9763
vn -0.3467 -0.2519 0.9035
vn -0.1749 -0.1271 0.9764
vn -0.3821 -0.1947 0.9034
vn -0.1926 -0.0981 0.9764
vn -0.4075 -0.1324 0.9036
vn -0.2057 -0.0668 0.9763
vn -0.4234 -0.0671 0.9034
vn -0.2137 -0.0338 0.9763
vn -0.4336 -0.0017 0.9011
vn -0.2222 -0.0009 0.9750
vn -0.0018 -0.6233 0.7819
vn -0.0969 -0.6120 0.7849
vn -0.1915 -0.5895 0.7848
vn -0.2812 -0.5518 0.7851
vn -0.3642 -0.5013 0.7849
vn -0.4380 -0.4380 0.7851
vn -0.5011 -0.3641 0.7850
vn -0.5520 -0.2813 0.7850
vn -0.5893 -0.1915 0.7849
vn -0.6121 -0.0969 0.7848
vn -0.6233 -0.0024 0.7820
vn -0.0023 -0.7816 0.6238
vn -0.1219 -0.7697 0.6266
vn -0.2409 -0.7415 0.6262
vn -0.3539 -0.6947 0.6262
vn -0.4583 -0.6307 0.6262
vn -0.5513 -0.5513 0.6262
vn -0.6305 -0.4581 0.6266
vn -0.6943 -0.3538 0.6268
vn -0.7411 -0.2408 0.6267
vn -0.7698 -0.1219 0.6266
vn -0.7817 -0.0029 0.6236
vn -0.0026 -0.9009 0.4340
vn -0.1407 -0.8886 0.4365
vn -0.2781 -0.8559 0.4361
vn -0.4085 -0.8018 0.4361
vn -0.5290 -0.7280 0.4361
vn -0.6362 -0.6362 0.4365
vn -0.7278 -0.5288 0.4366
vn -0.8016 -0.4085 0.4365
vn -0.8559 -0.2781 0.4361
vn -0.8888 -0.1408 0.4361
vn -0.9009 -0.0034 0.4340
vn -0.1525 -0.9626 0.2238
vn -0.3012 -0.9269 0.2238
vn -0.4425 -0.8684 0.2237
vn -0.5729 -0.7885 0.2237
vn -0.6892 -0.6892 0.2237
vn -0.7885 -0.5729 0.2237
vn -0.8684 -0.4425 0.2237
vn -0.9269 -0.3012 0.2238
vn -0.9626 -0.1525 0.2238
vn -0.9749 -0.0037 0.2226
vn -1.0000 -0.0037 -0.0000
vn -0.0028 -0.9749 -0.2225
vn -0.1525 -0.9626 -0.2239
vn -0.3012 -0.9269 -0.2239
vn -0.4425 -0.8684 -0.2239
vn -0.5729 -0.7885 -0.2239
vn -0.6892 -0.6891 -0.2239
vn -0.7885 -0.5729 -0.2239
vn -0.8684 -0.4425 -0.2239
vn -0.9269 -0.3012 -0.2239
vn -0.9626 -0.1525 -0.2239
vn -0.9749 -0.0037 -0.2225
vn -0.0028 -0.9749 -0.2226
vn -0.0026 -0.9009 -0.4340
vn -0.1408 -0.8887 -0.4364
vn -0.1525 -0.9626 -0.2240
vn -0.2781 -0.8559 -0.4361
vn -0.3012 -0.9269 -0.2240
vn -0.4085 -0.8018 -0.4361
vn -0.4424 -0.8684 -0.2240
vn -0.5290 -0.7280 -0.4361
vn -0.5729 -0.7885 -0.2240
vn -0.6361 -0.6361 -0.4366
vn -0.6891 -0.6891 -0.2240
vn -0.7280 -0.5290 -0.4361
vn -0.7885 -0.5729 -0.2240
vn -0.8018 -0.4085 -0.4361
vn -0.8684 -0.4424 -0.2240
vn -0.8559 -0.2781 -0.4361
vn -0.9269 -0.3012 -0.2240
vn -0.8886 -0.1407 -0.4365
vn -0.9626 -0.1525 -0.2240
vn -0.9009 -0.0034 -0.4340
vn -0.9749 -0.0036 -0.2226
vn -0.0023 -0.7816 -0.6238
vn -0.1220 -0.7700 -0.6262
vn -0.2408 -0.7412 -0.6266
vn -0.3540 -0.6947 -0.6262
vn -0.4581 -0.6306 -0.6265
vn -0.5511 -0.5511 -0.6266
vn -0.6304 -0.4580 -0.6268
vn -0.6943 -0.3538 -0.6267
vn -0.7412 -0.2408 -0.6266
vn -0.7700 -0.1220 -0.6262
vn -0.7817 -0.0029 -0.6236
vn -0.0018 -0.6233 -0.7819
vn -0.0969 -0.6117 -0.7851
vn -0.1914 -0.5892 -0.7850
vn -0.2813 -0.5521 -0.7849
vn -0.3642 -0.5013 -0.7849
vn -0.4382 -0.4382 -0.7849
vn -0.5012 -0.3641 -0.7850
vn -0.5519 -0.2812 -0.7850
vn -0.5893 -0.1915 -0.7849
vn -0.6122 -0.0970 -0.7848
vn -0.6233 -0.0024 -0.7820
vn -0.0013 -0.4337 -0.9011
vn -0.0671 -0.4236 -0.9034
vn -0.1325 -0.4079 -0.9034
vn -0.1945 -0.3818 -0.9035
vn -0.2519 -0.3467 -0.9035
vn -0.3031 -0.3031 -0.9034
vn -0.3466 -0.2518 -0.9036
vn -0.3817 -0.1945 -0.9036
vn -0.4078 -0.1325 -0.9034
vn -0.4240 -0.0672 -0.9032
vn -0.4336 -0.0016 -0.9011
vn -0.0007 -0.2223 -0.9750
vn -0.0338 -0.2136 -0.9763
vn -0.0669 -0.2058 -0.9763
vn -0.0984 -0.1931 -0.9762
vn -0.1271 -0.1749 -0.9764
vn -0.1530 -0.1530 -0.9763
vn -0.1750 -0.1271 -0.9763
vn -0.1927 -0.0982 -0.9763
vn -0.2058 -0.0669 -0.9763
vn -0.2138 -0.0339 -0.9763
vn -0.2222 -0.0008 -0.9750
vn -0.0000 0.0003 -1.0000
vn 0.0010 0.0066 -1.0000
vn 0.0021 0.0063 -1.0000
vn 0.0030 0.0059 -1.0000
vn 0.0040 0.0054 -1.0000
vn 0.0047 0.0047 -1.0000
vn 0.0054 0.0039 -1.0000
vn 0.0059 0.0030 -1.0000
vn 0.0063 0.0020 -1.0000
vn 0.0065 0.0010 -1.0000
vn 0.0007 0.2228 -0.9749
vn 0.0357 0.2257 -0.9735
vn 0.0707 0.2175 -0.9735
vn 0.1038 0.2038 -0.9735
vn 0.1341 0.1846 -0.9736
vn 0.1617 0.1617 -0.9735
vn 0.1850 0.1344 -0.9735
vn 0.2037 0.1038 -0.9735
vn 0.2176 0.0707 -0.9735
vn 0.2259 0.0358 -0.9735
vn 0.2228 0.0009 -0.9749
vn 0.0014 0.4341 -0.9009
vn 0.0687 0.4339 -0.8983
vn 0.1358 0.4178 -0.8983
vn 0.1994 0.3913 -0.8984
vn 0.2582 0.3554 -0.8983
vn 0.3105 0.3105 -0.8984
vn 0.3553 0.2581 -0.8984
vn 0.3913 0.1994 -0.8984
vn 0.4176 0.1357 -0.8985
vn 0.4337 0.0687 -0.8984
vn 0.4342 0.0018 -0.9008
vn 0.0020 0.6237 -0.7817
vn 0.0982 0.6197 -0.7787
vn 0.1939 0.5967 -0.7787
vn 0.2848 0.5589 -0.7788
vn 0.3688 0.5076 -0.7787
vn 0.4436 0.4436 -0.7787
vn 0.5075 0.3687 -0.7787
vn 0.5589 0.2848 -0.7788
vn 0.5967 0.1939 -0.7787
vn 0.6197 0.0982 -0.7787
vn 0.6237 0.0026 -0.7817
vn 0.0025 0.7819 -0.6234
vn 0.1226 0.7743 -0.6208
vn 0.2423 0.7456 -0.6208
vn 0.3562 0.6990 -0.6201
vn 0.4611 0.6346 -0.6202
vn 0.5544 0.5544 -0.6208
vn 0.6344 0.4609 -0.6205
vn 0.6988 0.3561 -0.6204
vn 0.7456 0.2423 -0.6208
vn 0.7746 0.1227 -0.6205
vn 0.7820 0.0033 -0.6233
vn 0.0029 0.9010 -0.4338
vn 0.1411 0.8909 -0.4317
vn 0.2788 0.8581 -0.4313
vn 0.4095 0.8037 -0.4317
vn 0.5302 0.7297 -0.4317
vn 0.6378 0.6378 -0.4317
vn 0.7299 0.5303 -0.4314
vn 0.8037 0.4095 -0.4317
vn 0.8579 0.2787 -0.4317
vn 0.8909 0.1411 -0.4317
vn 0.9010 0.0039 -0.4338
vn 0.0032 0.9749 -0.2224
vn 0.1526 0.9633 -0.2208
vn 0.3014 0.9275 -0.2213
vn 0.4427 0.8689 -0.2213
vn 0.5732 0.7890 -0.2213
vn 0.6896 0.6896 -0.2213
vn 0.7890 0.5732 -0.2213
vn 0.8689 0.4427 -0.2213
vn 0.9275 0.3014 -0.2210
vn 0.9632 0.1526 -0.2213
vn 0.9749 0.0042 -0.2224
vn 0.0033 1.0000 -0.0000
vn 1.0000 0.0043 -0.0000
vn 0.0032 0.9749 0.2225
vn 0.1526 0.9633 0.2209
vn 0.3014 0.9275 0.2214
vn 0.4427 0.8689 0.2213
vn 0.5732 0.7890 0.2213
vn 0.6896 0.6896 0.2213
vn 0.7890 0.5733 0.2210
vn 0.8690 0.4428 0.2210
vn 0.9275 0.3014 0.2213
vn 0.9632 0.1526 0.2213
vn 0.9749 0.0042 0.2224
vn 0.0030 0.9010 0.4338
vn 0.1411 0.8911 0.4314
vn 0.2788 0.8581 0.4312
vn 0.4095 0.8037 0.4317
vn 0.5302 0.7297 0.4317
vn 0.6378 0.6378 0.4317
vn 0.7297 0.5302 0.4317
vn 0.8039 0.4096 0.4313
vn 0.8580 0.2788 0.4314
vn 0.8909 0.1411 0.4317
vn 0.9010 0.0039 0.4337
vn 0.0025 0.7819 0.6234
vn 0.1227 0.7746 0.6204
vn 0.2423 0.7456 0.6208
vn 0.3560 0.6987 0.6205
vn 0.4610 0.6345 0.6204
vn 0.5544 0.5544 0.6208
vn 0.6345 0.4610 0.6204
vn 0.6990 0.3561 0.6202
vn 0.7456 0.2423 0.6208
vn 0.7743 0.1226 0.6208
vn 0.7820 0.0033 0.6233
vn 0.0020 0.6236 0.7817
vn 0.0981 0.6196 0.7788
vn 0.1938 0.5966 0.7788
vn 0.2848 0.5589 0.7788
vn 0.3687 0.5075 0.7787
vn 0.4438 0.4438 0.7786
vn 0.5076 0.3688 0.7787
vn 0.5590 0.2848 0.7787
vn 0.5968 0.1939 0.7786
vn 0.6197 0.0982 0.7787
vn 0.6237 0.0026 0.7817
vn 0.0014 0.4341 0.9009
vn 0.0687 0.4339 0.8983
vn 0.1357 0.4177 0.8984
vn 0.1994 0.3914 0.8983
vn 0.2580 0.3551 0.8985
vn 0.3105 0.3105 0.8984
vn 0.3553 0.2581 0.8984
vn 0.3913 0.1994 0.8984
vn 0.4177 0.1357 0.8984
vn 0.4337 0.0687 0.8984
vn 0.4342 0.0018 0.9008
vn 0.0007 0.2228 0.9749
vn 0.0358 0.2258 0.9735
vn 0.0707 0.2175 0.9735
vn 0.1037 0.2034 0.9736
vn 0.1345 0.1852 0.9735
vn 0.1617 0.1617 0.9735
vn 0.1850 0.1344 0.9735
vn 0.2034 0.1037 0.9736
vn 0.2175 0.0707 0.9735
vn 0.2258 0.0358 0.9735
vn 0.2228 0.0009 0.9749
vn -0.0000 0.0003 1.0000
vn 0.0010 0.0065 1.0000
vn 0.0021 0.0063 1.0000
vn 0.0030 0.0059 1.0000
vn 0.0039 0.0054 1.0000
vn 0.0047 0.0047 1.0000
vn 0.0054 0.0039 1.0000
vn 0.0060 0.0031 1.0000
vn 0.0063 0.0020 1.0000
vn 0.0066 0.0010 1.0000
vn 0.0006 -0.2223 0.9750
vn 0.0011 -0.4337 0.9011
vn 0.0016 -0.6234 0.7819
vn 0.0020 -0.7818 0.6236
vn 0.0023 -0.9009 0.4339
vn 0.0024 -0.9749 0.2226
vn 0.0025 -1.0000 -0.0000
vn -0.0000 -0.9749 -0.2224
vn 0.0025 -0.9749 -0.2225
vn -0.0000 -0.9749 -0.2226
vn 0.0025 -0.9749 -0.2226
vn 0.0023 -0.9009 -0.4340
vn 0.0020 -0.7818 -0.6236
vn 0.0016 -0.6234 -0.7819
vn 0.0011 -0.4337 -0.9010
vn 0.0006 -0.2223 -0.9750
vn -0.0000 0.0002 -1.0000
vn -0.0006 0.2228 -0.9749
vn -0.0013 0.4341 -0.9009
vn -0.0018 0.6236 -0.7817
vn -0.0022 0.7819 -0.6234
vn -0.0026 0.9010 -0.4338
vn -0.0028 0.9749 -0.2224
vn -0.0028 0.9749 0.2225
vn -0.0026 0.9010 0.4338
vn -0.0022 0.7819 0.6234
vn -0.0018 0.6236 0.7817
vn -0.0012 0.4341 0.9009
vn -0.0007 0.2228 0.9749
vn -0.0000 0.0002 1.0000
vn 0.0670 -0.4233 0.9035
vn 0.0339 -0.2139 0.9763
vn 0.1325 -0.4077 0.9034
vn 0.0668 -0.2057 0.9763
vn 0.1945 -0.3818 0.9036
vn 0.0982 -0.1928 0.9763
vn 0.2522 -0.3471 0.9033
vn 0.1271 -0.1750 0.9763
vn 0.3031 -0.3031 0.9035
vn 0.1529 -0.1529 0.9763
vn 0.3467 -0.2519 0.9035
vn 0.1750 -0.1271 0.9763
vn 0.3821 -0.1947 0.9034
vn 0.1927 -0.0982 0.9763
vn 0.4076 -0.1324 0.9035
vn 0.2056 -0.0668 0.9764
vn 0.4233 -0.0671 0.9035
vn 0.2136 -0.0338 0.9763
vn 0.4336 -0.0017 0.9011
vn 0.2222 -0.0008 0.9750
vn 0.0969 -0.6120 0.7849
vn 0.1914 -0.5891 0.7850
vn 0.2813 -0.5520 0.7850
vn 0.3641 -0.5011 0.7850
vn 0.4379 -0.4379 0.7851
vn 0.5011 -0.3641 0.7850
vn 0.5519 -0.2812 0.7851
vn 0.5891 -0.1914 0.7851
vn 0.6119 -0.0969 0.7850
vn 0.6233 -0.0024 0.7820
vn 0.1219 -0.7698 0.6265
vn 0.2409 -0.7415 0.6262
vn 0.3539 -0.6947 0.6262
vn 0.4583 -0.6307 0.6262
vn 0.5511 -0.5511 0.6266
vn 0.6306 -0.4581 0.6265
vn 0.6943 -0.3538 0.6267
vn 0.7415 -0.2409 0.6262
vn 0.7696 -0.1219 0.6267
vn 0.7816 -0.0029 0.6238
vn 0.1408 -0.8887 0.4364
vn 0.2780 -0.8557 0.4364
vn 0.4085 -0.8018 0.4361
vn 0.5290 -0.7280 0.4361
vn 0.6362 -0.6362 0.4365
vn 0.7279 -0.5288 0.4365
vn 0.8018 -0.4085 0.4361
vn 0.8559 -0.2781 0.4361
vn 0.8888 -0.1408 0.4361
vn 0.9009 -0.0034 0.4340
vn 0.1525 -0.9626 0.2241
vn 0.3012 -0.9269 0.2238
vn 0.4424 -0.8683 0.2241
vn 0.5729 -0.7885 0.2237
vn 0.6892 -0.6892 0.2237
vn 0.7884 -0.5728 0.2242
vn 0.8684 -0.4424 0.2241
vn 0.9269 -0.3012 0.2238
vn 0.9626 -0.1525 0.2241
vn 0.9749 -0.0037 0.2225
vn 1.0000 -0.0037 -0.0000
vn 0.1525 -0.9626 -0.2239
vn 0.3012 -0.9269 -0.2239
vn 0.4425 -0.8684 -0.2239
vn 0.5729 -0.7885 -0.2239
vn 0.6892 -0.6891 -0.2239
vn 0.7885 -0.5729 -0.2239
vn 0.8684 -0.4425 -0.2239
vn 0.9269 -0.3012 -0.2239
vn 0.9626 -0.1525 -0.2239
vn 0.9749 -0.0037 -0.2225
vn 0.1408 -0.8888 -0.4361
vn 0.1525 -0.9626 -0.2240
vn 0.2780 -0.8557 -0.4364
vn 0.3012 -0.9269 -0.2240
vn 0.4085 -0.8018 -0.4361
vn 0.4424 -0.8684 -0.2240
vn 0.5290 -0.7280 -0.4361
vn 0.5729 -0.7885 -0.2240
vn 0.6361 -0.6361 -0.4367
vn 0.6891 -0.6891 -0.2240
vn 0.7280 -0.5290 -0.4361
vn 0.7885 -0.5729 -0.2240
vn 0.8018 -0.4085 -0.4361
vn 0.8684 -0.4424 -0.2240
vn 0.8559 -0.2781 -0.4361
vn 0.9269 -0.3012 -0.2240
vn 0.8888 -0.1408 -0.4361
vn 0.9626 -0.1525 -0.2240
vn 0.9009 -0.0034 -0.4340
vn 0.9749 -0.0037 -0.2226
vn 0.1219 -0.7696 -0.6268
vn 0.2408 -0.7412 -0.6266
vn 0.3538 -0.6944 -0.6266
vn 0.4581 -0.6305 -0.6266
vn 0.5511 -0.5511 -0.6266
vn 0.6305 -0.4581 -0.6266
vn 0.6944 -0.3538 -0.6266
vn 0.7411 -0.2408 -0.6268
vn 0.7696 -0.1219 -0.6267
vn 0.7816 -0.0029 -0.6238
vn 0.0969 -0.6120 -0.7849
vn 0.1915 -0.5895 -0.7848
vn 0.2814 -0.5522 -0.7848
vn 0.3641 -0.5012 -0.7850
vn 0.4382 -0.4382 -0.7849
vn 0.5012 -0.3641 -0.7850
vn 0.5520 -0.2813 -0.7850
vn 0.5891 -0.1914 -0.7851
vn 0.6122 -0.0970 -0.7848
vn 0.6233 -0.0024 -0.7820
vn 0.0670 -0.4233 -0.9035
vn 0.1325 -0.4077 -0.9034
vn 0.1945 -0.3817 -0.9036
vn 0.2520 -0.3468 -0.9034
vn 0.3030 -0.3030 -0.9035
vn 0.3466 -0.2518 -0.9036
vn 0.3820 -0.1946 -0.9034
vn 0.4076 -0.1325 -0.9035
vn 0.4234 -0.0671 -0.9034
vn 0.4336 -0.0016 -0.9011
vn 0.0339 -0.2138 -0.9763
vn 0.0669 -0.2058 -0.9763
vn 0.0982 -0.1927 -0.9763
vn 0.1272 -0.1751 -0.9763
vn 0.1530 -0.1530 -0.9763
vn 0.1751 -0.1272 -0.9763
vn 0.1928 -0.0983 -0.9763
vn 0.2058 -0.0669 -0.9763
vn 0.2136 -0.0338 -0.9763
vn 0.2222 -0.0008 -0.9750
vn -0.0010 0.0066 -1.0000
vn -0.0021 0.0064 -1.0000
vn -0.0030 0.0059 -1.0000
vn -0.0039 0.0054 -1.0000
vn -0.0047 0.0047 -1.0000
vn -0.0054 0.0039 -1.0000
vn -0.0059 0.0030 -1.0000
vn -0.0063 0.0020 -1.0000
vn -0.0066 0.0010 -1.0000
vn -0.0358 0.2258 -0.9735
vn -0.0707 0.2176 -0.9735
vn -0.1037 0.2036 -0.9735
vn -0.1344 0.1849 -0.9735
vn -0.1618 0.1618 -0.9735
vn -0.1850 0.1344 -0.9735
vn -0.2039 0.1039 -0.9735
vn -0.2172 0.0706 -0.9736
vn -0.2257 0.0357 -0.9735
vn -0.2229 0.0010 -0.9749
vn -0.0687 0.4338 -0.8984
vn -0.1357 0.4177 -0.8984
vn -0.1994 0.3913 -0.8984
vn -0.2581 0.3552 -0.8985
vn -0.3104 0.3104 -0.8985
vn -0.3552 0.2581 -0.8985
vn -0.3914 0.1994 -0.8983
vn -0.4176 0.1357 -0.8985
vn -0.4336 0.0687 -0.8985
vn -0.4342 0.0018 -0.9008
vn -0.0981 0.6195 -0.7788
vn -0.1939 0.5968 -0.7786
vn -0.2848 0.5590 -0.7787
vn -0.3687 0.5075 -0.7788
vn -0.4437 0.4437 -0.7786
vn -0.5076 0.3688 -0.7787
vn -0.5590 0.2848 -0.7787
vn -0.5966 0.1938 -0.7788
vn -0.6197 0.0982 -0.7787
vn -0.6237 0.0026 -0.7817
vn -0.1227 0.7746 -0.6204
vn -0.2424 0.7459 -0.6204
vn -0.3559 0.6985 -0.6208
vn -0.4608 0.6343 -0.6208
vn -0.5546 0.5546 -0.6204
vn -0.6345 0.4610 -0.6204
vn -0.6990 0.3561 -0.6202
vn -0.7458 0.2423 -0.6205
vn -0.7743 0.1226 -0.6208
vn -0.7820 0.0033 -0.6233
vn -0.1411 0.8909 -0.4317
vn -0.2787 0.8579 -0.4317
vn -0.4096 0.8039 -0.4313
vn -0.5302 0.7297 -0.4317
vn -0.6378 0.6378 -0.4317
vn -0.7300 0.5304 -0.4311
vn -0.8039 0.4096 -0.4313
vn -0.8579 0.2787 -0.4317
vn -0.8909 0.1411 -0.4317
vn -0.9010 0.0039 -0.4337
vn -0.1526 0.9632 -0.2213
vn -0.3014 0.9275 -0.2213
vn -0.4427 0.8689 -0.2213
vn -0.5732 0.7890 -0.2213
vn -0.6896 0.6896 -0.2213
vn -0.7890 0.5732 -0.2213
vn -0.8689 0.4427 -0.2213
vn -0.9275 0.3014 -0.2213
vn -0.9632 0.1526 -0.2213
vn -0.9749 0.0042 -0.2224
vn -1.0000 0.0043 -0.0000
vn -0.1526 0.9633 0.2209
vn -0.3014 0.9275 0.2214
vn -0.4427 0.8689 0.2213
vn -0.5732 0.7890 0.2213
vn -0.6896 0.6896 0.2213
vn -0.7890 0.5732 0.2213
vn -0.8689 0.4427 0.2213
vn -0.9275 0.3014 0.2213
vn -0.9632 0.1526 0.2213
vn -0.9749 0.0042 0.2224
vn -0.1411 0.8909 0.4317
vn -0.2788 0.8581 0.4313
vn -0.4095 0.8037 0.4317
vn -0.5302 0.7297 0.4317
vn -0.6380 0.6380 0.4313
vn -0.7299 0.5303 0.4313
vn -0.8037 0.4095 0.4317
vn -0.8581 0.2788 0.4312
vn -0.8909 0.1411 0.4317
vn -0.9010 0.0039 0.4338
vn -0.1227 0.7746 0.6204
vn -0.2424 0.7459 0.6204
vn -0.3561 0.6988 0.6204
vn -0.4610 0.6346 0.6203
vn -0.5544 0.5544 0.6208
vn -0.6345 0.4610 0.6204
vn -0.6989 0.3561 0.6202
vn -0.7459 0.2424 0.6204
vn -0.7743 0.1226 0.6208
vn -0.7820 0.0033 0.6233
vn -0.0982 0.6197 0.7787
vn -0.1939 0.5968 0.7786
vn -0.2848 0.5589 0.7788
vn -0.3688 0.5076 0.7787
vn -0.4437 0.4437 0.7786
vn -0.5072 0.3685 0.7791
vn -0.5590 0.2848 0.7787
vn -0.5967 0.1939 0.7787
vn -0.6198 0.0982 0.7786
vn -0.6237 0.0026 0.7817
vn -0.0687 0.4337 0.8984
vn -0.1357 0.4177 0.8984
vn -0.1993 0.3912 0.8984
vn -0.2581 0.3553 0.8984
vn -0.3104 0.3104 0.8985
vn -0.3552 0.2581 0.8985
vn -0.3910 0.1992 0.8986
vn -0.4177 0.1357 0.8984
vn -0.4336 0.0687 0.8985
vn -0.4342 0.0018 0.9008
vn -0.0358 0.2258 0.9735
vn -0.0707 0.2176 0.9735
vn -0.1038 0.2037 0.9735
vn -0.1343 0.1849 0.9735
vn -0.1617 0.1617 0.9735
vn -0.1850 0.1344 0.9735
vn -0.2037 0.1038 0.9735
vn -0.2174 0.0706 0.9735
vn -0.2258 0.0358 0.9735
vn -0.2228 0.0009 0.9749
vn -0.0010 0.0065 1.0000
vn -0.0021 0.0064 1.0000
vn -0.0030 0.0059 1.0000
vn -0.0040 0.0055 1.0000
vn -0.0048 0.0048 1.0000
vn -0.0054 0.0039 1.0000
vn -0.0059 0.0030 1.0000
vn -0.0063 0.0020 1.0000
vn -0.0065 0.0010 1.0000
vn -0.0168 0.9999 -0.0000
vn -0.0169 0.9999 -0.0000
vn 0.0168 -0.9999 -0.0000
vn -1.0000 0.0080 -0.0000
vn -1.0000 -0.0080 -0.0000
vn -1.0000 -0.0079 -0.0000
vn 1.0000 -0.0080 -0.0000
vn 1.0000 0.0080 -0.0000
vn 1.0000 0.0079 -0.0000
vn 0.9515 0.3075 -0.0000
vn 0.9515 0.3076 -0.0000
vn 0.3075 0.9515 -0.0000
vn 0.3077 0.9515 -0.0000
vn 0.0169 0.9999 -0.0000
vn -0.3075 0.9515 -0.0000
vn -0.3076 0.9515 -0.0000
vn -0.9515 0.3075 -0.0000
vn 0.9515 -0.3076 -0.0000
vn 0.9515 -0.3075 -0.0000
vn 0.3076 -0.9515 -0.0000
vn -0.3077 -0.9515 -0.0000
vn -0.0169 -0.9999 -0.0000
vn -0.3075 -0.9515 -0.0000
vn -0.9515 -0.3076 -0.0000
vn -0.9515 -0.3075 -0.0000
vn 0.0177 -0.9998 -0.0000
vn -0.0177 0.9998 -0.0000
vn 1.0000 0.0084 -0.0000
vn 1.0000 -0.0084 -0.0000
vn -1.0000 -0.0084 -0.0000
vn -1.0000 0.0084 -0.0000
vn -0.0177 -0.9998 -0.0000
vn 0.0177 0.9998 -0.0000
vn 0.9515 0.3075 0.0064
vn 0.9999 0.0080 0.0065
vn 0.8090 0.5878 0.0064
vn 0.5878 0.8090 0.0064
vn 0.3075 0.9515 0.0064
vn 0.0169 0.9998 0.0064
vn -0.0000 1.0000 0.0063
vn -0.0169 0.9998 0.0064
vn -0.3075 0.9515 0.0064
vn -0.5878 0.8090 0.0064
vn -0.8090 0.5878 0.0064
vn -0.9515 0.3075 0.0064
vn -0.9999 0.0080 0.0065
vn -0.9999 -0.0080 0.0065
vn -0.9515 -0.3075 0.0064
vn -0.8090 -0.5878 0.0064
vn -0.5878 -0.8090 0.0064
vn -0.3075 -0.9515 0.0064
vn -0.5877 -0.8090 0.0064
vn -0.0169 -0.9998 0.0064
vn -0.0000 -1.0000 0.0063
vn -0.0000 -1.0000 0.0064
vn 0.0169 -0.9998 0.0064
vn 0.3075 -0.9515 0.0064
vn 0.5878 -0.8090 0.0064
vn 0.8090 -0.5878 0.0064
vn 0.9515 -0.3075 0.0064
vn 0.9999 -0.0080 0.0065
vn -0.0000 0.0124 0.9999
vn 0.0003 0.0206 0.9998
vn 0.0133 0.0001 0.9999
vn 0.0133 -0.0001 0.9999
vn 0.0003 -0.0206 0.9998
vn -0.0000 -0.0124 0.9999
vn -0.0133 -0.0001 0.9999
vn -0.0133 0.0001 0.9999
vn 0.0094 0.0030 1.0000
vn 0.0078 0.0056 1.0000
vn 0.0059 0.0080 1.0000
vn 0.0034 0.0107 0.9999
vn -0.0034 0.0107 0.9999
vn -0.0003 0.0206 0.9998
vn -0.0059 0.0081 1.0000
vn -0.0078 0.0056 1.0000
vn -0.0095 0.0030 1.0000
vn 0.0095 -0.0030 1.0000
vn 0.0078 -0.0056 1.0000
vn 0.0059 -0.0080 1.0000
vn 0.0034 -0.0107 0.9999
vn -0.0003 -0.0206 0.9998
vn -0.0034 -0.0107 0.9999
vn -0.0058 -0.0081 1.0000
vn -0.0078 -0.0056 1.0000
vn -0.0094 -0.0030 1.0000
vn 0.5101 -0.0039 0.8601
vn 0.5101 0.0039 0.8601
vn 0.8693 0.0068 0.4942
vn 0.8693 -0.0068 0.4942
vn 0.8693 -0.0068 0.4943
vn 0.8693 0.0068 0.4943
vn 0.4979 0.1600 0.8524
vn 0.8304 0.2678 0.4885
vn 0.8305 0.2678 0.4884
vn 0.4242 0.3082 0.8515
vn 0.7063 0.5131 0.4878
vn 0.7063 0.5132 0.4877
vn 0.3082 0.4242 0.8515
vn 0.5131 0.7063 0.4878
vn 0.5132 0.7063 0.4877
vn 0.1600 0.4979 0.8524
vn 0.2678 0.8305 0.4885
vn 0.2678 0.8305 0.4884
vn 0.5131 0.7063 0.4877
vn 0.0083 0.5213 0.8534
vn 0.0141 0.8756 0.4829
vn 0.0141 0.8756 0.4828
vn 0.0001 0.5250 0.8511
vn -0.0001 0.8789 0.4771
vn -0.0001 0.8789 0.4770
vn -0.0001 0.5250 0.8511
vn 0.0001 0.8789 0.4771
vn 0.0001 0.8789 0.4770
vn -0.0083 0.5213 0.8534
vn -0.0141 0.8755 0.4829
vn -0.0141 0.8756 0.4828
vn -0.1600 0.4979 0.8524
vn -0.2678 0.8304 0.4885
vn -0.2678 0.8305 0.4884
vn -0.3082 0.4242 0.8515
vn -0.5131 0.7062 0.4878
vn -0.5132 0.7063 0.4877
vn -0.4242 0.3082 0.8515
vn -0.7063 0.5131 0.4878
vn -0.7063 0.5132 0.4877
vn -0.4979 0.1600 0.8524
vn -0.8305 0.2678 0.4885
vn -0.8305 0.2678 0.4884
vn -0.7063 0.5131 0.4877
vn -0.5101 0.0038 0.8601
vn -0.8693 0.0068 0.4943
vn -0.8693 0.0068 0.4942
vn -0.5101 -0.0038 0.8601
vn -0.8693 -0.0068 0.4943
vn -0.8693 -0.0068 0.4942
vn -0.4979 -0.1600 0.8524
vn -0.8304 -0.2678 0.4885
vn -0.8305 -0.2678 0.4884
vn -0.4242 -0.3082 0.8515
vn -0.7063 -0.5131 0.4878
vn -0.7063 -0.5132 0.4877
vn -0.3082 -0.4242 0.8515
vn -0.5131 -0.7063 0.4878
vn -0.5132 -0.7063 0.4877
vn -0.1600 -0.4979 0.8524
vn -0.2678 -0.8305 0.4885
vn -0.2678 -0.8305 0.4884
vn -0.5131 -0.7063 0.4877
vn -0.0083 -0.5213 0.8534
vn -0.0141 -0.8756 0.4829
vn -0.0141 -0.8756 0.4828
vn -0.0001 -0.5250 0.8511
vn 0.0001 -0.8789 0.4771
vn 0.0001 -0.8789 0.4770
vn 0.0001 -0.5250 0.8511
vn -0.0001 -0.8789 0.4771
vn -0.0001 -0.8789 0.4770
vn 0.0083 -0.5213 0.8534
vn 0.0141 -0.8755 0.4829
vn 0.0141 -0.8756 0.4828
vn 0.1600 -0.4979 0.8524
vn 0.2678 -0.8304 0.4885
vn 0.2678 -0.8305 0.4884
vn 0.3082 -0.4242 0.8515
vn 0.5131 -0.7062 0.4878
vn 0.5132 -0.7063 0.4877
vn 0.4242 -0.3082 0.8515
vn 0.7063 -0.5131 0.4878
vn 0.7063 -0.5132 0.4877
vn 0.4979 -0.1600 0.8524
vn 0.8305 -0.2678 0.4885
vn 0.8305 -0.2678 0.4884
vn -0.0671 -0.4234 0.9035
vn -0.1325 -0.4077 0.9034
vn -0.0982 -0.1928 0.9763
vn -0.3032 -0.3032 0.9034
vn -0.1530 -0.1530 0.9763
vn -0.1751 -0.1272 0.9763
vn -0.1927 -0.0982 0.9763
vn -0.4075 -0.1324 0.9035
vn -0.4233 -0.0671 0.9035
vn -0.2136 -0.0338 0.9763
vn -0.2222 -0.0008 0.9750
vn -0.0018 -0.6233 0.7820
vn -0.1914 -0.5891 0.7850
vn -0.2812 -0.5520 0.7850
vn -0.4381 -0.4381 0.7849
vn -0.5894 -0.1915 0.7848
vn -0.3538 -0.6943 0.6267
vn -0.4581 -0.6304 0.6267
vn -0.5509 -0.5509 0.6269
vn -0.6307 -0.4583 0.6262
vn -0.6945 -0.3539 0.6265
vn -0.7413 -0.2409 0.6265
vn -0.7697 -0.1219 0.6266
vn -0.1408 -0.8888 0.4361
vn -0.4086 -0.8018 0.4361
vn -0.6362 -0.6362 0.4364
vn -0.7280 -0.5290 0.4361
vn -0.8018 -0.4085 0.4361
vn -0.3012 -0.9269 0.2241
vn -0.9626 -0.1525 0.2237
vn -0.6891 -0.6892 -0.2239
vn -0.7885 -0.5728 -0.2239
vn -0.9749 -0.0037 -0.2226
vn -0.1408 -0.8888 -0.4361
vn -0.4086 -0.8018 -0.4361
vn -0.5289 -0.7280 -0.4361
vn -0.5728 -0.7885 -0.2240
vn -0.6362 -0.6362 -0.4364
vn -0.7279 -0.5288 -0.4365
vn -0.8885 -0.1407 -0.4367
vn -0.2409 -0.7415 -0.6262
vn -0.4581 -0.6305 -0.6266
vn -0.5513 -0.5513 -0.6262
vn -0.6305 -0.4581 -0.6266
vn -0.7415 -0.2409 -0.6262
vn -0.0969 -0.6119 -0.7850
vn -0.1914 -0.5891 -0.7850
vn -0.2814 -0.5522 -0.7848
vn -0.4381 -0.4381 -0.7850
vn -0.5013 -0.3642 -0.7849
vn -0.5521 -0.2813 -0.7849
vn -0.5892 -0.1914 -0.7850
vn -0.6121 -0.0969 -0.7848
vn -0.0671 -0.4234 -0.9034
vn -0.1325 -0.4076 -0.9035
vn -0.1946 -0.3820 -0.9034
vn -0.2520 -0.3468 -0.9034
vn -0.3031 -0.3032 -0.9034
vn -0.3469 -0.2520 -0.9034
vn -0.3819 -0.1946 -0.9035
vn -0.4075 -0.1324 -0.9036
vn -0.4233 -0.0670 -0.9035
vn -0.0339 -0.2138 -0.9763
vn -0.0668 -0.2056 -0.9763
vn -0.0982 -0.1928 -0.9763
vn -0.1272 -0.1751 -0.9763
vn -0.1530 -0.1531 -0.9763
vn -0.1926 -0.0981 -0.9764
vn -0.2057 -0.0668 -0.9763
vn -0.2136 -0.0338 -0.9763
vn 0.0011 0.0067 -1.0000
vn 0.0021 0.0064 -1.0000
vn 0.0048 0.0048 -1.0000
vn 0.0055 0.0040 -1.0000
vn 0.0060 0.0031 -1.0000
vn 0.0063 0.0021 -1.0000
vn 0.0066 0.0011 -1.0000
vn 0.0358 0.2260 -0.9735
vn 0.0706 0.2172 -0.9736
vn 0.1038 0.2037 -0.9735
vn 0.1343 0.1849 -0.9735
vn 0.1618 0.1618 -0.9735
vn 0.1849 0.1343 -0.9735
vn 0.2034 0.1037 -0.9736
vn 0.2174 0.0706 -0.9735
vn 0.2260 0.0358 -0.9735
vn 0.2229 0.0009 -0.9749
vn 0.0687 0.4335 -0.8986
vn 0.1356 0.4175 -0.8985
vn 0.1993 0.3912 -0.8985
vn 0.2581 0.3552 -0.8984
vn 0.3106 0.3106 -0.8984
vn 0.3552 0.2581 -0.8985
vn 0.3912 0.1993 -0.8984
vn 0.4176 0.1357 -0.8984
vn 0.4336 0.0687 -0.8985
vn 0.0981 0.6194 -0.7789
vn 0.2848 0.5590 -0.7787
vn 0.3689 0.5077 -0.7786
vn 0.4437 0.4437 -0.7786
vn 0.5077 0.3689 -0.7786
vn 0.5591 0.2848 -0.7787
vn 0.1227 0.7745 -0.6205
vn 0.2424 0.7459 -0.6204
vn 0.3561 0.6988 -0.6204
vn 0.4610 0.6345 -0.6204
vn 0.5546 0.5546 -0.6203
vn 0.6343 0.4608 -0.6208
vn 0.6985 0.3559 -0.6208
vn 0.7458 0.2423 -0.6205
vn 0.7743 0.1226 -0.6208
vn 0.0030 0.9010 -0.4338
vn 0.1411 0.8911 -0.4313
vn 0.2787 0.8579 -0.4317
vn 0.7297 0.5302 -0.4317
vn 0.8581 0.2788 -0.4312
vn 0.8910 0.1411 -0.4314
vn 0.9275 0.3014 -0.2213
vn 0.1526 0.9633 0.2208
vn 0.5732 0.7889 0.2213
vn 0.7890 0.5732 0.2213
vn 0.8689 0.4427 0.2213
vn 0.1411 0.8909 0.4317
vn 0.2787 0.8579 0.4317
vn 0.4096 0.8039 0.4312
vn 0.8039 0.4096 0.4312
vn 0.8581 0.2788 0.4313
vn 0.8911 0.1411 0.4314
vn 0.2424 0.7459 0.6204
vn 0.3561 0.6988 0.6204
vn 0.4610 0.6346 0.6203
vn 0.5547 0.5547 0.6202
vn 0.6989 0.3561 0.6203
vn 0.7460 0.2424 0.6202
vn 0.7746 0.1227 0.6204
vn 0.0981 0.6194 0.7789
vn 0.1939 0.5967 0.7787
vn 0.2849 0.5591 0.7786
vn 0.3688 0.5077 0.7786
vn 0.4435 0.4435 0.7788
vn 0.5075 0.3687 0.7787
vn 0.5591 0.2849 0.7786
vn 0.5967 0.1939 0.7787
vn 0.6197 0.0982 0.7786
vn 0.0687 0.4338 0.8984
vn 0.1357 0.4176 0.8985
vn 0.1993 0.3911 0.8985
vn 0.2581 0.3552 0.8985
vn 0.3103 0.3103 0.8986
vn 0.3911 0.1993 0.8985
vn 0.4176 0.1357 0.8984
vn 0.4339 0.0687 0.8983
vn 0.0358 0.2260 0.9735
vn 0.0707 0.2174 0.9735
vn 0.1038 0.2038 0.9735
vn 0.1344 0.1850 0.9735
vn 0.1851 0.1345 0.9735
vn 0.2037 0.1038 0.9735
vn 0.2174 0.0706 0.9735
vn 0.2260 0.0358 0.9735
vn 0.2229 0.0009 0.9749
vn 0.0011 0.0066 1.0000
vn 0.0030 0.0060 1.0000
vn 0.0055 0.0040 1.0000
vn 0.0057 0.0029 1.0000
vn 0.0064 0.0021 1.0000
vn -0.0007 0.2228 -0.9749
vn -0.0012 0.4341 -0.9009
vn -0.0013 0.4341 0.9009
vn -0.0006 0.2228 0.9749
vn 0.0671 -0.4234 0.9034
vn 0.0338 -0.2137 0.9763
vn 0.1324 -0.4075 0.9035
vn 0.1946 -0.3820 0.9034
vn 0.0982 -0.1927 0.9763
vn 0.2520 -0.3468 0.9034
vn 0.1271 -0.1749 0.9763
vn 0.3032 -0.3031 0.9034
vn 0.1532 -0.1532 0.9762
vn 0.3819 -0.1946 0.9035
vn 0.1926 -0.0981 0.9764
vn 0.2056 -0.0668 0.9763
vn 0.4233 -0.0670 0.9035
vn 0.2135 -0.0338 0.9764
vn 0.1914 -0.5892 0.7850
vn 0.2812 -0.5520 0.7850
vn 0.3642 -0.5013 0.7849
vn 0.4382 -0.4382 0.7849
vn 0.5012 -0.3641 0.7850
vn 0.5521 -0.2813 0.7849
vn 0.5893 -0.1915 0.7849
vn 0.6121 -0.0969 0.7848
vn 0.1219 -0.7697 0.6267
vn 0.3538 -0.6943 0.6267
vn 0.4580 -0.6304 0.6268
vn 0.5513 -0.5513 0.6262
vn 0.6305 -0.4581 0.6266
vn 0.6944 -0.3538 0.6266
vn 0.7413 -0.2409 0.6265
vn 0.7700 -0.1220 0.6262
vn 0.1408 -0.8888 0.4361
vn 0.5289 -0.7279 0.4364
vn 0.6362 -0.6362 0.4364
vn 0.7280 -0.5290 0.4361
vn 0.8557 -0.2780 0.4365
vn 0.8887 -0.1408 0.4364
vn 0.1525 -0.9626 0.2238
vn 0.4425 -0.8684 0.2237
vn 0.7885 -0.5729 0.2237
vn 0.8684 -0.4425 0.2237
vn 0.9626 -0.1525 0.2237
vn 0.6891 -0.6892 -0.2239
vn 0.1407 -0.8886 -0.4365
vn 0.2781 -0.8559 -0.4361
vn 0.4086 -0.8018 -0.4361
vn 0.5289 -0.7280 -0.4361
vn 0.5728 -0.7885 -0.2240
vn 0.6362 -0.6362 -0.4365
vn 0.7279 -0.5288 -0.4365
vn 0.9749 -0.0036 -0.2226
vn 0.1220 -0.7700 -0.6262
vn 0.4583 -0.6307 -0.6262
vn 0.6307 -0.4583 -0.6262
vn 0.7413 -0.2409 -0.6265
vn 0.7697 -0.1219 -0.6266
vn 0.0969 -0.6119 -0.7850
vn 0.1915 -0.5893 -0.7849
vn 0.2812 -0.5519 -0.7851
vn 0.4381 -0.4381 -0.7850
vn 0.5011 -0.3641 -0.7850
vn 0.5521 -0.2813 -0.7849
vn 0.5892 -0.1914 -0.7850
vn 0.6119 -0.0969 -0.7850
vn 0.0671 -0.4234 -0.9034
vn 0.1325 -0.4076 -0.9035
vn 0.1946 -0.3820 -0.9034
vn 0.2519 -0.3468 -0.9035
vn 0.3031 -0.3031 -0.9034
vn 0.3470 -0.2521 -0.9034
vn 0.4075 -0.1324 -0.9035
vn 0.0339 -0.2137 -0.9763
vn 0.0669 -0.2060 -0.9763
vn 0.0982 -0.1928 -0.9763
vn 0.1273 -0.1752 -0.9763
vn 0.1927 -0.0982 -0.9763
vn 0.2059 -0.0669 -0.9763
vn -0.0011 0.0067 -1.0000
vn -0.0063 0.0021 -1.0000
vn -0.0066 0.0011 -1.0000
vn -0.0707 0.2177 -0.9734
vn -0.1039 0.2039 -0.9735
vn -0.1345 0.1851 -0.9735
vn -0.1617 0.1617 -0.9735
vn -0.2037 0.1038 -0.9735
vn -0.2175 0.0707 -0.9735
vn -0.2259 0.0358 -0.9735
vn -0.2229 0.0009 -0.9749
vn -0.1357 0.4176 -0.8985
vn -0.1993 0.3912 -0.8985
vn -0.2581 0.3553 -0.8984
vn -0.3553 0.2581 -0.8984
vn -0.3912 0.1993 -0.8985
vn -0.0982 0.6197 -0.7786
vn -0.1938 0.5965 -0.7789
vn -0.2849 0.5591 -0.7786
vn -0.3688 0.5076 -0.7786
vn -0.4435 0.4436 -0.7788
vn -0.5075 0.3687 -0.7787
vn -0.5591 0.2848 -0.7787
vn -0.6195 0.0981 -0.7789
vn -0.1226 0.7743 -0.6208
vn -0.2423 0.7456 -0.6208
vn -0.3561 0.6988 -0.6204
vn -0.4610 0.6345 -0.6204
vn -0.5544 0.5544 -0.6208
vn -0.6343 0.4608 -0.6208
vn -0.6985 0.3559 -0.6208
vn -0.7459 0.2424 -0.6204
vn -0.7748 0.1227 -0.6202
vn -0.1411 0.8911 -0.4313
vn -0.4095 0.8037 -0.4317
vn -0.5303 0.7299 -0.4314
vn -0.7297 0.5302 -0.4317
vn -0.6896 0.6896 -0.2210
vn -0.9275 0.3014 -0.2210
vn -0.1526 0.9632 0.2213
vn -0.9633 0.1526 0.2207
vn -0.2787 0.8579 0.4317
vn -0.6379 0.6379 0.4314
vn -0.7297 0.5302 0.4317
vn -0.8579 0.2787 0.4317
vn -0.8911 0.1411 0.4314
vn -0.1226 0.7743 0.6208
vn -0.4611 0.6346 0.6202
vn -0.5546 0.5546 0.6203
vn -0.6985 0.3559 0.6208
vn -0.7458 0.2423 0.6205
vn -0.0981 0.6196 0.7787
vn -0.1938 0.5965 0.7789
vn -0.3687 0.5075 0.7787
vn -0.5076 0.3688 0.7787
vn -0.5588 0.2847 0.7789
vn -0.5966 0.1938 0.7788
vn -0.0687 0.4336 0.8985
vn -0.1993 0.3912 0.8985
vn -0.3105 0.3105 0.8984
vn -0.3554 0.2582 0.8983
vn -0.3912 0.1993 0.8984
vn -0.4338 0.0687 0.8984
vn -0.0706 0.2172 0.9736
vn -0.1849 0.1343 0.9735
vn -0.2038 0.1038 0.9735
vn -0.2175 0.0707 0.9735
vn -0.2259 0.0358 0.9735
vn -0.0010 0.0066 1.0000
vn -0.0021 0.0063 1.0000
vn -0.0030 0.0058 1.0000
vn -0.0039 0.0054 1.0000
vn -0.0064 0.0021 1.0000
vn -0.0067 0.0011 1.0000
vn -0.7820 -0.0000 -0.6233
vn -0.7820 -0.0000 0.6233
vt 0.523657 0.683370
vt 0.523657 0.682468
vt 0.594825 0.682456
vt 0.594825 0.683358
vt 0.523657 0.684272
vt 0.594825 0.684260
vt 0.523657 0.685174
vt 0.594825 0.685162
vt 0.523657 0.686076
vt 0.594826 0.686064
vt 0.523657 0.686978
vt 0.594826 0.686966
vt 0.523658 0.687880
vt 0.594826 0.687868
vt 0.523658 0.688782
vt 0.594826 0.688770
vt 0.523658 0.689684
vt 0.594826 0.689671
vt 0.523658 0.690586
vt 0.594826 0.690573
vt 0.523654 0.666233
vt 0.523654 0.665331
vt 0.594822 0.665318
vt 0.594822 0.666220
vt 0.523654 0.667135
vt 0.594822 0.667122
vt 0.523654 0.668037
vt 0.594822 0.668024
vt 0.523654 0.668939
vt 0.594822 0.668926
vt 0.523654 0.669841
vt 0.594823 0.669828
vt 0.523655 0.670743
vt 0.594823 0.670730
vt 0.523655 0.671645
vt 0.594823 0.671632
vt 0.523655 0.672547
vt 0.594823 0.672534
vt 0.523655 0.673448
vt 0.594824 0.673436
vt 0.523655 0.674350
vt 0.594824 0.674338
vt 0.523656 0.675253
vt 0.594824 0.675240
vt 0.523656 0.676154
vt 0.594824 0.676142
vt 0.523656 0.677056
vt 0.594824 0.677044
vt 0.523656 0.677958
vt 0.594824 0.677946
vt 0.523656 0.678860
vt 0.594824 0.678848
vt 0.523656 0.679762
vt 0.594824 0.679750
vt 0.523656 0.680664
vt 0.594824 0.680652
vt 0.523657 0.681566
vt 0.594825 0.681554
vt 0.855754 0.110287
vt 0.854223 0.108757
vt 0.856056 0.109908
vt 0.856266 0.109471
vt 0.856374 0.108999
vt 0.856374 0.108514
vt 0.856266 0.108041
vt 0.856056 0.107605
vt 0.855753 0.107226
vt 0.855374 0.106923
vt 0.854938 0.106713
vt 0.854465 0.106605
vt 0.853980 0.106605
vt 0.853508 0.106713
vt 0.853071 0.106924
vt 0.852692 0.107226
vt 0.852390 0.107605
vt 0.852180 0.108042
vt 0.852072 0.108514
vt 0.852072 0.108999
vt 0.852180 0.109472
vt 0.852390 0.109908
vt 0.852692 0.110287
vt 0.853071 0.110590
vt 0.853508 0.110800
vt 0.853981 0.110908
vt 0.854465 0.110908
vt 0.854938 0.110800
vt 0.855375 0.110589
vt 0.844807 0.645915
vt 0.844807 0.645014
vt 0.693304 0.645005
vt 0.693304 0.645907
vt 0.844807 0.646817
vt 0.693304 0.646809
vt 0.844807 0.647719
vt 0.693304 0.647711
vt 0.844807 0.648621
vt 0.693304 0.648613
vt 0.844807 0.649523
vt 0.693304 0.649515
vt 0.844807 0.650425
vt 0.693304 0.650417
vt 0.844807 0.651327
vt 0.693304 0.651319
vt 0.844807 0.652229
vt 0.693304 0.652221
vt 0.844807 0.653131
vt 0.693304 0.653123
vt 0.844807 0.654033
vt 0.693304 0.654025
vt 0.844807 0.654935
vt 0.693304 0.654927
vt 0.844807 0.655837
vt 0.693304 0.655829
vt 0.844806 0.656739
vt 0.693304 0.656731
vt 0.844806 0.657641
vt 0.693303 0.657633
vt 0.844806 0.658543
vt 0.693303 0.658535
vt 0.844806 0.659445
vt 0.693303 0.659437
vt 0.844806 0.660347
vt 0.693303 0.660339
vt 0.844806 0.661249
vt 0.693303 0.661241
vt 0.844806 0.662151
vt 0.693303 0.662143
vt 0.844806 0.663053
vt 0.693303 0.663045
vt 0.844808 0.638700
vt 0.844808 0.637798
vt 0.693304 0.637789
vt 0.693304 0.638691
vt 0.844807 0.639601
vt 0.693304 0.639593
vt 0.844807 0.640504
vt 0.693304 0.640495
vt 0.844807 0.641406
vt 0.693304 0.641397
vt 0.844807 0.642308
vt 0.693304 0.642299
vt 0.844807 0.643209
vt 0.693304 0.643201
vt 0.844807 0.644112
vt 0.693304 0.644103
vt 0.673477 0.673449
vt 0.602307 0.673436
vt 0.602307 0.672534
vt 0.673477 0.672547
vt 0.602308 0.671632
vt 0.673477 0.671645
vt 0.602308 0.670730
vt 0.673477 0.670743
vt 0.602308 0.669828
vt 0.673477 0.669841
vt 0.602308 0.668926
vt 0.673477 0.668939
vt 0.602308 0.668024
vt 0.673478 0.668037
vt 0.602308 0.667122
vt 0.673478 0.667135
vt 0.602309 0.666220
vt 0.673478 0.666233
vt 0.602309 0.665318
vt 0.673478 0.665331
vt 0.673473 0.690586
vt 0.602304 0.690574
vt 0.602305 0.689672
vt 0.673474 0.689684
vt 0.602305 0.688770
vt 0.673474 0.688782
vt 0.602305 0.687868
vt 0.673474 0.687880
vt 0.602305 0.686966
vt 0.673474 0.686978
vt 0.602305 0.686064
vt 0.673474 0.686076
vt 0.602305 0.685162
vt 0.673475 0.685174
vt 0.602305 0.684260
vt 0.673475 0.684272
vt 0.602306 0.683358
vt 0.673475 0.683370
vt 0.602306 0.682456
vt 0.673475 0.682468
vt 0.602306 0.681554
vt 0.673475 0.681566
vt 0.602306 0.680652
vt 0.673475 0.680664
vt 0.602306 0.679750
vt 0.673475 0.679762
vt 0.602306 0.678848
vt 0.673476 0.678860
vt 0.602306 0.677946
vt 0.673476 0.677958
vt 0.602307 0.677044
vt 0.673476 0.677056
vt 0.602307 0.676142
vt 0.673476 0.676154
vt 0.602307 0.675240
vt 0.673476 0.675252
vt 0.602307 0.674338
vt 0.673477 0.674351
vt 0.864363 0.110293
vt 0.864061 0.109914
vt 0.865894 0.108763
vt 0.863851 0.109477
vt 0.863743 0.109005
vt 0.863743 0.108520
vt 0.863851 0.108048
vt 0.864061 0.107611
vt 0.864363 0.107232
vt 0.864742 0.106930
vt 0.865179 0.106720
vt 0.865651 0.106612
vt 0.866136 0.106612
vt 0.866609 0.106720
vt 0.867045 0.106930
vt 0.867424 0.107233
vt 0.867727 0.107611
vt 0.867937 0.108048
vt 0.868045 0.108521
vt 0.868044 0.109005
vt 0.867937 0.109478
vt 0.867726 0.109915
vt 0.867424 0.110294
vt 0.867045 0.110596
vt 0.866608 0.110806
vt 0.866136 0.110914
vt 0.865651 0.110914
vt 0.865179 0.110806
vt 0.864742 0.110595
vt 0.512724 0.645916
vt 0.512724 0.645014
vt 0.361222 0.645005
vt 0.361222 0.645907
vt 0.512724 0.646817
vt 0.361221 0.646809
vt 0.512724 0.647719
vt 0.361222 0.647711
vt 0.512724 0.648621
vt 0.361221 0.648613
vt 0.512724 0.649523
vt 0.361221 0.649515
vt 0.512724 0.650425
vt 0.361221 0.650417
vt 0.512724 0.651327
vt 0.361221 0.651319
vt 0.512724 0.652229
vt 0.361221 0.652221
vt 0.512724 0.653131
vt 0.361221 0.653123
vt 0.512724 0.654033
vt 0.361221 0.654025
vt 0.512724 0.654935
vt 0.361221 0.654927
vt 0.512723 0.655837
vt 0.361221 0.655829
vt 0.512724 0.656739
vt 0.361221 0.656731
vt 0.512723 0.657641
vt 0.361221 0.657633
vt 0.512723 0.658543
vt 0.361221 0.658535
vt 0.512723 0.659445
vt 0.361221 0.659437
vt 0.512723 0.660347
vt 0.361221 0.660339
vt 0.512723 0.661249
vt 0.361221 0.661241
vt 0.512723 0.662151
vt 0.361221 0.662143
vt 0.512723 0.663053
vt 0.361221 0.663045
vt 0.512724 0.638700
vt 0.512724 0.637798
vt 0.361222 0.637789
vt 0.361222 0.638692
vt 0.512724 0.639602
vt 0.361222 0.639593
vt 0.512724 0.640504
vt 0.361222 0.640496
vt 0.512724 0.641406
vt 0.361222 0.641397
vt 0.512724 0.642308
vt 0.361222 0.642299
vt 0.512724 0.643209
vt 0.361222 0.643201
vt 0.512724 0.644112
vt 0.361222 0.644103
vt 0.204200 0.683486
vt 0.204200 0.681697
vt 0.061920 0.681717
vt 0.061920 0.683506
vt 0.204200 0.685600
vt 0.061921 0.685621
vt 0.204201 0.688122
vt 0.061921 0.688143
vt 0.204201 0.691070
vt 0.061922 0.691090
vt 0.204201 0.694391
vt 0.061922 0.694411
vt 0.204202 0.697951
vt 0.061923 0.697972
vt 0.204202 0.701584
vt 0.061923 0.701605
vt 0.204203 0.705145
vt 0.061924 0.705165
vt 0.204203 0.708491
vt 0.061924 0.708511
vt 0.204204 0.711430
vt 0.061925 0.711450
vt 0.204204 0.713936
vt 0.061925 0.713956
vt 0.204204 0.716099
vt 0.061925 0.716119
vt 0.204205 0.718061
vt 0.061925 0.718082
vt 0.204205 0.719946
vt 0.061926 0.719966
vt 0.204194 0.642121
vt 0.204194 0.640236
vt 0.061914 0.640256
vt 0.061915 0.642141
vt 0.204194 0.644083
vt 0.061915 0.644103
vt 0.204195 0.646246
vt 0.061915 0.646266
vt 0.204195 0.648752
vt 0.061916 0.648772
vt 0.204195 0.651691
vt 0.061916 0.651711
vt 0.204196 0.655037
vt 0.061917 0.655057
vt 0.204196 0.658597
vt 0.061917 0.658618
vt 0.204197 0.662231
vt 0.061918 0.662251
vt 0.204197 0.665791
vt 0.061918 0.665811
vt 0.204198 0.669112
vt 0.061919 0.669132
vt 0.204198 0.672060
vt 0.061919 0.672080
vt 0.204199 0.674582
vt 0.061919 0.674602
vt 0.204199 0.676696
vt 0.061920 0.676716
vt 0.204199 0.678485
vt 0.061920 0.678505
vt 0.204199 0.680091
vt 0.061920 0.680111
vt 0.926907 0.654927
vt 0.855740 0.654939
vt 0.855740 0.655841
vt 0.926907 0.655829
vt 0.855740 0.656743
vt 0.926907 0.656731
vt 0.855740 0.657645
vt 0.926907 0.657633
vt 0.855740 0.658547
vt 0.926908 0.658535
vt 0.855741 0.659449
vt 0.926908 0.659437
vt 0.855741 0.660351
vt 0.926908 0.660338
vt 0.855741 0.661253
vt 0.926908 0.661241
vt 0.855741 0.662155
vt 0.926908 0.662142
vt 0.855741 0.663057
vt 0.926909 0.663044
vt 0.926904 0.637790
vt 0.855737 0.637802
vt 0.855737 0.638704
vt 0.926904 0.638692
vt 0.855737 0.639606
vt 0.926904 0.639594
vt 0.855737 0.640508
vt 0.926904 0.640496
vt 0.855738 0.641410
vt 0.926905 0.641397
vt 0.855738 0.642312
vt 0.926905 0.642300
vt 0.855738 0.643214
vt 0.926905 0.643201
vt 0.855738 0.644116
vt 0.926905 0.644103
vt 0.855738 0.645018
vt 0.926905 0.645005
vt 0.855738 0.645920
vt 0.926906 0.645907
vt 0.855738 0.646821
vt 0.926906 0.646809
vt 0.855739 0.647724
vt 0.926906 0.647711
vt 0.855739 0.648626
vt 0.926906 0.648613
vt 0.855739 0.649527
vt 0.926906 0.649515
vt 0.855739 0.650429
vt 0.926906 0.650417
vt 0.855739 0.651331
vt 0.926906 0.651319
vt 0.855739 0.652233
vt 0.926907 0.652221
vt 0.855739 0.653135
vt 0.926907 0.653123
vt 0.855740 0.654037
vt 0.926907 0.654025
vt 0.861589 0.110291
vt 0.861892 0.109911
vt 0.860058 0.108760
vt 0.862102 0.109475
vt 0.862210 0.109002
vt 0.862210 0.108517
vt 0.862102 0.108044
vt 0.861891 0.107607
vt 0.861589 0.107228
vt 0.861210 0.106926
vt 0.860773 0.106716
vt 0.860300 0.106608
vt 0.859816 0.106608
vt 0.859343 0.106716
vt 0.858906 0.106926
vt 0.858527 0.107229
vt 0.858225 0.107608
vt 0.858014 0.108045
vt 0.857907 0.108518
vt 0.857907 0.109002
vt 0.858015 0.109475
vt 0.858225 0.109912
vt 0.858527 0.110291
vt 0.858906 0.110593
vt 0.859343 0.110803
vt 0.859816 0.110911
vt 0.860301 0.110911
vt 0.860774 0.110803
vt 0.861210 0.110593
vt 0.361222 0.672530
vt 0.512724 0.672538
vt 0.512724 0.673440
vt 0.361222 0.673432
vt 0.512724 0.674342
vt 0.361221 0.674334
vt 0.512724 0.675244
vt 0.361221 0.675236
vt 0.512724 0.676146
vt 0.361221 0.676138
vt 0.512724 0.677048
vt 0.361221 0.677040
vt 0.512724 0.677950
vt 0.361221 0.677942
vt 0.512724 0.678852
vt 0.361221 0.678844
vt 0.512724 0.679754
vt 0.361221 0.679745
vt 0.512724 0.680656
vt 0.361221 0.680647
vt 0.512724 0.681558
vt 0.361221 0.681549
vt 0.512724 0.682460
vt 0.361221 0.682452
vt 0.512724 0.683362
vt 0.361221 0.683353
vt 0.512724 0.684264
vt 0.361221 0.684255
vt 0.512723 0.685166
vt 0.361221 0.685158
vt 0.512723 0.686068
vt 0.361221 0.686060
vt 0.512723 0.686970
vt 0.361221 0.686961
vt 0.512723 0.687871
vt 0.361221 0.687863
vt 0.512723 0.688774
vt 0.361221 0.688765
vt 0.512723 0.689676
vt 0.361221 0.689667
vt 0.512723 0.690577
vt 0.361221 0.690569
vt 0.361222 0.665314
vt 0.512725 0.665322
vt 0.512725 0.666224
vt 0.361222 0.666216
vt 0.512725 0.667126
vt 0.361222 0.667118
vt 0.512725 0.668028
vt 0.361222 0.668020
vt 0.512724 0.668930
vt 0.361222 0.668922
vt 0.512724 0.669832
vt 0.361222 0.669824
vt 0.512724 0.670734
vt 0.361222 0.670726
vt 0.512724 0.671636
vt 0.361222 0.671628
vt 0.680959 0.672538
vt 0.680959 0.673441
vt 0.752128 0.673453
vt 0.752128 0.672551
vt 0.680959 0.671637
vt 0.752128 0.671649
vt 0.680959 0.670734
vt 0.752128 0.670747
vt 0.680959 0.669833
vt 0.752128 0.669845
vt 0.680959 0.668931
vt 0.752128 0.668943
vt 0.680959 0.668029
vt 0.752128 0.668041
vt 0.680960 0.667126
vt 0.752129 0.667139
vt 0.680960 0.666225
vt 0.752129 0.666237
vt 0.680960 0.665323
vt 0.752129 0.665335
vt 0.680956 0.689676
vt 0.680955 0.690578
vt 0.752124 0.690591
vt 0.752125 0.689689
vt 0.680956 0.688774
vt 0.752125 0.688786
vt 0.680956 0.687872
vt 0.752125 0.687884
vt 0.680956 0.686970
vt 0.752125 0.686983
vt 0.680956 0.686068
vt 0.752125 0.686081
vt 0.680956 0.685166
vt 0.752126 0.685179
vt 0.680956 0.684264
vt 0.752126 0.684277
vt 0.680957 0.683362
vt 0.752126 0.683375
vt 0.680957 0.682460
vt 0.752126 0.682473
vt 0.680957 0.681558
vt 0.752126 0.681571
vt 0.680957 0.680656
vt 0.752126 0.680669
vt 0.680957 0.679754
vt 0.752127 0.679767
vt 0.680958 0.678852
vt 0.752127 0.678865
vt 0.680958 0.677950
vt 0.752127 0.677963
vt 0.680958 0.677048
vt 0.752127 0.677061
vt 0.680958 0.676146
vt 0.752127 0.676159
vt 0.680958 0.675245
vt 0.752127 0.675257
vt 0.680958 0.674342
vt 0.752128 0.674355
vt 0.870198 0.110297
vt 0.871729 0.108766
vt 0.869895 0.109918
vt 0.869685 0.109481
vt 0.869577 0.109008
vt 0.869577 0.108523
vt 0.869685 0.108051
vt 0.869896 0.107614
vt 0.870198 0.107235
vt 0.870577 0.106932
vt 0.871014 0.106722
vt 0.871487 0.106614
vt 0.871972 0.106614
vt 0.872444 0.106722
vt 0.872881 0.106933
vt 0.873260 0.107235
vt 0.873563 0.107614
vt 0.873773 0.108051
vt 0.873881 0.108524
vt 0.873881 0.109009
vt 0.873773 0.109481
vt 0.873562 0.109918
vt 0.873260 0.110297
vt 0.872881 0.110600
vt 0.872444 0.110810
vt 0.871971 0.110918
vt 0.871486 0.110918
vt 0.871014 0.110810
vt 0.870577 0.110599
vt 0.722594 0.545899
vt 0.714532 0.545900
vt 0.714532 0.544989
vt 0.722594 0.544989
vt 0.730646 0.545900
vt 0.730646 0.544989
vt 0.738679 0.545900
vt 0.738680 0.544989
vt 0.746725 0.545900
vt 0.746725 0.544989
vt 0.754777 0.545900
vt 0.754777 0.544989
vt 0.762829 0.545900
vt 0.762829 0.544989
vt 0.770875 0.545900
vt 0.770876 0.544989
vt 0.778909 0.545900
vt 0.778909 0.544989
vt 0.786960 0.545900
vt 0.786960 0.544989
vt 0.794992 0.545899
vt 0.794992 0.544989
vt 0.722594 0.546818
vt 0.714532 0.546818
vt 0.730646 0.546818
vt 0.738679 0.546818
vt 0.746725 0.546818
vt 0.754777 0.546818
vt 0.762829 0.546818
vt 0.770875 0.546818
vt 0.778909 0.546818
vt 0.786960 0.546818
vt 0.794992 0.546818
vt 0.722594 0.547744
vt 0.714532 0.547744
vt 0.730646 0.547743
vt 0.738680 0.547743
vt 0.746725 0.547743
vt 0.754777 0.547743
vt 0.762829 0.547743
vt 0.770875 0.547743
vt 0.778909 0.547743
vt 0.786960 0.547743
vt 0.794992 0.547743
vt 0.722594 0.548674
vt 0.714532 0.548674
vt 0.730646 0.548673
vt 0.738680 0.548674
vt 0.746725 0.548673
vt 0.754777 0.548673
vt 0.762829 0.548673
vt 0.770876 0.548673
vt 0.778909 0.548673
vt 0.786960 0.548673
vt 0.794992 0.548674
vt 0.722594 0.549608
vt 0.714532 0.549608
vt 0.730646 0.549607
vt 0.738679 0.549607
vt 0.746725 0.549607
vt 0.754777 0.549607
vt 0.762829 0.549607
vt 0.770875 0.549607
vt 0.778909 0.549607
vt 0.786960 0.549607
vt 0.794992 0.549607
vt 0.722594 0.550538
vt 0.714532 0.550538
vt 0.730646 0.550538
vt 0.738679 0.550538
vt 0.746725 0.550538
vt 0.754777 0.550538
vt 0.762829 0.550538
vt 0.770875 0.550538
vt 0.778909 0.550538
vt 0.786960 0.550538
vt 0.794992 0.550538
vt 0.722594 0.551442
vt 0.714532 0.551442
vt 0.730646 0.551442
vt 0.738680 0.551442
vt 0.746725 0.551442
vt 0.754777 0.551442
vt 0.762829 0.551442
vt 0.770875 0.551442
vt 0.778909 0.551442
vt 0.786960 0.551442
vt 0.794992 0.551442
vt 0.722594 0.527082
vt 0.714532 0.527083
vt 0.714532 0.526179
vt 0.722594 0.526179
vt 0.730646 0.527083
vt 0.730646 0.526179
vt 0.738680 0.527082
vt 0.738679 0.526179
vt 0.746725 0.527082
vt 0.746725 0.526179
vt 0.754777 0.527083
vt 0.754777 0.526179
vt 0.762829 0.527083
vt 0.762829 0.526179
vt 0.770875 0.527082
vt 0.770875 0.526179
vt 0.778909 0.527083
vt 0.778909 0.526179
vt 0.786960 0.527082
vt 0.786960 0.526179
vt 0.794992 0.527082
vt 0.794992 0.526179
vt 0.722594 0.527985
vt 0.714532 0.527985
vt 0.730646 0.527985
vt 0.738680 0.527985
vt 0.746725 0.527985
vt 0.754777 0.527985
vt 0.762829 0.527985
vt 0.770875 0.527985
vt 0.778909 0.527985
vt 0.786960 0.527985
vt 0.794992 0.527985
vt 0.722594 0.528888
vt 0.714532 0.528888
vt 0.730646 0.528888
vt 0.738679 0.528888
vt 0.746725 0.528888
vt 0.754777 0.528888
vt 0.762829 0.528888
vt 0.770875 0.528888
vt 0.778909 0.528888
vt 0.786960 0.528888
vt 0.794992 0.528888
vt 0.722594 0.529791
vt 0.714532 0.529791
vt 0.730646 0.529791
vt 0.738680 0.529791
vt 0.746725 0.529791
vt 0.754777 0.529791
vt 0.762829 0.529791
vt 0.770875 0.529791
vt 0.778909 0.529791
vt 0.786960 0.529791
vt 0.794992 0.529791
vt 0.722594 0.530694
vt 0.714532 0.530694
vt 0.730646 0.530694
vt 0.738679 0.530694
vt 0.746725 0.530694
vt 0.754777 0.530694
vt 0.762829 0.530694
vt 0.770875 0.530694
vt 0.778909 0.530694
vt 0.786960 0.530694
vt 0.794992 0.530694
vt 0.722594 0.531597
vt 0.714532 0.531597
vt 0.730646 0.531597
vt 0.738680 0.531597
vt 0.746725 0.531597
vt 0.754777 0.531597
vt 0.762829 0.531597
vt 0.770875 0.531597
vt 0.778909 0.531597
vt 0.786960 0.531597
vt 0.794992 0.531597
vt 0.722594 0.532500
vt 0.714532 0.532500
vt 0.730646 0.532500
vt 0.738679 0.532500
vt 0.746725 0.532499
vt 0.754777 0.532500
vt 0.762829 0.532500
vt 0.770875 0.532500
vt 0.778909 0.532500
vt 0.786960 0.532500
vt 0.794992 0.532500
vt 0.722594 0.533402
vt 0.714532 0.533402
vt 0.730646 0.533401
vt 0.738680 0.533401
vt 0.746725 0.533401
vt 0.754777 0.533402
vt 0.762829 0.533402
vt 0.770875 0.533402
vt 0.778909 0.533401
vt 0.786960 0.533401
vt 0.794992 0.533402
vt 0.722594 0.534303
vt 0.714532 0.534303
vt 0.730646 0.534303
vt 0.738680 0.534303
vt 0.746725 0.534303
vt 0.754777 0.534303
vt 0.762829 0.534303
vt 0.770876 0.534303
vt 0.778909 0.534303
vt 0.786960 0.534303
vt 0.794992 0.534303
vt 0.722594 0.535204
vt 0.714532 0.535204
vt 0.730646 0.535204
vt 0.738679 0.535204
vt 0.746725 0.535204
vt 0.754777 0.535204
vt 0.762829 0.535204
vt 0.770875 0.535204
vt 0.778909 0.535204
vt 0.786960 0.535204
vt 0.794992 0.535204
vt 0.722594 0.536105
vt 0.714532 0.536105
vt 0.730646 0.536105
vt 0.738680 0.536105
vt 0.746725 0.536105
vt 0.754777 0.536105
vt 0.762829 0.536105
vt 0.770875 0.536105
vt 0.778909 0.536105
vt 0.786960 0.536105
vt 0.794992 0.536105
vt 0.722594 0.537005
vt 0.714532 0.537006
vt 0.730646 0.537006
vt 0.738679 0.537005
vt 0.746725 0.537005
vt 0.754777 0.537006
vt 0.762829 0.537006
vt 0.770875 0.537006
vt 0.778909 0.537006
vt 0.786960 0.537005
vt 0.794992 0.537005
vt 0.722594 0.537907
vt 0.714532 0.537906
vt 0.730646 0.537906
vt 0.738679 0.537906
vt 0.746725 0.537906
vt 0.754777 0.537906
vt 0.762829 0.537906
vt 0.770875 0.537906
vt 0.778909 0.537906
vt 0.786960 0.537906
vt 0.794992 0.537907
vt 0.722594 0.538787
vt 0.714532 0.538787
vt 0.730646 0.538787
vt 0.738680 0.538787
vt 0.746725 0.538787
vt 0.754777 0.538787
vt 0.762829 0.538787
vt 0.770875 0.538787
vt 0.778909 0.538787
vt 0.786960 0.538787
vt 0.794992 0.538787
vt 0.722594 0.539663
vt 0.714532 0.539664
vt 0.730646 0.539663
vt 0.738680 0.539664
vt 0.746725 0.539663
vt 0.754777 0.539664
vt 0.762829 0.539663
vt 0.770876 0.539664
vt 0.778909 0.539664
vt 0.786960 0.539663
vt 0.794992 0.539663
vt 0.722594 0.540541
vt 0.714532 0.540541
vt 0.730646 0.540541
vt 0.738680 0.540541
vt 0.746725 0.540541
vt 0.754777 0.540541
vt 0.762829 0.540540
vt 0.770875 0.540540
vt 0.778909 0.540541
vt 0.786960 0.540541
vt 0.794992 0.540541
vt 0.722594 0.541418
vt 0.714532 0.541418
vt 0.730646 0.541418
vt 0.738680 0.541418
vt 0.746725 0.541418
vt 0.754777 0.541418
vt 0.762829 0.541418
vt 0.770876 0.541418
vt 0.778909 0.541418
vt 0.786960 0.541418
vt 0.794992 0.541418
vt 0.722594 0.542301
vt 0.714532 0.542301
vt 0.730646 0.542301
vt 0.738680 0.542301
vt 0.746725 0.542301
vt 0.754777 0.542301
vt 0.762829 0.542301
vt 0.770875 0.542301
vt 0.778909 0.542301
vt 0.786960 0.542301
vt 0.794992 0.542301
vt 0.722594 0.543190
vt 0.714532 0.543190
vt 0.730646 0.543190
vt 0.738680 0.543189
vt 0.746725 0.543190
vt 0.754777 0.543190
vt 0.762829 0.543190
vt 0.770875 0.543190
vt 0.778909 0.543190
vt 0.786960 0.543190
vt 0.794992 0.543190
vt 0.722594 0.544085
vt 0.714532 0.544085
vt 0.730646 0.544086
vt 0.738680 0.544085
vt 0.746725 0.544085
vt 0.754777 0.544085
vt 0.762829 0.544085
vt 0.770876 0.544086
vt 0.778909 0.544085
vt 0.786960 0.544085
vt 0.794992 0.544085
vt 0.945360 0.545900
vt 0.945360 0.544989
vt 0.945360 0.546818
vt 0.945360 0.547743
vt 0.945360 0.548673
vt 0.945360 0.549607
vt 0.945360 0.550538
vt 0.945360 0.551442
vt 0.945360 0.527082
vt 0.945360 0.526179
vt 0.945360 0.527985
vt 0.945360 0.528888
vt 0.945360 0.529791
vt 0.945360 0.530694
vt 0.945360 0.531597
vt 0.945360 0.532500
vt 0.945360 0.533401
vt 0.945360 0.534303
vt 0.945360 0.535204
vt 0.945360 0.536105
vt 0.945360 0.537006
vt 0.945360 0.537906
vt 0.945360 0.538787
vt 0.945360 0.539664
vt 0.945360 0.540541
vt 0.945360 0.541418
vt 0.945360 0.542301
vt 0.945360 0.543190
vt 0.945360 0.544086
vt 0.288836 0.544989
vt 0.515297 0.544989
vt 0.515297 0.545900
vt 0.288836 0.545900
vt 0.515297 0.546818
vt 0.288836 0.546818
vt 0.515297 0.547743
vt 0.288836 0.547743
vt 0.515297 0.548673
vt 0.288836 0.548673
vt 0.515297 0.549607
vt 0.288837 0.549607
vt 0.515297 0.550538
vt 0.288836 0.550538
vt 0.515297 0.551442
vt 0.288836 0.551442
vt 0.288837 0.526179
vt 0.515297 0.526178
vt 0.515297 0.527082
vt 0.288836 0.527082
vt 0.515297 0.527985
vt 0.288836 0.527985
vt 0.515297 0.528888
vt 0.288837 0.528888
vt 0.515297 0.529791
vt 0.288836 0.529791
vt 0.515297 0.530694
vt 0.288836 0.530694
vt 0.515297 0.531597
vt 0.288836 0.531597
vt 0.515297 0.532500
vt 0.288837 0.532499
vt 0.515297 0.533402
vt 0.288836 0.533401
vt 0.515297 0.534303
vt 0.288836 0.534303
vt 0.515297 0.535204
vt 0.288837 0.535204
vt 0.515297 0.536105
vt 0.288836 0.536105
vt 0.515297 0.537005
vt 0.288837 0.537005
vt 0.515297 0.537906
vt 0.288837 0.537906
vt 0.515297 0.538787
vt 0.288837 0.538787
vt 0.515297 0.539664
vt 0.288836 0.539663
vt 0.515297 0.540541
vt 0.288836 0.540540
vt 0.515297 0.541418
vt 0.288836 0.541418
vt 0.515297 0.542301
vt 0.288836 0.542301
vt 0.515297 0.543190
vt 0.288836 0.543189
vt 0.515297 0.544085
vt 0.288837 0.544085
vt 0.280780 0.545899
vt 0.280780 0.544989
vt 0.272772 0.545900
vt 0.272772 0.544989
vt 0.264729 0.545900
vt 0.264729 0.544989
vt 0.256673 0.545899
vt 0.256673 0.544989
vt 0.248615 0.545900
vt 0.248615 0.544989
vt 0.240558 0.545900
vt 0.240558 0.544989
vt 0.232502 0.545900
vt 0.232502 0.544989
vt 0.224460 0.545900
vt 0.224460 0.544989
vt 0.216455 0.545900
vt 0.216455 0.544989
vt 0.208428 0.545900
vt 0.208428 0.544989
vt 0.280780 0.546818
vt 0.272772 0.546818
vt 0.264729 0.546818
vt 0.256673 0.546818
vt 0.248615 0.546818
vt 0.240558 0.546818
vt 0.232502 0.546818
vt 0.224460 0.546818
vt 0.216455 0.546818
vt 0.208428 0.546818
vt 0.280780 0.547743
vt 0.272772 0.547743
vt 0.264729 0.547743
vt 0.256673 0.547743
vt 0.248615 0.547743
vt 0.240558 0.547743
vt 0.232502 0.547743
vt 0.224460 0.547743
vt 0.216455 0.547743
vt 0.208428 0.547744
vt 0.280780 0.548673
vt 0.272772 0.548674
vt 0.264729 0.548674
vt 0.256673 0.548673
vt 0.248615 0.548673
vt 0.240558 0.548673
vt 0.232502 0.548673
vt 0.224460 0.548673
vt 0.216455 0.548674
vt 0.208428 0.548673
vt 0.280780 0.549607
vt 0.272772 0.549608
vt 0.264729 0.549608
vt 0.256673 0.549607
vt 0.248616 0.549607
vt 0.240558 0.549607
vt 0.232502 0.549608
vt 0.224460 0.549608
vt 0.216455 0.549608
vt 0.208428 0.549608
vt 0.280780 0.550538
vt 0.272772 0.550538
vt 0.264729 0.550538
vt 0.256673 0.550538
vt 0.248615 0.550538
vt 0.240558 0.550538
vt 0.232502 0.550538
vt 0.224460 0.550538
vt 0.216455 0.550538
vt 0.208428 0.550538
vt 0.280780 0.551442
vt 0.272772 0.551442
vt 0.264729 0.551442
vt 0.256673 0.551442
vt 0.248616 0.551442
vt 0.240558 0.551442
vt 0.232502 0.551442
vt 0.224460 0.551442
vt 0.216455 0.551442
vt 0.208428 0.551442
vt 0.280780 0.527082
vt 0.280780 0.526179
vt 0.272772 0.527082
vt 0.272772 0.526179
vt 0.264729 0.527082
vt 0.264729 0.526179
vt 0.256673 0.527082
vt 0.256673 0.526179
vt 0.248615 0.527082
vt 0.248616 0.526179
vt 0.240558 0.527082
vt 0.240558 0.526179
vt 0.232502 0.527083
vt 0.232503 0.526179
vt 0.224460 0.527083
vt 0.224460 0.526179
vt 0.216455 0.527083
vt 0.216455 0.526179
vt 0.208428 0.527083
vt 0.208428 0.526179
vt 0.280780 0.527986
vt 0.272772 0.527986
vt 0.264729 0.527985
vt 0.256673 0.527985
vt 0.248615 0.527985
vt 0.240558 0.527985
vt 0.232502 0.527986
vt 0.224460 0.527986
vt 0.216455 0.527986
vt 0.208428 0.527986
vt 0.280780 0.528889
vt 0.272772 0.528889
vt 0.264729 0.528888
vt 0.256673 0.528888
vt 0.248616 0.528888
vt 0.240558 0.528888
vt 0.232502 0.528889
vt 0.224460 0.528889
vt 0.216455 0.528889
vt 0.208428 0.528889
vt 0.280780 0.529791
vt 0.272772 0.529791
vt 0.264729 0.529791
vt 0.256673 0.529791
vt 0.248615 0.529791
vt 0.240558 0.529791
vt 0.232502 0.529791
vt 0.224460 0.529791
vt 0.216455 0.529792
vt 0.208428 0.529792
vt 0.280780 0.530694
vt 0.272772 0.530694
vt 0.264729 0.530694
vt 0.256673 0.530694
vt 0.248616 0.530694
vt 0.240558 0.530694
vt 0.232502 0.530694
vt 0.224460 0.530694
vt 0.216455 0.530694
vt 0.208428 0.530694
vt 0.280780 0.531597
vt 0.272772 0.531597
vt 0.264729 0.531597
vt 0.256673 0.531597
vt 0.248616 0.531597
vt 0.240558 0.531597
vt 0.232502 0.531597
vt 0.224460 0.531597
vt 0.216455 0.531597
vt 0.208428 0.531597
vt 0.280780 0.532500
vt 0.272772 0.532500
vt 0.264729 0.532500
vt 0.256673 0.532499
vt 0.248615 0.532500
vt 0.240558 0.532500
vt 0.232502 0.532500
vt 0.224460 0.532500
vt 0.216455 0.532500
vt 0.208428 0.532500
vt 0.280780 0.533402
vt 0.272772 0.533402
vt 0.264729 0.533402
vt 0.256673 0.533402
vt 0.248615 0.533402
vt 0.240558 0.533402
vt 0.232502 0.533402
vt 0.224460 0.533402
vt 0.216455 0.533402
vt 0.208428 0.533402
vt 0.280780 0.534303
vt 0.272772 0.534303
vt 0.264729 0.534302
vt 0.256673 0.534302
vt 0.248615 0.534303
vt 0.240558 0.534303
vt 0.232502 0.534303
vt 0.224460 0.534303
vt 0.216455 0.534303
vt 0.208428 0.534303
vt 0.280780 0.535204
vt 0.272772 0.535204
vt 0.264729 0.535204
vt 0.256673 0.535204
vt 0.248616 0.535204
vt 0.240558 0.535204
vt 0.232502 0.535204
vt 0.224460 0.535204
vt 0.216455 0.535204
vt 0.208428 0.535204
vt 0.280780 0.536105
vt 0.272772 0.536105
vt 0.264729 0.536105
vt 0.256673 0.536105
vt 0.248615 0.536105
vt 0.240558 0.536105
vt 0.232502 0.536105
vt 0.224460 0.536105
vt 0.216455 0.536105
vt 0.208428 0.536105
vt 0.280780 0.537005
vt 0.272772 0.537006
vt 0.264729 0.537005
vt 0.256673 0.537005
vt 0.248616 0.537005
vt 0.240558 0.537006
vt 0.232502 0.537006
vt 0.224460 0.537006
vt 0.216455 0.537006
vt 0.208428 0.537006
vt 0.280780 0.537906
vt 0.272772 0.537906
vt 0.264729 0.537906
vt 0.256673 0.537906
vt 0.248616 0.537906
vt 0.240558 0.537906
vt 0.232502 0.537906
vt 0.224460 0.537906
vt 0.216455 0.537906
vt 0.208428 0.537906
vt 0.280780 0.538787
vt 0.272772 0.538787
vt 0.264729 0.538787
vt 0.256673 0.538787
vt 0.248615 0.538787
vt 0.240558 0.538787
vt 0.232502 0.538787
vt 0.224460 0.538787
vt 0.216455 0.538787
vt 0.208428 0.538787
vt 0.280780 0.539663
vt 0.272772 0.539663
vt 0.264729 0.539663
vt 0.256673 0.539663
vt 0.248615 0.539664
vt 0.240558 0.539664
vt 0.232502 0.539664
vt 0.224460 0.539664
vt 0.216455 0.539664
vt 0.208428 0.539664
vt 0.280780 0.540540
vt 0.272772 0.540541
vt 0.264729 0.540541
vt 0.256673 0.540541
vt 0.248615 0.540541
vt 0.240558 0.540540
vt 0.232502 0.540540
vt 0.224460 0.540541
vt 0.216455 0.540541
vt 0.208428 0.540540
vt 0.280780 0.541418
vt 0.272772 0.541418
vt 0.264729 0.541418
vt 0.256673 0.541418
vt 0.248615 0.541418
vt 0.240558 0.541418
vt 0.232502 0.541418
vt 0.224460 0.541418
vt 0.216455 0.541418
vt 0.208428 0.541418
vt 0.280780 0.542301
vt 0.272772 0.542301
vt 0.264729 0.542301
vt 0.256673 0.542301
vt 0.248615 0.542301
vt 0.240558 0.542301
vt 0.232502 0.542301
vt 0.224460 0.542301
vt 0.216455 0.542301
vt 0.208428 0.542301
vt 0.280780 0.543189
vt 0.272772 0.543190
vt 0.264729 0.543190
vt 0.256673 0.543189
vt 0.248615 0.543189
vt 0.240558 0.543190
vt 0.232502 0.543190
vt 0.224460 0.543190
vt 0.216455 0.543190
vt 0.208428 0.543190
vt 0.280780 0.544085
vt 0.272772 0.544086
vt 0.264729 0.544086
vt 0.256673 0.544085
vt 0.248615 0.544085
vt 0.240558 0.544085
vt 0.232502 0.544085
vt 0.224460 0.544085
vt 0.216455 0.544085
vt 0.208428 0.544086
vt 0.058047 0.545900
vt 0.058048 0.544989
vt 0.058048 0.546818
vt 0.058047 0.547743
vt 0.058047 0.548673
vt 0.058047 0.549607
vt 0.058047 0.550538
vt 0.058048 0.551442
vt 0.058048 0.527082
vt 0.058047 0.526179
vt 0.058048 0.527986
vt 0.058047 0.528888
vt 0.058048 0.529791
vt 0.058048 0.530694
vt 0.058048 0.531597
vt 0.058047 0.532500
vt 0.058048 0.533402
vt 0.058048 0.534303
vt 0.058047 0.535204
vt 0.058047 0.536105
vt 0.058048 0.537005
vt 0.058048 0.537906
vt 0.058047 0.538787
vt 0.058048 0.539663
vt 0.058048 0.540541
vt 0.058048 0.541418
vt 0.058048 0.542301
vt 0.058048 0.543189
vt 0.058047 0.544085
vt 0.722595 0.573433
vt 0.714532 0.573433
vt 0.714532 0.572522
vt 0.722595 0.572522
vt 0.730647 0.573433
vt 0.730647 0.572522
vt 0.738680 0.573433
vt 0.738680 0.572522
vt 0.746725 0.573433
vt 0.746725 0.572522
vt 0.754777 0.573433
vt 0.754777 0.572522
vt 0.762829 0.573433
vt 0.762829 0.572522
vt 0.770876 0.573433
vt 0.770876 0.572522
vt 0.778910 0.573433
vt 0.778910 0.572522
vt 0.786960 0.573433
vt 0.786960 0.572522
vt 0.794992 0.573433
vt 0.794992 0.572522
vt 0.722595 0.574351
vt 0.714532 0.574351
vt 0.730647 0.574351
vt 0.738680 0.574351
vt 0.746725 0.574351
vt 0.754777 0.574351
vt 0.762829 0.574351
vt 0.770876 0.574351
vt 0.778910 0.574351
vt 0.786960 0.574351
vt 0.794992 0.574351
vt 0.722595 0.575277
vt 0.714532 0.575277
vt 0.730647 0.575277
vt 0.738680 0.575277
vt 0.746725 0.575277
vt 0.754777 0.575277
vt 0.762829 0.575277
vt 0.770876 0.575276
vt 0.778910 0.575277
vt 0.786960 0.575277
vt 0.794992 0.575277
vt 0.722595 0.576207
vt 0.714532 0.576207
vt 0.730647 0.576207
vt 0.738680 0.576207
vt 0.746725 0.576207
vt 0.754777 0.576206
vt 0.762829 0.576207
vt 0.770876 0.576207
vt 0.778910 0.576207
vt 0.786960 0.576207
vt 0.794992 0.576207
vt 0.722595 0.577141
vt 0.714532 0.577141
vt 0.730647 0.577141
vt 0.738680 0.577141
vt 0.746725 0.577141
vt 0.754777 0.577140
vt 0.762829 0.577141
vt 0.770876 0.577141
vt 0.778910 0.577141
vt 0.786960 0.577141
vt 0.794992 0.577141
vt 0.722595 0.578071
vt 0.714532 0.578071
vt 0.730647 0.578072
vt 0.738680 0.578072
vt 0.746725 0.578071
vt 0.754777 0.578072
vt 0.762829 0.578072
vt 0.770876 0.578071
vt 0.778910 0.578071
vt 0.786960 0.578071
vt 0.794992 0.578071
vt 0.722595 0.578976
vt 0.714532 0.578976
vt 0.730647 0.578975
vt 0.738680 0.578975
vt 0.746725 0.578976
vt 0.754777 0.578975
vt 0.762829 0.578975
vt 0.770876 0.578975
vt 0.778910 0.578975
vt 0.786960 0.578975
vt 0.794992 0.578975
vt 0.722595 0.554615
vt 0.714532 0.554616
vt 0.714532 0.553712
vt 0.722595 0.553712
vt 0.730647 0.554616
vt 0.730647 0.553712
vt 0.738680 0.554616
vt 0.738680 0.553712
vt 0.746725 0.554616
vt 0.746725 0.553712
vt 0.754777 0.554616
vt 0.754777 0.553712
vt 0.762829 0.554616
vt 0.762829 0.553712
vt 0.770876 0.554615
vt 0.770876 0.553712
vt 0.778910 0.554615
vt 0.778910 0.553712
vt 0.786960 0.554615
vt 0.786960 0.553712
vt 0.794992 0.554616
vt 0.794992 0.553712
vt 0.722595 0.555519
vt 0.714532 0.555519
vt 0.730647 0.555519
vt 0.738680 0.555519
vt 0.746725 0.555519
vt 0.754777 0.555519
vt 0.762829 0.555519
vt 0.770876 0.555518
vt 0.778910 0.555519
vt 0.786960 0.555519
vt 0.794992 0.555519
vt 0.722595 0.556422
vt 0.714532 0.556421
vt 0.730646 0.556421
vt 0.738680 0.556421
vt 0.746725 0.556422
vt 0.754777 0.556421
vt 0.762829 0.556421
vt 0.770876 0.556421
vt 0.778910 0.556422
vt 0.786960 0.556421
vt 0.794992 0.556421
vt 0.722595 0.557324
vt 0.714532 0.557324
vt 0.730647 0.557324
vt 0.738680 0.557324
vt 0.746725 0.557324
vt 0.754777 0.557324
vt 0.762829 0.557324
vt 0.770876 0.557324
vt 0.778910 0.557325
vt 0.786960 0.557324
vt 0.794992 0.557324
vt 0.722595 0.558227
vt 0.714532 0.558228
vt 0.730647 0.558227
vt 0.738680 0.558228
vt 0.746725 0.558227
vt 0.754777 0.558227
vt 0.762829 0.558227
vt 0.770876 0.558227
vt 0.778910 0.558227
vt 0.786960 0.558227
vt 0.794992 0.558227
vt 0.722595 0.559130
vt 0.714532 0.559130
vt 0.730647 0.559130
vt 0.738680 0.559130
vt 0.746725 0.559130
vt 0.754777 0.559130
vt 0.762829 0.559130
vt 0.770876 0.559130
vt 0.778910 0.559130
vt 0.786960 0.559130
vt 0.794992 0.559130
vt 0.722595 0.560033
vt 0.714532 0.560033
vt 0.730647 0.560033
vt 0.738680 0.560033
vt 0.746725 0.560033
vt 0.754777 0.560033
vt 0.762829 0.560033
vt 0.770876 0.560033
vt 0.778910 0.560033
vt 0.786960 0.560033
vt 0.794992 0.560033
vt 0.722595 0.560935
vt 0.714532 0.560935
vt 0.730647 0.560935
vt 0.738680 0.560935
vt 0.746725 0.560935
vt 0.754777 0.560935
vt 0.762829 0.560935
vt 0.770876 0.560935
vt 0.778910 0.560935
vt 0.786960 0.560935
vt 0.794992 0.560935
vt 0.722595 0.561836
vt 0.714532 0.561837
vt 0.730647 0.561836
vt 0.738680 0.561836
vt 0.746725 0.561836
vt 0.754777 0.561836
vt 0.762829 0.561836
vt 0.770876 0.561836
vt 0.778910 0.561836
vt 0.786960 0.561836
vt 0.794992 0.561836
vt 0.722595 0.562738
vt 0.714532 0.562738
vt 0.730647 0.562738
vt 0.738680 0.562738
vt 0.746725 0.562738
vt 0.754777 0.562738
vt 0.762829 0.562738
vt 0.770876 0.562738
vt 0.778910 0.562737
vt 0.786960 0.562738
vt 0.794992 0.562738
vt 0.722595 0.563638
vt 0.714532 0.563638
vt 0.730647 0.563638
vt 0.738680 0.563638
vt 0.746725 0.563638
vt 0.754777 0.563638
vt 0.762829 0.563638
vt 0.770876 0.563638
vt 0.778910 0.563638
vt 0.786960 0.563638
vt 0.794992 0.563638
vt 0.722595 0.564539
vt 0.714532 0.564539
vt 0.730647 0.564539
vt 0.738680 0.564539
vt 0.746725 0.564539
vt 0.754777 0.564539
vt 0.762829 0.564539
vt 0.770876 0.564539
vt 0.778910 0.564539
vt 0.786960 0.564539
vt 0.794992 0.564539
vt 0.722595 0.565440
vt 0.714532 0.565440
vt 0.730647 0.565440
vt 0.738680 0.565440
vt 0.746725 0.565440
vt 0.754777 0.565440
vt 0.762829 0.565440
vt 0.770876 0.565440
vt 0.778910 0.565439
vt 0.786960 0.565440
vt 0.794992 0.565440
vt 0.722595 0.566321
vt 0.714532 0.566321
vt 0.730647 0.566321
vt 0.738680 0.566321
vt 0.746725 0.566321
vt 0.754777 0.566321
vt 0.762829 0.566321
vt 0.770876 0.566321
vt 0.778910 0.566321
vt 0.786960 0.566321
vt 0.794992 0.566321
vt 0.722595 0.567197
vt 0.714532 0.567197
vt 0.730647 0.567197
vt 0.738680 0.567197
vt 0.746725 0.567197
vt 0.754777 0.567197
vt 0.762829 0.567197
vt 0.770876 0.567197
vt 0.778910 0.567197
vt 0.786960 0.567197
vt 0.794992 0.567197
vt 0.722595 0.568074
vt 0.714532 0.568074
vt 0.730647 0.568074
vt 0.738680 0.568074
vt 0.746725 0.568074
vt 0.754777 0.568074
vt 0.762829 0.568074
vt 0.770876 0.568074
vt 0.778910 0.568074
vt 0.786960 0.568074
vt 0.794992 0.568074
vt 0.722595 0.568951
vt 0.714532 0.568952
vt 0.730647 0.568952
vt 0.738680 0.568952
vt 0.746725 0.568951
vt 0.754777 0.568951
vt 0.762829 0.568952
vt 0.770876 0.568951
vt 0.778910 0.568952
vt 0.786960 0.568951
vt 0.794992 0.568952
vt 0.722595 0.569835
vt 0.714532 0.569834
vt 0.730647 0.569834
vt 0.738680 0.569834
vt 0.746725 0.569834
vt 0.754777 0.569834
vt 0.762829 0.569834
vt 0.770876 0.569835
vt 0.778910 0.569834
vt 0.786960 0.569834
vt 0.794992 0.569834
vt 0.722595 0.570723
vt 0.714532 0.570723
vt 0.730647 0.570723
vt 0.738680 0.570723
vt 0.746725 0.570723
vt 0.754777 0.570723
vt 0.762829 0.570723
vt 0.770876 0.570723
vt 0.778910 0.570723
vt 0.786960 0.570723
vt 0.794992 0.570723
vt 0.722595 0.571619
vt 0.714532 0.571619
vt 0.730647 0.571619
vt 0.738680 0.571619
vt 0.746725 0.571619
vt 0.754777 0.571619
vt 0.762829 0.571619
vt 0.770876 0.571619
vt 0.778910 0.571619
vt 0.786960 0.571619
vt 0.794992 0.571619
vt 0.945361 0.573433
vt 0.945361 0.572522
vt 0.945361 0.574351
vt 0.945361 0.575277
vt 0.945361 0.576207
vt 0.945361 0.577141
vt 0.945361 0.578072
vt 0.945361 0.578975
vt 0.945361 0.554616
vt 0.945361 0.553712
vt 0.945361 0.555519
vt 0.945361 0.556421
vt 0.945361 0.557324
vt 0.945361 0.558227
vt 0.945361 0.559130
vt 0.945361 0.560033
vt 0.945361 0.560935
vt 0.945361 0.561836
vt 0.945361 0.562738
vt 0.945361 0.563638
vt 0.945361 0.564539
vt 0.945361 0.565440
vt 0.945361 0.566321
vt 0.945361 0.567197
vt 0.945361 0.568074
vt 0.945361 0.568952
vt 0.945361 0.569834
vt 0.945361 0.570723
vt 0.945361 0.571619
vt 0.288836 0.572522
vt 0.515297 0.572522
vt 0.515297 0.573433
vt 0.288836 0.573433
vt 0.515297 0.574351
vt 0.288836 0.574351
vt 0.515297 0.575277
vt 0.288836 0.575276
vt 0.515297 0.576207
vt 0.288836 0.576207
vt 0.515297 0.577141
vt 0.288836 0.577141
vt 0.515297 0.578072
vt 0.288836 0.578071
vt 0.515297 0.578975
vt 0.288836 0.578975
vt 0.288836 0.553712
vt 0.515297 0.553712
vt 0.515297 0.554616
vt 0.288836 0.554616
vt 0.515297 0.555519
vt 0.288836 0.555519
vt 0.515297 0.556422
vt 0.288836 0.556422
vt 0.515297 0.557324
vt 0.288836 0.557324
vt 0.515297 0.558228
vt 0.288836 0.558227
vt 0.515297 0.559130
vt 0.288836 0.559130
vt 0.515297 0.560033
vt 0.288836 0.560033
vt 0.515297 0.560935
vt 0.288836 0.560935
vt 0.515297 0.561836
vt 0.288836 0.561836
vt 0.515297 0.562738
vt 0.288836 0.562738
vt 0.515297 0.563638
vt 0.288836 0.563638
vt 0.515297 0.564539
vt 0.288836 0.564539
vt 0.515297 0.565440
vt 0.288836 0.565440
vt 0.515297 0.566321
vt 0.288836 0.566321
vt 0.515297 0.567197
vt 0.288836 0.567198
vt 0.515297 0.568074
vt 0.288836 0.568074
vt 0.515297 0.568952
vt 0.288836 0.568951
vt 0.515297 0.569834
vt 0.288836 0.569834
vt 0.515297 0.570723
vt 0.288836 0.570723
vt 0.515297 0.571619
vt 0.288836 0.571619
vt 0.280780 0.573433
vt 0.280779 0.572522
vt 0.272771 0.573433
vt 0.272771 0.572522
vt 0.264729 0.573433
vt 0.264729 0.572522
vt 0.256673 0.573433
vt 0.256673 0.572522
vt 0.248615 0.573433
vt 0.248615 0.572522
vt 0.240557 0.573433
vt 0.240557 0.572522
vt 0.232502 0.573433
vt 0.232502 0.572523
vt 0.224460 0.573433
vt 0.224460 0.572523
vt 0.216454 0.573433
vt 0.216454 0.572523
vt 0.208427 0.573433
vt 0.208427 0.572523
vt 0.280779 0.574352
vt 0.272772 0.574351
vt 0.264729 0.574351
vt 0.256673 0.574351
vt 0.248615 0.574352
vt 0.240557 0.574352
vt 0.232502 0.574352
vt 0.224460 0.574352
vt 0.216454 0.574352
vt 0.208427 0.574352
vt 0.280779 0.575277
vt 0.272771 0.575276
vt 0.264729 0.575277
vt 0.256672 0.575277
vt 0.248615 0.575277
vt 0.240557 0.575277
vt 0.232502 0.575277
vt 0.224460 0.575277
vt 0.216454 0.575277
vt 0.208427 0.575277
vt 0.280780 0.576207
vt 0.272771 0.576207
vt 0.264729 0.576207
vt 0.256673 0.576207
vt 0.248615 0.576207
vt 0.240557 0.576207
vt 0.232502 0.576207
vt 0.224460 0.576207
vt 0.216454 0.576207
vt 0.208427 0.576207
vt 0.280780 0.577141
vt 0.272772 0.577141
vt 0.264729 0.577141
vt 0.256673 0.577141
vt 0.248615 0.577141
vt 0.240557 0.577141
vt 0.232502 0.577141
vt 0.224460 0.577141
vt 0.216454 0.577141
vt 0.208427 0.577141
vt 0.280780 0.578071
vt 0.272771 0.578071
vt 0.264729 0.578071
vt 0.256673 0.578071
vt 0.248615 0.578071
vt 0.240557 0.578071
vt 0.232502 0.578071
vt 0.224460 0.578071
vt 0.216454 0.578072
vt 0.208427 0.578072
vt 0.280779 0.578975
vt 0.272771 0.578975
vt 0.264729 0.578975
vt 0.256672 0.578975
vt 0.248615 0.578975
vt 0.240557 0.578975
vt 0.232502 0.578976
vt 0.224460 0.578976
vt 0.216454 0.578976
vt 0.208427 0.578976
vt 0.280779 0.554616
vt 0.280780 0.553712
vt 0.272772 0.554616
vt 0.272772 0.553712
vt 0.264729 0.554616
vt 0.264729 0.553712
vt 0.256673 0.554616
vt 0.256673 0.553712
vt 0.248615 0.554616
vt 0.248615 0.553712
vt 0.240557 0.554616
vt 0.240557 0.553712
vt 0.232502 0.554616
vt 0.232502 0.553712
vt 0.224460 0.554616
vt 0.224460 0.553712
vt 0.216454 0.554616
vt 0.216454 0.553712
vt 0.208427 0.554616
vt 0.208427 0.553712
vt 0.280780 0.555518
vt 0.272772 0.555518
vt 0.264729 0.555519
vt 0.256673 0.555519
vt 0.248615 0.555519
vt 0.240557 0.555519
vt 0.232502 0.555519
vt 0.224460 0.555519
vt 0.216454 0.555519
vt 0.208427 0.555519
vt 0.280779 0.556421
vt 0.272772 0.556421
vt 0.264729 0.556422
vt 0.256673 0.556422
vt 0.248615 0.556422
vt 0.240557 0.556422
vt 0.232502 0.556422
vt 0.224460 0.556422
vt 0.216454 0.556421
vt 0.208427 0.556422
vt 0.280779 0.557324
vt 0.272772 0.557324
vt 0.264729 0.557324
vt 0.256673 0.557324
vt 0.248615 0.557324
vt 0.240557 0.557324
vt 0.232502 0.557324
vt 0.224460 0.557324
vt 0.216454 0.557324
vt 0.208427 0.557324
vt 0.280779 0.558227
vt 0.272772 0.558227
vt 0.264729 0.558227
vt 0.256673 0.558227
vt 0.248615 0.558227
vt 0.240557 0.558227
vt 0.232502 0.558227
vt 0.224460 0.558227
vt 0.216454 0.558227
vt 0.208427 0.558227
vt 0.280780 0.559130
vt 0.272771 0.559130
vt 0.264729 0.559130
vt 0.256673 0.559130
vt 0.248615 0.559130
vt 0.240557 0.559130
vt 0.232502 0.559130
vt 0.224460 0.559130
vt 0.216454 0.559131
vt 0.208427 0.559131
vt 0.280780 0.560033
vt 0.272772 0.560033
vt 0.264729 0.560033
vt 0.256673 0.560033
vt 0.248615 0.560033
vt 0.240557 0.560033
vt 0.232502 0.560033
vt 0.224460 0.560033
vt 0.216454 0.560033
vt 0.208427 0.560033
vt 0.280779 0.560935
vt 0.272771 0.560935
vt 0.264729 0.560935
vt 0.256672 0.560935
vt 0.248615 0.560935
vt 0.240557 0.560935
vt 0.232502 0.560935
vt 0.224460 0.560935
vt 0.216454 0.560935
vt 0.208427 0.560935
vt 0.280780 0.561836
vt 0.272771 0.561836
vt 0.264729 0.561836
vt 0.256673 0.561837
vt 0.248615 0.561837
vt 0.240557 0.561836
vt 0.232502 0.561836
vt 0.224460 0.561836
vt 0.216454 0.561836
vt 0.208427 0.561837
vt 0.280779 0.562738
vt 0.272772 0.562738
vt 0.264729 0.562738
vt 0.256672 0.562738
vt 0.248615 0.562738
vt 0.240557 0.562738
vt 0.232502 0.562738
vt 0.224460 0.562738
vt 0.216454 0.562738
vt 0.208427 0.562738
vt 0.280779 0.563638
vt 0.272772 0.563638
vt 0.264729 0.563638
vt 0.256673 0.563638
vt 0.248615 0.563638
vt 0.240557 0.563638
vt 0.232502 0.563638
vt 0.224460 0.563639
vt 0.216454 0.563639
vt 0.208427 0.563639
vt 0.280780 0.564539
vt 0.272772 0.564538
vt 0.264729 0.564539
vt 0.256673 0.564539
vt 0.248615 0.564539
vt 0.240557 0.564539
vt 0.232502 0.564539
vt 0.224460 0.564539
vt 0.216454 0.564539
vt 0.208427 0.564539
vt 0.280779 0.565440
vt 0.272772 0.565439
vt 0.264729 0.565439
vt 0.256673 0.565440
vt 0.248615 0.565440
vt 0.240557 0.565440
vt 0.232502 0.565440
vt 0.224460 0.565440
vt 0.216454 0.565440
vt 0.208427 0.565440
vt 0.280780 0.566321
vt 0.272771 0.566321
vt 0.264729 0.566321
vt 0.256672 0.566321
vt 0.248615 0.566321
vt 0.240557 0.566321
vt 0.232502 0.566321
vt 0.224460 0.566321
vt 0.216454 0.566321
vt 0.208427 0.566321
vt 0.280779 0.567198
vt 0.272771 0.567197
vt 0.264729 0.567197
vt 0.256673 0.567197
vt 0.248615 0.567197
vt 0.240557 0.567197
vt 0.232502 0.567197
vt 0.224460 0.567198
vt 0.216454 0.567197
vt 0.208427 0.567198
vt 0.280779 0.568074
vt 0.272771 0.568074
vt 0.264729 0.568074
vt 0.256673 0.568074
vt 0.248615 0.568074
vt 0.240557 0.568074
vt 0.232502 0.568074
vt 0.224460 0.568074
vt 0.216454 0.568074
vt 0.208427 0.568074
vt 0.280780 0.568951
vt 0.272772 0.568951
vt 0.264729 0.568952
vt 0.256673 0.568952
vt 0.248615 0.568952
vt 0.240557 0.568952
vt 0.232502 0.568951
vt 0.224460 0.568952
vt 0.216454 0.568951
vt 0.208427 0.568952
vt 0.280779 0.569834
vt 0.272772 0.569834
vt 0.264729 0.569834
vt 0.256672 0.569834
vt 0.248615 0.569834
vt 0.240557 0.569834
vt 0.232502 0.569834
vt 0.224460 0.569835
vt 0.216454 0.569834
vt 0.208427 0.569835
vt 0.280779 0.570723
vt 0.272771 0.570723
vt 0.264729 0.570723
vt 0.256673 0.570723
vt 0.248615 0.570723
vt 0.240557 0.570723
vt 0.232502 0.570723
vt 0.224460 0.570723
vt 0.216454 0.570723
vt 0.208427 0.570723
vt 0.280779 0.571619
vt 0.272772 0.571619
vt 0.264729 0.571619
vt 0.256673 0.571619
vt 0.248615 0.571619
vt 0.240557 0.571619
vt 0.232502 0.571619
vt 0.224460 0.571619
vt 0.216454 0.571619
vt 0.208427 0.571619
vt 0.058047 0.573433
vt 0.058047 0.572522
vt 0.058047 0.574351
vt 0.058047 0.575276
vt 0.058047 0.576207
vt 0.058047 0.577140
vt 0.058047 0.578071
vt 0.058047 0.578975
vt 0.058047 0.554615
vt 0.058047 0.553712
vt 0.058047 0.555518
vt 0.058047 0.556422
vt 0.058047 0.557324
vt 0.058047 0.558227
vt 0.058047 0.559130
vt 0.058047 0.560033
vt 0.058047 0.560935
vt 0.058047 0.561836
vt 0.058047 0.562738
vt 0.058047 0.563638
vt 0.058047 0.564539
vt 0.058047 0.565440
vt 0.058047 0.566321
vt 0.058047 0.567197
vt 0.058047 0.568074
vt 0.058047 0.568952
vt 0.058047 0.569834
vt 0.058047 0.570723
vt 0.058047 0.571619
vt 0.527263 0.645006
vt 0.678765 0.645014
vt 0.678765 0.645916
vt 0.527263 0.645907
vt 0.678765 0.646818
vt 0.527262 0.646809
vt 0.678765 0.647720
vt 0.527263 0.647711
vt 0.678765 0.648622
vt 0.527262 0.648614
vt 0.678765 0.649523
vt 0.527262 0.649515
vt 0.678765 0.650425
vt 0.527262 0.650417
vt 0.678765 0.651327
vt 0.527262 0.651319
vt 0.678765 0.652229
vt 0.527262 0.652221
vt 0.678765 0.653131
vt 0.527262 0.653123
vt 0.678765 0.654033
vt 0.527262 0.654025
vt 0.678765 0.654935
vt 0.527262 0.654927
vt 0.678765 0.655837
vt 0.527262 0.655829
vt 0.678765 0.656739
vt 0.527262 0.656731
vt 0.678765 0.657641
vt 0.527262 0.657633
vt 0.678765 0.658543
vt 0.527262 0.658535
vt 0.678765 0.659445
vt 0.527262 0.659437
vt 0.678765 0.660347
vt 0.527262 0.660339
vt 0.678764 0.661249
vt 0.527262 0.661241
vt 0.678764 0.662151
vt 0.527262 0.662143
vt 0.678764 0.663053
vt 0.527261 0.663045
vt 0.527263 0.637789
vt 0.678766 0.637798
vt 0.678765 0.638700
vt 0.527263 0.638692
vt 0.678765 0.639602
vt 0.527263 0.639594
vt 0.678765 0.640504
vt 0.527263 0.640495
vt 0.678765 0.641406
vt 0.527263 0.641398
vt 0.678765 0.642308
vt 0.527263 0.642300
vt 0.678765 0.643210
vt 0.527263 0.643201
vt 0.678765 0.644112
vt 0.527263 0.644103
vt 0.212163 0.681718
vt 0.354442 0.681697
vt 0.354442 0.683486
vt 0.212163 0.683506
vt 0.354443 0.685600
vt 0.212164 0.685621
vt 0.354443 0.688123
vt 0.212164 0.688143
vt 0.354444 0.691070
vt 0.212164 0.691090
vt 0.354444 0.694391
vt 0.212165 0.694411
vt 0.354444 0.697952
vt 0.212166 0.697972
vt 0.354445 0.701584
vt 0.212166 0.701605
vt 0.354446 0.705145
vt 0.212167 0.705165
vt 0.354446 0.708491
vt 0.212167 0.708511
vt 0.354446 0.711430
vt 0.212168 0.711450
vt 0.354447 0.713936
vt 0.212168 0.713956
vt 0.354447 0.716099
vt 0.212168 0.716119
vt 0.354447 0.718062
vt 0.212168 0.718082
vt 0.354448 0.719946
vt 0.212169 0.719966
vt 0.212157 0.640256
vt 0.354436 0.640236
vt 0.354436 0.642121
vt 0.212158 0.642141
vt 0.354437 0.644083
vt 0.212158 0.644103
vt 0.354437 0.646246
vt 0.212158 0.646267
vt 0.354438 0.648752
vt 0.212158 0.648772
vt 0.354438 0.651691
vt 0.212159 0.651712
vt 0.354438 0.655037
vt 0.212159 0.655057
vt 0.354439 0.658598
vt 0.212160 0.658618
vt 0.354439 0.662231
vt 0.212160 0.662251
vt 0.354440 0.665791
vt 0.212161 0.665811
vt 0.354440 0.669112
vt 0.212161 0.669132
vt 0.354441 0.672060
vt 0.212162 0.672080
vt 0.354441 0.674582
vt 0.212162 0.674602
vt 0.354441 0.676696
vt 0.212162 0.676716
vt 0.354442 0.678485
vt 0.212163 0.678505
vt 0.354442 0.680091
vt 0.212163 0.680111
vt 0.714533 0.587698
vt 0.714533 0.586788
vt 0.722595 0.586788
vt 0.722595 0.587698
vt 0.730647 0.586788
vt 0.730647 0.587698
vt 0.738681 0.586787
vt 0.738680 0.587698
vt 0.746726 0.586788
vt 0.746726 0.587698
vt 0.754778 0.586788
vt 0.754778 0.587698
vt 0.762830 0.586787
vt 0.762830 0.587699
vt 0.770876 0.586787
vt 0.770876 0.587698
vt 0.778910 0.586788
vt 0.778910 0.587698
vt 0.786960 0.586787
vt 0.786960 0.587699
vt 0.794993 0.586788
vt 0.794993 0.587699
vt 0.714533 0.585869
vt 0.722595 0.585869
vt 0.730647 0.585869
vt 0.738680 0.585869
vt 0.746726 0.585869
vt 0.754778 0.585869
vt 0.762830 0.585869
vt 0.770876 0.585869
vt 0.778910 0.585869
vt 0.786960 0.585869
vt 0.794993 0.585869
vt 0.714533 0.584944
vt 0.722595 0.584944
vt 0.730647 0.584944
vt 0.738681 0.584944
vt 0.746726 0.584944
vt 0.754778 0.584944
vt 0.762830 0.584944
vt 0.770876 0.584944
vt 0.778910 0.584944
vt 0.786960 0.584944
vt 0.794993 0.584944
vt 0.714533 0.584014
vt 0.722595 0.584014
vt 0.730647 0.584014
vt 0.738680 0.584014
vt 0.746726 0.584014
vt 0.754778 0.584014
vt 0.762830 0.584014
vt 0.770876 0.584014
vt 0.778910 0.584014
vt 0.786960 0.584014
vt 0.794993 0.584014
vt 0.714533 0.583080
vt 0.722595 0.583080
vt 0.730647 0.583080
vt 0.738680 0.583080
vt 0.746726 0.583080
vt 0.754778 0.583080
vt 0.762830 0.583080
vt 0.770876 0.583080
vt 0.778910 0.583080
vt 0.786960 0.583080
vt 0.794992 0.583080
vt 0.714533 0.582149
vt 0.722595 0.582149
vt 0.730647 0.582149
vt 0.738680 0.582149
vt 0.746726 0.582149
vt 0.754778 0.582149
vt 0.762830 0.582149
vt 0.770876 0.582149
vt 0.778910 0.582149
vt 0.786960 0.582149
vt 0.794992 0.582149
vt 0.714533 0.581245
vt 0.722595 0.581246
vt 0.730647 0.581246
vt 0.738680 0.581245
vt 0.746726 0.581246
vt 0.754778 0.581246
vt 0.762830 0.581246
vt 0.770876 0.581245
vt 0.778910 0.581246
vt 0.786960 0.581246
vt 0.794993 0.581246
vt 0.714533 0.606509
vt 0.714533 0.605605
vt 0.722595 0.605605
vt 0.722595 0.606509
vt 0.730647 0.605605
vt 0.730647 0.606509
vt 0.738680 0.605605
vt 0.738680 0.606509
vt 0.746726 0.605605
vt 0.746726 0.606509
vt 0.754778 0.605605
vt 0.754778 0.606509
vt 0.762830 0.605605
vt 0.762830 0.606509
vt 0.770876 0.605605
vt 0.770876 0.606508
vt 0.778910 0.605605
vt 0.778910 0.606509
vt 0.786960 0.605605
vt 0.786960 0.606508
vt 0.794993 0.605605
vt 0.794993 0.606509
vt 0.714533 0.604702
vt 0.722595 0.604702
vt 0.730647 0.604702
vt 0.738680 0.604702
vt 0.746726 0.604702
vt 0.754778 0.604702
vt 0.762830 0.604702
vt 0.770876 0.604702
vt 0.778910 0.604702
vt 0.786960 0.604702
vt 0.794993 0.604702
vt 0.714533 0.603799
vt 0.722595 0.603799
vt 0.730647 0.603799
vt 0.738680 0.603799
vt 0.746726 0.603799
vt 0.754778 0.603799
vt 0.762830 0.603799
vt 0.770876 0.603799
vt 0.778910 0.603799
vt 0.786960 0.603799
vt 0.794993 0.603799
vt 0.714533 0.602896
vt 0.722595 0.602896
vt 0.730647 0.602896
vt 0.738680 0.602896
vt 0.746726 0.602896
vt 0.754778 0.602896
vt 0.762830 0.602896
vt 0.770876 0.602896
vt 0.778910 0.602896
vt 0.786960 0.602896
vt 0.794992 0.602896
vt 0.714533 0.601993
vt 0.722595 0.601993
vt 0.730647 0.601993
vt 0.738680 0.601993
vt 0.746726 0.601994
vt 0.754778 0.601993
vt 0.762830 0.601993
vt 0.770876 0.601993
vt 0.778910 0.601993
vt 0.786960 0.601993
vt 0.794992 0.601993
vt 0.714533 0.601090
vt 0.722595 0.601090
vt 0.730647 0.601090
vt 0.738680 0.601090
vt 0.746726 0.601090
vt 0.754778 0.601090
vt 0.762830 0.601090
vt 0.770876 0.601090
vt 0.778910 0.601090
vt 0.786960 0.601090
vt 0.794993 0.601090
vt 0.714533 0.600187
vt 0.722595 0.600187
vt 0.730647 0.600188
vt 0.738680 0.600187
vt 0.746726 0.600188
vt 0.754778 0.600187
vt 0.762830 0.600187
vt 0.770876 0.600187
vt 0.778910 0.600188
vt 0.786960 0.600187
vt 0.794992 0.600188
vt 0.714533 0.599286
vt 0.722595 0.599286
vt 0.730647 0.599286
vt 0.738680 0.599286
vt 0.746726 0.599286
vt 0.754778 0.599286
vt 0.762830 0.599286
vt 0.770876 0.599286
vt 0.778910 0.599286
vt 0.786960 0.599286
vt 0.794993 0.599286
vt 0.714533 0.598385
vt 0.722595 0.598384
vt 0.730647 0.598384
vt 0.738681 0.598384
vt 0.746726 0.598385
vt 0.754778 0.598384
vt 0.762830 0.598384
vt 0.770876 0.598384
vt 0.778910 0.598384
vt 0.786960 0.598384
vt 0.794993 0.598384
vt 0.714533 0.597483
vt 0.722595 0.597483
vt 0.730647 0.597483
vt 0.738680 0.597483
vt 0.746726 0.597483
vt 0.754778 0.597483
vt 0.762830 0.597483
vt 0.770876 0.597483
vt 0.778910 0.597483
vt 0.786960 0.597483
vt 0.794992 0.597483
vt 0.714533 0.596582
vt 0.722595 0.596582
vt 0.730647 0.596582
vt 0.738680 0.596582
vt 0.746726 0.596582
vt 0.754778 0.596582
vt 0.762830 0.596582
vt 0.770876 0.596582
vt 0.778910 0.596582
vt 0.786960 0.596582
vt 0.794993 0.596582
vt 0.714533 0.595682
vt 0.722595 0.595682
vt 0.730647 0.595681
vt 0.738680 0.595681
vt 0.746726 0.595682
vt 0.754778 0.595682
vt 0.762830 0.595682
vt 0.770876 0.595682
vt 0.778910 0.595682
vt 0.786960 0.595682
vt 0.794992 0.595682
vt 0.714533 0.594781
vt 0.722595 0.594781
vt 0.730647 0.594780
vt 0.738680 0.594781
vt 0.746726 0.594781
vt 0.754778 0.594780
vt 0.762830 0.594781
vt 0.770876 0.594781
vt 0.778910 0.594780
vt 0.786960 0.594781
vt 0.794992 0.594781
vt 0.714532 0.593900
vt 0.722595 0.593900
vt 0.730647 0.593900
vt 0.738680 0.593900
vt 0.746726 0.593900
vt 0.754778 0.593900
vt 0.762830 0.593900
vt 0.770876 0.593899
vt 0.778910 0.593900
vt 0.786960 0.593900
vt 0.794992 0.593900
vt 0.714533 0.593024
vt 0.722595 0.593023
vt 0.730647 0.593023
vt 0.738680 0.593024
vt 0.746726 0.593024
vt 0.754778 0.593023
vt 0.762830 0.593024
vt 0.770876 0.593023
vt 0.778910 0.593024
vt 0.786960 0.593024
vt 0.794993 0.593023
vt 0.714533 0.592147
vt 0.722595 0.592147
vt 0.730647 0.592147
vt 0.738680 0.592147
vt 0.746726 0.592147
vt 0.754778 0.592147
vt 0.762830 0.592147
vt 0.770876 0.592147
vt 0.778910 0.592147
vt 0.786960 0.592147
vt 0.794993 0.592147
vt 0.714533 0.591269
vt 0.722595 0.591269
vt 0.730647 0.591269
vt 0.738680 0.591269
vt 0.746726 0.591269
vt 0.754778 0.591269
vt 0.762830 0.591269
vt 0.770876 0.591269
vt 0.778910 0.591269
vt 0.786960 0.591269
vt 0.794993 0.591269
vt 0.714532 0.590387
vt 0.722595 0.590387
vt 0.730647 0.590386
vt 0.738680 0.590386
vt 0.746726 0.590387
vt 0.754778 0.590386
vt 0.762830 0.590386
vt 0.770876 0.590387
vt 0.778910 0.590386
vt 0.786960 0.590387
vt 0.794993 0.590386
vt 0.714533 0.589498
vt 0.722595 0.589498
vt 0.730647 0.589498
vt 0.738680 0.589498
vt 0.746726 0.589498
vt 0.754778 0.589498
vt 0.762830 0.589498
vt 0.770876 0.589498
vt 0.778910 0.589498
vt 0.786960 0.589497
vt 0.794993 0.589498
vt 0.714533 0.588602
vt 0.722595 0.588602
vt 0.730647 0.588602
vt 0.738680 0.588602
vt 0.746726 0.588602
vt 0.754778 0.588602
vt 0.762830 0.588602
vt 0.770876 0.588602
vt 0.778910 0.588602
vt 0.786960 0.588602
vt 0.794992 0.588602
vt 0.945361 0.586788
vt 0.945361 0.587698
vt 0.945361 0.585869
vt 0.945361 0.584944
vt 0.945361 0.584014
vt 0.945361 0.583080
vt 0.945361 0.582149
vt 0.945361 0.581246
vt 0.945361 0.605605
vt 0.945361 0.606509
vt 0.945361 0.604702
vt 0.945361 0.603799
vt 0.945361 0.602896
vt 0.945361 0.601993
vt 0.945361 0.601090
vt 0.945361 0.600187
vt 0.945361 0.599286
vt 0.945361 0.598385
vt 0.945361 0.597483
vt 0.945361 0.596582
vt 0.945361 0.595682
vt 0.945361 0.594781
vt 0.945361 0.593900
vt 0.945361 0.593024
vt 0.945361 0.592147
vt 0.945361 0.591269
vt 0.945361 0.590386
vt 0.945361 0.589497
vt 0.945361 0.588602
vt 0.515297 0.586787
vt 0.515297 0.587698
vt 0.288837 0.587698
vt 0.288837 0.586788
vt 0.515297 0.585869
vt 0.288837 0.585869
vt 0.515297 0.584944
vt 0.288837 0.584944
vt 0.515297 0.584014
vt 0.288837 0.584014
vt 0.515297 0.583080
vt 0.288837 0.583080
vt 0.515297 0.582149
vt 0.288837 0.582149
vt 0.515297 0.581246
vt 0.288837 0.581245
vt 0.515297 0.605605
vt 0.515297 0.606509
vt 0.288837 0.606509
vt 0.288837 0.605605
vt 0.515297 0.604702
vt 0.288837 0.604702
vt 0.515298 0.603799
vt 0.288837 0.603799
vt 0.515297 0.602896
vt 0.288837 0.602896
vt 0.515297 0.601993
vt 0.288837 0.601993
vt 0.515297 0.601090
vt 0.288837 0.601090
vt 0.515297 0.600187
vt 0.288837 0.600187
vt 0.515297 0.599286
vt 0.288837 0.599286
vt 0.515297 0.598385
vt 0.288837 0.598384
vt 0.515297 0.597483
vt 0.288837 0.597483
vt 0.515297 0.596582
vt 0.288837 0.596582
vt 0.515297 0.595682
vt 0.288837 0.595682
vt 0.515297 0.594781
vt 0.288837 0.594780
vt 0.515297 0.593900
vt 0.288837 0.593900
vt 0.515297 0.593024
vt 0.288837 0.593024
vt 0.515297 0.592147
vt 0.288837 0.592146
vt 0.515297 0.591269
vt 0.288837 0.591269
vt 0.515297 0.590387
vt 0.288837 0.590386
vt 0.515297 0.589498
vt 0.288837 0.589498
vt 0.515297 0.588602
vt 0.288837 0.588602
vt 0.280780 0.586788
vt 0.280780 0.587698
vt 0.272772 0.586787
vt 0.272772 0.587698
vt 0.264730 0.586787
vt 0.264730 0.587698
vt 0.256674 0.586788
vt 0.256674 0.587698
vt 0.248616 0.586788
vt 0.248616 0.587698
vt 0.240558 0.586788
vt 0.240558 0.587699
vt 0.232502 0.586788
vt 0.232502 0.587699
vt 0.224461 0.586788
vt 0.224461 0.587699
vt 0.216455 0.586788
vt 0.216455 0.587698
vt 0.208428 0.586788
vt 0.208428 0.587698
vt 0.280780 0.585869
vt 0.272772 0.585869
vt 0.264730 0.585869
vt 0.256674 0.585869
vt 0.248616 0.585869
vt 0.240558 0.585869
vt 0.232502 0.585869
vt 0.224461 0.585869
vt 0.216455 0.585869
vt 0.208428 0.585869
vt 0.280780 0.584944
vt 0.272772 0.584944
vt 0.264730 0.584944
vt 0.256673 0.584944
vt 0.248616 0.584944
vt 0.240558 0.584944
vt 0.232502 0.584944
vt 0.224461 0.584944
vt 0.216455 0.584944
vt 0.208428 0.584944
vt 0.280780 0.584014
vt 0.272772 0.584014
vt 0.264730 0.584014
vt 0.256673 0.584014
vt 0.248616 0.584014
vt 0.240558 0.584014
vt 0.232502 0.584014
vt 0.224461 0.584014
vt 0.216455 0.584014
vt 0.208428 0.584014
vt 0.280780 0.583080
vt 0.272772 0.583080
vt 0.264730 0.583080
vt 0.256674 0.583080
vt 0.248616 0.583080
vt 0.240558 0.583080
vt 0.232502 0.583080
vt 0.224461 0.583080
vt 0.216455 0.583080
vt 0.208428 0.583080
vt 0.280780 0.582149
vt 0.272772 0.582149
vt 0.264730 0.582149
vt 0.256674 0.582149
vt 0.248616 0.582149
vt 0.240558 0.582149
vt 0.232502 0.582149
vt 0.224461 0.582149
vt 0.216455 0.582149
vt 0.208428 0.582149
vt 0.280780 0.581246
vt 0.272772 0.581246
vt 0.264729 0.581246
vt 0.256674 0.581246
vt 0.248616 0.581246
vt 0.240558 0.581246
vt 0.232502 0.581246
vt 0.224461 0.581246
vt 0.216455 0.581246
vt 0.208428 0.581246
vt 0.280780 0.605605
vt 0.280780 0.606509
vt 0.272772 0.605605
vt 0.272772 0.606509
vt 0.264730 0.605605
vt 0.264730 0.606509
vt 0.256673 0.605605
vt 0.256673 0.606509
vt 0.248616 0.605605
vt 0.248616 0.606509
vt 0.240558 0.605605
vt 0.240558 0.606509
vt 0.232502 0.605605
vt 0.232502 0.606509
vt 0.224461 0.605605
vt 0.224461 0.606509
vt 0.216455 0.605605
vt 0.216455 0.606509
vt 0.208428 0.605605
vt 0.208428 0.606508
vt 0.280780 0.604702
vt 0.272772 0.604702
vt 0.264730 0.604702
vt 0.256673 0.604702
vt 0.248616 0.604702
vt 0.240558 0.604702
vt 0.232502 0.604702
vt 0.224461 0.604702
vt 0.216455 0.604702
vt 0.208428 0.604702
vt 0.280781 0.603799
vt 0.272772 0.603799
vt 0.264729 0.603799
vt 0.256674 0.603799
vt 0.248616 0.603799
vt 0.240558 0.603799
vt 0.232502 0.603799
vt 0.224461 0.603799
vt 0.216455 0.603799
vt 0.208428 0.603799
vt 0.280780 0.602896
vt 0.272772 0.602896
vt 0.264729 0.602896
vt 0.256674 0.602896
vt 0.248616 0.602896
vt 0.240558 0.602896
vt 0.232502 0.602896
vt 0.224461 0.602896
vt 0.216455 0.602896
vt 0.208428 0.602896
vt 0.280780 0.601993
vt 0.272772 0.601993
vt 0.264730 0.601993
vt 0.256674 0.601993
vt 0.248616 0.601993
vt 0.240558 0.601993
vt 0.232502 0.601993
vt 0.224461 0.601993
vt 0.216455 0.601993
vt 0.208428 0.601993
vt 0.280780 0.601090
vt 0.272772 0.601090
vt 0.264730 0.601090
vt 0.256674 0.601090
vt 0.248616 0.601090
vt 0.240558 0.601090
vt 0.232502 0.601090
vt 0.224461 0.601090
vt 0.216455 0.601090
vt 0.208428 0.601090
vt 0.280780 0.600188
vt 0.272772 0.600188
vt 0.264730 0.600187
vt 0.256674 0.600187
vt 0.248616 0.600188
vt 0.240558 0.600188
vt 0.232502 0.600188
vt 0.224461 0.600188
vt 0.216455 0.600188
vt 0.208428 0.600188
vt 0.280780 0.599286
vt 0.272772 0.599286
vt 0.264730 0.599286
vt 0.256673 0.599286
vt 0.248616 0.599286
vt 0.240558 0.599286
vt 0.232502 0.599286
vt 0.224461 0.599286
vt 0.216455 0.599286
vt 0.208428 0.599286
vt 0.280780 0.598384
vt 0.272772 0.598384
vt 0.264730 0.598385
vt 0.256674 0.598385
vt 0.248616 0.598385
vt 0.240558 0.598385
vt 0.232502 0.598385
vt 0.224461 0.598385
vt 0.216455 0.598385
vt 0.208428 0.598384
vt 0.280780 0.597483
vt 0.272772 0.597483
vt 0.264730 0.597483
vt 0.256674 0.597483
vt 0.248616 0.597483
vt 0.240558 0.597483
vt 0.232502 0.597483
vt 0.224461 0.597483
vt 0.216455 0.597483
vt 0.208428 0.597483
vt 0.280781 0.596582
vt 0.272772 0.596582
vt 0.264730 0.596582
vt 0.256674 0.596582
vt 0.248616 0.596583
vt 0.240558 0.596583
vt 0.232502 0.596583
vt 0.224461 0.596583
vt 0.216455 0.596583
vt 0.208428 0.596582
vt 0.280780 0.595682
vt 0.272772 0.595682
vt 0.264730 0.595682
vt 0.256674 0.595682
vt 0.248616 0.595682
vt 0.240558 0.595682
vt 0.232502 0.595682
vt 0.224461 0.595682
vt 0.216455 0.595682
vt 0.208428 0.595682
vt 0.280780 0.594781
vt 0.272772 0.594781
vt 0.264730 0.594781
vt 0.256674 0.594781
vt 0.248616 0.594781
vt 0.240558 0.594781
vt 0.232502 0.594781
vt 0.224461 0.594781
vt 0.216455 0.594781
vt 0.208428 0.594781
vt 0.280780 0.593900
vt 0.272772 0.593900
vt 0.264730 0.593900
vt 0.256674 0.593900
vt 0.248616 0.593900
vt 0.240558 0.593900
vt 0.232502 0.593900
vt 0.224461 0.593900
vt 0.216455 0.593900
vt 0.208428 0.593900
vt 0.280780 0.593024
vt 0.272772 0.593024
vt 0.264730 0.593023
vt 0.256674 0.593023
vt 0.248616 0.593024
vt 0.240558 0.593024
vt 0.232502 0.593024
vt 0.224461 0.593024
vt 0.216455 0.593024
vt 0.208428 0.593024
vt 0.280780 0.592147
vt 0.272772 0.592147
vt 0.264730 0.592147
vt 0.256674 0.592147
vt 0.248616 0.592147
vt 0.240558 0.592147
vt 0.232502 0.592147
vt 0.224461 0.592147
vt 0.216455 0.592147
vt 0.208428 0.592147
vt 0.280780 0.591269
vt 0.272772 0.591269
vt 0.264730 0.591269
vt 0.256674 0.591269
vt 0.248616 0.591269
vt 0.240558 0.591269
vt 0.232502 0.591269
vt 0.224461 0.591269
vt 0.216455 0.591269
vt 0.208428 0.591269
vt 0.280781 0.590386
vt 0.272772 0.590386
vt 0.264729 0.590386
vt 0.256674 0.590386
vt 0.248616 0.590386
vt 0.240558 0.590387
vt 0.232502 0.590386
vt 0.224461 0.590387
vt 0.216455 0.590386
vt 0.208428 0.590386
vt 0.280780 0.589497
vt 0.272772 0.589498
vt 0.264730 0.589498
vt 0.256674 0.589498
vt 0.248616 0.589498
vt 0.240558 0.589498
vt 0.232502 0.589498
vt 0.224461 0.589498
vt 0.216455 0.589498
vt 0.208428 0.589498
vt 0.280780 0.588602
vt 0.272772 0.588602
vt 0.264730 0.588602
vt 0.256674 0.588602
vt 0.248616 0.588602
vt 0.240558 0.588602
vt 0.232502 0.588602
vt 0.224461 0.588602
vt 0.216455 0.588602
vt 0.208428 0.588602
vt 0.058048 0.586787
vt 0.058048 0.587698
vt 0.058048 0.585869
vt 0.058048 0.584944
vt 0.058048 0.584014
vt 0.058048 0.583080
vt 0.058048 0.582149
vt 0.058048 0.581245
vt 0.058048 0.605605
vt 0.058048 0.606508
vt 0.058048 0.604702
vt 0.058048 0.603799
vt 0.058048 0.602896
vt 0.058048 0.601993
vt 0.058048 0.601090
vt 0.058048 0.600188
vt 0.058048 0.599286
vt 0.058048 0.598384
vt 0.058048 0.597483
vt 0.058048 0.596582
vt 0.058048 0.595682
vt 0.058048 0.594781
vt 0.058048 0.593899
vt 0.058048 0.593024
vt 0.058048 0.592147
vt 0.058048 0.591269
vt 0.058048 0.590386
vt 0.058048 0.589498
vt 0.058048 0.588602
vt 0.668290 0.181701
vt 0.668302 0.147149
vt 0.739670 0.147732
vt 0.740378 0.181614
vt 0.271660 0.181674
vt 0.199595 0.181866
vt 0.199504 0.146973
vt 0.271564 0.146790
vt 0.778733 0.181614
vt 0.779159 0.147337
vt 0.940786 0.147233
vt 0.940729 0.181615
vt 0.309981 0.181614
vt 0.309981 0.146729
vt 0.471977 0.146729
vt 0.471977 0.181614
vt 0.480557 0.181614
vt 0.480558 0.146729
vt 0.488144 0.181614
vt 0.488144 0.146730
vt 0.494165 0.181614
vt 0.494165 0.146730
vt 0.501751 0.181614
vt 0.501751 0.146730
vt 0.510332 0.181614
vt 0.510332 0.146730
vt 0.748958 0.181614
vt 0.747819 0.148029
vt 0.756545 0.181614
vt 0.755626 0.148169
vt 0.762565 0.181614
vt 0.763342 0.148118
vt 0.770152 0.181614
vt 0.771069 0.147882
vt 0.301400 0.146729
vt 0.301400 0.181613
vt 0.293783 0.146729
vt 0.293831 0.181613
vt 0.287732 0.146745
vt 0.287827 0.181630
vt 0.280145 0.146766
vt 0.280241 0.181651
vt 0.032875 0.147910
vt 0.041507 0.147684
vt 0.041615 0.182304
vt 0.033034 0.182328
vt 0.024463 0.148148
vt 0.025448 0.182349
vt 0.957848 0.148245
vt 0.966041 0.148884
vt 0.962917 0.181615
vt 0.956896 0.181615
vt 0.949503 0.147689
vt 0.949310 0.181615
vt 0.582378 0.146748
vt 0.582394 0.181655
vt 0.113673 0.182094
vt 0.113499 0.147240
vt 0.475477 0.138792
vt 0.403866 0.139344
vt 0.403872 0.104756
vt 0.476184 0.104842
vt 0.879187 0.139737
vt 0.879173 0.104795
vt 0.951485 0.104841
vt 0.951485 0.139756
vt 0.679377 0.139049
vt 0.517722 0.139059
vt 0.517302 0.104842
vt 0.679781 0.104841
vt 0.204480 0.139757
vt 0.042001 0.139758
vt 0.042001 0.104843
vt 0.204480 0.104842
vt 0.213576 0.104842
vt 0.213576 0.139757
vt 0.221782 0.104842
vt 0.221782 0.139757
vt 0.228295 0.104842
vt 0.228295 0.139757
vt 0.236501 0.104842
vt 0.236501 0.139757
vt 0.245597 0.104842
vt 0.245597 0.139757
vt 0.485281 0.104842
vt 0.484104 0.138456
vt 0.493487 0.104842
vt 0.492534 0.138220
vt 0.499999 0.104842
vt 0.500829 0.138227
vt 0.508205 0.104842
vt 0.509166 0.138529
vt 0.032905 0.139758
vt 0.032905 0.104843
vt 0.024699 0.139758
vt 0.024698 0.104843
vt 0.975299 0.104841
vt 0.975302 0.139756
vt 0.968789 0.139756
vt 0.968787 0.104841
vt 0.960582 0.139756
vt 0.960582 0.104841
vt 0.720898 0.104841
vt 0.721608 0.138798
vt 0.712993 0.138444
vt 0.711802 0.104841
vt 0.704602 0.138190
vt 0.703596 0.104841
vt 0.696307 0.138240
vt 0.697083 0.104841
vt 0.687940 0.138513
vt 0.688877 0.104841
vt 0.317889 0.139750
vt 0.317899 0.104802
vt 0.793221 0.104749
vt 0.793226 0.139346
vt 0.204479 0.003540
vt 0.213576 0.003540
vt 0.221782 0.003540
vt 0.228295 0.003540
vt 0.236501 0.003540
vt 0.245597 0.003540
vt 0.317891 0.003540
vt 0.403891 0.003540
vt 0.476184 0.003540
vt 0.485281 0.003540
vt 0.493487 0.003540
vt 0.499999 0.003540
vt 0.508205 0.003540
vt 0.517302 0.003540
vt 0.679780 0.003539
vt 0.688877 0.003539
vt 0.697083 0.003539
vt 0.703596 0.003539
vt 0.711802 0.003539
vt 0.720898 0.003539
vt 0.793192 0.003539
vt 0.879192 0.003539
vt 0.951485 0.003539
vt 0.960582 0.003539
vt 0.968788 0.003539
vt 0.975300 0.003539
vt 0.032904 0.003541
vt 0.024698 0.003541
vt 0.042000 0.003541
vt 0.486274 0.507616
vt 0.414854 0.508340
vt 0.527647 0.397846
vt 0.385478 0.479553
vt 0.383852 0.319037
vt 0.412638 0.289661
vt 0.484058 0.288937
vt 0.669816 0.316139
vt 0.671442 0.476655
vt 0.386993 0.488525
vt 0.391206 0.496590
vt 0.397705 0.502958
vt 0.405853 0.507007
vt 0.651627 0.504516
vt 0.642655 0.506031
vt 0.659693 0.500304
vt 0.666061 0.493805
vt 0.670110 0.485656
vt 0.385184 0.310036
vt 0.389232 0.301887
vt 0.395601 0.295388
vt 0.403666 0.291176
vt 0.640439 0.287353
vt 0.649441 0.288685
vt 0.657589 0.292733
vt 0.664088 0.299102
vt 0.668301 0.307167
vt 0.571235 0.506755
vt 0.569020 0.288077
vt 0.228899 0.288637
vt 0.263392 0.288256
vt 0.263415 0.290401
vt 0.228923 0.290783
vt 0.334811 0.287466
vt 0.334665 0.289614
vt 0.111864 0.508633
vt 0.040445 0.509422
vt 0.040590 0.507275
vt 0.111841 0.506487
vt 0.146357 0.508251
vt 0.146333 0.506106
vt 0.364213 0.316226
vt 0.365988 0.476739
vt 0.363840 0.476594
vt 0.362069 0.316418
vt 0.011043 0.480663
vt 0.009268 0.320150
vt 0.011416 0.320295
vt 0.013187 0.480470
vt 0.010592 0.311148
vt 0.012666 0.311796
vt 0.014633 0.302995
vt 0.016405 0.304253
vt 0.020996 0.296490
vt 0.022292 0.298234
vt 0.029057 0.292270
vt 0.029751 0.294329
vt 0.038028 0.290747
vt 0.038220 0.292891
vt 0.343813 0.288790
vt 0.343164 0.290864
vt 0.351965 0.292831
vt 0.350708 0.294603
vt 0.358470 0.299194
vt 0.356727 0.300490
vt 0.362690 0.307255
vt 0.360632 0.307949
vt 0.012566 0.489634
vt 0.014624 0.488940
vt 0.016786 0.497695
vt 0.018529 0.496399
vt 0.023291 0.504058
vt 0.024548 0.502286
vt 0.031443 0.508098
vt 0.032092 0.506025
vt 0.346199 0.504619
vt 0.337228 0.506141
vt 0.337036 0.503998
vt 0.345505 0.502560
vt 0.354260 0.500398
vt 0.352964 0.498655
vt 0.360623 0.493894
vt 0.358851 0.492636
vt 0.364664 0.485741
vt 0.362590 0.485093
vt 0.109447 0.289958
vt 0.143939 0.289577
vt 0.143963 0.291722
vt 0.109470 0.292103
vt 0.265809 0.506931
vt 0.231317 0.507312
vt 0.231293 0.505167
vt 0.265786 0.504785
vt 0.480557 0.275942
vt 0.471976 0.275942
vt 0.488144 0.275942
vt 0.494164 0.275942
vt 0.501751 0.275942
vt 0.510332 0.275942
vt 0.582392 0.275774
vt 0.668318 0.275774
vt 0.740378 0.275943
vt 0.748958 0.275943
vt 0.756544 0.275943
vt 0.762565 0.275943
vt 0.770152 0.275943
vt 0.778732 0.275943
vt 0.940729 0.275943
vt 0.949309 0.275943
vt 0.956896 0.275943
vt 0.962916 0.275943
vt 0.033293 0.276656
vt 0.025707 0.276677
vt 0.041873 0.276632
vt 0.113933 0.276266
vt 0.199858 0.276031
vt 0.271919 0.276002
vt 0.280499 0.275978
vt 0.288085 0.275958
vt 0.293960 0.275941
vt 0.301400 0.275942
vt 0.309980 0.275942
vt 0.787339 0.292068
vt 0.828187 0.394790
vt 0.714717 0.292377
vt 0.691975 0.315167
vt 0.691985 0.474464
vt 0.714746 0.497252
vt 0.787387 0.497534
vt 0.964399 0.474413
vt 0.964390 0.315117
vt 0.693177 0.307787
vt 0.696332 0.301613
vt 0.701221 0.296710
vt 0.707368 0.293558
vt 0.948982 0.293507
vt 0.941628 0.292328
vt 0.955135 0.296659
vt 0.960027 0.301562
vt 0.963186 0.307736
vt 0.693188 0.481844
vt 0.696348 0.488019
vt 0.701240 0.492922
vt 0.707393 0.496073
vt 0.941658 0.497203
vt 0.949007 0.496022
vt 0.955154 0.492870
vt 0.960043 0.487967
vt 0.963198 0.481793
vt 0.868988 0.292046
vt 0.869036 0.497513
vt 0.689570 0.474650
vt 0.689561 0.314982
vt 0.471927 0.278301
vt 0.310030 0.278300
vt 0.687154 0.474791
vt 0.687146 0.314840
vt 0.690867 0.307032
vt 0.688561 0.306267
vt 0.480359 0.278301
vt 0.694360 0.300189
vt 0.692396 0.298749
vt 0.487768 0.278301
vt 0.699775 0.294755
vt 0.698339 0.292780
vt 0.493647 0.278301
vt 0.706586 0.291261
vt 0.705810 0.288943
vt 0.501949 0.278300
vt 0.494541 0.278300
vt 0.714502 0.289966
vt 0.714300 0.287552
vt 0.510381 0.278300
vt 0.786437 0.289728
vt 0.785773 0.287310
vt 0.582633 0.278216
vt 0.869889 0.289705
vt 0.870552 0.287287
vt 0.668076 0.278216
vt 0.941843 0.289916
vt 0.942043 0.287500
vt 0.740328 0.278301
vt 0.949764 0.291207
vt 0.950549 0.288886
vt 0.748760 0.278301
vt 0.956581 0.294703
vt 0.958027 0.292727
vt 0.756169 0.278301
vt 0.961998 0.300138
vt 0.963969 0.298701
vt 0.762048 0.278301
vt 0.965497 0.306981
vt 0.967791 0.306216
vt 0.770349 0.278301
vt 0.762941 0.278301
vt 0.966805 0.314931
vt 0.969220 0.314789
vt 0.778782 0.278301
vt 0.966814 0.474598
vt 0.969228 0.474740
vt 0.940679 0.278301
vt 0.965507 0.482548
vt 0.967814 0.483313
vt 0.949111 0.278301
vt 0.962015 0.489392
vt 0.963979 0.490832
vt 0.956520 0.278301
vt 0.956599 0.494825
vt 0.958035 0.496801
vt 0.962399 0.278301
vt 0.949789 0.498319
vt 0.950565 0.500637
vt 0.033497 0.279013
vt 0.026089 0.279034
vt 0.941873 0.499614
vt 0.942075 0.502028
vt 0.041930 0.278990
vt 0.869938 0.499853
vt 0.870602 0.502271
vt 0.114180 0.278708
vt 0.786486 0.499875
vt 0.785823 0.502294
vt 0.199624 0.278474
vt 0.714532 0.499664
vt 0.714331 0.502080
vt 0.271875 0.278360
vt 0.706611 0.498373
vt 0.705825 0.500695
vt 0.280308 0.278337
vt 0.699794 0.494878
vt 0.698348 0.496854
vt 0.287716 0.278317
vt 0.694377 0.489442
vt 0.692406 0.490880
vt 0.293892 0.278300
vt 0.690878 0.482599
vt 0.688583 0.483364
vt 0.301597 0.278300
vt 0.714532 0.615231
vt 0.714532 0.614320
vt 0.722594 0.614321
vt 0.722594 0.615232
vt 0.730646 0.614321
vt 0.730646 0.615232
vt 0.738679 0.614320
vt 0.738679 0.615231
vt 0.746725 0.614321
vt 0.746725 0.615232
vt 0.754777 0.614320
vt 0.754777 0.615232
vt 0.762829 0.614321
vt 0.762829 0.615232
vt 0.770875 0.614321
vt 0.770875 0.615232
vt 0.778909 0.614321
vt 0.778909 0.615232
vt 0.786959 0.614321
vt 0.786959 0.615232
vt 0.794991 0.614321
vt 0.794991 0.615232
vt 0.714532 0.613402
vt 0.722595 0.613402
vt 0.730646 0.613402
vt 0.738679 0.613402
vt 0.746725 0.613402
vt 0.754777 0.613402
vt 0.762829 0.613402
vt 0.770875 0.613402
vt 0.778909 0.613402
vt 0.786959 0.613402
vt 0.794991 0.613402
vt 0.714531 0.612477
vt 0.722594 0.612478
vt 0.730646 0.612477
vt 0.738679 0.612477
vt 0.746725 0.612478
vt 0.754777 0.612477
vt 0.762829 0.612478
vt 0.770875 0.612477
vt 0.778909 0.612477
vt 0.786959 0.612477
vt 0.794991 0.612477
vt 0.714531 0.611547
vt 0.722594 0.611547
vt 0.730646 0.611547
vt 0.738679 0.611547
vt 0.746725 0.611547
vt 0.754777 0.611547
vt 0.762829 0.611547
vt 0.770875 0.611547
vt 0.778909 0.611547
vt 0.786959 0.611547
vt 0.794991 0.611547
vt 0.714532 0.610613
vt 0.722594 0.610613
vt 0.730646 0.610613
vt 0.738679 0.610613
vt 0.746725 0.610613
vt 0.754777 0.610613
vt 0.762829 0.610613
vt 0.770875 0.610613
vt 0.778909 0.610613
vt 0.786959 0.610613
vt 0.794991 0.610613
vt 0.714532 0.609682
vt 0.722594 0.609683
vt 0.730646 0.609682
vt 0.738679 0.609682
vt 0.746725 0.609683
vt 0.754777 0.609682
vt 0.762829 0.609682
vt 0.770875 0.609682
vt 0.778909 0.609682
vt 0.786959 0.609682
vt 0.794991 0.609683
vt 0.714532 0.608779
vt 0.722594 0.608779
vt 0.730646 0.608779
vt 0.738679 0.608779
vt 0.746725 0.608779
vt 0.754777 0.608779
vt 0.762829 0.608779
vt 0.770875 0.608779
vt 0.778909 0.608779
vt 0.786959 0.608779
vt 0.794991 0.608779
vt 0.714532 0.634042
vt 0.714531 0.633138
vt 0.722594 0.633138
vt 0.722594 0.634042
vt 0.730646 0.633138
vt 0.730646 0.634042
vt 0.738679 0.633138
vt 0.738679 0.634042
vt 0.746725 0.633138
vt 0.746725 0.634042
vt 0.754777 0.633138
vt 0.754777 0.634042
vt 0.762829 0.633138
vt 0.762829 0.634042
vt 0.770875 0.633138
vt 0.770875 0.634042
vt 0.778909 0.633138
vt 0.778909 0.634042
vt 0.786959 0.633138
vt 0.786959 0.634042
vt 0.794991 0.633138
vt 0.794991 0.634042
vt 0.714532 0.632235
vt 0.722594 0.632235
vt 0.730646 0.632235
vt 0.738679 0.632235
vt 0.746725 0.632235
vt 0.754777 0.632235
vt 0.762829 0.632235
vt 0.770875 0.632235
vt 0.778909 0.632235
vt 0.786959 0.632235
vt 0.794991 0.632235
vt 0.714532 0.631332
vt 0.722594 0.631333
vt 0.730646 0.631333
vt 0.738679 0.631332
vt 0.746725 0.631333
vt 0.754777 0.631332
vt 0.762829 0.631332
vt 0.770875 0.631333
vt 0.778909 0.631333
vt 0.786959 0.631333
vt 0.794991 0.631333
vt 0.714531 0.630429
vt 0.722594 0.630429
vt 0.730646 0.630429
vt 0.738679 0.630429
vt 0.746725 0.630429
vt 0.754777 0.630429
vt 0.762829 0.630429
vt 0.770875 0.630429
vt 0.778909 0.630429
vt 0.786959 0.630429
vt 0.794991 0.630429
vt 0.714531 0.629526
vt 0.722594 0.629527
vt 0.730646 0.629526
vt 0.738679 0.629526
vt 0.746725 0.629526
vt 0.754777 0.629526
vt 0.762829 0.629526
vt 0.770875 0.629526
vt 0.778909 0.629526
vt 0.786959 0.629526
vt 0.794991 0.629527
vt 0.714532 0.628623
vt 0.722594 0.628624
vt 0.730646 0.628623
vt 0.738679 0.628623
vt 0.746725 0.628623
vt 0.754776 0.628623
vt 0.762829 0.628624
vt 0.770875 0.628623
vt 0.778909 0.628623
vt 0.786959 0.628623
vt 0.794991 0.628624
vt 0.714532 0.627721
vt 0.722594 0.627721
vt 0.730646 0.627721
vt 0.738679 0.627721
vt 0.746725 0.627721
vt 0.754777 0.627721
vt 0.762829 0.627721
vt 0.770875 0.627721
vt 0.778909 0.627721
vt 0.786959 0.627721
vt 0.794991 0.627721
vt 0.714532 0.626819
vt 0.722594 0.626819
vt 0.730646 0.626819
vt 0.738679 0.626819
vt 0.746725 0.626819
vt 0.754777 0.626819
vt 0.762829 0.626819
vt 0.770875 0.626819
vt 0.778909 0.626819
vt 0.786959 0.626819
vt 0.794991 0.626819
vt 0.714532 0.625918
vt 0.722594 0.625918
vt 0.730646 0.625917
vt 0.738679 0.625918
vt 0.746725 0.625917
vt 0.754776 0.625918
vt 0.762829 0.625918
vt 0.770875 0.625917
vt 0.778909 0.625917
vt 0.786959 0.625918
vt 0.794991 0.625917
vt 0.714532 0.625016
vt 0.722594 0.625017
vt 0.730646 0.625016
vt 0.738679 0.625016
vt 0.746725 0.625017
vt 0.754777 0.625016
vt 0.762829 0.625017
vt 0.770875 0.625016
vt 0.778909 0.625016
vt 0.786959 0.625016
vt 0.794991 0.625016
vt 0.714532 0.624116
vt 0.722595 0.624116
vt 0.730646 0.624115
vt 0.738679 0.624116
vt 0.746725 0.624115
vt 0.754777 0.624116
vt 0.762829 0.624115
vt 0.770875 0.624115
vt 0.778909 0.624115
vt 0.786959 0.624115
vt 0.794991 0.624115
vt 0.714532 0.623215
vt 0.722594 0.623215
vt 0.730646 0.623215
vt 0.738679 0.623215
vt 0.746725 0.623215
vt 0.754777 0.623215
vt 0.762829 0.623215
vt 0.770875 0.623215
vt 0.778909 0.623215
vt 0.786959 0.623215
vt 0.794991 0.623215
vt 0.714532 0.622314
vt 0.722594 0.622314
vt 0.730646 0.622314
vt 0.738679 0.622314
vt 0.746725 0.622314
vt 0.754777 0.622314
vt 0.762829 0.622314
vt 0.770875 0.622314
vt 0.778909 0.622314
vt 0.786959 0.622314
vt 0.794991 0.622314
vt 0.714532 0.621433
vt 0.722594 0.621433
vt 0.730646 0.621433
vt 0.738679 0.621433
vt 0.746725 0.621433
vt 0.754777 0.621433
vt 0.762829 0.621433
vt 0.770875 0.621433
vt 0.778909 0.621433
vt 0.786959 0.621433
vt 0.794991 0.621433
vt 0.714532 0.620557
vt 0.722594 0.620557
vt 0.730646 0.620557
vt 0.738679 0.620557
vt 0.746725 0.620557
vt 0.754777 0.620557
vt 0.762829 0.620557
vt 0.770875 0.620557
vt 0.778909 0.620557
vt 0.786959 0.620557
vt 0.794991 0.620557
vt 0.714531 0.619680
vt 0.722594 0.619680
vt 0.730646 0.619680
vt 0.738679 0.619680
vt 0.746725 0.619680
vt 0.754777 0.619680
vt 0.762829 0.619680
vt 0.770875 0.619680
vt 0.778909 0.619680
vt 0.786959 0.619680
vt 0.794991 0.619680
vt 0.714532 0.618802
vt 0.722594 0.618802
vt 0.730646 0.618802
vt 0.738679 0.618802
vt 0.746725 0.618802
vt 0.754777 0.618802
vt 0.762829 0.618802
vt 0.770875 0.618802
vt 0.778909 0.618802
vt 0.786959 0.618802
vt 0.794991 0.618802
vt 0.714532 0.617920
vt 0.722594 0.617920
vt 0.730646 0.617920
vt 0.738679 0.617920
vt 0.746725 0.617920
vt 0.754777 0.617920
vt 0.762829 0.617920
vt 0.770875 0.617920
vt 0.778909 0.617920
vt 0.786959 0.617920
vt 0.794991 0.617920
vt 0.714532 0.617031
vt 0.722594 0.617031
vt 0.730646 0.617031
vt 0.738679 0.617031
vt 0.746725 0.617031
vt 0.754777 0.617031
vt 0.762829 0.617031
vt 0.770875 0.617031
vt 0.778909 0.617031
vt 0.786959 0.617031
vt 0.794991 0.617031
vt 0.714532 0.616135
vt 0.722594 0.616135
vt 0.730646 0.616135
vt 0.738679 0.616135
vt 0.746725 0.616135
vt 0.754777 0.616135
vt 0.762829 0.616135
vt 0.770875 0.616135
vt 0.778909 0.616135
vt 0.786959 0.616135
vt 0.794991 0.616135
vt 0.945360 0.614321
vt 0.945360 0.615232
vt 0.945360 0.613402
vt 0.945360 0.612477
vt 0.945360 0.611547
vt 0.945360 0.610613
vt 0.945360 0.609683
vt 0.945360 0.608779
vt 0.945360 0.633138
vt 0.945359 0.634042
vt 0.945360 0.632235
vt 0.945360 0.631333
vt 0.945360 0.630429
vt 0.945360 0.629526
vt 0.945360 0.628623
vt 0.945360 0.627721
vt 0.945360 0.626819
vt 0.945360 0.625917
vt 0.945360 0.625016
vt 0.945360 0.624116
vt 0.945360 0.623215
vt 0.945360 0.622314
vt 0.945360 0.621433
vt 0.945360 0.620557
vt 0.945360 0.619680
vt 0.945360 0.618802
vt 0.945360 0.617920
vt 0.945360 0.617031
vt 0.945360 0.616135
vt 0.515297 0.614321
vt 0.515297 0.615232
vt 0.288837 0.615232
vt 0.288837 0.614321
vt 0.515297 0.613402
vt 0.288837 0.613402
vt 0.515297 0.612477
vt 0.288837 0.612477
vt 0.515297 0.611547
vt 0.288837 0.611547
vt 0.515297 0.610613
vt 0.288837 0.610613
vt 0.515297 0.609683
vt 0.288837 0.609682
vt 0.515297 0.608779
vt 0.288837 0.608779
vt 0.515297 0.633138
vt 0.515297 0.634042
vt 0.288837 0.634042
vt 0.288837 0.633138
vt 0.515297 0.632235
vt 0.288837 0.632235
vt 0.515297 0.631332
vt 0.288837 0.631332
vt 0.515297 0.630429
vt 0.288837 0.630429
vt 0.515297 0.629526
vt 0.288837 0.629527
vt 0.515297 0.628623
vt 0.288837 0.628623
vt 0.515297 0.627721
vt 0.288837 0.627721
vt 0.515297 0.626819
vt 0.288837 0.626819
vt 0.515297 0.625918
vt 0.288837 0.625917
vt 0.515297 0.625016
vt 0.288837 0.625016
vt 0.515297 0.624115
vt 0.288836 0.624116
vt 0.515297 0.623215
vt 0.288837 0.623215
vt 0.515297 0.622314
vt 0.288837 0.622314
vt 0.515297 0.621433
vt 0.288837 0.621433
vt 0.515297 0.620557
vt 0.288837 0.620557
vt 0.515297 0.619680
vt 0.288837 0.619680
vt 0.515297 0.618802
vt 0.288837 0.618802
vt 0.515297 0.617920
vt 0.288837 0.617920
vt 0.515297 0.617031
vt 0.288837 0.617031
vt 0.515297 0.616135
vt 0.288837 0.616135
vt 0.280780 0.614321
vt 0.280780 0.615232
vt 0.272772 0.614321
vt 0.272772 0.615232
vt 0.264729 0.614321
vt 0.264729 0.615232
vt 0.256673 0.614321
vt 0.256673 0.615232
vt 0.248616 0.614321
vt 0.248616 0.615232
vt 0.240558 0.614321
vt 0.240558 0.615232
vt 0.232502 0.614321
vt 0.232502 0.615232
vt 0.224461 0.614321
vt 0.224461 0.615232
vt 0.216455 0.614321
vt 0.216455 0.615232
vt 0.208428 0.614321
vt 0.208428 0.615232
vt 0.280780 0.613402
vt 0.272772 0.613402
vt 0.264729 0.613402
vt 0.256673 0.613403
vt 0.248616 0.613402
vt 0.240558 0.613403
vt 0.232502 0.613402
vt 0.224461 0.613402
vt 0.216455 0.613402
vt 0.208428 0.613402
vt 0.280780 0.612477
vt 0.272772 0.612477
vt 0.264729 0.612477
vt 0.256673 0.612478
vt 0.248616 0.612477
vt 0.240558 0.612478
vt 0.232502 0.612477
vt 0.224461 0.612477
vt 0.216455 0.612477
vt 0.208428 0.612477
vt 0.280780 0.611547
vt 0.272772 0.611547
vt 0.264729 0.611547
vt 0.256673 0.611548
vt 0.248616 0.611547
vt 0.240558 0.611547
vt 0.232502 0.611547
vt 0.224461 0.611547
vt 0.216455 0.611547
vt 0.208428 0.611547
vt 0.280780 0.610613
vt 0.272772 0.610613
vt 0.264729 0.610613
vt 0.256673 0.610613
vt 0.248616 0.610613
vt 0.240558 0.610614
vt 0.232502 0.610613
vt 0.224461 0.610613
vt 0.216455 0.610613
vt 0.208428 0.610613
vt 0.280780 0.609682
vt 0.272772 0.609683
vt 0.264729 0.609683
vt 0.256673 0.609683
vt 0.248616 0.609683
vt 0.240558 0.609683
vt 0.232502 0.609683
vt 0.224461 0.609683
vt 0.216455 0.609683
vt 0.208428 0.609683
vt 0.280780 0.608779
vt 0.272772 0.608779
vt 0.264729 0.608779
vt 0.256673 0.608779
vt 0.248616 0.608779
vt 0.240558 0.608779
vt 0.232502 0.608779
vt 0.224461 0.608779
vt 0.216455 0.608779
vt 0.208428 0.608779
vt 0.280780 0.633138
vt 0.280780 0.634042
vt 0.272772 0.633138
vt 0.272772 0.634042
vt 0.264729 0.633138
vt 0.264729 0.634042
vt 0.256673 0.633138
vt 0.256673 0.634042
vt 0.248616 0.633138
vt 0.248616 0.634042
vt 0.240558 0.633138
vt 0.240558 0.634042
vt 0.232502 0.633138
vt 0.232502 0.634042
vt 0.224461 0.633138
vt 0.224461 0.634042
vt 0.216455 0.633138
vt 0.216455 0.634042
vt 0.208428 0.633138
vt 0.208428 0.634042
vt 0.280780 0.632235
vt 0.272772 0.632235
vt 0.264729 0.632235
vt 0.256673 0.632235
vt 0.248616 0.632235
vt 0.240558 0.632235
vt 0.232502 0.632235
vt 0.224461 0.632235
vt 0.216455 0.632235
vt 0.208428 0.632235
vt 0.280780 0.631333
vt 0.272772 0.631333
vt 0.264729 0.631332
vt 0.256673 0.631333
vt 0.248616 0.631332
vt 0.240558 0.631333
vt 0.232502 0.631333
vt 0.224461 0.631333
vt 0.216455 0.631333
vt 0.208428 0.631333
vt 0.280780 0.630429
vt 0.272772 0.630429
vt 0.264729 0.630429
vt 0.256673 0.630429
vt 0.248616 0.630429
vt 0.240558 0.630429
vt 0.232502 0.630429
vt 0.224461 0.630429
vt 0.216455 0.630429
vt 0.208428 0.630429
vt 0.280780 0.629526
vt 0.272772 0.629526
vt 0.264729 0.629526
vt 0.256673 0.629527
vt 0.248616 0.629526
vt 0.240558 0.629527
vt 0.232502 0.629527
vt 0.224461 0.629526
vt 0.216455 0.629526
vt 0.208428 0.629526
vt 0.280780 0.628623
vt 0.272772 0.628623
vt 0.264729 0.628623
vt 0.256673 0.628623
vt 0.248616 0.628624
vt 0.240558 0.628623
vt 0.232502 0.628623
vt 0.224461 0.628623
vt 0.216455 0.628623
vt 0.208428 0.628623
vt 0.280780 0.627721
vt 0.272772 0.627721
vt 0.264729 0.627721
vt 0.256673 0.627721
vt 0.248616 0.627721
vt 0.240558 0.627721
vt 0.232502 0.627721
vt 0.224461 0.627721
vt 0.216455 0.627721
vt 0.208428 0.627721
vt 0.280780 0.626819
vt 0.272772 0.626819
vt 0.264729 0.626819
vt 0.256673 0.626819
vt 0.248616 0.626819
vt 0.240558 0.626819
vt 0.232502 0.626819
vt 0.224461 0.626819
vt 0.216455 0.626819
vt 0.208428 0.626819
vt 0.280780 0.625917
vt 0.272772 0.625917
vt 0.264729 0.625918
vt 0.256673 0.625918
vt 0.248616 0.625917
vt 0.240558 0.625917
vt 0.232502 0.625917
vt 0.224461 0.625917
vt 0.216455 0.625917
vt 0.208428 0.625917
vt 0.280780 0.625016
vt 0.272772 0.625016
vt 0.264729 0.625016
vt 0.256673 0.625016
vt 0.248616 0.625017
vt 0.240558 0.625016
vt 0.232502 0.625016
vt 0.224461 0.625016
vt 0.216455 0.625016
vt 0.208428 0.625016
vt 0.280780 0.624116
vt 0.272772 0.624116
vt 0.264729 0.624116
vt 0.256673 0.624116
vt 0.248616 0.624116
vt 0.240558 0.624116
vt 0.232502 0.624116
vt 0.224461 0.624116
vt 0.216455 0.624116
vt 0.208428 0.624116
vt 0.280780 0.623215
vt 0.272772 0.623215
vt 0.264729 0.623215
vt 0.256673 0.623215
vt 0.248616 0.623215
vt 0.240558 0.623215
vt 0.232502 0.623215
vt 0.224461 0.623215
vt 0.216455 0.623215
vt 0.208428 0.623215
vt 0.280780 0.622314
vt 0.272772 0.622314
vt 0.264729 0.622314
vt 0.256673 0.622314
vt 0.248616 0.622314
vt 0.240558 0.622314
vt 0.232502 0.622314
vt 0.224461 0.622314
vt 0.216455 0.622314
vt 0.208428 0.622314
vt 0.280780 0.621433
vt 0.272772 0.621433
vt 0.264729 0.621433
vt 0.256673 0.621433
vt 0.248616 0.621433
vt 0.240558 0.621433
vt 0.232502 0.621433
vt 0.224461 0.621433
vt 0.216455 0.621433
vt 0.208428 0.621433
vt 0.280780 0.620556
vt 0.272772 0.620556
vt 0.264729 0.620557
vt 0.256673 0.620557
vt 0.248616 0.620557
vt 0.240558 0.620557
vt 0.232502 0.620557
vt 0.224461 0.620557
vt 0.216455 0.620557
vt 0.208428 0.620557
vt 0.280780 0.619680
vt 0.272772 0.619680
vt 0.264729 0.619680
vt 0.256673 0.619680
vt 0.248616 0.619680
vt 0.240558 0.619680
vt 0.232502 0.619680
vt 0.224461 0.619680
vt 0.216455 0.619680
vt 0.208428 0.619680
vt 0.280780 0.618802
vt 0.272772 0.618802
vt 0.264729 0.618802
vt 0.256673 0.618802
vt 0.248616 0.618802
vt 0.240558 0.618802
vt 0.232502 0.618802
vt 0.224461 0.618802
vt 0.216455 0.618802
vt 0.208428 0.618802
vt 0.280780 0.617920
vt 0.272772 0.617920
vt 0.264729 0.617920
vt 0.256673 0.617920
vt 0.248616 0.617920
vt 0.240558 0.617920
vt 0.232502 0.617920
vt 0.224461 0.617920
vt 0.216455 0.617920
vt 0.208428 0.617920
vt 0.280780 0.617031
vt 0.272772 0.617031
vt 0.264729 0.617031
vt 0.256673 0.617031
vt 0.248616 0.617031
vt 0.240558 0.617031
vt 0.232502 0.617031
vt 0.224461 0.617031
vt 0.216455 0.617031
vt 0.208428 0.617031
vt 0.280780 0.616135
vt 0.272772 0.616135
vt 0.264729 0.616135
vt 0.256673 0.616135
vt 0.248616 0.616135
vt 0.240558 0.616135
vt 0.232502 0.616135
vt 0.224461 0.616135
vt 0.216455 0.616135
vt 0.208428 0.616135
vt 0.058048 0.614321
vt 0.058048 0.615232
vt 0.058048 0.613402
vt 0.058048 0.612477
vt 0.058048 0.611547
vt 0.058048 0.610613
vt 0.058048 0.609682
vt 0.058048 0.608779
vt 0.058048 0.633138
vt 0.058048 0.634042
vt 0.058048 0.632235
vt 0.058048 0.631332
vt 0.058048 0.630429
vt 0.058048 0.629526
vt 0.058048 0.628623
vt 0.058048 0.627721
vt 0.058048 0.626819
vt 0.058048 0.625917
vt 0.058048 0.625016
vt 0.058048 0.624116
vt 0.058048 0.623215
vt 0.058048 0.622314
vt 0.058048 0.621433
vt 0.058048 0.620557
vt 0.058048 0.619680
vt 0.058048 0.618802
vt 0.058048 0.617920
vt 0.058048 0.617031
vt 0.058048 0.616135
s 1
f 4/1/1 1/2/2 2/3/2
f 2/3/2 3/4/1 4/1/1
f 6/5/3 4/1/1 3/4/1
f 3/4/1 5/6/3 6/5/3
f 8/7/4 6/5/3 5/6/3
f 5/6/3 7/8/4 8/7/4
f 10/9/5 8/7/4 7/8/4
f 7/8/4 9/10/5 10/9/5
f 12/11/6 10/9/5 9/10/5
f 9/10/5 11/12/6 12/11/6
f 14/13/7 12/11/6 11/12/6
f 11/12/6 13/14/7 14/13/7
f 16/15/8 14/13/7 13/14/7
f 13/14/7 15/16/8 16/15/8
f 18/17/9 16/15/8 15/16/8
f 15/16/8 17/18/9 18/17/9
f 20/19/10 18/17/9 17/18/9
f 17/18/9 19/20/11 20/19/10
f 24/21/12 21/22/13 22/23/14
f 22/23/14 23/24/12 24/21/12
f 26/25/15 24/21/12 23/24/12
f 23/24/12 25/26/15 26/25/15
f 28/27/16 26/25/15 25/26/15
f 25/26/15 27/28/16 28/27/16
f 30/29/17 28/27/16 27/28/16
f 27/28/16 29/30/17 30/29/17
f 32/31/18 30/29/17 29/30/17
f 29/30/17 31/32/18 32/31/18
f 34/33/19 32/31/18 31/32/18
f 31/32/18 33/34/19 34/33/19
f 36/35/20 34/33/19 33/34/19
f 33/34/19 35/36/20 36/35/20
f 38/37/21 36/35/20 35/36/20
f 35/36/20 37/38/21 38/37/21
f 40/39/22 38/37/21 37/38/21
f 37/38/21 39/40/22 40/39/22
f 42/41/23 40/39/22 39/40/22
f 39/40/22 41/42/23 42/41/23
f 44/43/24 42/41/23 41/42/23
f 41/42/23 43/44/24 44/43/24
f 46/45/25 44/43/24 43/44/24
f 43/44/24 45/46/25 46/45/25
f 48/47/26 46/45/25 45/46/25
f 45/46/25 47/48/26 48/47/26
f 50/49/27 48/47/26 47/48/26
f 47/48/26 49/50/27 50/49/27
f 52/51/28 50/49/27 49/50/27
f 49/50/27 51/52/28 52/51/28
f 54/53/29 52/51/28 51/52/28
f 51/52/28 53/54/29 54/53/29
f 56/55/30 54/53/29 53/54/29
f 53/54/29 55/56/30 56/55/30
f 58/57/31 56/55/30 55/56/30
f 55/56/30 57/58/31 58/57/31
f 1/2/2 58/57/31 57/58/31
f 57/58/31 2/3/2 1/2/2
f 59/59/32 60/60/32 61/61/32
f 61/61/32 60/60/32 62/62/32
f 62/62/32 60/60/32 63/63/32
f 63/63/32 60/60/32 64/64/32
f 64/64/32 60/60/32 65/65/32
f 65/65/32 60/60/32 66/66/32
f 66/66/32 60/60/32 67/67/32
f 67/67/32 60/60/32 68/68/32
f 68/68/32 60/60/32 69/69/32
f 69/69/32 60/60/32 70/70/32
f 70/70/32 60/60/32 71/71/32
f 71/71/32 60/60/32 72/72/32
f 72/72/32 60/60/32 73/73/32
f 73/73/32 60/60/32 74/74/32
f 74/74/32 60/60/32 75/75/32
f 75/75/32 60/60/32 76/76/32
f 76/76/32 60/60/32 77/77/32
f 77/77/32 60/60/32 78/78/32
f 78/78/32 60/60/32 79/79/32
f 79/79/32 60/60/32 80/80/32
f 80/80/32 60/60/32 81/81/32
f 81/81/32 60/60/32 82/82/32
f 82/82/32 60/60/32 83/83/32
f 83/83/32 60/60/32 84/84/32
f 84/84/32 60/60/32 85/85/32
f 85/85/32 60/60/32 86/86/32
f 86/86/32 60/60/32 87/87/32
f 87/87/32 60/60/32 59/59/32
f 91/88/33 88/89/34 89/90/34
f 89/90/34 90/91/33 91/88/33
f 93/92/35 91/88/33 90/91/33
f 90/91/33 92/93/35 93/92/35
f 95/94/36 93/92/35 92/93/35
f 92/93/35 94/95/36 95/94/36
f 97/96/37 95/94/36 94/95/36
f 94/95/36 96/97/37 97/96/37
f 99/98/38 97/96/37 96/97/37
f 96/97/37 98/99/38 99/98/38
f 101/100/7 99/98/38 98/99/38
f 98/99/38 100/101/7 101/100/7
f 103/102/39 101/100/7 100/101/7
f 100/101/7 102/103/39 103/102/39
f 105/104/40 103/102/39 102/103/39
f 102/103/39 104/105/40 105/104/40
f 107/106/41 105/104/40 104/105/40
f 104/105/40 106/107/41 107/106/41
f 109/108/42 107/106/41 106/107/41
f 106/107/41 108/109/42 109/108/42
f 111/110/43 109/108/42 108/109/42
f 108/109/42 110/111/43 111/110/43
f 113/112/44 111/110/43 110/111/43
f 110/111/43 112/113/44 113/112/44
f 115/114/32 113/112/44 112/113/44
f 112/113/44 114/115/32 115/114/32
f 117/116/45 115/114/32 114/115/32
f 114/115/32 116/117/45 117/116/45
f 119/118/46 117/116/45 116/117/45
f 116/117/45 118/119/46 119/118/46
f 121/120/47 119/118/46 118/119/46
f 118/119/46 120/121/47 121/120/47
f 123/122/48 121/120/47 120/121/47
f 120/121/47 122/123/48 123/122/48
f 125/124/49 123/122/48 122/123/48
f 122/123/48 124/125/49 125/124/49
f 127/126/50 125/124/49 124/125/49
f 124/125/49 126/127/50 127/126/50
f 129/128/51 127/126/50 126/127/50
f 126/127/50 128/129/24 129/128/51
f 133/130/52 130/131/24 131/132/53
f 131/132/53 132/133/52 133/130/52
f 135/134/54 133/130/52 132/133/52
f 132/133/52 134/135/54 135/134/54
f 137/136/55 135/134/54 134/135/54
f 134/135/54 136/137/55 137/136/55
f 139/138/56 137/136/55 136/137/55
f 136/137/55 138/139/56 139/138/56
f 141/140/57 139/138/56 138/139/56
f 138/139/56 140/141/57 141/140/57
f 143/142/58 141/140/57 140/141/57
f 140/141/57 142/143/58 143/142/58
f 145/144/59 143/142/58 142/143/58
f 142/143/58 144/145/59 145/144/59
f 88/89/34 145/144/59 144/145/59
f 144/145/59 89/90/34 88/89/34
f 149/146/16 146/147/16 147/148/15
f 147/148/15 148/149/15 149/146/16
f 148/149/15 147/148/15 150/150/12
f 150/150/12 151/151/12 148/149/15
f 151/151/12 150/150/12 152/152/14
f 152/152/14 153/153/14 151/151/12
f 153/153/14 152/152/14 154/154/9
f 154/154/9 155/155/9 153/153/14
f 155/155/9 154/154/9 156/156/8
f 156/156/8 157/157/8 155/155/9
f 157/157/8 156/156/8 158/158/7
f 158/158/7 159/159/7 157/157/8
f 159/159/7 158/158/7 160/160/6
f 160/160/6 161/161/6 159/159/7
f 161/161/6 160/160/6 162/162/5
f 162/162/5 163/163/5 161/161/6
f 163/163/5 162/162/5 164/164/60
f 164/164/60 165/165/60 163/163/5
f 169/166/4 166/167/4 167/168/3
f 167/168/3 168/169/3 169/166/4
f 168/169/3 167/168/3 170/170/1
f 170/170/1 171/171/1 168/169/3
f 171/171/1 170/170/1 172/172/2
f 172/172/2 173/173/2 171/171/1
f 173/173/2 172/172/2 174/174/31
f 174/174/31 175/175/31 173/173/2
f 175/175/31 174/174/31 176/176/30
f 176/176/30 177/177/30 175/175/31
f 177/177/30 176/176/30 178/178/29
f 178/178/29 179/179/29 177/177/30
f 179/179/29 178/178/29 180/180/28
f 180/180/28 181/181/28 179/179/29
f 181/181/28 180/180/28 182/182/27
f 182/182/27 183/183/27 181/181/28
f 183/183/27 182/182/27 184/184/26
f 184/184/26 185/185/26 183/183/27
f 185/185/26 184/184/26 186/186/25
f 186/186/25 187/187/25 185/185/26
f 187/187/25 186/186/25 188/188/24
f 188/188/24 189/189/24 187/187/25
f 189/189/24 188/188/24 190/190/23
f 190/190/23 191/191/23 189/189/24
f 191/191/23 190/190/23 192/192/22
f 192/192/22 193/193/22 191/191/23
f 193/193/22 192/192/22 194/194/21
f 194/194/21 195/195/21 193/193/22
f 195/195/21 194/194/21 196/196/20
f 196/196/20 197/197/20 195/195/21
f 197/197/20 196/196/20 198/198/19
f 198/198/19 199/199/19 197/197/20
f 199/199/19 198/198/19 200/200/18
f 200/200/18 201/201/18 199/199/19
f 201/201/18 200/200/18 202/202/17
f 202/202/17 203/203/17 201/201/18
f 203/203/17 202/202/17 146/147/16
f 146/147/16 149/146/16 203/203/17
f 204/204/32 205/205/32 206/206/32
f 205/205/32 207/207/32 206/206/32
f 207/207/32 208/208/32 206/206/32
f 208/208/32 209/209/32 206/206/32
f 209/209/32 210/210/32 206/206/32
f 210/210/32 211/211/32 206/206/32
f 211/211/32 212/212/32 206/206/32
f 212/212/32 213/213/32 206/206/32
f 213/213/32 214/214/32 206/206/32
f 214/214/32 215/215/32 206/206/32
f 215/215/32 216/216/32 206/206/32
f 216/216/32 217/217/32 206/206/32
f 217/217/32 218/218/32 206/206/32
f 218/218/32 219/219/32 206/206/32
f 219/219/32 220/220/32 206/206/32
f 220/220/32 221/221/32 206/206/32
f 221/221/32 222/222/32 206/206/32
f 222/222/32 223/223/32 206/206/32
f 223/223/32 224/224/32 206/206/32
f 224/224/32 225/225/32 206/206/32
f 225/225/32 226/226/32 206/206/32
f 226/226/32 227/227/32 206/206/32
f 227/227/32 228/228/32 206/206/32
f 228/228/32 229/229/32 206/206/32
f 229/229/32 230/230/32 206/206/32
f 230/230/32 231/231/32 206/206/32
f 231/231/32 232/232/32 206/206/32
f 232/232/32 204/204/32 206/206/32
f 236/233/33 233/234/34 234/235/34
f 234/235/34 235/236/33 236/233/33
f 238/237/35 236/233/33 235/236/33
f 235/236/33 237/238/35 238/237/35
f 240/239/36 238/237/35 237/238/35
f 237/238/35 239/240/36 240/239/36
f 242/241/37 240/239/36 239/240/36
f 239/240/36 241/242/37 242/241/37
f 244/243/38 242/241/37 241/242/37
f 241/242/37 243/244/38 244/243/38
f 246/245/7 244/243/38 243/244/38
f 243/244/38 245/246/7 246/245/7
f 248/247/39 246/245/7 245/246/7
f 245/246/7 247/248/39 248/247/39
f 250/249/40 248/247/39 247/248/39
f 247/248/39 249/250/40 250/249/40
f 252/251/41 250/249/40 249/250/40
f 249/250/40 251/252/41 252/251/41
f 254/253/42 252/251/41 251/252/41
f 251/252/41 253/254/42 254/253/42
f 256/255/43 254/253/42 253/254/42
f 253/254/42 255/256/43 256/255/43
f 258/257/44 256/255/43 255/256/43
f 255/256/43 257/258/44 258/257/44
f 260/259/32 258/257/44 257/258/44
f 257/258/44 259/260/32 260/259/32
f 262/261/45 260/259/32 259/260/32
f 259/260/32 261/262/45 262/261/45
f 264/263/46 262/261/45 261/262/45
f 261/262/45 263/264/46 264/263/46
f 266/265/47 264/263/46 263/264/46
f 263/264/46 265/266/47 266/265/47
f 268/267/48 266/265/47 265/266/47
f 265/266/47 267/268/48 268/267/48
f 270/269/49 268/267/48 267/268/48
f 267/268/48 269/270/49 270/269/49
f 272/271/50 270/269/49 269/270/49
f 269/270/49 271/272/50 272/271/50
f 274/273/51 272/271/50 271/272/50
f 271/272/50 273/274/24 274/273/51
f 278/275/52 275/276/24 276/277/53
f 276/277/53 277/278/52 278/275/52
f 280/279/54 278/275/52 277/278/52
f 277/278/52 279/280/54 280/279/54
f 282/281/55 280/279/54 279/280/54
f 279/280/54 281/282/55 282/281/55
f 284/283/56 282/281/55 281/282/55
f 281/282/55 283/284/56 284/283/56
f 286/285/57 284/283/56 283/284/56
f 283/284/56 285/286/57 286/285/57
f 288/287/58 286/285/57 285/286/57
f 285/286/57 287/288/58 288/287/58
f 290/289/59 288/287/58 287/288/58
f 287/288/58 289/290/59 290/289/59
f 233/234/34 290/289/59 289/290/59
f 289/290/59 234/235/34 233/234/34
f 294/291/61 291/292/62 292/293/62
f 292/293/62 293/294/61 294/291/61
f 296/295/63 294/291/61 293/294/61
f 293/294/61 295/296/63 296/295/63
f 298/297/64 296/295/63 295/296/63
f 295/296/63 297/298/64 298/297/64
f 300/299/65 298/297/64 297/298/64
f 297/298/64 299/300/65 300/299/65
f 302/301/66 300/299/65 299/300/65
f 299/300/65 301/302/66 302/301/66
f 304/303/67 302/301/66 301/302/66
f 301/302/66 303/304/67 304/303/67
f 306/305/68 304/303/67 303/304/67
f 303/304/67 305/306/68 306/305/68
f 308/307/69 306/305/68 305/306/68
f 305/306/68 307/308/69 308/307/69
f 310/309/70 308/307/69 307/308/69
f 307/308/69 309/310/70 310/309/70
f 312/311/71 310/309/70 309/310/70
f 309/310/70 311/312/71 312/311/71
f 314/313/72 312/311/71 311/312/71
f 311/312/71 313/314/72 314/313/72
f 316/315/73 314/313/72 313/314/72
f 313/314/72 315/316/74 316/315/73
f 318/317/75 316/315/73 315/316/74
f 315/316/74 317/318/76 318/317/75
f 320/319/77 318/317/75 317/318/76
f 317/318/76 319/320/77 320/319/77
f 324/321/78 321/322/79 322/323/80
f 322/323/80 323/324/81 324/321/78
f 326/325/82 324/321/78 323/324/81
f 323/324/81 325/326/83 326/325/82
f 328/327/84 326/325/82 325/326/83
f 325/326/83 327/328/85 328/327/84
f 330/329/86 328/327/84 327/328/85
f 327/328/85 329/330/86 330/329/86
f 332/331/87 330/329/86 329/330/86
f 329/330/86 331/332/87 332/331/87
f 334/333/88 332/331/87 331/332/87
f 331/332/87 333/334/88 334/333/88
f 336/335/89 334/333/88 333/334/88
f 333/334/88 335/336/89 336/335/89
f 338/337/90 336/335/89 335/336/89
f 335/336/89 337/338/90 338/337/90
f 340/339/91 338/337/90 337/338/90
f 337/338/90 339/340/92 340/339/91
f 342/341/93 340/339/91 339/340/92
f 339/340/92 341/342/93 342/341/93
f 344/343/94 342/341/93 341/342/93
f 341/342/93 343/344/94 344/343/94
f 346/345/95 344/343/94 343/344/94
f 343/344/94 345/346/95 346/345/95
f 348/347/96 346/345/95 345/346/95
f 345/346/95 347/348/96 348/347/96
f 350/349/97 348/347/96 347/348/96
f 347/348/96 349/350/97 350/349/97
f 352/351/59 350/349/97 349/350/97
f 349/350/97 351/352/59 352/351/59
f 291/292/62 352/351/59 351/352/59
f 351/352/59 292/293/62 291/292/62
f 356/353/30 353/354/30 354/355/29
f 354/355/29 355/356/29 356/353/30
f 355/356/29 354/355/29 357/357/28
f 357/357/28 358/358/28 355/356/29
f 358/358/28 357/357/28 359/359/27
f 359/359/27 360/360/27 358/358/28
f 360/360/27 359/359/27 361/361/26
f 361/361/26 362/362/26 360/360/27
f 362/362/26 361/361/26 363/363/25
f 363/363/25 364/364/25 362/362/26
f 364/364/25 363/363/25 365/365/24
f 365/365/24 366/366/24 364/364/25
f 366/366/24 365/365/24 367/367/23
f 367/367/23 368/368/23 366/366/24
f 368/368/23 367/367/23 369/369/22
f 369/369/22 370/370/22 368/368/23
f 370/370/22 369/369/22 371/371/98
f 371/371/98 372/372/99 370/370/22
f 376/373/21 373/374/100 374/375/20
f 374/375/20 375/376/20 376/373/21
f 375/376/20 374/375/20 377/377/19
f 377/377/19 378/378/19 375/376/20
f 378/378/19 377/377/19 379/379/18
f 379/379/18 380/380/18 378/378/19
f 380/380/18 379/379/18 381/381/17
f 381/381/17 382/382/17 380/380/18
f 382/382/17 381/381/17 383/383/16
f 383/383/16 384/384/16 382/382/17
f 384/384/16 383/383/16 385/385/15
f 385/385/15 386/386/15 384/384/16
f 386/386/15 385/385/15 387/387/12
f 387/387/12 388/388/12 386/386/15
f 388/388/12 387/387/12 389/389/14
f 389/389/14 390/390/14 388/388/12
f 390/390/14 389/389/14 391/391/9
f 391/391/9 392/392/9 390/390/14
f 392/392/9 391/391/9 393/393/8
f 393/393/8 394/394/8 392/392/9
f 394/394/8 393/393/8 395/395/7
f 395/395/7 396/396/7 394/394/8
f 396/396/7 395/395/7 397/397/6
f 397/397/6 398/398/6 396/396/7
f 398/398/6 397/397/6 399/399/5
f 399/399/5 400/400/5 398/398/6
f 400/400/5 399/399/5 401/401/4
f 401/401/4 402/402/4 400/400/5
f 402/402/4 401/401/4 403/403/3
f 403/403/3 404/404/3 402/402/4
f 404/404/3 403/403/3 405/405/1
f 405/405/1 406/406/1 404/404/3
f 406/406/1 405/405/1 407/407/2
f 407/407/2 408/408/2 406/406/1
f 408/408/2 407/407/2 409/409/31
f 409/409/31 410/410/31 408/408/2
f 410/410/31 409/409/31 353/354/30
f 353/354/30 356/353/30 410/410/31
f 411/411/32 412/412/32 413/413/32
f 412/412/32 414/414/32 413/413/32
f 414/414/32 415/415/32 413/413/32
f 415/415/32 416/416/32 413/413/32
f 416/416/32 417/417/32 413/413/32
f 417/417/32 418/418/32 413/413/32
f 418/418/32 419/419/32 413/413/32
f 419/419/32 420/420/32 413/413/32
f 420/420/32 421/421/32 413/413/32
f 421/421/32 422/422/32 413/413/32
f 422/422/32 423/423/32 413/413/32
f 423/423/32 424/424/32 413/413/32
f 424/424/32 425/425/32 413/413/32
f 425/425/32 426/426/32 413/413/32
f 426/426/32 427/427/32 413/413/32
f 427/427/32 428/428/32 413/413/32
f 428/428/32 429/429/32 413/413/32
f 429/429/32 430/430/32 413/413/32
f 430/430/32 431/431/32 413/413/32
f 431/431/32 432/432/32 413/413/32
f 432/432/32 433/433/32 413/413/32
f 433/433/32 434/434/32 413/413/32
f 434/434/32 435/435/32 413/413/32
f 435/435/32 436/436/32 413/413/32
f 436/436/32 437/437/32 413/413/32
f 437/437/32 438/438/32 413/413/32
f 438/438/32 439/439/32 413/413/32
f 439/439/32 411/411/32 413/413/32
f 443/440/58 440/441/58 441/442/57
f 441/442/57 442/443/57 443/440/58
f 442/443/57 441/442/57 444/444/56
f 444/444/56 445/445/56 442/443/57
f 445/445/56 444/444/56 446/446/55
f 446/446/55 447/447/55 445/445/56
f 447/447/55 446/446/55 448/448/54
f 448/448/54 449/449/54 447/447/55
f 449/449/54 448/448/54 450/450/52
f 450/450/52 451/451/52 449/449/54
f 451/451/52 450/450/52 452/452/24
f 452/452/24 453/453/24 451/451/52
f 453/453/24 452/452/24 454/454/50
f 454/454/50 455/455/50 453/453/24
f 455/455/50 454/454/50 456/456/49
f 456/456/49 457/457/49 455/455/50
f 457/457/49 456/456/49 458/458/48
f 458/458/48 459/459/48 457/457/49
f 459/459/48 458/458/48 460/460/47
f 460/460/47 461/461/47 459/459/48
f 461/461/47 460/460/47 462/462/46
f 462/462/46 463/463/46 461/461/47
f 463/463/46 462/462/46 464/464/45
f 464/464/45 465/465/45 463/463/46
f 465/465/45 464/464/45 466/466/32
f 466/466/32 467/467/32 465/465/45
f 467/467/32 466/466/32 468/468/44
f 468/468/44 469/469/44 467/467/32
f 469/469/44 468/468/44 470/470/43
f 470/470/43 471/471/43 469/469/44
f 471/471/43 470/470/43 472/472/42
f 472/472/42 473/473/42 471/471/43
f 473/473/42 472/472/42 474/474/41
f 474/474/41 475/475/41 473/473/42
f 475/475/41 474/474/41 476/476/40
f 476/476/40 477/477/40 475/475/41
f 477/477/40 476/476/40 478/478/39
f 478/478/39 479/479/39 477/477/40
f 479/479/39 478/478/39 480/480/101
f 480/480/101 481/481/7 479/479/39
f 485/482/102 482/483/7 483/484/38
f 483/484/38 484/485/38 485/482/102
f 484/485/38 483/484/38 486/486/37
f 486/486/37 487/487/37 484/485/38
f 487/487/37 486/486/37 488/488/36
f 488/488/36 489/489/36 487/487/37
f 489/489/36 488/488/36 490/490/35
f 490/490/35 491/491/35 489/489/36
f 491/491/35 490/490/35 492/492/33
f 492/492/33 493/493/33 491/491/35
f 493/493/33 492/492/33 494/494/34
f 494/494/34 495/495/34 493/493/33
f 495/495/34 494/494/34 496/496/59
f 496/496/59 497/497/59 495/495/34
f 497/497/59 496/496/59 440/441/58
f 440/441/58 443/440/58 497/497/59
f 501/498/19 498/499/18 499/500/18
f 499/500/18 500/501/19 501/498/19
f 503/502/20 501/498/19 500/501/19
f 500/501/19 502/503/20 503/502/20
f 505/504/21 503/502/20 502/503/20
f 502/503/20 504/505/21 505/504/21
f 507/506/22 505/504/21 504/505/21
f 504/505/21 506/507/22 507/506/22
f 509/508/23 507/506/22 506/507/22
f 506/507/22 508/509/23 509/508/23
f 511/510/24 509/508/23 508/509/23
f 508/509/23 510/511/24 511/510/24
f 513/512/25 511/510/24 510/511/24
f 510/511/24 512/513/25 513/512/25
f 515/514/26 513/512/25 512/513/25
f 512/513/25 514/515/26 515/514/26
f 517/516/103 515/514/26 514/515/26
f 514/515/26 516/517/103 517/516/103
f 521/518/28 518/519/27 519/520/27
f 519/520/27 520/521/28 521/518/28
f 523/522/29 521/518/28 520/521/28
f 520/521/28 522/523/29 523/522/29
f 525/524/30 523/522/29 522/523/29
f 522/523/29 524/525/30 525/524/30
f 527/526/31 525/524/30 524/525/30
f 524/525/30 526/527/31 527/526/31
f 529/528/2 527/526/31 526/527/31
f 526/527/31 528/529/2 529/528/2
f 531/530/1 529/528/2 528/529/2
f 528/529/2 530/531/1 531/530/1
f 533/532/3 531/530/1 530/531/1
f 530/531/1 532/533/3 533/532/3
f 535/534/4 533/532/3 532/533/3
f 532/533/3 534/535/4 535/534/4
f 537/536/5 535/534/4 534/535/4
f 534/535/4 536/537/5 537/536/5
f 539/538/6 537/536/5 536/537/5
f 536/537/5 538/539/6 539/538/6
f 541/540/7 539/538/6 538/539/6
f 538/539/6 540/541/7 541/540/7
f 543/542/8 541/540/7 540/541/7
f 540/541/7 542/543/8 543/542/8
f 545/544/9 543/542/8 542/543/8
f 542/543/8 544/545/9 545/544/9
f 547/546/14 545/544/9 544/545/9
f 544/545/9 546/547/14 547/546/14
f 549/548/12 547/546/14 546/547/14
f 546/547/14 548/549/12 549/548/12
f 551/550/15 549/548/12 548/549/12
f 548/549/12 550/551/15 551/550/15
f 553/552/16 551/550/15 550/551/15
f 550/551/15 552/553/16 553/552/16
f 555/554/17 553/552/16 552/553/16
f 552/553/16 554/555/17 555/554/17
f 498/499/18 555/554/17 554/555/17
f 554/555/17 499/500/18 498/499/18
f 556/556/32 557/557/32 558/558/32
f 558/558/32 557/557/32 559/559/32
f 559/559/32 557/557/32 560/560/32
f 560/560/32 557/557/32 561/561/32
f 561/561/32 557/557/32 562/562/32
f 562/562/32 557/557/32 563/563/32
f 563/563/32 557/557/32 564/564/32
f 564/564/32 557/557/32 565/565/32
f 565/565/32 557/557/32 566/566/32
f 566/566/32 557/557/32 567/567/32
f 567/567/32 557/557/32 568/568/32
f 568/568/32 557/557/32 569/569/32
f 569/569/32 557/557/32 570/570/32
f 570/570/32 557/557/32 571/571/32
f 571/571/32 557/557/32 572/572/32
f 572/572/32 557/557/32 573/573/32
f 573/573/32 557/557/32 574/574/32
f 574/574/32 557/557/32 575/575/32
f 575/575/32 557/557/32 576/576/32
f 576/576/32 557/557/32 577/577/32
f 577/577/32 557/557/32 578/578/32
f 578/578/32 557/557/32 579/579/32
f 579/579/32 557/557/32 580/580/32
f 580/580/32 557/557/32 581/581/32
f 581/581/32 557/557/32 582/582/32
f 582/582/32 557/557/32 583/583/32
f 583/583/32 557/557/32 584/584/32
f 584/584/32 557/557/32 556/556/32
f 588/585/104 585/586/105 586/587/106
f 586/587/106 587/588/107 588/585/104
f 590/589/108 588/585/104 587/588/107
f 587/588/107 589/590/109 590/589/108
f 592/591/110 590/589/108 589/590/109
f 589/590/109 591/592/111 592/591/110
f 594/593/112 592/591/110 591/592/111
f 591/592/111 593/594/113 594/593/112
f 596/595/114 594/593/112 593/594/113
f 593/594/113 595/596/115 596/595/114
f 598/597/116 596/595/114 595/596/115
f 595/596/115 597/598/117 598/597/116
f 600/599/118 598/597/116 597/598/117
f 597/598/117 599/600/119 600/599/118
f 602/601/120 600/599/118 599/600/119
f 599/600/119 601/602/121 602/601/120
f 604/603/122 602/601/120 601/602/121
f 601/602/121 603/604/123 604/603/122
f 606/605/124 604/603/122 603/604/123
f 603/604/123 605/606/125 606/605/124
f 608/607/126 607/608/127 585/586/105
f 585/586/105 588/585/104 608/607/126
f 609/609/128 608/607/126 588/585/104
f 588/585/104 590/589/108 609/609/128
f 610/610/129 609/609/128 590/589/108
f 590/589/108 592/591/110 610/610/129
f 611/611/130 610/610/129 592/591/110
f 592/591/110 594/593/112 611/611/130
f 612/612/131 611/611/130 594/593/112
f 594/593/112 596/595/114 612/612/131
f 613/613/132 612/612/131 596/595/114
f 596/595/114 598/597/116 613/613/132
f 614/614/133 613/613/132 598/597/116
f 598/597/116 600/599/118 614/614/133
f 615/615/134 614/614/133 600/599/118
f 600/599/118 602/601/120 615/615/134
f 616/616/135 615/615/134 602/601/120
f 602/601/120 604/603/122 616/616/135
f 617/617/136 616/616/135 604/603/122
f 604/603/122 606/605/124 617/617/136
f 619/618/137 618/619/138 607/608/127
f 607/608/127 608/607/126 619/618/137
f 620/620/139 619/618/137 608/607/126
f 608/607/126 609/609/128 620/620/139
f 621/621/140 620/620/139 609/609/128
f 609/609/128 610/610/129 621/621/140
f 622/622/141 621/621/140 610/610/129
f 610/610/129 611/611/130 622/622/141
f 623/623/142 622/622/141 611/611/130
f 611/611/130 612/612/131 623/623/142
f 624/624/143 623/623/142 612/612/131
f 612/612/131 613/613/132 624/624/143
f 625/625/144 624/624/143 613/613/132
f 613/613/132 614/614/133 625/625/144
f 626/626/145 625/625/144 614/614/133
f 614/614/133 615/615/134 626/626/145
f 627/627/146 626/626/145 615/615/134
f 615/615/134 616/616/135 627/627/146
f 628/628/147 627/627/146 616/616/135
f 616/616/135 617/617/136 628/628/147
f 630/629/148 629/630/149 618/619/138
f 618/619/138 619/618/137 630/629/148
f 631/631/150 630/629/148 619/618/137
f 619/618/137 620/620/139 631/631/150
f 632/632/151 631/631/150 620/620/139
f 620/620/139 621/621/140 632/632/151
f 633/633/152 632/632/151 621/621/140
f 621/621/140 622/622/141 633/633/152
f 634/634/153 633/633/152 622/622/141
f 622/622/141 623/623/142 634/634/153
f 635/635/154 634/634/153 623/623/142
f 623/623/142 624/624/143 635/635/154
f 636/636/155 635/635/154 624/624/143
f 624/624/143 625/625/144 636/636/155
f 637/637/156 636/636/155 625/625/144
f 625/625/144 626/626/145 637/637/156
f 638/638/157 637/637/156 626/626/145
f 626/626/145 627/627/146 638/638/157
f 639/639/158 638/638/157 627/627/146
f 627/627/146 628/628/147 639/639/158
f 641/640/159 640/641/160 629/630/149
f 629/630/149 630/629/148 641/640/159
f 642/642/161 641/640/159 630/629/148
f 630/629/148 631/631/150 642/642/161
f 643/643/162 642/642/161 631/631/150
f 631/631/150 632/632/151 643/643/162
f 644/644/163 643/643/162 632/632/151
f 632/632/151 633/633/152 644/644/163
f 645/645/164 644/644/163 633/633/152
f 633/633/152 634/634/153 645/645/164
f 646/646/165 645/645/164 634/634/153
f 634/634/153 635/635/154 646/646/165
f 647/647/166 646/646/165 635/635/154
f 635/635/154 636/636/155 647/647/166
f 648/648/167 647/647/166 636/636/155
f 636/636/155 637/637/156 648/648/167
f 649/649/168 648/648/167 637/637/156
f 637/637/156 638/638/157 649/649/168
f 650/650/169 649/649/168 638/638/157
f 638/638/157 639/639/158 650/650/169
f 652/651/170 651/652/171 640/641/160
f 640/641/160 641/640/159 652/651/170
f 653/653/172 652/651/170 641/640/159
f 641/640/159 642/642/161 653/653/172
f 654/654/173 653/653/172 642/642/161
f 642/642/161 643/643/162 654/654/173
f 655/655/174 654/654/173 643/643/162
f 643/643/162 644/644/163 655/655/174
f 656/656/175 655/655/174 644/644/163
f 644/644/163 645/645/164 656/656/175
f 657/657/176 656/656/175 645/645/164
f 645/645/164 646/646/165 657/657/176
f 658/658/177 657/657/176 646/646/165
f 646/646/165 647/647/166 658/658/177
f 659/659/178 658/658/177 647/647/166
f 647/647/166 648/648/167 659/659/178
f 660/660/179 659/659/178 648/648/167
f 648/648/167 649/649/168 660/660/179
f 661/661/180 660/660/179 649/649/168
f 649/649/168 650/650/169 661/661/180
f 663/662/181 662/663/182 651/652/171
f 651/652/171 652/651/170 663/662/181
f 664/664/183 663/662/181 652/651/170
f 652/651/170 653/653/172 664/664/183
f 665/665/184 664/664/183 653/653/172
f 653/653/172 654/654/173 665/665/184
f 666/666/185 665/665/184 654/654/173
f 654/654/173 655/655/174 666/666/185
f 667/667/186 666/666/185 655/655/174
f 655/655/174 656/656/175 667/667/186
f 668/668/187 667/667/186 656/656/175
f 656/656/175 657/657/176 668/668/187
f 669/669/188 668/668/187 657/657/176
f 657/657/176 658/658/177 669/669/188
f 670/670/189 669/669/188 658/658/177
f 658/658/177 659/659/178 670/670/189
f 671/671/190 670/670/189 659/659/178
f 659/659/178 660/660/179 671/671/190
f 672/672/191 671/671/190 660/660/179
f 660/660/179 661/661/180 672/672/191
f 676/673/192 673/674/193 674/675/194
f 674/675/194 675/676/195 676/673/192
f 678/677/196 676/673/192 675/676/195
f 675/676/195 677/678/197 678/677/196
f 680/679/198 678/677/196 677/678/197
f 677/678/197 679/680/199 680/679/198
f 682/681/200 680/679/198 679/680/199
f 679/680/199 681/682/201 682/681/200
f 684/683/202 682/681/200 681/682/201
f 681/682/201 683/684/203 684/683/202
f 686/685/204 684/683/202 683/684/203
f 683/684/203 685/686/205 686/685/204
f 688/687/206 686/685/204 685/686/205
f 685/686/205 687/688/207 688/687/206
f 690/689/208 688/687/206 687/688/207
f 687/688/207 689/690/209 690/689/208
f 692/691/210 690/689/208 689/690/209
f 689/690/209 691/692/211 692/691/210
f 694/693/212 692/691/210 691/692/211
f 691/692/211 693/694/213 694/693/212
f 696/695/214 695/696/215 673/674/193
f 673/674/193 676/673/192 696/695/214
f 697/697/216 696/695/214 676/673/192
f 676/673/192 678/677/196 697/697/216
f 698/698/217 697/697/216 678/677/196
f 678/677/196 680/679/198 698/698/217
f 699/699/218 698/698/217 680/679/198
f 680/679/198 682/681/200 699/699/218
f 700/700/219 699/699/218 682/681/200
f 682/681/200 684/683/202 700/700/219
f 701/701/220 700/700/219 684/683/202
f 684/683/202 686/685/204 701/701/220
f 702/702/221 701/701/220 686/685/204
f 686/685/204 688/687/206 702/702/221
f 703/703/222 702/702/221 688/687/206
f 688/687/206 690/689/208 703/703/222
f 704/704/223 703/703/222 690/689/208
f 690/689/208 692/691/210 704/704/223
f 705/705/224 704/704/223 692/691/210
f 692/691/210 694/693/212 705/705/224
f 707/706/225 706/707/226 695/696/215
f 695/696/215 696/695/214 707/706/225
f 708/708/227 707/706/225 696/695/214
f 696/695/214 697/697/216 708/708/227
f 709/709/228 708/708/227 697/697/216
f 697/697/216 698/698/217 709/709/228
f 710/710/229 709/709/228 698/698/217
f 698/698/217 699/699/218 710/710/229
f 711/711/230 710/710/229 699/699/218
f 699/699/218 700/700/219 711/711/230
f 712/712/231 711/711/230 700/700/219
f 700/700/219 701/701/220 712/712/231
f 713/713/232 712/712/231 701/701/220
f 701/701/220 702/702/221 713/713/232
f 714/714/233 713/713/232 702/702/221
f 702/702/221 703/703/222 714/714/233
f 715/715/234 714/714/233 703/703/222
f 703/703/222 704/704/223 715/715/234
f 716/716/235 715/715/234 704/704/223
f 704/704/223 705/705/224 716/716/235
f 718/717/236 717/718/237 706/707/226
f 706/707/226 707/706/225 718/717/236
f 719/719/238 718/717/236 707/706/225
f 707/706/225 708/708/227 719/719/238
f 720/720/239 719/719/238 708/708/227
f 708/708/227 709/709/228 720/720/239
f 721/721/240 720/720/239 709/709/228
f 709/709/228 710/710/229 721/721/240
f 722/722/241 721/721/240 710/710/229
f 710/710/229 711/711/230 722/722/241
f 723/723/242 722/722/241 711/711/230
f 711/711/230 712/712/231 723/723/242
f 724/724/243 723/723/242 712/712/231
f 712/712/231 713/713/232 724/724/243
f 725/725/244 724/724/243 713/713/232
f 713/713/232 714/714/233 725/725/244
f 726/726/245 725/725/244 714/714/233
f 714/714/233 715/715/234 726/726/245
f 727/727/246 726/726/245 715/715/234
f 715/715/234 716/716/235 727/727/246
f 729/728/247 728/729/248 717/718/237
f 717/718/237 718/717/236 729/728/247
f 730/730/249 729/728/247 718/717/236
f 718/717/236 719/719/238 730/730/249
f 731/731/250 730/730/249 719/719/238
f 719/719/238 720/720/239 731/731/250
f 732/732/251 731/731/250 720/720/239
f 720/720/239 721/721/240 732/732/251
f 733/733/252 732/732/251 721/721/240
f 721/721/240 722/722/241 733/733/252
f 734/734/253 733/733/252 722/722/241
f 722/722/241 723/723/242 734/734/253
f 735/735/254 734/734/253 723/723/242
f 723/723/242 724/724/243 735/735/254
f 736/736/255 735/735/254 724/724/243
f 724/724/243 725/725/244 736/736/255
f 737/737/256 736/736/255 725/725/244
f 725/725/244 726/726/245 737/737/256
f 738/738/257 737/737/256 726/726/245
f 726/726/245 727/727/246 738/738/257
f 740/739/258 739/740/259 728/729/248
f 728/729/248 729/728/247 740/739/258
f 741/741/260 740/739/258 729/728/247
f 729/728/247 730/730/249 741/741/260
f 742/742/261 741/741/260 730/730/249
f 730/730/249 731/731/250 742/742/261
f 743/743/262 742/742/261 731/731/250
f 731/731/250 732/732/251 743/743/262
f 744/744/263 743/743/262 732/732/251
f 732/732/251 733/733/252 744/744/263
f 745/745/264 744/744/263 733/733/252
f 733/733/252 734/734/253 745/745/264
f 746/746/265 745/745/264 734/734/253
f 734/734/253 735/735/254 746/746/265
f 747/747/266 746/746/265 735/735/254
f 735/735/254 736/736/255 747/747/266
f 748/748/267 747/747/266 736/736/255
f 736/736/255 737/737/256 748/748/267
f 749/749/268 748/748/267 737/737/256
f 737/737/256 738/738/257 749/749/268
f 751/750/269 750/751/270 739/740/259
f 739/740/259 740/739/258 751/750/269
f 752/752/271 751/750/269 740/739/258
f 740/739/258 741/741/260 752/752/271
f 753/753/272 752/752/271 741/741/260
f 741/741/260 742/742/261 753/753/272
f 754/754/273 753/753/272 742/742/261
f 742/742/261 743/743/262 754/754/273
f 755/755/274 754/754/273 743/743/262
f 743/743/262 744/744/263 755/755/274
f 756/756/275 755/755/274 744/744/263
f 744/744/263 745/745/264 756/756/275
f 757/757/276 756/756/275 745/745/264
f 745/745/264 746/746/265 757/757/276
f 758/758/277 757/757/276 746/746/265
f 746/746/265 747/747/266 758/758/277
f 759/759/278 758/758/277 747/747/266
f 747/747/266 748/748/267 759/759/278
f 760/760/279 759/759/278 748/748/267
f 748/748/267 749/749/268 760/760/279
f 762/761/280 761/762/281 750/751/270
f 750/751/270 751/750/269 762/761/280
f 763/763/282 762/761/280 751/750/269
f 751/750/269 752/752/271 763/763/282
f 764/764/283 763/763/282 752/752/271
f 752/752/271 753/753/272 764/764/283
f 765/765/284 764/764/283 753/753/272
f 753/753/272 754/754/273 765/765/284
f 766/766/285 765/765/284 754/754/273
f 754/754/273 755/755/274 766/766/285
f 767/767/286 766/766/285 755/755/274
f 755/755/274 756/756/275 767/767/286
f 768/768/287 767/767/286 756/756/275
f 756/756/275 757/757/276 768/768/287
f 769/769/288 768/768/287 757/757/276
f 757/757/276 758/758/277 769/769/288
f 770/770/289 769/769/288 758/758/277
f 758/758/277 759/759/278 770/770/289
f 771/771/290 770/770/289 759/759/278
f 759/759/278 760/760/279 771/771/290
f 773/772/291 772/773/292 761/762/281
f 761/762/281 762/761/280 773/772/291
f 774/774/293 773/772/291 762/761/280
f 762/761/280 763/763/282 774/774/293
f 775/775/294 774/774/293 763/763/282
f 763/763/282 764/764/283 775/775/294
f 776/776/295 775/775/294 764/764/283
f 764/764/283 765/765/284 776/776/295
f 777/777/296 776/776/295 765/765/284
f 765/765/284 766/766/285 777/777/296
f 778/778/297 777/777/296 766/766/285
f 766/766/285 767/767/286 778/778/297
f 779/779/298 778/778/297 767/767/286
f 767/767/286 768/768/287 779/779/298
f 780/780/299 779/779/298 768/768/287
f 768/768/287 769/769/288 780/780/299
f 781/781/300 780/780/299 769/769/288
f 769/769/288 770/770/289 781/781/300
f 782/782/301 781/781/300 770/770/289
f 770/770/289 771/771/290 782/782/301
f 784/783/302 783/784/303 772/773/292
f 772/773/292 773/772/291 784/783/302
f 785/785/304 784/783/302 773/772/291
f 773/772/291 774/774/293 785/785/304
f 786/786/305 785/785/304 774/774/293
f 774/774/293 775/775/294 786/786/305
f 787/787/306 786/786/305 775/775/294
f 775/775/294 776/776/295 787/787/306
f 788/788/307 787/787/306 776/776/295
f 776/776/295 777/777/296 788/788/307
f 789/789/308 788/788/307 777/777/296
f 777/777/296 778/778/297 789/789/308
f 790/790/309 789/789/308 778/778/297
f 778/778/297 779/779/298 790/790/309
f 791/791/310 790/790/309 779/779/298
f 779/779/298 780/780/299 791/791/310
f 792/792/311 791/791/310 780/780/299
f 780/780/299 781/781/300 792/792/311
f 793/793/312 792/792/311 781/781/300
f 781/781/300 782/782/301 793/793/312
f 795/794/313 794/795/314 783/784/303
f 783/784/303 784/783/302 795/794/313
f 796/796/315 795/794/313 784/783/302
f 784/783/302 785/785/304 796/796/315
f 797/797/316 796/796/315 785/785/304
f 785/785/304 786/786/305 797/797/316
f 798/798/317 797/797/316 786/786/305
f 786/786/305 787/787/306 798/798/317
f 799/799/318 798/798/317 787/787/306
f 787/787/306 788/788/307 799/799/318
f 800/800/319 799/799/318 788/788/307
f 788/788/307 789/789/308 800/800/319
f 801/801/320 800/800/319 789/789/308
f 789/789/308 790/790/309 801/801/320
f 802/802/321 801/801/320 790/790/309
f 790/790/309 791/791/310 802/802/321
f 803/803/322 802/802/321 791/791/310
f 791/791/310 792/792/311 803/803/322
f 804/804/323 803/803/322 792/792/311
f 792/792/311 793/793/312 804/804/323
f 806/805/324 805/806/325 794/795/314
f 794/795/314 795/794/313 806/805/324
f 807/807/326 806/805/324 795/794/313
f 795/794/313 796/796/315 807/807/326
f 808/808/327 807/807/326 796/796/315
f 796/796/315 797/797/316 808/808/327
f 809/809/328 808/808/327 797/797/316
f 797/797/316 798/798/317 809/809/328
f 810/810/329 809/809/328 798/798/317
f 798/798/317 799/799/318 810/810/329
f 811/811/330 810/810/329 799/799/318
f 799/799/318 800/800/319 811/811/330
f 812/812/331 811/811/330 800/800/319
f 800/800/319 801/801/320 812/812/331
f 813/813/332 812/812/331 801/801/320
f 801/801/320 802/802/321 813/813/332
f 814/814/333 813/813/332 802/802/321
f 802/802/321 803/803/322 814/814/333
f 815/815/334 814/814/333 803/803/322
f 803/803/322 804/804/323 815/815/334
f 817/816/335 816/817/336 805/806/325
f 805/806/325 806/805/324 817/816/335
f 818/818/337 817/816/335 806/805/324
f 806/805/324 807/807/326 818/818/337
f 819/819/338 818/818/337 807/807/326
f 807/807/326 808/808/327 819/819/338
f 820/820/339 819/819/338 808/808/327
f 808/808/327 809/809/328 820/820/339
f 821/821/340 820/820/339 809/809/328
f 809/809/328 810/810/329 821/821/340
f 822/822/341 821/821/340 810/810/329
f 810/810/329 811/811/330 822/822/341
f 823/823/342 822/822/341 811/811/330
f 811/811/330 812/812/331 823/823/342
f 824/824/343 823/823/342 812/812/331
f 812/812/331 813/813/332 824/824/343
f 825/825/344 824/824/343 813/813/332
f 813/813/332 814/814/333 825/825/344
f 826/826/345 825/825/344 814/814/333
f 814/814/333 815/815/334 826/826/345
f 828/827/346 827/828/347 816/817/336
f 816/817/336 817/816/335 828/827/346
f 829/829/348 828/827/346 817/816/335
f 817/816/335 818/818/337 829/829/348
f 830/830/349 829/829/348 818/818/337
f 818/818/337 819/819/338 830/830/349
f 831/831/350 830/830/349 819/819/338
f 819/819/338 820/820/339 831/831/350
f 832/832/351 831/831/350 820/820/339
f 820/820/339 821/821/340 832/832/351
f 833/833/352 832/832/351 821/821/340
f 821/821/340 822/822/341 833/833/352
f 834/834/353 833/833/352 822/822/341
f 822/822/341 823/823/342 834/834/353
f 835/835/354 834/834/353 823/823/342
f 823/823/342 824/824/343 835/835/354
f 836/836/355 835/835/354 824/824/343
f 824/824/343 825/825/344 836/836/355
f 837/837/356 836/836/355 825/825/344
f 825/825/344 826/826/345 837/837/356
f 839/838/357 838/839/358 827/828/347
f 827/828/347 828/827/346 839/838/357
f 840/840/359 839/838/357 828/827/346
f 828/827/346 829/829/348 840/840/359
f 841/841/360 840/840/359 829/829/348
f 829/829/348 830/830/349 841/841/360
f 842/842/361 841/841/360 830/830/349
f 830/830/349 831/831/350 842/842/361
f 843/843/362 842/842/361 831/831/350
f 831/831/350 832/832/351 843/843/362
f 844/844/363 843/843/362 832/832/351
f 832/832/351 833/833/352 844/844/363
f 845/845/364 844/844/363 833/833/352
f 833/833/352 834/834/353 845/845/364
f 846/846/365 845/845/364 834/834/353
f 834/834/353 835/835/354 846/846/365
f 847/847/366 846/846/365 835/835/354
f 835/835/354 836/836/355 847/847/366
f 848/848/367 847/847/366 836/836/355
f 836/836/355 837/837/356 848/848/367
f 850/849/368 849/850/369 838/839/358
f 838/839/358 839/838/357 850/849/368
f 851/851/370 850/849/368 839/838/357
f 839/838/357 840/840/359 851/851/370
f 852/852/371 851/851/370 840/840/359
f 840/840/359 841/841/360 852/852/371
f 853/853/372 852/852/371 841/841/360
f 841/841/360 842/842/361 853/853/372
f 854/854/373 853/853/372 842/842/361
f 842/842/361 843/843/362 854/854/373
f 855/855/374 854/854/373 843/843/362
f 843/843/362 844/844/363 855/855/374
f 856/856/375 855/855/374 844/844/363
f 844/844/363 845/845/364 856/856/375
f 857/857/376 856/856/375 845/845/364
f 845/845/364 846/846/365 857/857/376
f 858/858/377 857/857/376 846/846/365
f 846/846/365 847/847/366 858/858/377
f 859/859/378 858/858/377 847/847/366
f 847/847/366 848/848/367 859/859/378
f 861/860/379 860/861/380 849/850/369
f 849/850/369 850/849/368 861/860/379
f 862/862/381 861/860/379 850/849/368
f 850/849/368 851/851/370 862/862/381
f 863/863/382 862/862/381 851/851/370
f 851/851/370 852/852/371 863/863/382
f 864/864/383 863/863/382 852/852/371
f 852/852/371 853/853/372 864/864/383
f 865/865/384 864/864/383 853/853/372
f 853/853/372 854/854/373 865/865/384
f 866/866/385 865/865/384 854/854/373
f 854/854/373 855/855/374 866/866/385
f 867/867/386 866/866/385 855/855/374
f 855/855/374 856/856/375 867/867/386
f 868/868/387 867/867/386 856/856/375
f 856/856/375 857/857/376 868/868/387
f 869/869/388 868/868/387 857/857/376
f 857/857/376 858/858/377 869/869/388
f 870/870/389 869/869/388 858/858/377
f 858/858/377 859/859/378 870/870/389
f 872/871/390 871/872/391 860/861/380
f 860/861/380 861/860/379 872/871/390
f 873/873/392 872/871/390 861/860/379
f 861/860/379 862/862/381 873/873/392
f 874/874/393 873/873/392 862/862/381
f 862/862/381 863/863/382 874/874/393
f 875/875/394 874/874/393 863/863/382
f 863/863/382 864/864/383 875/875/394
f 876/876/395 875/875/394 864/864/383
f 864/864/383 865/865/384 876/876/395
f 877/877/396 876/876/395 865/865/384
f 865/865/384 866/866/385 877/877/396
f 878/878/397 877/877/396 866/866/385
f 866/866/385 867/867/386 878/878/397
f 879/879/398 878/878/397 867/867/386
f 867/867/386 868/868/387 879/879/398
f 880/880/399 879/879/398 868/868/387
f 868/868/387 869/869/388 880/880/399
f 881/881/400 880/880/399 869/869/388
f 869/869/388 870/870/389 881/881/400
f 883/882/401 882/883/402 871/872/391
f 871/872/391 872/871/390 883/882/401
f 884/884/403 883/882/401 872/871/390
f 872/871/390 873/873/392 884/884/403
f 885/885/404 884/884/403 873/873/392
f 873/873/392 874/874/393 885/885/404
f 886/886/405 885/885/404 874/874/393
f 874/874/393 875/875/394 886/886/405
f 887/887/406 886/886/405 875/875/394
f 875/875/394 876/876/395 887/887/406
f 888/888/407 887/887/406 876/876/395
f 876/876/395 877/877/396 888/888/407
f 889/889/408 888/888/407 877/877/396
f 877/877/396 878/878/397 889/889/408
f 890/890/409 889/889/408 878/878/397
f 878/878/397 879/879/398 890/890/409
f 891/891/410 890/890/409 879/879/398
f 879/879/398 880/880/399 891/891/410
f 892/892/411 891/891/410 880/880/399
f 880/880/399 881/881/400 892/892/411
f 894/893/412 893/894/413 882/883/402
f 882/883/402 883/882/401 894/893/412
f 895/895/414 894/893/412 883/882/401
f 883/882/401 884/884/403 895/895/414
f 896/896/415 895/895/414 884/884/403
f 884/884/403 885/885/404 896/896/415
f 897/897/416 896/896/415 885/885/404
f 885/885/404 886/886/405 897/897/416
f 898/898/417 897/897/416 886/886/405
f 886/886/405 887/887/406 898/898/417
f 899/899/418 898/898/417 887/887/406
f 887/887/406 888/888/407 899/899/418
f 900/900/419 899/899/418 888/888/407
f 888/888/407 889/889/408 900/900/419
f 901/901/420 900/900/419 889/889/408
f 889/889/408 890/890/409 901/901/420
f 902/902/421 901/901/420 890/890/409
f 890/890/409 891/891/410 902/902/421
f 903/903/422 902/902/421 891/891/410
f 891/891/410 892/892/411 903/903/422
f 587/588/107 586/587/106 893/894/413
f 893/894/413 894/893/412 587/588/107
f 589/590/109 587/588/107 894/893/412
f 894/893/412 895/895/414 589/590/109
f 591/592/111 589/590/109 895/895/414
f 895/895/414 896/896/415 591/592/111
f 593/594/113 591/592/111 896/896/415
f 896/896/415 897/897/416 593/594/113
f 595/596/115 593/594/113 897/897/416
f 897/897/416 898/898/417 595/596/115
f 597/598/117 595/596/115 898/898/417
f 898/898/417 899/899/418 597/598/117
f 599/600/119 597/598/117 899/899/418
f 899/899/418 900/900/419 599/600/119
f 601/602/121 599/600/119 900/900/419
f 900/900/419 901/901/420 601/602/121
f 603/604/123 601/602/121 901/901/420
f 901/901/420 902/902/421 603/604/123
f 605/606/125 603/604/123 902/902/421
f 902/902/421 903/903/422 605/606/125
f 905/904/423 606/605/124 605/606/125
f 605/606/125 904/905/424 905/904/423
f 906/906/425 617/617/136 606/605/124
f 606/605/124 905/904/423 906/906/425
f 907/907/426 628/628/147 617/617/136
f 617/617/136 906/906/425 907/907/426
f 908/908/427 639/639/158 628/628/147
f 628/628/147 907/907/426 908/908/427
f 909/909/428 650/650/169 639/639/158
f 639/639/158 908/908/427 909/909/428
f 910/910/429 661/661/180 650/650/169
f 650/650/169 909/909/428 910/910/429
f 911/911/430 672/672/191 661/661/180
f 661/661/180 910/910/429 911/911/430
f 913/912/431 694/693/212 693/694/213
f 693/694/213 912/913/432 913/912/431
f 914/914/433 705/705/224 694/693/212
f 694/693/212 913/912/431 914/914/433
f 915/915/434 716/716/235 705/705/224
f 705/705/224 914/914/433 915/915/434
f 916/916/435 727/727/246 716/716/235
f 716/716/235 915/915/434 916/916/435
f 917/917/436 738/738/257 727/727/246
f 727/727/246 916/916/435 917/917/436
f 918/918/32 749/749/268 738/738/257
f 738/738/257 917/917/436 918/918/32
f 919/919/437 760/760/279 749/749/268
f 749/749/268 918/918/32 919/919/437
f 920/920/438 771/771/290 760/760/279
f 760/760/279 919/919/437 920/920/438
f 921/921/439 782/782/301 771/771/290
f 771/771/290 920/920/438 921/921/439
f 922/922/440 793/793/312 782/782/301
f 782/782/301 921/921/439 922/922/440
f 923/923/441 804/804/323 793/793/312
f 793/793/312 922/922/440 923/923/441
f 924/924/442 815/815/334 804/804/323
f 804/804/323 923/923/441 924/924/442
f 925/925/17 826/826/345 815/815/334
f 815/815/334 924/924/442 925/925/17
f 926/926/443 837/837/356 826/826/345
f 826/826/345 925/925/17 926/926/443
f 927/927/444 848/848/367 837/837/356
f 837/837/356 926/926/443 927/927/444
f 928/928/445 859/859/378 848/848/367
f 848/848/367 927/927/444 928/928/445
f 929/929/446 870/870/389 859/859/378
f 859/859/378 928/928/445 929/929/446
f 930/930/447 881/881/400 870/870/389
f 870/870/389 929/929/446 930/930/447
f 931/931/448 892/892/411 881/881/400
f 881/881/400 930/930/447 931/931/448
f 932/932/449 903/903/422 892/892/411
f 892/892/411 931/931/448 932/932/449
f 904/905/424 605/606/125 903/903/422
f 903/903/422 932/932/449 904/905/424
f 936/933/450 933/934/58 934/935/57
f 934/935/57 935/936/451 936/933/450
f 935/936/451 934/935/57 937/937/56
f 937/937/56 938/938/452 935/936/451
f 938/938/452 937/937/56 939/939/55
f 939/939/55 940/940/453 938/938/452
f 940/940/453 939/939/55 941/941/54
f 941/941/54 942/942/454 940/940/453
f 942/942/454 941/941/54 943/943/52
f 943/943/52 944/944/455 942/942/454
f 944/944/455 943/943/52 945/945/24
f 945/945/24 946/946/456 944/944/455
f 946/946/456 945/945/24 947/947/457
f 947/947/457 948/948/458 946/946/456
f 952/949/459 949/950/460 950/951/49
f 950/951/49 951/952/461 952/949/459
f 951/952/461 950/951/49 953/953/48
f 953/953/48 954/954/462 951/952/461
f 954/954/462 953/953/48 955/955/47
f 955/955/47 956/956/463 954/954/462
f 956/956/463 955/955/47 957/957/46
f 957/957/46 958/958/464 956/956/463
f 958/958/464 957/957/46 959/959/45
f 959/959/45 960/960/465 958/958/464
f 960/960/465 959/959/45 961/961/32
f 961/961/32 962/962/466 960/960/465
f 962/962/466 961/961/32 963/963/44
f 963/963/44 964/964/467 962/962/466
f 964/964/467 963/963/44 965/965/43
f 965/965/43 966/966/468 964/964/467
f 966/966/468 965/965/43 967/967/42
f 967/967/42 968/968/469 966/966/468
f 968/968/469 967/967/42 969/969/41
f 969/969/41 970/970/470 968/968/469
f 970/970/470 969/969/41 971/971/40
f 971/971/40 972/972/471 970/970/470
f 972/972/471 971/971/40 973/973/39
f 973/973/39 974/974/472 972/972/471
f 974/974/472 973/973/39 975/975/7
f 975/975/7 976/976/473 974/974/472
f 976/976/473 975/975/7 977/977/38
f 977/977/38 978/978/474 976/976/473
f 978/978/474 977/977/38 979/979/37
f 979/979/37 980/980/475 978/978/474
f 980/980/475 979/979/37 981/981/36
f 981/981/36 982/982/476 980/980/475
f 982/982/476 981/981/36 983/983/35
f 983/983/35 984/984/477 982/982/476
f 984/984/477 983/983/35 985/985/33
f 985/985/33 986/986/478 984/984/477
f 986/986/478 985/985/33 987/987/34
f 987/987/34 988/988/479 986/986/478
f 988/988/479 987/987/34 989/989/59
f 989/989/59 990/990/480 988/988/479
f 990/990/480 989/989/59 933/934/58
f 933/934/58 936/933/450 990/990/480
f 936/933/450 935/936/451 991/991/481
f 991/991/481 992/992/482 936/933/450
f 992/992/482 991/991/481 993/993/483
f 993/993/483 994/994/484 992/992/482
f 994/994/484 993/993/483 995/995/485
f 995/995/485 996/996/486 994/994/484
f 996/996/486 995/995/485 997/997/487
f 997/997/487 998/998/488 996/996/486
f 998/998/488 997/997/487 999/999/489
f 999/999/489 1000/1000/490 998/998/488
f 1000/1000/490 999/999/489 1001/1001/491
f 1001/1001/491 1002/1002/492 1000/1000/490
f 1002/1002/492 1001/1001/491 1003/1003/493
f 1003/1003/493 1004/1004/494 1002/1002/492
f 1004/1004/494 1003/1003/493 1005/1005/495
f 1005/1005/495 1006/1006/496 1004/1004/494
f 1006/1006/496 1005/1005/495 1007/1007/497
f 1007/1007/497 1008/1008/498 1006/1006/496
f 1008/1008/498 1007/1007/497 1009/1009/499
f 1009/1009/499 1010/1010/500 1008/1008/498
f 935/936/451 938/938/452 1011/1011/501
f 1011/1011/501 991/991/481 935/936/451
f 991/991/481 1011/1011/501 1012/1012/502
f 1012/1012/502 993/993/483 991/991/481
f 993/993/483 1012/1012/502 1013/1013/503
f 1013/1013/503 995/995/485 993/993/483
f 995/995/485 1013/1013/503 1014/1014/504
f 1014/1014/504 997/997/487 995/995/485
f 997/997/487 1014/1014/504 1015/1015/505
f 1015/1015/505 999/999/489 997/997/487
f 999/999/489 1015/1015/505 1016/1016/506
f 1016/1016/506 1001/1001/491 999/999/489
f 1001/1001/491 1016/1016/506 1017/1017/507
f 1017/1017/507 1003/1003/493 1001/1001/491
f 1003/1003/493 1017/1017/507 1018/1018/508
f 1018/1018/508 1005/1005/495 1003/1003/493
f 1005/1005/495 1018/1018/508 1019/1019/509
f 1019/1019/509 1007/1007/497 1005/1005/495
f 1007/1007/497 1019/1019/509 1020/1020/510
f 1020/1020/510 1009/1009/499 1007/1007/497
f 938/938/452 940/940/453 1021/1021/511
f 1021/1021/511 1011/1011/501 938/938/452
f 1011/1011/501 1021/1021/511 1022/1022/512
f 1022/1022/512 1012/1012/502 1011/1011/501
f 1012/1012/502 1022/1022/512 1023/1023/513
f 1023/1023/513 1013/1013/503 1012/1012/502
f 1013/1013/503 1023/1023/513 1024/1024/514
f 1024/1024/514 1014/1014/504 1013/1013/503
f 1014/1014/504 1024/1024/514 1025/1025/515
f 1025/1025/515 1015/1015/505 1014/1014/504
f 1015/1015/505 1025/1025/515 1026/1026/516
f 1026/1026/516 1016/1016/506 1015/1015/505
f 1016/1016/506 1026/1026/516 1027/1027/517
f 1027/1027/517 1017/1017/507 1016/1016/506
f 1017/1017/507 1027/1027/517 1028/1028/518
f 1028/1028/518 1018/1018/508 1017/1017/507
f 1018/1018/508 1028/1028/518 1029/1029/519
f 1029/1029/519 1019/1019/509 1018/1018/508
f 1019/1019/509 1029/1029/519 1030/1030/520
f 1030/1030/520 1020/1020/510 1019/1019/509
f 940/940/453 942/942/454 1031/1031/521
f 1031/1031/521 1021/1021/511 940/940/453
f 1021/1021/511 1031/1031/521 1032/1032/522
f 1032/1032/522 1022/1022/512 1021/1021/511
f 1022/1022/512 1032/1032/522 1033/1033/523
f 1033/1033/523 1023/1023/513 1022/1022/512
f 1023/1023/513 1033/1033/523 1034/1034/524
f 1034/1034/524 1024/1024/514 1023/1023/513
f 1024/1024/514 1034/1034/524 1035/1035/525
f 1035/1035/525 1025/1025/515 1024/1024/514
f 1025/1025/515 1035/1035/525 1036/1036/526
f 1036/1036/526 1026/1026/516 1025/1025/515
f 1026/1026/516 1036/1036/526 1037/1037/527
f 1037/1037/527 1027/1027/517 1026/1026/516
f 1027/1027/517 1037/1037/527 1038/1038/528
f 1038/1038/528 1028/1028/518 1027/1027/517
f 1028/1028/518 1038/1038/528 1039/1039/529
f 1039/1039/529 1029/1029/519 1028/1028/518
f 1029/1029/519 1039/1039/529 1040/1040/530
f 1040/1040/530 1030/1030/520 1029/1029/519
f 942/942/454 944/944/455 1041/1041/531
f 1041/1041/531 1031/1031/521 942/942/454
f 1031/1031/521 1041/1041/531 1042/1042/532
f 1042/1042/532 1032/1032/522 1031/1031/521
f 1032/1032/522 1042/1042/532 1043/1043/533
f 1043/1043/533 1033/1033/523 1032/1032/522
f 1033/1033/523 1043/1043/533 1044/1044/534
f 1044/1044/534 1034/1034/524 1033/1033/523
f 1034/1034/524 1044/1044/534 1045/1045/535
f 1045/1045/535 1035/1035/525 1034/1034/524
f 1035/1035/525 1045/1045/535 1046/1046/536
f 1046/1046/536 1036/1036/526 1035/1035/525
f 1036/1036/526 1046/1046/536 1047/1047/537
f 1047/1047/537 1037/1037/527 1036/1036/526
f 1037/1037/527 1047/1047/537 1048/1048/538
f 1048/1048/538 1038/1038/528 1037/1037/527
f 1038/1038/528 1048/1048/538 1049/1049/539
f 1049/1049/539 1039/1039/529 1038/1038/528
f 1039/1039/529 1049/1049/539 1050/1050/540
f 1050/1050/540 1040/1040/530 1039/1039/529
f 944/944/455 946/946/456 1051/1051/541
f 1051/1051/541 1041/1041/531 944/944/455
f 1041/1041/531 1051/1051/541 1052/1052/542
f 1052/1052/542 1042/1042/532 1041/1041/531
f 1042/1042/532 1052/1052/542 1053/1053/543
f 1053/1053/543 1043/1043/533 1042/1042/532
f 1043/1043/533 1053/1053/543 1054/1054/544
f 1054/1054/544 1044/1044/534 1043/1043/533
f 1044/1044/534 1054/1054/544 1055/1055/545
f 1055/1055/545 1045/1045/535 1044/1044/534
f 1045/1045/535 1055/1055/545 1056/1056/546
f 1056/1056/546 1046/1046/536 1045/1045/535
f 1046/1046/536 1056/1056/546 1057/1057/547
f 1057/1057/547 1047/1047/537 1046/1046/536
f 1047/1047/537 1057/1057/547 1058/1058/548
f 1058/1058/548 1048/1048/538 1047/1047/537
f 1048/1048/538 1058/1058/548 1059/1059/549
f 1059/1059/549 1049/1049/539 1048/1048/538
f 1049/1049/539 1059/1059/549 1060/1060/550
f 1060/1060/550 1050/1050/540 1049/1049/539
f 946/946/456 948/948/458 1061/1061/551
f 1061/1061/551 1051/1051/541 946/946/456
f 1051/1051/541 1061/1061/551 1062/1062/552
f 1062/1062/552 1052/1052/542 1051/1051/541
f 1052/1052/542 1062/1062/552 1063/1063/553
f 1063/1063/553 1053/1053/543 1052/1052/542
f 1053/1053/543 1063/1063/553 1064/1064/554
f 1064/1064/554 1054/1054/544 1053/1053/543
f 1054/1054/544 1064/1064/554 1065/1065/555
f 1065/1065/555 1055/1055/545 1054/1054/544
f 1055/1055/545 1065/1065/555 1066/1066/556
f 1066/1066/556 1056/1056/546 1055/1055/545
f 1056/1056/546 1066/1066/556 1067/1067/557
f 1067/1067/557 1057/1057/547 1056/1056/546
f 1057/1057/547 1067/1067/557 1068/1068/558
f 1068/1068/558 1058/1058/548 1057/1057/547
f 1058/1058/548 1068/1068/558 1069/1069/559
f 1069/1069/559 1059/1059/549 1058/1058/548
f 1059/1059/549 1069/1069/559 1070/1070/560
f 1070/1070/560 1060/1060/550 1059/1059/549
f 952/949/459 951/952/461 1071/1071/561
f 1071/1071/561 1072/1072/562 952/949/459
f 1072/1072/562 1071/1071/561 1073/1073/563
f 1073/1073/563 1074/1074/564 1072/1072/562
f 1074/1074/564 1073/1073/563 1075/1075/565
f 1075/1075/565 1076/1076/566 1074/1074/564
f 1076/1076/566 1075/1075/565 1077/1077/567
f 1077/1077/567 1078/1078/568 1076/1076/566
f 1078/1078/568 1077/1077/567 1079/1079/569
f 1079/1079/569 1080/1080/570 1078/1078/568
f 1080/1080/570 1079/1079/569 1081/1081/571
f 1081/1081/571 1082/1082/572 1080/1080/570
f 1082/1082/572 1081/1081/571 1083/1083/573
f 1083/1083/573 1084/1084/574 1082/1082/572
f 1084/1084/574 1083/1083/573 1085/1085/575
f 1085/1085/575 1086/1086/576 1084/1084/574
f 1086/1086/576 1085/1085/575 1087/1087/577
f 1087/1087/577 1088/1088/578 1086/1086/576
f 1088/1088/578 1087/1087/577 1089/1089/579
f 1089/1089/579 1090/1090/580 1088/1088/578
f 951/952/461 954/954/462 1091/1091/581
f 1091/1091/581 1071/1071/561 951/952/461
f 1071/1071/561 1091/1091/581 1092/1092/582
f 1092/1092/582 1073/1073/563 1071/1071/561
f 1073/1073/563 1092/1092/582 1093/1093/583
f 1093/1093/583 1075/1075/565 1073/1073/563
f 1075/1075/565 1093/1093/583 1094/1094/584
f 1094/1094/584 1077/1077/567 1075/1075/565
f 1077/1077/567 1094/1094/584 1095/1095/585
f 1095/1095/585 1079/1079/569 1077/1077/567
f 1079/1079/569 1095/1095/585 1096/1096/586
f 1096/1096/586 1081/1081/571 1079/1079/569
f 1081/1081/571 1096/1096/586 1097/1097/587
f 1097/1097/587 1083/1083/573 1081/1081/571
f 1083/1083/573 1097/1097/587 1098/1098/588
f 1098/1098/588 1085/1085/575 1083/1083/573
f 1085/1085/575 1098/1098/588 1099/1099/589
f 1099/1099/589 1087/1087/577 1085/1085/575
f 1087/1087/577 1099/1099/589 1100/1100/590
f 1100/1100/590 1089/1089/579 1087/1087/577
f 954/954/462 956/956/463 1101/1101/591
f 1101/1101/591 1091/1091/581 954/954/462
f 1091/1091/581 1101/1101/591 1102/1102/592
f 1102/1102/592 1092/1092/582 1091/1091/581
f 1092/1092/582 1102/1102/592 1103/1103/593
f 1103/1103/593 1093/1093/583 1092/1092/582
f 1093/1093/583 1103/1103/593 1104/1104/594
f 1104/1104/594 1094/1094/584 1093/1093/583
f 1094/1094/584 1104/1104/594 1105/1105/595
f 1105/1105/595 1095/1095/585 1094/1094/584
f 1095/1095/585 1105/1105/595 1106/1106/596
f 1106/1106/596 1096/1096/586 1095/1095/585
f 1096/1096/586 1106/1106/596 1107/1107/597
f 1107/1107/597 1097/1097/587 1096/1096/586
f 1097/1097/587 1107/1107/597 1108/1108/598
f 1108/1108/598 1098/1098/588 1097/1097/587
f 1098/1098/588 1108/1108/598 1109/1109/599
f 1109/1109/599 1099/1099/589 1098/1098/588
f 1099/1099/589 1109/1109/599 1110/1110/600
f 1110/1110/600 1100/1100/590 1099/1099/589
f 956/956/463 958/958/464 1111/1111/601
f 1111/1111/601 1101/1101/591 956/956/463
f 1101/1101/591 1111/1111/601 1112/1112/602
f 1112/1112/602 1102/1102/592 1101/1101/591
f 1102/1102/592 1112/1112/602 1113/1113/603
f 1113/1113/603 1103/1103/593 1102/1102/592
f 1103/1103/593 1113/1113/603 1114/1114/604
f 1114/1114/604 1104/1104/594 1103/1103/593
f 1104/1104/594 1114/1114/604 1115/1115/605
f 1115/1115/605 1105/1105/595 1104/1104/594
f 1105/1105/595 1115/1115/605 1116/1116/606
f 1116/1116/606 1106/1106/596 1105/1105/595
f 1106/1106/596 1116/1116/606 1117/1117/607
f 1117/1117/607 1107/1107/597 1106/1106/596
f 1107/1107/597 1117/1117/607 1118/1118/608
f 1118/1118/608 1108/1108/598 1107/1107/597
f 1108/1108/598 1118/1118/608 1119/1119/609
f 1119/1119/609 1109/1109/599 1108/1108/598
f 1109/1109/599 1119/1119/609 1120/1120/610
f 1120/1120/610 1110/1110/600 1109/1109/599
f 958/958/464 960/960/465 1121/1121/611
f 1121/1121/611 1111/1111/601 958/958/464
f 1111/1111/601 1121/1121/611 1122/1122/612
f 1122/1122/612 1112/1112/602 1111/1111/601
f 1112/1112/602 1122/1122/612 1123/1123/613
f 1123/1123/613 1113/1113/603 1112/1112/602
f 1113/1113/603 1123/1123/613 1124/1124/614
f 1124/1124/614 1114/1114/604 1113/1113/603
f 1114/1114/604 1124/1124/614 1125/1125/615
f 1125/1125/615 1115/1115/605 1114/1114/604
f 1115/1115/605 1125/1125/615 1126/1126/616
f 1126/1126/616 1116/1116/606 1115/1115/605
f 1116/1116/606 1126/1126/616 1127/1127/617
f 1127/1127/617 1117/1117/607 1116/1116/606
f 1117/1117/607 1127/1127/617 1128/1128/618
f 1128/1128/618 1118/1118/608 1117/1117/607
f 1118/1118/608 1128/1128/618 1129/1129/619
f 1129/1129/619 1119/1119/609 1118/1118/608
f 1119/1119/609 1129/1129/619 1130/1130/620
f 1130/1130/620 1120/1120/610 1119/1119/609
f 960/960/465 962/962/466 1131/1131/621
f 1131/1131/621 1121/1121/611 960/960/465
f 1121/1121/611 1131/1131/621 1132/1132/622
f 1132/1132/622 1122/1122/612 1121/1121/611
f 1122/1122/612 1132/1132/622 1133/1133/623
f 1133/1133/623 1123/1123/613 1122/1122/612
f 1123/1123/613 1133/1133/623 1134/1134/624
f 1134/1134/624 1124/1124/614 1123/1123/613
f 1124/1124/614 1134/1134/624 1135/1135/625
f 1135/1135/625 1125/1125/615 1124/1124/614
f 1125/1125/615 1135/1135/625 1136/1136/626
f 1136/1136/626 1126/1126/616 1125/1125/615
f 1126/1126/616 1136/1136/626 1137/1137/627
f 1137/1137/627 1127/1127/617 1126/1126/616
f 1127/1127/617 1137/1137/627 1138/1138/628
f 1138/1138/628 1128/1128/618 1127/1127/617
f 1128/1128/618 1138/1138/628 1139/1139/629
f 1139/1139/629 1129/1129/619 1128/1128/618
f 1129/1129/619 1139/1139/629 1140/1140/630
f 1140/1140/630 1130/1130/620 1129/1129/619
f 962/962/466 964/964/467 1141/1141/631
f 1141/1141/631 1131/1131/621 962/962/466
f 1131/1131/621 1141/1141/631 1142/1142/632
f 1142/1142/632 1132/1132/622 1131/1131/621
f 1132/1132/622 1142/1142/632 1143/1143/633
f 1143/1143/633 1133/1133/623 1132/1132/622
f 1133/1133/623 1143/1143/633 1144/1144/634
f 1144/1144/634 1134/1134/624 1133/1133/623
f 1134/1134/624 1144/1144/634 1145/1145/635
f 1145/1145/635 1135/1135/625 1134/1134/624
f 1135/1135/625 1145/1145/635 1146/1146/636
f 1146/1146/636 1136/1136/626 1135/1135/625
f 1136/1136/626 1146/1146/636 1147/1147/637
f 1147/1147/637 1137/1137/627 1136/1136/626
f 1137/1137/627 1147/1147/637 1148/1148/638
f 1148/1148/638 1138/1138/628 1137/1137/627
f 1138/1138/628 1148/1148/638 1149/1149/639
f 1149/1149/639 1139/1139/629 1138/1138/628
f 1139/1139/629 1149/1149/639 1150/1150/640
f 1150/1150/640 1140/1140/630 1139/1139/629
f 964/964/467 966/966/468 1151/1151/641
f 1151/1151/641 1141/1141/631 964/964/467
f 1141/1141/631 1151/1151/641 1152/1152/642
f 1152/1152/642 1142/1142/632 1141/1141/631
f 1142/1142/632 1152/1152/642 1153/1153/643
f 1153/1153/643 1143/1143/633 1142/1142/632
f 1143/1143/633 1153/1153/643 1154/1154/644
f 1154/1154/644 1144/1144/634 1143/1143/633
f 1144/1144/634 1154/1154/644 1155/1155/645
f 1155/1155/645 1145/1145/635 1144/1144/634
f 1145/1145/635 1155/1155/645 1156/1156/646
f 1156/1156/646 1146/1146/636 1145/1145/635
f 1146/1146/636 1156/1156/646 1157/1157/647
f 1157/1157/647 1147/1147/637 1146/1146/636
f 1147/1147/637 1157/1157/647 1158/1158/648
f 1158/1158/648 1148/1148/638 1147/1147/637
f 1148/1148/638 1158/1158/648 1159/1159/649
f 1159/1159/649 1149/1149/639 1148/1148/638
f 1149/1149/639 1159/1159/649 1160/1160/650
f 1160/1160/650 1150/1150/640 1149/1149/639
f 966/966/468 968/968/469 1161/1161/651
f 1161/1161/651 1151/1151/641 966/966/468
f 1151/1151/641 1161/1161/651 1162/1162/652
f 1162/1162/652 1152/1152/642 1151/1151/641
f 1152/1152/642 1162/1162/652 1163/1163/653
f 1163/1163/653 1153/1153/643 1152/1152/642
f 1153/1153/643 1163/1163/653 1164/1164/654
f 1164/1164/654 1154/1154/644 1153/1153/643
f 1154/1154/644 1164/1164/654 1165/1165/655
f 1165/1165/655 1155/1155/645 1154/1154/644
f 1155/1155/645 1165/1165/655 1166/1166/656
f 1166/1166/656 1156/1156/646 1155/1155/645
f 1156/1156/646 1166/1166/656 1167/1167/657
f 1167/1167/657 1157/1157/647 1156/1156/646
f 1157/1157/647 1167/1167/657 1168/1168/658
f 1168/1168/658 1158/1158/648 1157/1157/647
f 1158/1158/648 1168/1168/658 1169/1169/659
f 1169/1169/659 1159/1159/649 1158/1158/648
f 1159/1159/649 1169/1169/659 1170/1170/660
f 1170/1170/660 1160/1160/650 1159/1159/649
f 968/968/469 970/970/470 1171/1171/661
f 1171/1171/661 1161/1161/651 968/968/469
f 1161/1161/651 1171/1171/661 1172/1172/662
f 1172/1172/662 1162/1162/652 1161/1161/651
f 1162/1162/652 1172/1172/662 1173/1173/663
f 1173/1173/663 1163/1163/653 1162/1162/652
f 1163/1163/653 1173/1173/663 1174/1174/664
f 1174/1174/664 1164/1164/654 1163/1163/653
f 1164/1164/654 1174/1174/664 1175/1175/665
f 1175/1175/665 1165/1165/655 1164/1164/654
f 1165/1165/655 1175/1175/665 1176/1176/666
f 1176/1176/666 1166/1166/656 1165/1165/655
f 1166/1166/656 1176/1176/666 1177/1177/667
f 1177/1177/667 1167/1167/657 1166/1166/656
f 1167/1167/657 1177/1177/667 1178/1178/668
f 1178/1178/668 1168/1168/658 1167/1167/657
f 1168/1168/658 1178/1178/668 1179/1179/669
f 1179/1179/669 1169/1169/659 1168/1168/658
f 1169/1169/659 1179/1179/669 1180/1180/670
f 1180/1180/670 1170/1170/660 1169/1169/659
f 970/970/470 972/972/471 1181/1181/671
f 1181/1181/671 1171/1171/661 970/970/470
f 1171/1171/661 1181/1181/671 1182/1182/672
f 1182/1182/672 1172/1172/662 1171/1171/661
f 1172/1172/662 1182/1182/672 1183/1183/673
f 1183/1183/673 1173/1173/663 1172/1172/662
f 1173/1173/663 1183/1183/673 1184/1184/674
f 1184/1184/674 1174/1174/664 1173/1173/663
f 1174/1174/664 1184/1184/674 1185/1185/675
f 1185/1185/675 1175/1175/665 1174/1174/664
f 1175/1175/665 1185/1185/675 1186/1186/676
f 1186/1186/676 1176/1176/666 1175/1175/665
f 1176/1176/666 1186/1186/676 1187/1187/677
f 1187/1187/677 1177/1177/667 1176/1176/666
f 1177/1177/667 1187/1187/677 1188/1188/678
f 1188/1188/678 1178/1178/668 1177/1177/667
f 1178/1178/668 1188/1188/678 1189/1189/679
f 1189/1189/679 1179/1179/669 1178/1178/668
f 1179/1179/669 1189/1189/679 1190/1190/680
f 1190/1190/680 1180/1180/670 1179/1179/669
f 972/972/471 974/974/472 1191/1191/681
f 1191/1191/681 1181/1181/671 972/972/471
f 1181/1181/671 1191/1191/681 1192/1192/682
f 1192/1192/682 1182/1182/672 1181/1181/671
f 1182/1182/672 1192/1192/682 1193/1193/683
f 1193/1193/683 1183/1183/673 1182/1182/672
f 1183/1183/673 1193/1193/683 1194/1194/684
f 1194/1194/684 1184/1184/674 1183/1183/673
f 1184/1184/674 1194/1194/684 1195/1195/685
f 1195/1195/685 1185/1185/675 1184/1184/674
f 1185/1185/675 1195/1195/685 1196/1196/686
f 1196/1196/686 1186/1186/676 1185/1185/675
f 1186/1186/676 1196/1196/686 1197/1197/687
f 1197/1197/687 1187/1187/677 1186/1186/676
f 1187/1187/677 1197/1197/687 1198/1198/688
f 1198/1198/688 1188/1188/678 1187/1187/677
f 1188/1188/678 1198/1198/688 1199/1199/689
f 1199/1199/689 1189/1189/679 1188/1188/678
f 1189/1189/679 1199/1199/689 1200/1200/690
f 1200/1200/690 1190/1190/680 1189/1189/679
f 974/974/472 976/976/473 1201/1201/691
f 1201/1201/691 1191/1191/681 974/974/472
f 1191/1191/681 1201/1201/691 1202/1202/692
f 1202/1202/692 1192/1192/682 1191/1191/681
f 1192/1192/682 1202/1202/692 1203/1203/693
f 1203/1203/693 1193/1193/683 1192/1192/682
f 1193/1193/683 1203/1203/693 1204/1204/694
f 1204/1204/694 1194/1194/684 1193/1193/683
f 1194/1194/684 1204/1204/694 1205/1205/695
f 1205/1205/695 1195/1195/685 1194/1194/684
f 1195/1195/685 1205/1205/695 1206/1206/696
f 1206/1206/696 1196/1196/686 1195/1195/685
f 1196/1196/686 1206/1206/696 1207/1207/697
f 1207/1207/697 1197/1197/687 1196/1196/686
f 1197/1197/687 1207/1207/697 1208/1208/698
f 1208/1208/698 1198/1198/688 1197/1197/687
f 1198/1198/688 1208/1208/698 1209/1209/699
f 1209/1209/699 1199/1199/689 1198/1198/688
f 1199/1199/689 1209/1209/699 1210/1210/700
f 1210/1210/700 1200/1200/690 1199/1199/689
f 976/976/473 978/978/474 1211/1211/701
f 1211/1211/701 1201/1201/691 976/976/473
f 1201/1201/691 1211/1211/701 1212/1212/702
f 1212/1212/702 1202/1202/692 1201/1201/691
f 1202/1202/692 1212/1212/702 1213/1213/703
f 1213/1213/703 1203/1203/693 1202/1202/692
f 1203/1203/693 1213/1213/703 1214/1214/704
f 1214/1214/704 1204/1204/694 1203/1203/693
f 1204/1204/694 1214/1214/704 1215/1215/705
f 1215/1215/705 1205/1205/695 1204/1204/694
f 1205/1205/695 1215/1215/705 1216/1216/706
f 1216/1216/706 1206/1206/696 1205/1205/695
f 1206/1206/696 1216/1216/706 1217/1217/707
f 1217/1217/707 1207/1207/697 1206/1206/696
f 1207/1207/697 1217/1217/707 1218/1218/708
f 1218/1218/708 1208/1208/698 1207/1207/697
f 1208/1208/698 1218/1218/708 1219/1219/709
f 1219/1219/709 1209/1209/699 1208/1208/698
f 1209/1209/699 1219/1219/709 1220/1220/710
f 1220/1220/710 1210/1210/700 1209/1209/699
f 978/978/474 980/980/475 1221/1221/711
f 1221/1221/711 1211/1211/701 978/978/474
f 1211/1211/701 1221/1221/711 1222/1222/712
f 1222/1222/712 1212/1212/702 1211/1211/701
f 1212/1212/702 1222/1222/712 1223/1223/713
f 1223/1223/713 1213/1213/703 1212/1212/702
f 1213/1213/703 1223/1223/713 1224/1224/714
f 1224/1224/714 1214/1214/704 1213/1213/703
f 1214/1214/704 1224/1224/714 1225/1225/715
f 1225/1225/715 1215/1215/705 1214/1214/704
f 1215/1215/705 1225/1225/715 1226/1226/716
f 1226/1226/716 1216/1216/706 1215/1215/705
f 1216/1216/706 1226/1226/716 1227/1227/717
f 1227/1227/717 1217/1217/707 1216/1216/706
f 1217/1217/707 1227/1227/717 1228/1228/718
f 1228/1228/718 1218/1218/708 1217/1217/707
f 1218/1218/708 1228/1228/718 1229/1229/719
f 1229/1229/719 1219/1219/709 1218/1218/708
f 1219/1219/709 1229/1229/719 1230/1230/720
f 1230/1230/720 1220/1220/710 1219/1219/709
f 980/980/475 982/982/476 1231/1231/721
f 1231/1231/721 1221/1221/711 980/980/475
f 1221/1221/711 1231/1231/721 1232/1232/722
f 1232/1232/722 1222/1222/712 1221/1221/711
f 1222/1222/712 1232/1232/722 1233/1233/723
f 1233/1233/723 1223/1223/713 1222/1222/712
f 1223/1223/713 1233/1233/723 1234/1234/724
f 1234/1234/724 1224/1224/714 1223/1223/713
f 1224/1224/714 1234/1234/724 1235/1235/725
f 1235/1235/725 1225/1225/715 1224/1224/714
f 1225/1225/715 1235/1235/725 1236/1236/726
f 1236/1236/726 1226/1226/716 1225/1225/715
f 1226/1226/716 1236/1236/726 1237/1237/727
f 1237/1237/727 1227/1227/717 1226/1226/716
f 1227/1227/717 1237/1237/727 1238/1238/728
f 1238/1238/728 1228/1228/718 1227/1227/717
f 1228/1228/718 1238/1238/728 1239/1239/729
f 1239/1239/729 1229/1229/719 1228/1228/718
f 1229/1229/719 1239/1239/729 1240/1240/730
f 1240/1240/730 1230/1230/720 1229/1229/719
f 982/982/476 984/984/477 1241/1241/731
f 1241/1241/731 1231/1231/721 982/982/476
f 1231/1231/721 1241/1241/731 1242/1242/732
f 1242/1242/732 1232/1232/722 1231/1231/721
f 1232/1232/722 1242/1242/732 1243/1243/733
f 1243/1243/733 1233/1233/723 1232/1232/722
f 1233/1233/723 1243/1243/733 1244/1244/734
f 1244/1244/734 1234/1234/724 1233/1233/723
f 1234/1234/724 1244/1244/734 1245/1245/735
f 1245/1245/735 1235/1235/725 1234/1234/724
f 1235/1235/725 1245/1245/735 1246/1246/736
f 1246/1246/736 1236/1236/726 1235/1235/725
f 1236/1236/726 1246/1246/736 1247/1247/737
f 1247/1247/737 1237/1237/727 1236/1236/726
f 1237/1237/727 1247/1247/737 1248/1248/738
f 1248/1248/738 1238/1238/728 1237/1237/727
f 1238/1238/728 1248/1248/738 1249/1249/739
f 1249/1249/739 1239/1239/729 1238/1238/728
f 1239/1239/729 1249/1249/739 1250/1250/740
f 1250/1250/740 1240/1240/730 1239/1239/729
f 984/984/477 986/986/478 1251/1251/741
f 1251/1251/741 1241/1241/731 984/984/477
f 1241/1241/731 1251/1251/741 1252/1252/742
f 1252/1252/742 1242/1242/732 1241/1241/731
f 1242/1242/732 1252/1252/742 1253/1253/743
f 1253/1253/743 1243/1243/733 1242/1242/732
f 1243/1243/733 1253/1253/743 1254/1254/744
f 1254/1254/744 1244/1244/734 1243/1243/733
f 1244/1244/734 1254/1254/744 1255/1255/745
f 1255/1255/745 1245/1245/735 1244/1244/734
f 1245/1245/735 1255/1255/745 1256/1256/746
f 1256/1256/746 1246/1246/736 1245/1245/735
f 1246/1246/736 1256/1256/746 1257/1257/747
f 1257/1257/747 1247/1247/737 1246/1246/736
f 1247/1247/737 1257/1257/747 1258/1258/748
f 1258/1258/748 1248/1248/738 1247/1247/737
f 1248/1248/738 1258/1258/748 1259/1259/749
f 1259/1259/749 1249/1249/739 1248/1248/738
f 1249/1249/739 1259/1259/749 1260/1260/750
f 1260/1260/750 1250/1250/740 1249/1249/739
f 986/986/478 988/988/479 1261/1261/751
f 1261/1261/751 1251/1251/741 986/986/478
f 1251/1251/741 1261/1261/751 1262/1262/752
f 1262/1262/752 1252/1252/742 1251/1251/741
f 1252/1252/742 1262/1262/752 1263/1263/753
f 1263/1263/753 1253/1253/743 1252/1252/742
f 1253/1253/743 1263/1263/753 1264/1264/754
f 1264/1264/754 1254/1254/744 1253/1253/743
f 1254/1254/744 1264/1264/754 1265/1265/755
f 1265/1265/755 1255/1255/745 1254/1254/744
f 1255/1255/745 1265/1265/755 1266/1266/756
f 1266/1266/756 1256/1256/746 1255/1255/745
f 1256/1256/746 1266/1266/756 1267/1267/757
f 1267/1267/757 1257/1257/747 1256/1256/746
f 1257/1257/747 1267/1267/757 1268/1268/758
f 1268/1268/758 1258/1258/748 1257/1257/747
f 1258/1258/748 1268/1268/758 1269/1269/759
f 1269/1269/759 1259/1259/749 1258/1258/748
f 1259/1259/749 1269/1269/759 1270/1270/760
f 1270/1270/760 1260/1260/750 1259/1259/749
f 988/988/479 990/990/480 1271/1271/761
f 1271/1271/761 1261/1261/751 988/988/479
f 1261/1261/751 1271/1271/761 1272/1272/762
f 1272/1272/762 1262/1262/752 1261/1261/751
f 1262/1262/752 1272/1272/762 1273/1273/763
f 1273/1273/763 1263/1263/753 1262/1262/752
f 1263/1263/753 1273/1273/763 1274/1274/764
f 1274/1274/764 1264/1264/754 1263/1263/753
f 1264/1264/754 1274/1274/764 1275/1275/765
f 1275/1275/765 1265/1265/755 1264/1264/754
f 1265/1265/755 1275/1275/765 1276/1276/766
f 1276/1276/766 1266/1266/756 1265/1265/755
f 1266/1266/756 1276/1276/766 1277/1277/767
f 1277/1277/767 1267/1267/757 1266/1266/756
f 1267/1267/757 1277/1277/767 1278/1278/768
f 1278/1278/768 1268/1268/758 1267/1267/757
f 1268/1268/758 1278/1278/768 1279/1279/769
f 1279/1279/769 1269/1269/759 1268/1268/758
f 1269/1269/759 1279/1279/769 1280/1280/770
f 1280/1280/770 1270/1270/760 1269/1269/759
f 990/990/480 936/933/450 992/992/482
f 992/992/482 1271/1271/761 990/990/480
f 1271/1271/761 992/992/482 994/994/484
f 994/994/484 1272/1272/762 1271/1271/761
f 1272/1272/762 994/994/484 996/996/486
f 996/996/486 1273/1273/763 1272/1272/762
f 1273/1273/763 996/996/486 998/998/488
f 998/998/488 1274/1274/764 1273/1273/763
f 1274/1274/764 998/998/488 1000/1000/490
f 1000/1000/490 1275/1275/765 1274/1274/764
f 1275/1275/765 1000/1000/490 1002/1002/492
f 1002/1002/492 1276/1276/766 1275/1275/765
f 1276/1276/766 1002/1002/492 1004/1004/494
f 1004/1004/494 1277/1277/767 1276/1276/766
f 1277/1277/767 1004/1004/494 1006/1006/496
f 1006/1006/496 1278/1278/768 1277/1277/767
f 1278/1278/768 1006/1006/496 1008/1008/498
f 1008/1008/498 1279/1279/769 1278/1278/768
f 1279/1279/769 1008/1008/498 1010/1010/500
f 1010/1010/500 1280/1280/770 1279/1279/769
f 1010/1010/500 1009/1009/499 1281/1281/447
f 1281/1281/447 1282/1282/448 1010/1010/500
f 1009/1009/499 1020/1020/510 1283/1283/446
f 1283/1283/446 1281/1281/447 1009/1009/499
f 1020/1020/510 1030/1030/520 1284/1284/445
f 1284/1284/445 1283/1283/446 1020/1020/510
f 1030/1030/520 1040/1040/530 1285/1285/444
f 1285/1285/444 1284/1284/445 1030/1030/520
f 1040/1040/530 1050/1050/540 1286/1286/443
f 1286/1286/443 1285/1285/444 1040/1040/530
f 1050/1050/540 1060/1060/550 1287/1287/17
f 1287/1287/17 1286/1286/443 1050/1050/540
f 1060/1060/550 1070/1070/560 1288/1288/442
f 1288/1288/442 1287/1287/17 1060/1060/550
f 1090/1090/580 1089/1089/579 1289/1289/441
f 1289/1289/441 1290/1290/771 1090/1090/580
f 1089/1089/579 1100/1100/590 1291/1291/440
f 1291/1291/440 1289/1289/441 1089/1089/579
f 1100/1100/590 1110/1110/600 1292/1292/772
f 1292/1292/772 1291/1291/440 1100/1100/590
f 1110/1110/600 1120/1120/610 1293/1293/438
f 1293/1293/438 1292/1292/772 1110/1110/600
f 1120/1120/610 1130/1130/620 1294/1294/773
f 1294/1294/773 1293/1293/438 1120/1120/610
f 1130/1130/620 1140/1140/630 1295/1295/32
f 1295/1295/32 1294/1294/773 1130/1130/620
f 1140/1140/630 1150/1150/640 1296/1296/436
f 1296/1296/436 1295/1295/32 1140/1140/630
f 1150/1150/640 1160/1160/650 1297/1297/435
f 1297/1297/435 1296/1296/436 1150/1150/640
f 1160/1160/650 1170/1170/660 1298/1298/434
f 1298/1298/434 1297/1297/435 1160/1160/650
f 1170/1170/660 1180/1180/670 1299/1299/774
f 1299/1299/774 1298/1298/434 1170/1170/660
f 1180/1180/670 1190/1190/680 1300/1300/775
f 1300/1300/775 1299/1299/774 1180/1180/670
f 1190/1190/680 1200/1200/690 1301/1301/776
f 1301/1301/776 1300/1300/775 1190/1190/680
f 1200/1200/690 1210/1210/700 1302/1302/777
f 1302/1302/777 1301/1301/776 1200/1200/690
f 1210/1210/700 1220/1220/710 1303/1303/778
f 1303/1303/778 1302/1302/777 1210/1210/700
f 1220/1220/710 1230/1230/720 1304/1304/779
f 1304/1304/779 1303/1303/778 1220/1220/710
f 1230/1230/720 1240/1240/730 1305/1305/780
f 1305/1305/780 1304/1304/779 1230/1230/720
f 1240/1240/730 1250/1250/740 1306/1306/781
f 1306/1306/781 1305/1305/780 1240/1240/730
f 1250/1250/740 1260/1260/750 1307/1307/423
f 1307/1307/423 1306/1306/781 1250/1250/740
f 1260/1260/750 1270/1270/760 1308/1308/782
f 1308/1308/782 1307/1307/423 1260/1260/750
f 1270/1270/760 1280/1280/770 1309/1309/449
f 1309/1309/449 1308/1308/782 1270/1270/760
f 1280/1280/770 1010/1010/500 1282/1282/448
f 1282/1282/448 1309/1309/449 1280/1280/770
f 585/586/105 607/608/127 937/937/56
f 937/937/56 934/935/57 585/586/105
f 607/608/127 618/619/138 939/939/55
f 939/939/55 937/937/56 607/608/127
f 618/619/138 629/630/149 941/941/54
f 941/941/54 939/939/55 618/619/138
f 629/630/149 640/641/160 943/943/52
f 943/943/52 941/941/54 629/630/149
f 640/641/160 651/652/171 945/945/24
f 945/945/24 943/943/52 640/641/160
f 651/652/171 662/663/182 947/947/457
f 947/947/457 945/945/24 651/652/171
f 674/675/194 673/674/193 950/951/49
f 950/951/49 949/950/460 674/675/194
f 673/674/193 695/696/215 953/953/48
f 953/953/48 950/951/49 673/674/193
f 695/696/215 706/707/226 955/955/47
f 955/955/47 953/953/48 695/696/215
f 706/707/226 717/718/237 957/957/46
f 957/957/46 955/955/47 706/707/226
f 717/718/237 728/729/248 959/959/45
f 959/959/45 957/957/46 717/718/237
f 728/729/248 739/740/259 961/961/32
f 961/961/32 959/959/45 728/729/248
f 739/740/259 750/751/270 963/963/44
f 963/963/44 961/961/32 739/740/259
f 750/751/270 761/762/281 965/965/43
f 965/965/43 963/963/44 750/751/270
f 761/762/281 772/773/292 967/967/42
f 967/967/42 965/965/43 761/762/281
f 772/773/292 783/784/303 969/969/41
f 969/969/41 967/967/42 772/773/292
f 783/784/303 794/795/314 971/971/40
f 971/971/40 969/969/41 783/784/303
f 794/795/314 805/806/325 973/973/39
f 973/973/39 971/971/40 794/795/314
f 805/806/325 816/817/336 975/975/7
f 975/975/7 973/973/39 805/806/325
f 816/817/336 827/828/347 977/977/38
f 977/977/38 975/975/7 816/817/336
f 827/828/347 838/839/358 979/979/37
f 979/979/37 977/977/38 827/828/347
f 838/839/358 849/850/369 981/981/36
f 981/981/36 979/979/37 838/839/358
f 849/850/369 860/861/380 983/983/35
f 983/983/35 981/981/36 849/850/369
f 860/861/380 871/872/391 985/985/33
f 985/985/33 983/983/35 860/861/380
f 871/872/391 882/883/402 987/987/34
f 987/987/34 985/985/33 871/872/391
f 882/883/402 893/894/413 989/989/59
f 989/989/59 987/987/34 882/883/402
f 893/894/413 586/587/106 933/934/58
f 933/934/58 989/989/59 893/894/413
f 586/587/106 585/586/105 934/935/57
f 934/935/57 933/934/58 586/587/106
f 1313/1310/783 1310/1311/105 1311/1312/106
f 1311/1312/106 1312/1313/784 1313/1310/783
f 1315/1314/785 1313/1310/783 1312/1313/784
f 1312/1313/784 1314/1315/109 1315/1314/785
f 1317/1316/786 1315/1314/785 1314/1315/109
f 1314/1315/109 1316/1317/787 1317/1316/786
f 1319/1318/788 1317/1316/786 1316/1317/787
f 1316/1317/787 1318/1319/789 1319/1318/788
f 1321/1320/790 1319/1318/788 1318/1319/789
f 1318/1319/789 1320/1321/791 1321/1320/790
f 1323/1322/116 1321/1320/790 1320/1321/791
f 1320/1321/791 1322/1323/117 1323/1322/116
f 1325/1324/792 1323/1322/116 1322/1323/117
f 1322/1323/117 1324/1325/793 1325/1324/792
f 1327/1326/120 1325/1324/792 1324/1325/793
f 1324/1325/793 1326/1327/794 1327/1326/120
f 1329/1328/795 1327/1326/120 1326/1327/794
f 1326/1327/794 1328/1329/796 1329/1328/795
f 1331/1330/124 1329/1328/795 1328/1329/796
f 1328/1329/796 1330/1331/797 1331/1330/124
f 1333/1332/126 1332/1333/127 1310/1311/105
f 1310/1311/105 1313/1310/783 1333/1332/126
f 1334/1334/798 1333/1332/126 1313/1310/783
f 1313/1310/783 1315/1314/785 1334/1334/798
f 1335/1335/799 1334/1334/798 1315/1314/785
f 1315/1314/785 1317/1316/786 1335/1335/799
f 1336/1336/800 1335/1335/799 1317/1316/786
f 1317/1316/786 1319/1318/788 1336/1336/800
f 1337/1337/801 1336/1336/800 1319/1318/788
f 1319/1318/788 1321/1320/790 1337/1337/801
f 1338/1338/802 1337/1337/801 1321/1320/790
f 1321/1320/790 1323/1322/116 1338/1338/802
f 1339/1339/803 1338/1338/802 1323/1322/116
f 1323/1322/116 1325/1324/792 1339/1339/803
f 1340/1340/804 1339/1339/803 1325/1324/792
f 1325/1324/792 1327/1326/120 1340/1340/804
f 1341/1341/805 1340/1340/804 1327/1326/120
f 1327/1326/120 1329/1328/795 1341/1341/805
f 1342/1342/136 1341/1341/805 1329/1328/795
f 1329/1328/795 1331/1330/124 1342/1342/136
f 1344/1343/806 1343/1344/138 1332/1333/127
f 1332/1333/127 1333/1332/126 1344/1343/806
f 1345/1345/139 1344/1343/806 1333/1332/126
f 1333/1332/126 1334/1334/798 1345/1345/139
f 1346/1346/807 1345/1345/139 1334/1334/798
f 1334/1334/798 1335/1335/799 1346/1346/807
f 1347/1347/808 1346/1346/807 1335/1335/799
f 1335/1335/799 1336/1336/800 1347/1347/808
f 1348/1348/809 1347/1347/808 1336/1336/800
f 1336/1336/800 1337/1337/801 1348/1348/809
f 1349/1349/810 1348/1348/809 1337/1337/801
f 1337/1337/801 1338/1338/802 1349/1349/810
f 1350/1350/811 1349/1349/810 1338/1338/802
f 1338/1338/802 1339/1339/803 1350/1350/811
f 1351/1351/812 1350/1350/811 1339/1339/803
f 1339/1339/803 1340/1340/804 1351/1351/812
f 1352/1352/813 1351/1351/812 1340/1340/804
f 1340/1340/804 1341/1341/805 1352/1352/813
f 1353/1353/147 1352/1352/813 1341/1341/805
f 1341/1341/805 1342/1342/136 1353/1353/147
f 1355/1354/814 1354/1355/149 1343/1344/138
f 1343/1344/138 1344/1343/806 1355/1354/814
f 1356/1356/150 1355/1354/814 1344/1343/806
f 1344/1343/806 1345/1345/139 1356/1356/150
f 1357/1357/151 1356/1356/150 1345/1345/139
f 1345/1345/139 1346/1346/807 1357/1357/151
f 1358/1358/815 1357/1357/151 1346/1346/807
f 1346/1346/807 1347/1347/808 1358/1358/815
f 1359/1359/816 1358/1358/815 1347/1347/808
f 1347/1347/808 1348/1348/809 1359/1359/816
f 1360/1360/817 1359/1359/816 1348/1348/809
f 1348/1348/809 1349/1349/810 1360/1360/817
f 1361/1361/155 1360/1360/817 1349/1349/810
f 1349/1349/810 1350/1350/811 1361/1361/155
f 1362/1362/818 1361/1361/155 1350/1350/811
f 1350/1350/811 1351/1351/812 1362/1362/818
f 1363/1363/819 1362/1362/818 1351/1351/812
f 1351/1351/812 1352/1352/813 1363/1363/819
f 1364/1364/158 1363/1363/819 1352/1352/813
f 1352/1352/813 1353/1353/147 1364/1364/158
f 1366/1365/820 1365/1366/160 1354/1355/149
f 1354/1355/149 1355/1354/814 1366/1365/820
f 1367/1367/161 1366/1365/820 1355/1354/814
f 1355/1354/814 1356/1356/150 1367/1367/161
f 1368/1368/821 1367/1367/161 1356/1356/150
f 1356/1356/150 1357/1357/151 1368/1368/821
f 1369/1369/163 1368/1368/821 1357/1357/151
f 1357/1357/151 1358/1358/815 1369/1369/163
f 1370/1370/164 1369/1369/163 1358/1358/815
f 1358/1358/815 1359/1359/816 1370/1370/164
f 1371/1371/822 1370/1370/164 1359/1359/816
f 1359/1359/816 1360/1360/817 1371/1371/822
f 1372/1372/823 1371/1371/822 1360/1360/817
f 1360/1360/817 1361/1361/155 1372/1372/823
f 1373/1373/167 1372/1372/823 1361/1361/155
f 1361/1361/155 1362/1362/818 1373/1373/167
f 1374/1374/824 1373/1373/167 1362/1362/818
f 1362/1362/818 1363/1363/819 1374/1374/824
f 1375/1375/169 1374/1374/824 1363/1363/819
f 1363/1363/819 1364/1364/158 1375/1375/169
f 1377/1376/170 1376/1377/171 1365/1366/160
f 1365/1366/160 1366/1365/820 1377/1376/170
f 1378/1378/172 1377/1376/170 1366/1365/820
f 1366/1365/820 1367/1367/161 1378/1378/172
f 1379/1379/173 1378/1378/172 1367/1367/161
f 1367/1367/161 1368/1368/821 1379/1379/173
f 1380/1380/174 1379/1379/173 1368/1368/821
f 1368/1368/821 1369/1369/163 1380/1380/174
f 1381/1381/175 1380/1380/174 1369/1369/163
f 1369/1369/163 1370/1370/164 1381/1381/175
f 1382/1382/176 1381/1381/175 1370/1370/164
f 1370/1370/164 1371/1371/822 1382/1382/176
f 1383/1383/177 1382/1382/176 1371/1371/822
f 1371/1371/822 1372/1372/823 1383/1383/177
f 1384/1384/178 1383/1383/177 1372/1372/823
f 1372/1372/823 1373/1373/167 1384/1384/178
f 1385/1385/179 1384/1384/178 1373/1373/167
f 1373/1373/167 1374/1374/824 1385/1385/179
f 1386/1386/180 1385/1385/179 1374/1374/824
f 1374/1374/824 1375/1375/169 1386/1386/180
f 1388/1387/181 1387/1388/182 1376/1377/171
f 1376/1377/171 1377/1376/170 1388/1387/181
f 1389/1389/183 1388/1387/181 1377/1376/170
f 1377/1376/170 1378/1378/172 1389/1389/183
f 1390/1390/184 1389/1389/183 1378/1378/172
f 1378/1378/172 1379/1379/173 1390/1390/184
f 1391/1391/185 1390/1390/184 1379/1379/173
f 1379/1379/173 1380/1380/174 1391/1391/185
f 1392/1392/825 1391/1391/185 1380/1380/174
f 1380/1380/174 1381/1381/175 1392/1392/825
f 1393/1393/187 1392/1392/825 1381/1381/175
f 1381/1381/175 1382/1382/176 1393/1393/187
f 1394/1394/188 1393/1393/187 1382/1382/176
f 1382/1382/176 1383/1383/177 1394/1394/188
f 1395/1395/189 1394/1394/188 1383/1383/177
f 1383/1383/177 1384/1384/178 1395/1395/189
f 1396/1396/190 1395/1395/189 1384/1384/178
f 1384/1384/178 1385/1385/179 1396/1396/190
f 1397/1397/826 1396/1396/190 1385/1385/179
f 1385/1385/179 1386/1386/180 1397/1397/826
f 1401/1398/827 1398/1399/193 1399/1400/194
f 1399/1400/194 1400/1401/195 1401/1398/827
f 1403/1402/828 1401/1398/827 1400/1401/195
f 1400/1401/195 1402/1403/197 1403/1402/828
f 1405/1404/829 1403/1402/828 1402/1403/197
f 1402/1403/197 1404/1405/199 1405/1404/829
f 1407/1406/830 1405/1404/829 1404/1405/199
f 1404/1405/199 1406/1407/831 1407/1406/830
f 1409/1408/832 1407/1406/830 1406/1407/831
f 1406/1407/831 1408/1409/203 1409/1408/832
f 1411/1410/833 1409/1408/832 1408/1409/203
f 1408/1409/203 1410/1411/205 1411/1410/833
f 1413/1412/206 1411/1410/833 1410/1411/205
f 1410/1411/205 1412/1413/207 1413/1412/206
f 1415/1414/208 1413/1412/206 1412/1413/207
f 1412/1413/207 1414/1415/209 1415/1414/208
f 1417/1416/210 1415/1414/208 1414/1415/209
f 1414/1415/209 1416/1417/211 1417/1416/210
f 1419/1418/212 1417/1416/210 1416/1417/211
f 1416/1417/211 1418/1419/826 1419/1418/212
f 1421/1420/834 1420/1421/215 1398/1399/193
f 1398/1399/193 1401/1398/827 1421/1420/834
f 1422/1422/216 1421/1420/834 1401/1398/827
f 1401/1398/827 1403/1402/828 1422/1422/216
f 1423/1423/217 1422/1422/216 1403/1402/828
f 1403/1402/828 1405/1404/829 1423/1423/217
f 1424/1424/835 1423/1423/217 1405/1404/829
f 1405/1404/829 1407/1406/830 1424/1424/835
f 1425/1425/219 1424/1424/835 1407/1406/830
f 1407/1406/830 1409/1408/832 1425/1425/219
f 1426/1426/836 1425/1425/219 1409/1408/832
f 1409/1408/832 1411/1410/833 1426/1426/836
f 1427/1427/221 1426/1426/836 1411/1410/833
f 1411/1410/833 1413/1412/206 1427/1427/221
f 1428/1428/837 1427/1427/221 1413/1412/206
f 1413/1412/206 1415/1414/208 1428/1428/837
f 1429/1429/838 1428/1428/837 1415/1414/208
f 1415/1414/208 1417/1416/210 1429/1429/838
f 1430/1430/224 1429/1429/838 1417/1416/210
f 1417/1416/210 1419/1418/212 1430/1430/224
f 1432/1431/839 1431/1432/226 1420/1421/215
f 1420/1421/215 1421/1420/834 1432/1431/839
f 1433/1433/840 1432/1431/839 1421/1420/834
f 1421/1420/834 1422/1422/216 1433/1433/840
f 1434/1434/841 1433/1433/840 1422/1422/216
f 1422/1422/216 1423/1423/217 1434/1434/841
f 1435/1435/229 1434/1434/841 1423/1423/217
f 1423/1423/217 1424/1424/835 1435/1435/229
f 1436/1436/842 1435/1435/229 1424/1424/835
f 1424/1424/835 1425/1425/219 1436/1436/842
f 1437/1437/843 1436/1436/842 1425/1425/219
f 1425/1425/219 1426/1426/836 1437/1437/843
f 1438/1438/844 1437/1437/843 1426/1426/836
f 1426/1426/836 1427/1427/221 1438/1438/844
f 1439/1439/845 1438/1438/844 1427/1427/221
f 1427/1427/221 1428/1428/837 1439/1439/845
f 1440/1440/846 1439/1439/845 1428/1428/837
f 1428/1428/837 1429/1429/838 1440/1440/846
f 1441/1441/235 1440/1440/846 1429/1429/838
f 1429/1429/838 1430/1430/224 1441/1441/235
f 1443/1442/847 1442/1443/237 1431/1432/226
f 1431/1432/226 1432/1431/839 1443/1442/847
f 1444/1444/848 1443/1442/847 1432/1431/839
f 1432/1431/839 1433/1433/840 1444/1444/848
f 1445/1445/849 1444/1444/848 1433/1433/840
f 1433/1433/840 1434/1434/841 1445/1445/849
f 1446/1446/850 1445/1445/849 1434/1434/841
f 1434/1434/841 1435/1435/229 1446/1446/850
f 1447/1447/851 1446/1446/850 1435/1435/229
f 1435/1435/229 1436/1436/842 1447/1447/851
f 1448/1448/852 1447/1447/851 1436/1436/842
f 1436/1436/842 1437/1437/843 1448/1448/852
f 1449/1449/243 1448/1448/852 1437/1437/843
f 1437/1437/843 1438/1438/844 1449/1449/243
f 1450/1450/853 1449/1449/243 1438/1438/844
f 1438/1438/844 1439/1439/845 1450/1450/853
f 1451/1451/245 1450/1450/853 1439/1439/845
f 1439/1439/845 1440/1440/846 1451/1451/245
f 1452/1452/246 1451/1451/245 1440/1440/846
f 1440/1440/846 1441/1441/235 1452/1452/246
f 1454/1453/854 1453/1454/248 1442/1443/237
f 1442/1443/237 1443/1442/847 1454/1453/854
f 1455/1455/855 1454/1453/854 1443/1442/847
f 1443/1442/847 1444/1444/848 1455/1455/855
f 1456/1456/856 1455/1455/855 1444/1444/848
f 1444/1444/848 1445/1445/849 1456/1456/856
f 1457/1457/857 1456/1456/856 1445/1445/849
f 1445/1445/849 1446/1446/850 1457/1457/857
f 1458/1458/252 1457/1457/857 1446/1446/850
f 1446/1446/850 1447/1447/851 1458/1458/252
f 1459/1459/253 1458/1458/252 1447/1447/851
f 1447/1447/851 1448/1448/852 1459/1459/253
f 1460/1460/858 1459/1459/253 1448/1448/852
f 1448/1448/852 1449/1449/243 1460/1460/858
f 1461/1461/859 1460/1460/858 1449/1449/243
f 1449/1449/243 1450/1450/853 1461/1461/859
f 1462/1462/256 1461/1461/859 1450/1450/853
f 1450/1450/853 1451/1451/245 1462/1462/256
f 1463/1463/257 1462/1462/256 1451/1451/245
f 1451/1451/245 1452/1452/246 1463/1463/257
f 1465/1464/860 1464/1465/259 1453/1454/248
f 1453/1454/248 1454/1453/854 1465/1464/860
f 1466/1466/260 1465/1464/860 1454/1453/854
f 1454/1453/854 1455/1455/855 1466/1466/260
f 1467/1467/261 1466/1466/260 1455/1455/855
f 1455/1455/855 1456/1456/856 1467/1467/261
f 1468/1468/262 1467/1467/261 1456/1456/856
f 1456/1456/856 1457/1457/857 1468/1468/262
f 1469/1469/263 1468/1468/262 1457/1457/857
f 1457/1457/857 1458/1458/252 1469/1469/263
f 1470/1470/264 1469/1469/263 1458/1458/252
f 1458/1458/252 1459/1459/253 1470/1470/264
f 1471/1471/265 1470/1470/264 1459/1459/253
f 1459/1459/253 1460/1460/858 1471/1471/265
f 1472/1472/861 1471/1471/265 1460/1460/858
f 1460/1460/858 1461/1461/859 1472/1472/861
f 1473/1473/862 1472/1472/861 1461/1461/859
f 1461/1461/859 1462/1462/256 1473/1473/862
f 1474/1474/268 1473/1473/862 1462/1462/256
f 1462/1462/256 1463/1463/257 1474/1474/268
f 1476/1475/269 1475/1476/270 1464/1465/259
f 1464/1465/259 1465/1464/860 1476/1475/269
f 1477/1477/863 1476/1475/269 1465/1464/860
f 1465/1464/860 1466/1466/260 1477/1477/863
f 1478/1478/864 1477/1477/863 1466/1466/260
f 1466/1466/260 1467/1467/261 1478/1478/864
f 1479/1479/865 1478/1478/864 1467/1467/261
f 1467/1467/261 1468/1468/262 1479/1479/865
f 1480/1480/866 1479/1479/865 1468/1468/262
f 1468/1468/262 1469/1469/263 1480/1480/866
f 1481/1481/275 1480/1480/866 1469/1469/263
f 1469/1469/263 1470/1470/264 1481/1481/275
f 1482/1482/867 1481/1481/275 1470/1470/264
f 1470/1470/264 1471/1471/265 1482/1482/867
f 1483/1483/868 1482/1482/867 1471/1471/265
f 1471/1471/265 1472/1472/861 1483/1483/868
f 1484/1484/869 1483/1483/868 1472/1472/861
f 1472/1472/861 1473/1473/862 1484/1484/869
f 1485/1485/870 1484/1484/869 1473/1473/862
f 1473/1473/862 1474/1474/268 1485/1485/870
f 1487/1486/280 1486/1487/281 1475/1476/270
f 1475/1476/270 1476/1475/269 1487/1486/280
f 1488/1488/871 1487/1486/280 1476/1475/269
f 1476/1475/269 1477/1477/863 1488/1488/871
f 1489/1489/872 1488/1488/871 1477/1477/863
f 1477/1477/863 1478/1478/864 1489/1489/872
f 1490/1490/873 1489/1489/872 1478/1478/864
f 1478/1478/864 1479/1479/865 1490/1490/873
f 1491/1491/285 1490/1490/873 1479/1479/865
f 1479/1479/865 1480/1480/866 1491/1491/285
f 1492/1492/874 1491/1491/285 1480/1480/866
f 1480/1480/866 1481/1481/275 1492/1492/874
f 1493/1493/875 1492/1492/874 1481/1481/275
f 1481/1481/275 1482/1482/867 1493/1493/875
f 1494/1494/288 1493/1493/875 1482/1482/867
f 1482/1482/867 1483/1483/868 1494/1494/288
f 1495/1495/289 1494/1494/288 1483/1483/868
f 1483/1483/868 1484/1484/869 1495/1495/289
f 1496/1496/290 1495/1495/289 1484/1484/869
f 1484/1484/869 1485/1485/870 1496/1496/290
f 1498/1497/876 1497/1498/292 1486/1487/281
f 1486/1487/281 1487/1486/280 1498/1497/876
f 1499/1499/877 1498/1497/876 1487/1486/280
f 1487/1486/280 1488/1488/871 1499/1499/877
f 1500/1500/878 1499/1499/877 1488/1488/871
f 1488/1488/871 1489/1489/872 1500/1500/878
f 1501/1501/879 1500/1500/878 1489/1489/872
f 1489/1489/872 1490/1490/873 1501/1501/879
f 1502/1502/880 1501/1501/879 1490/1490/873
f 1490/1490/873 1491/1491/285 1502/1502/880
f 1503/1503/881 1502/1502/880 1491/1491/285
f 1491/1491/285 1492/1492/874 1503/1503/881
f 1504/1504/882 1503/1503/881 1492/1492/874
f 1492/1492/874 1493/1493/875 1504/1504/882
f 1505/1505/299 1504/1504/882 1493/1493/875
f 1493/1493/875 1494/1494/288 1505/1505/299
f 1506/1506/883 1505/1505/299 1494/1494/288
f 1494/1494/288 1495/1495/289 1506/1506/883
f 1507/1507/301 1506/1506/883 1495/1495/289
f 1495/1495/289 1496/1496/290 1507/1507/301
f 1509/1508/884 1508/1509/303 1497/1498/292
f 1497/1498/292 1498/1497/876 1509/1508/884
f 1510/1510/885 1509/1508/884 1498/1497/876
f 1498/1497/876 1499/1499/877 1510/1510/885
f 1511/1511/886 1510/1510/885 1499/1499/877
f 1499/1499/877 1500/1500/878 1511/1511/886
f 1512/1512/887 1511/1511/886 1500/1500/878
f 1500/1500/878 1501/1501/879 1512/1512/887
f 1513/1513/888 1512/1512/887 1501/1501/879
f 1501/1501/879 1502/1502/880 1513/1513/888
f 1514/1514/889 1513/1513/888 1502/1502/880
f 1502/1502/880 1503/1503/881 1514/1514/889
f 1515/1515/890 1514/1514/889 1503/1503/881
f 1503/1503/881 1504/1504/882 1515/1515/890
f 1516/1516/891 1515/1515/890 1504/1504/882
f 1504/1504/882 1505/1505/299 1516/1516/891
f 1517/1517/892 1516/1516/891 1505/1505/299
f 1505/1505/299 1506/1506/883 1517/1517/892
f 1518/1518/312 1517/1517/892 1506/1506/883
f 1506/1506/883 1507/1507/301 1518/1518/312
f 1520/1519/893 1519/1520/894 1508/1509/303
f 1508/1509/303 1509/1508/884 1520/1519/893
f 1521/1521/315 1520/1519/893 1509/1508/884
f 1509/1508/884 1510/1510/885 1521/1521/315
f 1522/1522/895 1521/1521/315 1510/1510/885
f 1510/1510/885 1511/1511/886 1522/1522/895
f 1523/1523/896 1522/1522/895 1511/1511/886
f 1511/1511/886 1512/1512/887 1523/1523/896
f 1524/1524/318 1523/1523/896 1512/1512/887
f 1512/1512/887 1513/1513/888 1524/1524/318
f 1525/1525/897 1524/1524/318 1513/1513/888
f 1513/1513/888 1514/1514/889 1525/1525/897
f 1526/1526/320 1525/1525/897 1514/1514/889
f 1514/1514/889 1515/1515/890 1526/1526/320
f 1527/1527/321 1526/1526/320 1515/1515/890
f 1515/1515/890 1516/1516/891 1527/1527/321
f 1528/1528/322 1527/1527/321 1516/1516/891
f 1516/1516/891 1517/1517/892 1528/1528/322
f 1529/1529/323 1528/1528/322 1517/1517/892
f 1517/1517/892 1518/1518/312 1529/1529/323
f 1531/1530/324 1530/1531/325 1519/1520/894
f 1519/1520/894 1520/1519/893 1531/1530/324
f 1532/1532/326 1531/1530/324 1520/1519/893
f 1520/1519/893 1521/1521/315 1532/1532/326
f 1533/1533/327 1532/1532/326 1521/1521/315
f 1521/1521/315 1522/1522/895 1533/1533/327
f 1534/1534/328 1533/1533/327 1522/1522/895
f 1522/1522/895 1523/1523/896 1534/1534/328
f 1535/1535/898 1534/1534/328 1523/1523/896
f 1523/1523/896 1524/1524/318 1535/1535/898
f 1536/1536/330 1535/1535/898 1524/1524/318
f 1524/1524/318 1525/1525/897 1536/1536/330
f 1537/1537/331 1536/1536/330 1525/1525/897
f 1525/1525/897 1526/1526/320 1537/1537/331
f 1538/1538/899 1537/1537/331 1526/1526/320
f 1526/1526/320 1527/1527/321 1538/1538/899
f 1539/1539/333 1538/1538/899 1527/1527/321
f 1527/1527/321 1528/1528/322 1539/1539/333
f 1540/1540/334 1539/1539/333 1528/1528/322
f 1528/1528/322 1529/1529/323 1540/1540/334
f 1542/1541/335 1541/1542/336 1530/1531/325
f 1530/1531/325 1531/1530/324 1542/1541/335
f 1543/1543/337 1542/1541/335 1531/1530/324
f 1531/1530/324 1532/1532/326 1543/1543/337
f 1544/1544/338 1543/1543/337 1532/1532/326
f 1532/1532/326 1533/1533/327 1544/1544/338
f 1545/1545/339 1544/1544/338 1533/1533/327
f 1533/1533/327 1534/1534/328 1545/1545/339
f 1546/1546/340 1545/1545/339 1534/1534/328
f 1534/1534/328 1535/1535/898 1546/1546/340
f 1547/1547/341 1546/1546/340 1535/1535/898
f 1535/1535/898 1536/1536/330 1547/1547/341
f 1548/1548/342 1547/1547/341 1536/1536/330
f 1536/1536/330 1537/1537/331 1548/1548/342
f 1549/1549/343 1548/1548/342 1537/1537/331
f 1537/1537/331 1538/1538/899 1549/1549/343
f 1550/1550/344 1549/1549/343 1538/1538/899
f 1538/1538/899 1539/1539/333 1550/1550/344
f 1551/1551/345 1550/1550/344 1539/1539/333
f 1539/1539/333 1540/1540/334 1551/1551/345
f 1553/1552/900 1552/1553/347 1541/1542/336
f 1541/1542/336 1542/1541/335 1553/1552/900
f 1554/1554/348 1553/1552/900 1542/1541/335
f 1542/1541/335 1543/1543/337 1554/1554/348
f 1555/1555/349 1554/1554/348 1543/1543/337
f 1543/1543/337 1544/1544/338 1555/1555/349
f 1556/1556/350 1555/1555/349 1544/1544/338
f 1544/1544/338 1545/1545/339 1556/1556/350
f 1557/1557/351 1556/1556/350 1545/1545/339
f 1545/1545/339 1546/1546/340 1557/1557/351
f 1558/1558/352 1557/1557/351 1546/1546/340
f 1546/1546/340 1547/1547/341 1558/1558/352
f 1559/1559/353 1558/1558/352 1547/1547/341
f 1547/1547/341 1548/1548/342 1559/1559/353
f 1560/1560/354 1559/1559/353 1548/1548/342
f 1548/1548/342 1549/1549/343 1560/1560/354
f 1561/1561/901 1560/1560/354 1549/1549/343
f 1549/1549/343 1550/1550/344 1561/1561/901
f 1562/1562/356 1561/1561/901 1550/1550/344
f 1550/1550/344 1551/1551/345 1562/1562/356
f 1564/1563/357 1563/1564/358 1552/1553/347
f 1552/1553/347 1553/1552/900 1564/1563/357
f 1565/1565/902 1564/1563/357 1553/1552/900
f 1553/1552/900 1554/1554/348 1565/1565/902
f 1566/1566/360 1565/1565/902 1554/1554/348
f 1554/1554/348 1555/1555/349 1566/1566/360
f 1567/1567/361 1566/1566/360 1555/1555/349
f 1555/1555/349 1556/1556/350 1567/1567/361
f 1568/1568/903 1567/1567/361 1556/1556/350
f 1556/1556/350 1557/1557/351 1568/1568/903
f 1569/1569/904 1568/1568/903 1557/1557/351
f 1557/1557/351 1558/1558/352 1569/1569/904
f 1570/1570/364 1569/1569/904 1558/1558/352
f 1558/1558/352 1559/1559/353 1570/1570/364
f 1571/1571/905 1570/1570/364 1559/1559/353
f 1559/1559/353 1560/1560/354 1571/1571/905
f 1572/1572/906 1571/1571/905 1560/1560/354
f 1560/1560/354 1561/1561/901 1572/1572/906
f 1573/1573/367 1572/1572/906 1561/1561/901
f 1561/1561/901 1562/1562/356 1573/1573/367
f 1575/1574/907 1574/1575/369 1563/1564/358
f 1563/1564/358 1564/1563/357 1575/1574/907
f 1576/1576/370 1575/1574/907 1564/1563/357
f 1564/1563/357 1565/1565/902 1576/1576/370
f 1577/1577/371 1576/1576/370 1565/1565/902
f 1565/1565/902 1566/1566/360 1577/1577/371
f 1578/1578/908 1577/1577/371 1566/1566/360
f 1566/1566/360 1567/1567/361 1578/1578/908
f 1579/1579/909 1578/1578/908 1567/1567/361
f 1567/1567/361 1568/1568/903 1579/1579/909
f 1580/1580/374 1579/1579/909 1568/1568/903
f 1568/1568/903 1569/1569/904 1580/1580/374
f 1581/1581/910 1580/1580/374 1569/1569/904
f 1569/1569/904 1570/1570/364 1581/1581/910
f 1582/1582/911 1581/1581/910 1570/1570/364
f 1570/1570/364 1571/1571/905 1582/1582/911
f 1583/1583/377 1582/1582/911 1571/1571/905
f 1571/1571/905 1572/1572/906 1583/1583/377
f 1584/1584/378 1583/1583/377 1572/1572/906
f 1572/1572/906 1573/1573/367 1584/1584/378
f 1586/1585/912 1585/1586/380 1574/1575/369
f 1574/1575/369 1575/1574/907 1586/1585/912
f 1587/1587/913 1586/1585/912 1575/1574/907
f 1575/1574/907 1576/1576/370 1587/1587/913
f 1588/1588/382 1587/1587/913 1576/1576/370
f 1576/1576/370 1577/1577/371 1588/1588/382
f 1589/1589/914 1588/1588/382 1577/1577/371
f 1577/1577/371 1578/1578/908 1589/1589/914
f 1590/1590/384 1589/1589/914 1578/1578/908
f 1578/1578/908 1579/1579/909 1590/1590/384
f 1591/1591/915 1590/1590/384 1579/1579/909
f 1579/1579/909 1580/1580/374 1591/1591/915
f 1592/1592/916 1591/1591/915 1580/1580/374
f 1580/1580/374 1581/1581/910 1592/1592/916
f 1593/1593/917 1592/1592/916 1581/1581/910
f 1581/1581/910 1582/1582/911 1593/1593/917
f 1594/1594/388 1593/1593/917 1582/1582/911
f 1582/1582/911 1583/1583/377 1594/1594/388
f 1595/1595/389 1594/1594/388 1583/1583/377
f 1583/1583/377 1584/1584/378 1595/1595/389
f 1597/1596/918 1596/1597/391 1585/1586/380
f 1585/1586/380 1586/1585/912 1597/1596/918
f 1598/1598/392 1597/1596/918 1586/1585/912
f 1586/1585/912 1587/1587/913 1598/1598/392
f 1599/1599/919 1598/1598/392 1587/1587/913
f 1587/1587/913 1588/1588/382 1599/1599/919
f 1600/1600/394 1599/1599/919 1588/1588/382
f 1588/1588/382 1589/1589/914 1600/1600/394
f 1601/1601/920 1600/1600/394 1589/1589/914
f 1589/1589/914 1590/1590/384 1601/1601/920
f 1602/1602/921 1601/1601/920 1590/1590/384
f 1590/1590/384 1591/1591/915 1602/1602/921
f 1603/1603/922 1602/1602/921 1591/1591/915
f 1591/1591/915 1592/1592/916 1603/1603/922
f 1604/1604/398 1603/1603/922 1592/1592/916
f 1592/1592/916 1593/1593/917 1604/1604/398
f 1605/1605/923 1604/1604/398 1593/1593/917
f 1593/1593/917 1594/1594/388 1605/1605/923
f 1606/1606/400 1605/1605/923 1594/1594/388
f 1594/1594/388 1595/1595/389 1606/1606/400
f 1608/1607/401 1607/1608/402 1596/1597/391
f 1596/1597/391 1597/1596/918 1608/1607/401
f 1609/1609/924 1608/1607/401 1597/1596/918
f 1597/1596/918 1598/1598/392 1609/1609/924
f 1610/1610/404 1609/1609/924 1598/1598/392
f 1598/1598/392 1599/1599/919 1610/1610/404
f 1611/1611/405 1610/1610/404 1599/1599/919
f 1599/1599/919 1600/1600/394 1611/1611/405
f 1612/1612/406 1611/1611/405 1600/1600/394
f 1600/1600/394 1601/1601/920 1612/1612/406
f 1613/1613/925 1612/1612/406 1601/1601/920
f 1601/1601/920 1602/1602/921 1613/1613/925
f 1614/1614/926 1613/1613/925 1602/1602/921
f 1602/1602/921 1603/1603/922 1614/1614/926
f 1615/1615/927 1614/1614/926 1603/1603/922
f 1603/1603/922 1604/1604/398 1615/1615/927
f 1616/1616/928 1615/1615/927 1604/1604/398
f 1604/1604/398 1605/1605/923 1616/1616/928
f 1617/1617/929 1616/1616/928 1605/1605/923
f 1605/1605/923 1606/1606/400 1617/1617/929
f 1619/1618/930 1618/1619/413 1607/1608/402
f 1607/1608/402 1608/1607/401 1619/1618/930
f 1620/1620/931 1619/1618/930 1608/1607/401
f 1608/1607/401 1609/1609/924 1620/1620/931
f 1621/1621/932 1620/1620/931 1609/1609/924
f 1609/1609/924 1610/1610/404 1621/1621/932
f 1622/1622/933 1621/1621/932 1610/1610/404
f 1610/1610/404 1611/1611/405 1622/1622/933
f 1623/1623/417 1622/1622/933 1611/1611/405
f 1611/1611/405 1612/1612/406 1623/1623/417
f 1624/1624/418 1623/1623/417 1612/1612/406
f 1612/1612/406 1613/1613/925 1624/1624/418
f 1625/1625/419 1624/1624/418 1613/1613/925
f 1613/1613/925 1614/1614/926 1625/1625/419
f 1626/1626/934 1625/1625/419 1614/1614/926
f 1614/1614/926 1615/1615/927 1626/1626/934
f 1627/1627/935 1626/1626/934 1615/1615/927
f 1615/1615/927 1616/1616/928 1627/1627/935
f 1628/1628/936 1627/1627/935 1616/1616/928
f 1616/1616/928 1617/1617/929 1628/1628/936
f 1312/1313/784 1311/1312/106 1618/1619/413
f 1618/1619/413 1619/1618/930 1312/1313/784
f 1314/1315/109 1312/1313/784 1619/1618/930
f 1619/1618/930 1620/1620/931 1314/1315/109
f 1316/1317/787 1314/1315/109 1620/1620/931
f 1620/1620/931 1621/1621/932 1316/1317/787
f 1318/1319/789 1316/1317/787 1621/1621/932
f 1621/1621/932 1622/1622/933 1318/1319/789
f 1320/1321/791 1318/1319/789 1622/1622/933
f 1622/1622/933 1623/1623/417 1320/1321/791
f 1322/1323/117 1320/1321/791 1623/1623/417
f 1623/1623/417 1624/1624/418 1322/1323/117
f 1324/1325/793 1322/1323/117 1624/1624/418
f 1624/1624/418 1625/1625/419 1324/1325/793
f 1326/1327/794 1324/1325/793 1625/1625/419
f 1625/1625/419 1626/1626/934 1326/1327/794
f 1328/1329/796 1326/1327/794 1626/1626/934
f 1626/1626/934 1627/1627/935 1328/1329/796
f 1330/1331/797 1328/1329/796 1627/1627/935
f 1627/1627/935 1628/1628/936 1330/1331/797
f 1630/1629/937 1331/1330/124 1330/1331/797
f 1330/1331/797 1629/1630/424 1630/1629/937
f 1631/1631/425 1342/1342/136 1331/1330/124
f 1331/1330/124 1630/1629/937 1631/1631/425
f 1632/1632/426 1353/1353/147 1342/1342/136
f 1342/1342/136 1631/1631/425 1632/1632/426
f 1633/1633/427 1364/1364/158 1353/1353/147
f 1353/1353/147 1632/1632/426 1633/1633/427
f 1634/1634/428 1375/1375/169 1364/1364/158
f 1364/1364/158 1633/1633/427 1634/1634/428
f 1635/1635/429 1386/1386/180 1375/1375/169
f 1375/1375/169 1634/1634/428 1635/1635/429
f 1636/1636/430 1397/1397/826 1386/1386/180
f 1386/1386/180 1635/1635/429 1636/1636/430
f 1638/1637/431 1419/1418/212 1418/1419/826
f 1418/1419/826 1637/1638/432 1638/1637/431
f 1639/1639/433 1430/1430/224 1419/1418/212
f 1419/1418/212 1638/1637/431 1639/1639/433
f 1640/1640/434 1441/1441/235 1430/1430/224
f 1430/1430/224 1639/1639/433 1640/1640/434
f 1641/1641/435 1452/1452/246 1441/1441/235
f 1441/1441/235 1640/1640/434 1641/1641/435
f 1642/1642/938 1463/1463/257 1452/1452/246
f 1452/1452/246 1641/1641/435 1642/1642/938
f 1643/1643/32 1474/1474/268 1463/1463/257
f 1463/1463/257 1642/1642/938 1643/1643/32
f 1644/1644/437 1485/1485/870 1474/1474/268
f 1474/1474/268 1643/1643/32 1644/1644/437
f 1645/1645/438 1496/1496/290 1485/1485/870
f 1485/1485/870 1644/1644/437 1645/1645/438
f 1646/1646/439 1507/1507/301 1496/1496/290
f 1496/1496/290 1645/1645/438 1646/1646/439
f 1647/1647/939 1518/1518/312 1507/1507/301
f 1507/1507/301 1646/1646/439 1647/1647/939
f 1648/1648/441 1529/1529/323 1518/1518/312
f 1518/1518/312 1647/1647/939 1648/1648/441
f 1649/1649/442 1540/1540/334 1529/1529/323
f 1529/1529/323 1648/1648/441 1649/1649/442
f 1650/1650/17 1551/1551/345 1540/1540/334
f 1540/1540/334 1649/1649/442 1650/1650/17
f 1651/1651/443 1562/1562/356 1551/1551/345
f 1551/1551/345 1650/1650/17 1651/1651/443
f 1652/1652/444 1573/1573/367 1562/1562/356
f 1562/1562/356 1651/1651/443 1652/1652/444
f 1653/1653/445 1584/1584/378 1573/1573/367
f 1573/1573/367 1652/1652/444 1653/1653/445
f 1654/1654/446 1595/1595/389 1584/1584/378
f 1584/1584/378 1653/1653/445 1654/1654/446
f 1655/1655/447 1606/1606/400 1595/1595/389
f 1595/1595/389 1654/1654/446 1655/1655/447
f 1656/1656/448 1617/1617/929 1606/1606/400
f 1606/1606/400 1655/1655/447 1656/1656/448
f 1657/1657/449 1628/1628/936 1617/1617/929
f 1617/1617/929 1656/1656/448 1657/1657/449
f 1629/1630/424 1330/1331/797 1628/1628/936
f 1628/1628/936 1657/1657/449 1629/1630/424
f 1661/1658/450 1658/1659/58 1659/1660/57
f 1659/1660/57 1660/1661/451 1661/1658/450
f 1660/1661/451 1659/1660/57 1662/1662/56
f 1662/1662/56 1663/1663/940 1660/1661/451
f 1663/1663/940 1662/1662/56 1664/1664/55
f 1664/1664/55 1665/1665/453 1663/1663/940
f 1665/1665/453 1664/1664/55 1666/1666/54
f 1666/1666/54 1667/1667/941 1665/1665/453
f 1667/1667/941 1666/1666/54 1668/1668/52
f 1668/1668/52 1669/1669/455 1667/1667/941
f 1669/1669/455 1668/1668/52 1670/1670/24
f 1670/1670/24 1671/1671/456 1669/1669/455
f 1671/1671/456 1670/1670/24 1672/1672/457
f 1672/1672/457 1673/1673/458 1671/1671/456
f 1677/1674/459 1674/1675/460 1675/1676/49
f 1675/1676/49 1676/1677/461 1677/1674/459
f 1676/1677/461 1675/1676/49 1678/1678/48
f 1678/1678/48 1679/1679/462 1676/1677/461
f 1679/1679/462 1678/1678/48 1680/1680/47
f 1680/1680/47 1681/1681/463 1679/1679/462
f 1681/1681/463 1680/1680/47 1682/1682/46
f 1682/1682/46 1683/1683/464 1681/1681/463
f 1683/1683/464 1682/1682/46 1684/1684/45
f 1684/1684/45 1685/1685/465 1683/1683/464
f 1685/1685/465 1684/1684/45 1686/1686/32
f 1686/1686/32 1687/1687/466 1685/1685/465
f 1687/1687/466 1686/1686/32 1688/1688/44
f 1688/1688/44 1689/1689/467 1687/1687/466
f 1689/1689/467 1688/1688/44 1690/1690/43
f 1690/1690/43 1691/1691/468 1689/1689/467
f 1691/1691/468 1690/1690/43 1692/1692/42
f 1692/1692/42 1693/1693/469 1691/1691/468
f 1693/1693/469 1692/1692/42 1694/1694/41
f 1694/1694/41 1695/1695/470 1693/1693/469
f 1695/1695/470 1694/1694/41 1696/1696/40
f 1696/1696/40 1697/1697/471 1695/1695/470
f 1697/1697/471 1696/1696/40 1698/1698/39
f 1698/1698/39 1699/1699/472 1697/1697/471
f 1699/1699/472 1698/1698/39 1700/1700/7
f 1700/1700/7 1701/1701/473 1699/1699/472
f 1701/1701/473 1700/1700/7 1702/1702/38
f 1702/1702/38 1703/1703/474 1701/1701/473
f 1703/1703/474 1702/1702/38 1704/1704/37
f 1704/1704/37 1705/1705/475 1703/1703/474
f 1705/1705/475 1704/1704/37 1706/1706/36
f 1706/1706/36 1707/1707/476 1705/1705/475
f 1707/1707/476 1706/1706/36 1708/1708/35
f 1708/1708/35 1709/1709/477 1707/1707/476
f 1709/1709/477 1708/1708/35 1710/1710/33
f 1710/1710/33 1711/1711/942 1709/1709/477
f 1711/1711/942 1710/1710/33 1712/1712/34
f 1712/1712/34 1713/1713/943 1711/1711/942
f 1713/1713/943 1712/1712/34 1714/1714/59
f 1714/1714/59 1715/1715/480 1713/1713/943
f 1715/1715/480 1714/1714/59 1658/1659/58
f 1658/1659/58 1661/1658/450 1715/1715/480
f 1661/1658/450 1660/1661/451 1716/1716/944
f 1716/1716/944 1717/1717/482 1661/1658/450
f 1717/1717/482 1716/1716/944 1718/1718/945
f 1718/1718/945 1719/1719/484 1717/1717/482
f 1719/1719/484 1718/1718/945 1720/1720/485
f 1720/1720/485 1721/1721/946 1719/1719/484
f 1721/1721/946 1720/1720/485 1722/1722/487
f 1722/1722/487 1723/1723/488 1721/1721/946
f 1723/1723/488 1722/1722/487 1724/1724/947
f 1724/1724/947 1725/1725/948 1723/1723/488
f 1725/1725/948 1724/1724/947 1726/1726/491
f 1726/1726/491 1727/1727/949 1725/1725/948
f 1727/1727/949 1726/1726/491 1728/1728/493
f 1728/1728/493 1729/1729/950 1727/1727/949
f 1729/1729/950 1728/1728/493 1730/1730/951
f 1730/1730/951 1731/1731/496 1729/1729/950
f 1731/1731/496 1730/1730/951 1732/1732/952
f 1732/1732/952 1733/1733/953 1731/1731/496
f 1733/1733/953 1732/1732/952 1734/1734/499
f 1734/1734/499 1735/1735/500 1733/1733/953
f 1660/1661/451 1663/1663/940 1736/1736/501
f 1736/1736/501 1716/1716/944 1660/1661/451
f 1716/1716/944 1736/1736/501 1737/1737/954
f 1737/1737/954 1718/1718/945 1716/1716/944
f 1718/1718/945 1737/1737/954 1738/1738/955
f 1738/1738/955 1720/1720/485 1718/1718/945
f 1720/1720/485 1738/1738/955 1739/1739/504
f 1739/1739/504 1722/1722/487 1720/1720/485
f 1722/1722/487 1739/1739/504 1740/1740/956
f 1740/1740/956 1724/1724/947 1722/1722/487
f 1724/1724/947 1740/1740/956 1741/1741/506
f 1741/1741/506 1726/1726/491 1724/1724/947
f 1726/1726/491 1741/1741/506 1742/1742/507
f 1742/1742/507 1728/1728/493 1726/1726/491
f 1728/1728/493 1742/1742/507 1743/1743/957
f 1743/1743/957 1730/1730/951 1728/1728/493
f 1730/1730/951 1743/1743/957 1744/1744/509
f 1744/1744/509 1732/1732/952 1730/1730/951
f 1732/1732/952 1744/1744/509 1745/1745/510
f 1745/1745/510 1734/1734/499 1732/1732/952
f 1663/1663/940 1665/1665/453 1746/1746/511
f 1746/1746/511 1736/1736/501 1663/1663/940
f 1736/1736/501 1746/1746/511 1747/1747/512
f 1747/1747/512 1737/1737/954 1736/1736/501
f 1737/1737/954 1747/1747/512 1748/1748/958
f 1748/1748/958 1738/1738/955 1737/1737/954
f 1738/1738/955 1748/1748/958 1749/1749/959
f 1749/1749/959 1739/1739/504 1738/1738/955
f 1739/1739/504 1749/1749/959 1750/1750/960
f 1750/1750/960 1740/1740/956 1739/1739/504
f 1740/1740/956 1750/1750/960 1751/1751/961
f 1751/1751/961 1741/1741/506 1740/1740/956
f 1741/1741/506 1751/1751/961 1752/1752/962
f 1752/1752/962 1742/1742/507 1741/1741/506
f 1742/1742/507 1752/1752/962 1753/1753/963
f 1753/1753/963 1743/1743/957 1742/1742/507
f 1743/1743/957 1753/1753/963 1754/1754/964
f 1754/1754/964 1744/1744/509 1743/1743/957
f 1744/1744/509 1754/1754/964 1755/1755/520
f 1755/1755/520 1745/1745/510 1744/1744/509
f 1665/1665/453 1667/1667/941 1756/1756/965
f 1756/1756/965 1746/1746/511 1665/1665/453
f 1746/1746/511 1756/1756/965 1757/1757/522
f 1757/1757/522 1747/1747/512 1746/1746/511
f 1747/1747/512 1757/1757/522 1758/1758/966
f 1758/1758/966 1748/1748/958 1747/1747/512
f 1748/1748/958 1758/1758/966 1759/1759/524
f 1759/1759/524 1749/1749/959 1748/1748/958
f 1749/1749/959 1759/1759/524 1760/1760/967
f 1760/1760/967 1750/1750/960 1749/1749/959
f 1750/1750/960 1760/1760/967 1761/1761/968
f 1761/1761/968 1751/1751/961 1750/1750/960
f 1751/1751/961 1761/1761/968 1762/1762/969
f 1762/1762/969 1752/1752/962 1751/1751/961
f 1752/1752/962 1762/1762/969 1763/1763/528
f 1763/1763/528 1753/1753/963 1752/1752/962
f 1753/1753/963 1763/1763/528 1764/1764/529
f 1764/1764/529 1754/1754/964 1753/1753/963
f 1754/1754/964 1764/1764/529 1765/1765/530
f 1765/1765/530 1755/1755/520 1754/1754/964
f 1667/1667/941 1669/1669/455 1766/1766/531
f 1766/1766/531 1756/1756/965 1667/1667/941
f 1756/1756/965 1766/1766/531 1767/1767/970
f 1767/1767/970 1757/1757/522 1756/1756/965
f 1757/1757/522 1767/1767/970 1768/1768/533
f 1768/1768/533 1758/1758/966 1757/1757/522
f 1758/1758/966 1768/1768/533 1769/1769/534
f 1769/1769/534 1759/1759/524 1758/1758/966
f 1759/1759/524 1769/1769/534 1770/1770/535
f 1770/1770/535 1760/1760/967 1759/1759/524
f 1760/1760/967 1770/1770/535 1771/1771/536
f 1771/1771/536 1761/1761/968 1760/1760/967
f 1761/1761/968 1771/1771/536 1772/1772/537
f 1772/1772/537 1762/1762/969 1761/1761/968
f 1762/1762/969 1772/1772/537 1773/1773/538
f 1773/1773/538 1763/1763/528 1762/1762/969
f 1763/1763/528 1773/1773/538 1774/1774/971
f 1774/1774/971 1764/1764/529 1763/1763/528
f 1764/1764/529 1774/1774/971 1775/1775/540
f 1775/1775/540 1765/1765/530 1764/1764/529
f 1669/1669/455 1671/1671/456 1776/1776/541
f 1776/1776/541 1766/1766/531 1669/1669/455
f 1766/1766/531 1776/1776/541 1777/1777/542
f 1777/1777/542 1767/1767/970 1766/1766/531
f 1767/1767/970 1777/1777/542 1778/1778/543
f 1778/1778/543 1768/1768/533 1767/1767/970
f 1768/1768/533 1778/1778/543 1779/1779/544
f 1779/1779/544 1769/1769/534 1768/1768/533
f 1769/1769/534 1779/1779/544 1780/1780/545
f 1780/1780/545 1770/1770/535 1769/1769/534
f 1770/1770/535 1780/1780/545 1781/1781/546
f 1781/1781/546 1771/1771/536 1770/1770/535
f 1771/1771/536 1781/1781/546 1782/1782/547
f 1782/1782/547 1772/1772/537 1771/1771/536
f 1772/1772/537 1782/1782/547 1783/1783/548
f 1783/1783/548 1773/1773/538 1772/1772/537
f 1773/1773/538 1783/1783/548 1784/1784/549
f 1784/1784/549 1774/1774/971 1773/1773/538
f 1774/1774/971 1784/1784/549 1785/1785/550
f 1785/1785/550 1775/1775/540 1774/1774/971
f 1671/1671/456 1673/1673/458 1786/1786/551
f 1786/1786/551 1776/1776/541 1671/1671/456
f 1776/1776/541 1786/1786/551 1787/1787/552
f 1787/1787/552 1777/1777/542 1776/1776/541
f 1777/1777/542 1787/1787/552 1788/1788/553
f 1788/1788/553 1778/1778/543 1777/1777/542
f 1778/1778/543 1788/1788/553 1789/1789/554
f 1789/1789/554 1779/1779/544 1778/1778/543
f 1779/1779/544 1789/1789/554 1790/1790/972
f 1790/1790/972 1780/1780/545 1779/1779/544
f 1780/1780/545 1790/1790/972 1791/1791/973
f 1791/1791/973 1781/1781/546 1780/1780/545
f 1781/1781/546 1791/1791/973 1792/1792/557
f 1792/1792/557 1782/1782/547 1781/1781/546
f 1782/1782/547 1792/1792/557 1793/1793/558
f 1793/1793/558 1783/1783/548 1782/1782/547
f 1783/1783/548 1793/1793/558 1794/1794/559
f 1794/1794/559 1784/1784/549 1783/1783/548
f 1784/1784/549 1794/1794/559 1795/1795/580
f 1795/1795/580 1785/1785/550 1784/1784/549
f 1677/1674/459 1676/1677/461 1796/1796/974
f 1796/1796/974 1797/1797/562 1677/1674/459
f 1797/1797/562 1796/1796/974 1798/1798/563
f 1798/1798/563 1799/1799/564 1797/1797/562
f 1799/1799/564 1798/1798/563 1800/1800/975
f 1800/1800/975 1801/1801/566 1799/1799/564
f 1801/1801/566 1800/1800/975 1802/1802/976
f 1802/1802/976 1803/1803/977 1801/1801/566
f 1803/1803/977 1802/1802/976 1804/1804/978
f 1804/1804/978 1805/1805/570 1803/1803/977
f 1805/1805/570 1804/1804/978 1806/1806/979
f 1806/1806/979 1807/1807/572 1805/1805/570
f 1807/1807/572 1806/1806/979 1808/1808/573
f 1808/1808/573 1809/1809/574 1807/1807/572
f 1809/1809/574 1808/1808/573 1810/1810/575
f 1810/1810/575 1811/1811/576 1809/1809/574
f 1811/1811/576 1810/1810/575 1812/1812/980
f 1812/1812/980 1813/1813/578 1811/1811/576
f 1813/1813/578 1812/1812/980 1814/1814/579
f 1814/1814/579 1815/1815/981 1813/1813/578
f 1676/1677/461 1679/1679/462 1816/1816/581
f 1816/1816/581 1796/1796/974 1676/1677/461
f 1796/1796/974 1816/1816/581 1817/1817/982
f 1817/1817/982 1798/1798/563 1796/1796/974
f 1798/1798/563 1817/1817/982 1818/1818/583
f 1818/1818/583 1800/1800/975 1798/1798/563
f 1800/1800/975 1818/1818/583 1819/1819/983
f 1819/1819/983 1802/1802/976 1800/1800/975
f 1802/1802/976 1819/1819/983 1820/1820/984
f 1820/1820/984 1804/1804/978 1802/1802/976
f 1804/1804/978 1820/1820/984 1821/1821/985
f 1821/1821/985 1806/1806/979 1804/1804/978
f 1806/1806/979 1821/1821/985 1822/1822/587
f 1822/1822/587 1808/1808/573 1806/1806/979
f 1808/1808/573 1822/1822/587 1823/1823/986
f 1823/1823/986 1810/1810/575 1808/1808/573
f 1810/1810/575 1823/1823/986 1824/1824/589
f 1824/1824/589 1812/1812/980 1810/1810/575
f 1812/1812/980 1824/1824/589 1825/1825/590
f 1825/1825/590 1814/1814/579 1812/1812/980
f 1679/1679/462 1681/1681/463 1826/1826/987
f 1826/1826/987 1816/1816/581 1679/1679/462
f 1816/1816/581 1826/1826/987 1827/1827/988
f 1827/1827/988 1817/1817/982 1816/1816/581
f 1817/1817/982 1827/1827/988 1828/1828/989
f 1828/1828/989 1818/1818/583 1817/1817/982
f 1818/1818/583 1828/1828/989 1829/1829/594
f 1829/1829/594 1819/1819/983 1818/1818/583
f 1819/1819/983 1829/1829/594 1830/1830/990
f 1830/1830/990 1820/1820/984 1819/1819/983
f 1820/1820/984 1830/1830/990 1831/1831/991
f 1831/1831/991 1821/1821/985 1820/1820/984
f 1821/1821/985 1831/1831/991 1832/1832/992
f 1832/1832/992 1822/1822/587 1821/1821/985
f 1822/1822/587 1832/1832/992 1833/1833/993
f 1833/1833/993 1823/1823/986 1822/1822/587
f 1823/1823/986 1833/1833/993 1834/1834/994
f 1834/1834/994 1824/1824/589 1823/1823/986
f 1824/1824/589 1834/1834/994 1835/1835/600
f 1835/1835/600 1825/1825/590 1824/1824/589
f 1681/1681/463 1683/1683/464 1836/1836/995
f 1836/1836/995 1826/1826/987 1681/1681/463
f 1826/1826/987 1836/1836/995 1837/1837/996
f 1837/1837/996 1827/1827/988 1826/1826/987
f 1827/1827/988 1837/1837/996 1838/1838/997
f 1838/1838/997 1828/1828/989 1827/1827/988
f 1828/1828/989 1838/1838/997 1839/1839/998
f 1839/1839/998 1829/1829/594 1828/1828/989
f 1829/1829/594 1839/1839/998 1840/1840/999
f 1840/1840/999 1830/1830/990 1829/1829/594
f 1830/1830/990 1840/1840/999 1841/1841/1000
f 1841/1841/1000 1831/1831/991 1830/1830/990
f 1831/1831/991 1841/1841/1000 1842/1842/1001
f 1842/1842/1001 1832/1832/992 1831/1831/991
f 1832/1832/992 1842/1842/1001 1843/1843/1002
f 1843/1843/1002 1833/1833/993 1832/1832/992
f 1833/1833/993 1843/1843/1002 1844/1844/1003
f 1844/1844/1003 1834/1834/994 1833/1833/993
f 1834/1834/994 1844/1844/1003 1845/1845/610
f 1845/1845/610 1835/1835/600 1834/1834/994
f 1683/1683/464 1685/1685/465 1846/1846/1004
f 1846/1846/1004 1836/1836/995 1683/1683/464
f 1836/1836/995 1846/1846/1004 1847/1847/1005
f 1847/1847/1005 1837/1837/996 1836/1836/995
f 1837/1837/996 1847/1847/1005 1848/1848/1006
f 1848/1848/1006 1838/1838/997 1837/1837/996
f 1838/1838/997 1848/1848/1006 1849/1849/1007
f 1849/1849/1007 1839/1839/998 1838/1838/997
f 1839/1839/998 1849/1849/1007 1850/1850/1008
f 1850/1850/1008 1840/1840/999 1839/1839/998
f 1840/1840/999 1850/1850/1008 1851/1851/616
f 1851/1851/616 1841/1841/1000 1840/1840/999
f 1841/1841/1000 1851/1851/616 1852/1852/1009
f 1852/1852/1009 1842/1842/1001 1841/1841/1000
f 1842/1842/1001 1852/1852/1009 1853/1853/1010
f 1853/1853/1010 1843/1843/1002 1842/1842/1001
f 1843/1843/1002 1853/1853/1010 1854/1854/1011
f 1854/1854/1011 1844/1844/1003 1843/1843/1002
f 1844/1844/1003 1854/1854/1011 1855/1855/620
f 1855/1855/620 1845/1845/610 1844/1844/1003
f 1685/1685/465 1687/1687/466 1856/1856/1012
f 1856/1856/1012 1846/1846/1004 1685/1685/465
f 1846/1846/1004 1856/1856/1012 1857/1857/1013
f 1857/1857/1013 1847/1847/1005 1846/1846/1004
f 1847/1847/1005 1857/1857/1013 1858/1858/623
f 1858/1858/623 1848/1848/1006 1847/1847/1005
f 1848/1848/1006 1858/1858/623 1859/1859/624
f 1859/1859/624 1849/1849/1007 1848/1848/1006
f 1849/1849/1007 1859/1859/624 1860/1860/1014
f 1860/1860/1014 1850/1850/1008 1849/1849/1007
f 1850/1850/1008 1860/1860/1014 1861/1861/1015
f 1861/1861/1015 1851/1851/616 1850/1850/1008
f 1851/1851/616 1861/1861/1015 1862/1862/1016
f 1862/1862/1016 1852/1852/1009 1851/1851/616
f 1852/1852/1009 1862/1862/1016 1863/1863/1017
f 1863/1863/1017 1853/1853/1010 1852/1852/1009
f 1853/1853/1010 1863/1863/1017 1864/1864/1018
f 1864/1864/1018 1854/1854/1011 1853/1853/1010
f 1854/1854/1011 1864/1864/1018 1865/1865/630
f 1865/1865/630 1855/1855/620 1854/1854/1011
f 1687/1687/466 1689/1689/467 1866/1866/1019
f 1866/1866/1019 1856/1856/1012 1687/1687/466
f 1856/1856/1012 1866/1866/1019 1867/1867/1020
f 1867/1867/1020 1857/1857/1013 1856/1856/1012
f 1857/1857/1013 1867/1867/1020 1868/1868/1021
f 1868/1868/1021 1858/1858/623 1857/1857/1013
f 1858/1858/623 1868/1868/1021 1869/1869/1022
f 1869/1869/1022 1859/1859/624 1858/1858/623
f 1859/1859/624 1869/1869/1022 1870/1870/1023
f 1870/1870/1023 1860/1860/1014 1859/1859/624
f 1860/1860/1014 1870/1870/1023 1871/1871/1024
f 1871/1871/1024 1861/1861/1015 1860/1860/1014
f 1861/1861/1015 1871/1871/1024 1872/1872/1025
f 1872/1872/1025 1862/1862/1016 1861/1861/1015
f 1862/1862/1016 1872/1872/1025 1873/1873/1026
f 1873/1873/1026 1863/1863/1017 1862/1862/1016
f 1863/1863/1017 1873/1873/1026 1874/1874/1027
f 1874/1874/1027 1864/1864/1018 1863/1863/1017
f 1864/1864/1018 1874/1874/1027 1875/1875/1028
f 1875/1875/1028 1865/1865/630 1864/1864/1018
f 1689/1689/467 1691/1691/468 1876/1876/1029
f 1876/1876/1029 1866/1866/1019 1689/1689/467
f 1866/1866/1019 1876/1876/1029 1877/1877/1030
f 1877/1877/1030 1867/1867/1020 1866/1866/1019
f 1867/1867/1020 1877/1877/1030 1878/1878/1031
f 1878/1878/1031 1868/1868/1021 1867/1867/1020
f 1868/1868/1021 1878/1878/1031 1879/1879/1032
f 1879/1879/1032 1869/1869/1022 1868/1868/1021
f 1869/1869/1022 1879/1879/1032 1880/1880/1033
f 1880/1880/1033 1870/1870/1023 1869/1869/1022
f 1870/1870/1023 1880/1880/1033 1881/1881/1034
f 1881/1881/1034 1871/1871/1024 1870/1870/1023
f 1871/1871/1024 1881/1881/1034 1882/1882/1035
f 1882/1882/1035 1872/1872/1025 1871/1871/1024
f 1872/1872/1025 1882/1882/1035 1883/1883/1036
f 1883/1883/1036 1873/1873/1026 1872/1872/1025
f 1873/1873/1026 1883/1883/1036 1884/1884/1037
f 1884/1884/1037 1874/1874/1027 1873/1873/1026
f 1874/1874/1027 1884/1884/1037 1885/1885/650
f 1885/1885/650 1875/1875/1028 1874/1874/1027
f 1691/1691/468 1693/1693/469 1886/1886/1038
f 1886/1886/1038 1876/1876/1029 1691/1691/468
f 1876/1876/1029 1886/1886/1038 1887/1887/652
f 1887/1887/652 1877/1877/1030 1876/1876/1029
f 1877/1877/1030 1887/1887/652 1888/1888/1039
f 1888/1888/1039 1878/1878/1031 1877/1877/1030
f 1878/1878/1031 1888/1888/1039 1889/1889/1040
f 1889/1889/1040 1879/1879/1032 1878/1878/1031
f 1879/1879/1032 1889/1889/1040 1890/1890/1041
f 1890/1890/1041 1880/1880/1033 1879/1879/1032
f 1880/1880/1033 1890/1890/1041 1891/1891/1042
f 1891/1891/1042 1881/1881/1034 1880/1880/1033
f 1881/1881/1034 1891/1891/1042 1892/1892/1043
f 1892/1892/1043 1882/1882/1035 1881/1881/1034
f 1882/1882/1035 1892/1892/1043 1893/1893/658
f 1893/1893/658 1883/1883/1036 1882/1882/1035
f 1883/1883/1036 1893/1893/658 1894/1894/659
f 1894/1894/659 1884/1884/1037 1883/1883/1036
f 1884/1884/1037 1894/1894/659 1895/1895/660
f 1895/1895/660 1885/1885/650 1884/1884/1037
f 1693/1693/469 1695/1695/470 1896/1896/1044
f 1896/1896/1044 1886/1886/1038 1693/1693/469
f 1886/1886/1038 1896/1896/1044 1897/1897/1045
f 1897/1897/1045 1887/1887/652 1886/1886/1038
f 1887/1887/652 1897/1897/1045 1898/1898/1046
f 1898/1898/1046 1888/1888/1039 1887/1887/652
f 1888/1888/1039 1898/1898/1046 1899/1899/1047
f 1899/1899/1047 1889/1889/1040 1888/1888/1039
f 1889/1889/1040 1899/1899/1047 1900/1900/1048
f 1900/1900/1048 1890/1890/1041 1889/1889/1040
f 1890/1890/1041 1900/1900/1048 1901/1901/1049
f 1901/1901/1049 1891/1891/1042 1890/1890/1041
f 1891/1891/1042 1901/1901/1049 1902/1902/1050
f 1902/1902/1050 1892/1892/1043 1891/1891/1042
f 1892/1892/1043 1902/1902/1050 1903/1903/1051
f 1903/1903/1051 1893/1893/658 1892/1892/1043
f 1893/1893/658 1903/1903/1051 1904/1904/1052
f 1904/1904/1052 1894/1894/659 1893/1893/658
f 1894/1894/659 1904/1904/1052 1905/1905/670
f 1905/1905/670 1895/1895/660 1894/1894/659
f 1695/1695/470 1697/1697/471 1906/1906/1053
f 1906/1906/1053 1896/1896/1044 1695/1695/470
f 1896/1896/1044 1906/1906/1053 1907/1907/1054
f 1907/1907/1054 1897/1897/1045 1896/1896/1044
f 1897/1897/1045 1907/1907/1054 1908/1908/673
f 1908/1908/673 1898/1898/1046 1897/1897/1045
f 1898/1898/1046 1908/1908/673 1909/1909/674
f 1909/1909/674 1899/1899/1047 1898/1898/1046
f 1899/1899/1047 1909/1909/674 1910/1910/675
f 1910/1910/675 1900/1900/1048 1899/1899/1047
f 1900/1900/1048 1910/1910/675 1911/1911/1055
f 1911/1911/1055 1901/1901/1049 1900/1900/1048
f 1901/1901/1049 1911/1911/1055 1912/1912/677
f 1912/1912/677 1902/1902/1050 1901/1901/1049
f 1902/1902/1050 1912/1912/677 1913/1913/1056
f 1913/1913/1056 1903/1903/1051 1902/1902/1050
f 1903/1903/1051 1913/1913/1056 1914/1914/1057
f 1914/1914/1057 1904/1904/1052 1903/1903/1051
f 1904/1904/1052 1914/1914/1057 1915/1915/680
f 1915/1915/680 1905/1905/670 1904/1904/1052
f 1697/1697/471 1699/1699/472 1916/1916/681
f 1916/1916/681 1906/1906/1053 1697/1697/471
f 1906/1906/1053 1916/1916/681 1917/1917/682
f 1917/1917/682 1907/1907/1054 1906/1906/1053
f 1907/1907/1054 1917/1917/682 1918/1918/683
f 1918/1918/683 1908/1908/673 1907/1907/1054
f 1908/1908/673 1918/1918/683 1919/1919/684
f 1919/1919/684 1909/1909/674 1908/1908/673
f 1909/1909/674 1919/1919/684 1920/1920/685
f 1920/1920/685 1910/1910/675 1909/1909/674
f 1910/1910/675 1920/1920/685 1921/1921/686
f 1921/1921/686 1911/1911/1055 1910/1910/675
f 1911/1911/1055 1921/1921/686 1922/1922/687
f 1922/1922/687 1912/1912/677 1911/1911/1055
f 1912/1912/677 1922/1922/687 1923/1923/1058
f 1923/1923/1058 1913/1913/1056 1912/1912/677
f 1913/1913/1056 1923/1923/1058 1924/1924/689
f 1924/1924/689 1914/1914/1057 1913/1913/1056
f 1914/1914/1057 1924/1924/689 1925/1925/690
f 1925/1925/690 1915/1915/680 1914/1914/1057
f 1699/1699/472 1701/1701/473 1926/1926/691
f 1926/1926/691 1916/1916/681 1699/1699/472
f 1916/1916/681 1926/1926/691 1927/1927/692
f 1927/1927/692 1917/1917/682 1916/1916/681
f 1917/1917/682 1927/1927/692 1928/1928/693
f 1928/1928/693 1918/1918/683 1917/1917/682
f 1918/1918/683 1928/1928/693 1929/1929/694
f 1929/1929/694 1919/1919/684 1918/1918/683
f 1919/1919/684 1929/1929/694 1930/1930/695
f 1930/1930/695 1920/1920/685 1919/1919/684
f 1920/1920/685 1930/1930/695 1931/1931/696
f 1931/1931/696 1921/1921/686 1920/1920/685
f 1921/1921/686 1931/1931/696 1932/1932/697
f 1932/1932/697 1922/1922/687 1921/1921/686
f 1922/1922/687 1932/1932/697 1933/1933/698
f 1933/1933/698 1923/1923/1058 1922/1922/687
f 1923/1923/1058 1933/1933/698 1934/1934/699
f 1934/1934/699 1924/1924/689 1923/1923/1058
f 1924/1924/689 1934/1934/699 1935/1935/700
f 1935/1935/700 1925/1925/690 1924/1924/689
f 1701/1701/473 1703/1703/474 1936/1936/1059
f 1936/1936/1059 1926/1926/691 1701/1701/473
f 1926/1926/691 1936/1936/1059 1937/1937/702
f 1937/1937/702 1927/1927/692 1926/1926/691
f 1927/1927/692 1937/1937/702 1938/1938/703
f 1938/1938/703 1928/1928/693 1927/1927/692
f 1928/1928/693 1938/1938/703 1939/1939/1060
f 1939/1939/1060 1929/1929/694 1928/1928/693
f 1929/1929/694 1939/1939/1060 1940/1940/705
f 1940/1940/705 1930/1930/695 1929/1929/694
f 1930/1930/695 1940/1940/705 1941/1941/1061
f 1941/1941/1061 1931/1931/696 1930/1930/695
f 1931/1931/696 1941/1941/1061 1942/1942/1062
f 1942/1942/1062 1932/1932/697 1931/1931/696
f 1932/1932/697 1942/1942/1062 1943/1943/708
f 1943/1943/708 1933/1933/698 1932/1932/697
f 1933/1933/698 1943/1943/708 1944/1944/709
f 1944/1944/709 1934/1934/699 1933/1933/698
f 1934/1934/699 1944/1944/709 1945/1945/710
f 1945/1945/710 1935/1935/700 1934/1934/699
f 1703/1703/474 1705/1705/475 1946/1946/1063
f 1946/1946/1063 1936/1936/1059 1703/1703/474
f 1936/1936/1059 1946/1946/1063 1947/1947/1064
f 1947/1947/1064 1937/1937/702 1936/1936/1059
f 1937/1937/702 1947/1947/1064 1948/1948/1065
f 1948/1948/1065 1938/1938/703 1937/1937/702
f 1938/1938/703 1948/1948/1065 1949/1949/714
f 1949/1949/714 1939/1939/1060 1938/1938/703
f 1939/1939/1060 1949/1949/714 1950/1950/715
f 1950/1950/715 1940/1940/705 1939/1939/1060
f 1940/1940/705 1950/1950/715 1951/1951/716
f 1951/1951/716 1941/1941/1061 1940/1940/705
f 1941/1941/1061 1951/1951/716 1952/1952/1066
f 1952/1952/1066 1942/1942/1062 1941/1941/1061
f 1942/1942/1062 1952/1952/1066 1953/1953/1067
f 1953/1953/1067 1943/1943/708 1942/1942/1062
f 1943/1943/708 1953/1953/1067 1954/1954/1068
f 1954/1954/1068 1944/1944/709 1943/1943/708
f 1944/1944/709 1954/1954/1068 1955/1955/720
f 1955/1955/720 1945/1945/710 1944/1944/709
f 1705/1705/475 1707/1707/476 1956/1956/721
f 1956/1956/721 1946/1946/1063 1705/1705/475
f 1946/1946/1063 1956/1956/721 1957/1957/1069
f 1957/1957/1069 1947/1947/1064 1946/1946/1063
f 1947/1947/1064 1957/1957/1069 1958/1958/1070
f 1958/1958/1070 1948/1948/1065 1947/1947/1064
f 1948/1948/1065 1958/1958/1070 1959/1959/1071
f 1959/1959/1071 1949/1949/714 1948/1948/1065
f 1949/1949/714 1959/1959/1071 1960/1960/1072
f 1960/1960/1072 1950/1950/715 1949/1949/714
f 1950/1950/715 1960/1960/1072 1961/1961/726
f 1961/1961/726 1951/1951/716 1950/1950/715
f 1951/1951/716 1961/1961/726 1962/1962/1073
f 1962/1962/1073 1952/1952/1066 1951/1951/716
f 1952/1952/1066 1962/1962/1073 1963/1963/1074
f 1963/1963/1074 1953/1953/1067 1952/1952/1066
f 1953/1953/1067 1963/1963/1074 1964/1964/1075
f 1964/1964/1075 1954/1954/1068 1953/1953/1067
f 1954/1954/1068 1964/1964/1075 1965/1965/730
f 1965/1965/730 1955/1955/720 1954/1954/1068
f 1707/1707/476 1709/1709/477 1966/1966/1076
f 1966/1966/1076 1956/1956/721 1707/1707/476
f 1956/1956/721 1966/1966/1076 1967/1967/1077
f 1967/1967/1077 1957/1957/1069 1956/1956/721
f 1957/1957/1069 1967/1967/1077 1968/1968/1078
f 1968/1968/1078 1958/1958/1070 1957/1957/1069
f 1958/1958/1070 1968/1968/1078 1969/1969/1079
f 1969/1969/1079 1959/1959/1071 1958/1958/1070
f 1959/1959/1071 1969/1969/1079 1970/1970/1080
f 1970/1970/1080 1960/1960/1072 1959/1959/1071
f 1960/1960/1072 1970/1970/1080 1971/1971/1081
f 1971/1971/1081 1961/1961/726 1960/1960/1072
f 1961/1961/726 1971/1971/1081 1972/1972/1082
f 1972/1972/1082 1962/1962/1073 1961/1961/726
f 1962/1962/1073 1972/1972/1082 1973/1973/1083
f 1973/1973/1083 1963/1963/1074 1962/1962/1073
f 1963/1963/1074 1973/1973/1083 1974/1974/1084
f 1974/1974/1084 1964/1964/1075 1963/1963/1074
f 1964/1964/1075 1974/1974/1084 1975/1975/740
f 1975/1975/740 1965/1965/730 1964/1964/1075
f 1709/1709/477 1711/1711/942 1976/1976/1085
f 1976/1976/1085 1966/1966/1076 1709/1709/477
f 1966/1966/1076 1976/1976/1085 1977/1977/1086
f 1977/1977/1086 1967/1967/1077 1966/1966/1076
f 1967/1967/1077 1977/1977/1086 1978/1978/1087
f 1978/1978/1087 1968/1968/1078 1967/1967/1077
f 1968/1968/1078 1978/1978/1087 1979/1979/1088
f 1979/1979/1088 1969/1969/1079 1968/1968/1078
f 1969/1969/1079 1979/1979/1088 1980/1980/1089
f 1980/1980/1089 1970/1970/1080 1969/1969/1079
f 1970/1970/1080 1980/1980/1089 1981/1981/746
f 1981/1981/746 1971/1971/1081 1970/1970/1080
f 1971/1971/1081 1981/1981/746 1982/1982/1090
f 1982/1982/1090 1972/1972/1082 1971/1971/1081
f 1972/1972/1082 1982/1982/1090 1983/1983/1091
f 1983/1983/1091 1973/1973/1083 1972/1972/1082
f 1973/1973/1083 1983/1983/1091 1984/1984/1092
f 1984/1984/1092 1974/1974/1084 1973/1973/1083
f 1974/1974/1084 1984/1984/1092 1985/1985/750
f 1985/1985/750 1975/1975/740 1974/1974/1084
f 1711/1711/942 1713/1713/943 1986/1986/1093
f 1986/1986/1093 1976/1976/1085 1711/1711/942
f 1976/1976/1085 1986/1986/1093 1987/1987/1094
f 1987/1987/1094 1977/1977/1086 1976/1976/1085
f 1977/1977/1086 1987/1987/1094 1988/1988/1095
f 1988/1988/1095 1978/1978/1087 1977/1977/1086
f 1978/1978/1087 1988/1988/1095 1989/1989/1096
f 1989/1989/1096 1979/1979/1088 1978/1978/1087
f 1979/1979/1088 1989/1989/1096 1990/1990/755
f 1990/1990/755 1980/1980/1089 1979/1979/1088
f 1980/1980/1089 1990/1990/755 1991/1991/1097
f 1991/1991/1097 1981/1981/746 1980/1980/1089
f 1981/1981/746 1991/1991/1097 1992/1992/1098
f 1992/1992/1098 1982/1982/1090 1981/1981/746
f 1982/1982/1090 1992/1992/1098 1993/1993/1099
f 1993/1993/1099 1983/1983/1091 1982/1982/1090
f 1983/1983/1091 1993/1993/1099 1994/1994/1100
f 1994/1994/1100 1984/1984/1092 1983/1983/1091
f 1984/1984/1092 1994/1994/1100 1995/1995/760
f 1995/1995/760 1985/1985/750 1984/1984/1092
f 1713/1713/943 1715/1715/480 1996/1996/1101
f 1996/1996/1101 1986/1986/1093 1713/1713/943
f 1986/1986/1093 1996/1996/1101 1997/1997/762
f 1997/1997/762 1987/1987/1094 1986/1986/1093
f 1987/1987/1094 1997/1997/762 1998/1998/1102
f 1998/1998/1102 1988/1988/1095 1987/1987/1094
f 1988/1988/1095 1998/1998/1102 1999/1999/764
f 1999/1999/764 1989/1989/1096 1988/1988/1095
f 1989/1989/1096 1999/1999/764 2000/2000/765
f 2000/2000/765 1990/1990/755 1989/1989/1096
f 1990/1990/755 2000/2000/765 2001/2001/1103
f 2001/2001/1103 1991/1991/1097 1990/1990/755
f 1991/1991/1097 2001/2001/1103 2002/2002/1104
f 2002/2002/1104 1992/1992/1098 1991/1991/1097
f 1992/1992/1098 2002/2002/1104 2003/2003/1105
f 2003/2003/1105 1993/1993/1099 1992/1992/1098
f 1993/1993/1099 2003/2003/1105 2004/2004/769
f 2004/2004/769 1994/1994/1100 1993/1993/1099
f 1994/1994/1100 2004/2004/769 2005/2005/1106
f 2005/2005/1106 1995/1995/760 1994/1994/1100
f 1715/1715/480 1661/1658/450 1717/1717/482
f 1717/1717/482 1996/1996/1101 1715/1715/480
f 1996/1996/1101 1717/1717/482 1719/1719/484
f 1719/1719/484 1997/1997/762 1996/1996/1101
f 1997/1997/762 1719/1719/484 1721/1721/946
f 1721/1721/946 1998/1998/1102 1997/1997/762
f 1998/1998/1102 1721/1721/946 1723/1723/488
f 1723/1723/488 1999/1999/764 1998/1998/1102
f 1999/1999/764 1723/1723/488 1725/1725/948
f 1725/1725/948 2000/2000/765 1999/1999/764
f 2000/2000/765 1725/1725/948 1727/1727/949
f 1727/1727/949 2001/2001/1103 2000/2000/765
f 2001/2001/1103 1727/1727/949 1729/1729/950
f 1729/1729/950 2002/2002/1104 2001/2001/1103
f 2002/2002/1104 1729/1729/950 1731/1731/496
f 1731/1731/496 2003/2003/1105 2002/2002/1104
f 2003/2003/1105 1731/1731/496 1733/1733/953
f 1733/1733/953 2004/2004/769 2003/2003/1105
f 2004/2004/769 1733/1733/953 1735/1735/500
f 1735/1735/500 2005/2005/1106 2004/2004/769
f 1735/1735/500 1734/1734/499 2006/2006/447
f 2006/2006/447 2007/2007/448 1735/1735/500
f 1734/1734/499 1745/1745/510 2008/2008/446
f 2008/2008/446 2006/2006/447 1734/1734/499
f 1745/1745/510 1755/1755/520 2009/2009/445
f 2009/2009/445 2008/2008/446 1745/1745/510
f 1755/1755/520 1765/1765/530 2010/2010/444
f 2010/2010/444 2009/2009/445 1755/1755/520
f 1765/1765/530 1775/1775/540 2011/2011/443
f 2011/2011/443 2010/2010/444 1765/1765/530
f 1775/1775/540 1785/1785/550 2012/2012/17
f 2012/2012/17 2011/2011/443 1775/1775/540
f 1785/1785/550 1795/1795/580 2013/2013/442
f 2013/2013/442 2012/2012/17 1785/1785/550
f 1815/1815/981 1814/1814/579 2014/2014/441
f 2014/2014/441 2015/2015/442 1815/1815/981
f 1814/1814/579 1825/1825/590 2016/2016/440
f 2016/2016/440 2014/2014/441 1814/1814/579
f 1825/1825/590 1835/1835/600 2017/2017/772
f 2017/2017/772 2016/2016/440 1825/1825/590
f 1835/1835/600 1845/1845/610 2018/2018/438
f 2018/2018/438 2017/2017/772 1835/1835/600
f 1845/1845/610 1855/1855/620 2019/2019/1107
f 2019/2019/1107 2018/2018/438 1845/1845/610
f 1855/1855/620 1865/1865/630 2020/2020/32
f 2020/2020/32 2019/2019/1107 1855/1855/620
f 1865/1865/630 1875/1875/1028 2021/2021/436
f 2021/2021/436 2020/2020/32 1865/1865/630
f 1875/1875/1028 1885/1885/650 2022/2022/435
f 2022/2022/435 2021/2021/436 1875/1875/1028
f 1885/1885/650 1895/1895/660 2023/2023/434
f 2023/2023/434 2022/2022/435 1885/1885/650
f 1895/1895/660 1905/1905/670 2024/2024/774
f 2024/2024/774 2023/2023/434 1895/1895/660
f 1905/1905/670 1915/1915/680 2025/2025/775
f 2025/2025/775 2024/2024/774 1905/1905/670
f 1915/1915/680 1925/1925/690 2026/2026/776
f 2026/2026/776 2025/2025/775 1915/1915/680
f 1925/1925/690 1935/1935/700 2027/2027/777
f 2027/2027/777 2026/2026/776 1925/1925/690
f 1935/1935/700 1945/1945/710 2028/2028/778
f 2028/2028/778 2027/2027/777 1935/1935/700
f 1945/1945/710 1955/1955/720 2029/2029/779
f 2029/2029/779 2028/2028/778 1945/1945/710
f 1955/1955/720 1965/1965/730 2030/2030/780
f 2030/2030/780 2029/2029/779 1955/1955/720
f 1965/1965/730 1975/1975/740 2031/2031/781
f 2031/2031/781 2030/2030/780 1965/1965/730
f 1975/1975/740 1985/1985/750 2032/2032/423
f 2032/2032/423 2031/2031/781 1975/1975/740
f 1985/1985/750 1995/1995/760 2033/2033/782
f 2033/2033/782 2032/2032/423 1985/1985/750
f 1995/1995/760 2005/2005/1106 2034/2034/449
f 2034/2034/449 2033/2033/782 1995/1995/760
f 2005/2005/1106 1735/1735/500 2007/2007/448
f 2007/2007/448 2034/2034/449 2005/2005/1106
f 1310/1311/105 1332/1333/127 1662/1662/56
f 1662/1662/56 1659/1660/57 1310/1311/105
f 1332/1333/127 1343/1344/138 1664/1664/55
f 1664/1664/55 1662/1662/56 1332/1333/127
f 1343/1344/138 1354/1355/149 1666/1666/54
f 1666/1666/54 1664/1664/55 1343/1344/138
f 1354/1355/149 1365/1366/160 1668/1668/52
f 1668/1668/52 1666/1666/54 1354/1355/149
f 1365/1366/160 1376/1377/171 1670/1670/24
f 1670/1670/24 1668/1668/52 1365/1366/160
f 1376/1377/171 1387/1388/182 1672/1672/457
f 1672/1672/457 1670/1670/24 1376/1377/171
f 1399/1400/194 1398/1399/193 1675/1676/49
f 1675/1676/49 1674/1675/460 1399/1400/194
f 1398/1399/193 1420/1421/215 1678/1678/48
f 1678/1678/48 1675/1676/49 1398/1399/193
f 1420/1421/215 1431/1432/226 1680/1680/47
f 1680/1680/47 1678/1678/48 1420/1421/215
f 1431/1432/226 1442/1443/237 1682/1682/46
f 1682/1682/46 1680/1680/47 1431/1432/226
f 1442/1443/237 1453/1454/248 1684/1684/45
f 1684/1684/45 1682/1682/46 1442/1443/237
f 1453/1454/248 1464/1465/259 1686/1686/32
f 1686/1686/32 1684/1684/45 1453/1454/248
f 1464/1465/259 1475/1476/270 1688/1688/44
f 1688/1688/44 1686/1686/32 1464/1465/259
f 1475/1476/270 1486/1487/281 1690/1690/43
f 1690/1690/43 1688/1688/44 1475/1476/270
f 1486/1487/281 1497/1498/292 1692/1692/42
f 1692/1692/42 1690/1690/43 1486/1487/281
f 1497/1498/292 1508/1509/303 1694/1694/41
f 1694/1694/41 1692/1692/42 1497/1498/292
f 1508/1509/303 1519/1520/894 1696/1696/40
f 1696/1696/40 1694/1694/41 1508/1509/303
f 1519/1520/894 1530/1531/325 1698/1698/39
f 1698/1698/39 1696/1696/40 1519/1520/894
f 1530/1531/325 1541/1542/336 1700/1700/7
f 1700/1700/7 1698/1698/39 1530/1531/325
f 1541/1542/336 1552/1553/347 1702/1702/38
f 1702/1702/38 1700/1700/7 1541/1542/336
f 1552/1553/347 1563/1564/358 1704/1704/37
f 1704/1704/37 1702/1702/38 1552/1553/347
f 1563/1564/358 1574/1575/369 1706/1706/36
f 1706/1706/36 1704/1704/37 1563/1564/358
f 1574/1575/369 1585/1586/380 1708/1708/35
f 1708/1708/35 1706/1706/36 1574/1575/369
f 1585/1586/380 1596/1597/391 1710/1710/33
f 1710/1710/33 1708/1708/35 1585/1586/380
f 1596/1597/391 1607/1608/402 1712/1712/34
f 1712/1712/34 1710/1710/33 1596/1597/391
f 1607/1608/402 1618/1619/413 1714/1714/59
f 1714/1714/59 1712/1712/34 1607/1608/402
f 1618/1619/413 1311/1312/106 1658/1659/58
f 1658/1659/58 1714/1714/59 1618/1619/413
f 1311/1312/106 1310/1311/105 1659/1660/57
f 1659/1660/57 1658/1659/58 1311/1312/106
f 2038/2035/58 2035/2036/58 2036/2037/57
f 2036/2037/57 2037/2038/57 2038/2035/58
f 2037/2038/57 2036/2037/57 2039/2039/56
f 2039/2039/56 2040/2040/56 2037/2038/57
f 2040/2040/56 2039/2039/56 2041/2041/55
f 2041/2041/55 2042/2042/55 2040/2040/56
f 2042/2042/55 2041/2041/55 2043/2043/54
f 2043/2043/54 2044/2044/54 2042/2042/55
f 2044/2044/54 2043/2043/54 2045/2045/52
f 2045/2045/52 2046/2046/52 2044/2044/54
f 2046/2046/52 2045/2045/52 2047/2047/24
f 2047/2047/24 2048/2048/24 2046/2046/52
f 2048/2048/24 2047/2047/24 2049/2049/50
f 2049/2049/50 2050/2050/50 2048/2048/24
f 2050/2050/50 2049/2049/50 2051/2051/49
f 2051/2051/49 2052/2052/49 2050/2050/50
f 2052/2052/49 2051/2051/49 2053/2053/48
f 2053/2053/48 2054/2054/48 2052/2052/49
f 2054/2054/48 2053/2053/48 2055/2055/47
f 2055/2055/47 2056/2056/47 2054/2054/48
f 2056/2056/47 2055/2055/47 2057/2057/46
f 2057/2057/46 2058/2058/46 2056/2056/47
f 2058/2058/46 2057/2057/46 2059/2059/45
f 2059/2059/45 2060/2060/45 2058/2058/46
f 2060/2060/45 2059/2059/45 2061/2061/32
f 2061/2061/32 2062/2062/32 2060/2060/45
f 2062/2062/32 2061/2061/32 2063/2063/44
f 2063/2063/44 2064/2064/44 2062/2062/32
f 2064/2064/44 2063/2063/44 2065/2065/43
f 2065/2065/43 2066/2066/43 2064/2064/44
f 2066/2066/43 2065/2065/43 2067/2067/42
f 2067/2067/42 2068/2068/42 2066/2066/43
f 2068/2068/42 2067/2067/42 2069/2069/41
f 2069/2069/41 2070/2070/41 2068/2068/42
f 2070/2070/41 2069/2069/41 2071/2071/40
f 2071/2071/40 2072/2072/40 2070/2070/41
f 2072/2072/40 2071/2071/40 2073/2073/39
f 2073/2073/39 2074/2074/39 2072/2072/40
f 2074/2074/39 2073/2073/39 2075/2075/101
f 2075/2075/101 2076/2076/7 2074/2074/39
f 2080/2077/102 2077/2078/7 2078/2079/38
f 2078/2079/38 2079/2080/38 2080/2077/102
f 2079/2080/38 2078/2079/38 2081/2081/37
f 2081/2081/37 2082/2082/37 2079/2080/38
f 2082/2082/37 2081/2081/37 2083/2083/36
f 2083/2083/36 2084/2084/36 2082/2082/37
f 2084/2084/36 2083/2083/36 2085/2085/35
f 2085/2085/35 2086/2086/35 2084/2084/36
f 2086/2086/35 2085/2085/35 2087/2087/33
f 2087/2087/33 2088/2088/33 2086/2086/35
f 2088/2088/33 2087/2087/33 2089/2089/34
f 2089/2089/34 2090/2090/34 2088/2088/33
f 2090/2090/34 2089/2089/34 2091/2091/59
f 2091/2091/59 2092/2092/59 2090/2090/34
f 2092/2092/59 2091/2091/59 2035/2036/58
f 2035/2036/58 2038/2035/58 2092/2092/59
f 2096/2093/97 2093/2094/97 2094/2095/96
f 2094/2095/96 2095/2096/96 2096/2093/97
f 2095/2096/96 2094/2095/96 2097/2097/95
f 2097/2097/95 2098/2098/95 2095/2096/96
f 2098/2098/95 2097/2097/95 2099/2099/94
f 2099/2099/94 2100/2100/94 2098/2098/95
f 2100/2100/94 2099/2099/94 2101/2101/1108
f 2101/2101/1108 2102/2102/1108 2100/2100/94
f 2102/2102/1108 2101/2101/1108 2103/2103/92
f 2103/2103/92 2104/2104/92 2102/2102/1108
f 2104/2104/92 2103/2103/92 2105/2105/90
f 2105/2105/90 2106/2106/90 2104/2104/92
f 2106/2106/90 2105/2105/90 2107/2107/89
f 2107/2107/89 2108/2108/89 2106/2106/90
f 2108/2108/89 2107/2107/89 2109/2109/88
f 2109/2109/88 2110/2110/88 2108/2108/89
f 2110/2110/88 2109/2109/88 2111/2111/87
f 2111/2111/87 2112/2112/87 2110/2110/88
f 2112/2112/87 2111/2111/87 2113/2113/86
f 2113/2113/86 2114/2114/86 2112/2112/87
f 2114/2114/86 2113/2113/86 2115/2115/85
f 2115/2115/85 2116/2116/85 2114/2114/86
f 2116/2116/85 2115/2115/85 2117/2117/83
f 2117/2117/83 2118/2118/82 2116/2116/85
f 2118/2118/82 2117/2117/83 2119/2119/81
f 2119/2119/81 2120/2120/78 2118/2118/82
f 2120/2120/78 2119/2119/81 2121/2121/79
f 2121/2121/79 2122/2122/79 2120/2120/78
f 2126/2123/77 2123/2124/77 2124/2125/76
f 2124/2125/76 2125/2126/75 2126/2123/77
f 2125/2126/75 2124/2125/76 2127/2127/74
f 2127/2127/74 2128/2128/73 2125/2126/75
f 2128/2128/73 2127/2127/74 2129/2129/1109
f 2129/2129/1109 2130/2130/72 2128/2128/73
f 2130/2130/72 2129/2129/1109 2131/2131/71
f 2131/2131/71 2132/2132/71 2130/2130/72
f 2132/2132/71 2131/2131/71 2133/2133/70
f 2133/2133/70 2134/2134/70 2132/2132/71
f 2134/2134/70 2133/2133/70 2135/2135/69
f 2135/2135/69 2136/2136/69 2134/2134/70
f 2136/2136/69 2135/2135/69 2137/2137/68
f 2137/2137/68 2138/2138/68 2136/2136/69
f 2138/2138/68 2137/2137/68 2139/2139/67
f 2139/2139/67 2140/2140/67 2138/2138/68
f 2140/2140/67 2139/2139/67 2141/2141/1110
f 2141/2141/1110 2142/2142/66 2140/2140/67
f 2142/2142/66 2141/2141/1110 2143/2143/1111
f 2143/2143/1111 2144/2144/1111 2142/2142/66
f 2144/2144/1111 2143/2143/1111 2145/2145/64
f 2145/2145/64 2146/2146/64 2144/2144/1111
f 2146/2146/64 2145/2145/64 2147/2147/63
f 2147/2147/63 2148/2148/63 2146/2146/64
f 2148/2148/63 2147/2147/63 2149/2149/61
f 2149/2149/61 2150/2150/61 2148/2148/63
f 2150/2150/61 2149/2149/61 2151/2151/62
f 2151/2151/62 2152/2152/62 2150/2150/61
f 2152/2152/62 2151/2151/62 2153/2153/59
f 2153/2153/59 2154/2154/59 2152/2152/62
f 2154/2154/59 2153/2153/59 2093/2094/97
f 2093/2094/97 2096/2093/97 2154/2154/59
f 2158/2155/1112 2155/2156/1113 2156/2157/1114
f 2156/2157/1114 2157/2158/1115 2158/2155/1112
f 2157/2158/1115 2156/2157/1114 2159/2159/1116
f 2159/2159/1116 2160/2160/1117 2157/2158/1115
f 2160/2160/1117 2159/2159/1116 2161/2161/1118
f 2161/2161/1118 2162/2162/1119 2160/2160/1117
f 2162/2162/1119 2161/2161/1118 2163/2163/1120
f 2163/2163/1120 2164/2164/1121 2162/2162/1119
f 2164/2164/1121 2163/2163/1120 2165/2165/1122
f 2165/2165/1122 2166/2166/1123 2164/2164/1121
f 2166/2166/1123 2165/2165/1122 2167/2167/1124
f 2167/2167/1124 2168/2168/1125 2166/2166/1123
f 2168/2168/1125 2167/2167/1124 2169/2169/1126
f 2169/2169/1126 2170/2170/1127 2168/2168/1125
f 2170/2170/1127 2169/2169/1126 2171/2171/1128
f 2171/2171/1128 2172/2172/1129 2170/2170/1127
f 2172/2172/1129 2171/2171/1128 2173/2173/1130
f 2173/2173/1130 2174/2174/1131 2172/2172/1129
f 2174/2174/1131 2173/2173/1130 2175/2175/1132
f 2175/2175/1132 2176/2176/1133 2174/2174/1131
f 2155/2156/1113 2177/2177/1134 2178/2178/1135
f 2178/2178/1135 2156/2157/1114 2155/2156/1113
f 2156/2157/1114 2178/2178/1135 2179/2179/1136
f 2179/2179/1136 2159/2159/1116 2156/2157/1114
f 2159/2159/1116 2179/2179/1136 2180/2180/1137
f 2180/2180/1137 2161/2161/1118 2159/2159/1116
f 2161/2161/1118 2180/2180/1137 2181/2181/1138
f 2181/2181/1138 2163/2163/1120 2161/2161/1118
f 2163/2163/1120 2181/2181/1138 2182/2182/1139
f 2182/2182/1139 2165/2165/1122 2163/2163/1120
f 2165/2165/1122 2182/2182/1139 2183/2183/1140
f 2183/2183/1140 2167/2167/1124 2165/2165/1122
f 2167/2167/1124 2183/2183/1140 2184/2184/1141
f 2184/2184/1141 2169/2169/1126 2167/2167/1124
f 2169/2169/1126 2184/2184/1141 2185/2185/1142
f 2185/2185/1142 2171/2171/1128 2169/2169/1126
f 2171/2171/1128 2185/2185/1142 2186/2186/1143
f 2186/2186/1143 2173/2173/1130 2171/2171/1128
f 2173/2173/1130 2186/2186/1143 2187/2187/1144
f 2187/2187/1144 2175/2175/1132 2173/2173/1130
f 2177/2177/1134 2188/2188/1145 2189/2189/1146
f 2189/2189/1146 2178/2178/1135 2177/2177/1134
f 2178/2178/1135 2189/2189/1146 2190/2190/1147
f 2190/2190/1147 2179/2179/1136 2178/2178/1135
f 2179/2179/1136 2190/2190/1147 2191/2191/1148
f 2191/2191/1148 2180/2180/1137 2179/2179/1136
f 2180/2180/1137 2191/2191/1148 2192/2192/1149
f 2192/2192/1149 2181/2181/1138 2180/2180/1137
f 2181/2181/1138 2192/2192/1149 2193/2193/1150
f 2193/2193/1150 2182/2182/1139 2181/2181/1138
f 2182/2182/1139 2193/2193/1150 2194/2194/1151
f 2194/2194/1151 2183/2183/1140 2182/2182/1139
f 2183/2183/1140 2194/2194/1151 2195/2195/1152
f 2195/2195/1152 2184/2184/1141 2183/2183/1140
f 2184/2184/1141 2195/2195/1152 2196/2196/1153
f 2196/2196/1153 2185/2185/1142 2184/2184/1141
f 2185/2185/1142 2196/2196/1153 2197/2197/1154
f 2197/2197/1154 2186/2186/1143 2185/2185/1142
f 2186/2186/1143 2197/2197/1154 2198/2198/1155
f 2198/2198/1155 2187/2187/1144 2186/2186/1143
f 2188/2188/1145 2199/2199/1156 2200/2200/1157
f 2200/2200/1157 2189/2189/1146 2188/2188/1145
f 2189/2189/1146 2200/2200/1157 2201/2201/1158
f 2201/2201/1158 2190/2190/1147 2189/2189/1146
f 2190/2190/1147 2201/2201/1158 2202/2202/1159
f 2202/2202/1159 2191/2191/1148 2190/2190/1147
f 2191/2191/1148 2202/2202/1159 2203/2203/1160
f 2203/2203/1160 2192/2192/1149 2191/2191/1148
f 2192/2192/1149 2203/2203/1160 2204/2204/1161
f 2204/2204/1161 2193/2193/1150 2192/2192/1149
f 2193/2193/1150 2204/2204/1161 2205/2205/1162
f 2205/2205/1162 2194/2194/1151 2193/2193/1150
f 2194/2194/1151 2205/2205/1162 2206/2206/1163
f 2206/2206/1163 2195/2195/1152 2194/2194/1151
f 2195/2195/1152 2206/2206/1163 2207/2207/1164
f 2207/2207/1164 2196/2196/1153 2195/2195/1152
f 2196/2196/1153 2207/2207/1164 2208/2208/1165
f 2208/2208/1165 2197/2197/1154 2196/2196/1153
f 2197/2197/1154 2208/2208/1165 2209/2209/1166
f 2209/2209/1166 2198/2198/1155 2197/2197/1154
f 2199/2199/1156 2210/2210/474 2211/2211/1167
f 2211/2211/1167 2200/2200/1157 2199/2199/1156
f 2200/2200/1157 2211/2211/1167 2212/2212/1168
f 2212/2212/1168 2201/2201/1158 2200/2200/1157
f 2201/2201/1158 2212/2212/1168 2213/2213/1169
f 2213/2213/1169 2202/2202/1159 2201/2201/1158
f 2202/2202/1159 2213/2213/1169 2214/2214/1170
f 2214/2214/1170 2203/2203/1160 2202/2202/1159
f 2203/2203/1160 2214/2214/1170 2215/2215/1171
f 2215/2215/1171 2204/2204/1161 2203/2203/1160
f 2204/2204/1161 2215/2215/1171 2216/2216/1172
f 2216/2216/1172 2205/2205/1162 2204/2204/1161
f 2205/2205/1162 2216/2216/1172 2217/2217/1173
f 2217/2217/1173 2206/2206/1163 2205/2205/1162
f 2206/2206/1163 2217/2217/1173 2218/2218/1174
f 2218/2218/1174 2207/2207/1164 2206/2206/1163
f 2207/2207/1164 2218/2218/1174 2219/2219/1175
f 2219/2219/1175 2208/2208/1165 2207/2207/1164
f 2208/2208/1165 2219/2219/1175 2220/2220/1176
f 2220/2220/1176 2209/2209/1166 2208/2208/1165
f 2210/2210/474 2221/2221/473 2222/2222/691
f 2222/2222/691 2211/2211/1167 2210/2210/474
f 2211/2211/1167 2222/2222/691 2223/2223/692
f 2223/2223/692 2212/2212/1168 2211/2211/1167
f 2212/2212/1168 2223/2223/692 2224/2224/693
f 2224/2224/693 2213/2213/1169 2212/2212/1168
f 2213/2213/1169 2224/2224/693 2225/2225/694
f 2225/2225/694 2214/2214/1170 2213/2213/1169
f 2214/2214/1170 2225/2225/694 2226/2226/695
f 2226/2226/695 2215/2215/1171 2214/2214/1170
f 2215/2215/1171 2226/2226/695 2227/2227/696
f 2227/2227/696 2216/2216/1172 2215/2215/1171
f 2216/2216/1172 2227/2227/696 2228/2228/697
f 2228/2228/697 2217/2217/1173 2216/2216/1172
f 2217/2217/1173 2228/2228/697 2229/2229/698
f 2229/2229/698 2218/2218/1174 2217/2217/1173
f 2218/2218/1174 2229/2229/698 2230/2230/699
f 2230/2230/699 2219/2219/1175 2218/2218/1174
f 2219/2219/1175 2230/2230/699 2231/2231/1177
f 2231/2231/1177 2220/2220/1176 2219/2219/1175
f 2221/2221/473 2232/2232/1178 2233/2233/1179
f 2233/2233/1179 2222/2222/691 2221/2221/473
f 2222/2222/691 2233/2233/1179 2234/2234/1180
f 2234/2234/1180 2223/2223/692 2222/2222/691
f 2223/2223/692 2234/2234/1180 2235/2235/1181
f 2235/2235/1181 2224/2224/693 2223/2223/692
f 2224/2224/693 2235/2235/1181 2236/2236/1182
f 2236/2236/1182 2225/2225/694 2224/2224/693
f 2225/2225/694 2236/2236/1182 2237/2237/1183
f 2237/2237/1183 2226/2226/695 2225/2225/694
f 2226/2226/695 2237/2237/1183 2238/2238/1184
f 2238/2238/1184 2227/2227/696 2226/2226/695
f 2227/2227/696 2238/2238/1184 2239/2239/1185
f 2239/2239/1185 2228/2228/697 2227/2227/696
f 2228/2228/697 2239/2239/1185 2240/2240/1186
f 2240/2240/1186 2229/2229/698 2228/2228/697
f 2229/2229/698 2240/2240/1186 2241/2241/1187
f 2241/2241/1187 2230/2230/699 2229/2229/698
f 2230/2230/699 2241/2241/1187 2242/2242/1188
f 2242/2242/1188 2231/2231/1177 2230/2230/699
f 2246/2243/1189 2243/2244/1190 2244/2245/1191
f 2244/2245/1191 2245/2246/1192 2246/2243/1189
f 2245/2246/1192 2244/2245/1191 2247/2247/1193
f 2247/2247/1193 2248/2248/1194 2245/2246/1192
f 2248/2248/1194 2247/2247/1193 2249/2249/1195
f 2249/2249/1195 2250/2250/1196 2248/2248/1194
f 2250/2250/1196 2249/2249/1195 2251/2251/1197
f 2251/2251/1197 2252/2252/1198 2250/2250/1196
f 2252/2252/1198 2251/2251/1197 2253/2253/1199
f 2253/2253/1199 2254/2254/1200 2252/2252/1198
f 2254/2254/1200 2253/2253/1199 2255/2255/1201
f 2255/2255/1201 2256/2256/1202 2254/2254/1200
f 2256/2256/1202 2255/2255/1201 2257/2257/1203
f 2257/2257/1203 2258/2258/1204 2256/2256/1202
f 2258/2258/1204 2257/2257/1203 2259/2259/1205
f 2259/2259/1205 2260/2260/1206 2258/2258/1204
f 2260/2260/1206 2259/2259/1205 2261/2261/1207
f 2261/2261/1207 2262/2262/1208 2260/2260/1206
f 2262/2262/1208 2261/2261/1207 2263/2263/1209
f 2263/2263/1209 2264/2264/1210 2262/2262/1208
f 2243/2244/1190 2265/2265/1211 2266/2266/1212
f 2266/2266/1212 2244/2245/1191 2243/2244/1190
f 2244/2245/1191 2266/2266/1212 2267/2267/1213
f 2267/2267/1213 2247/2247/1193 2244/2245/1191
f 2247/2247/1193 2267/2267/1213 2268/2268/1214
f 2268/2268/1214 2249/2249/1195 2247/2247/1193
f 2249/2249/1195 2268/2268/1214 2269/2269/1215
f 2269/2269/1215 2251/2251/1197 2249/2249/1195
f 2251/2251/1197 2269/2269/1215 2270/2270/1216
f 2270/2270/1216 2253/2253/1199 2251/2251/1197
f 2253/2253/1199 2270/2270/1216 2271/2271/1217
f 2271/2271/1217 2255/2255/1201 2253/2253/1199
f 2255/2255/1201 2271/2271/1217 2272/2272/1218
f 2272/2272/1218 2257/2257/1203 2255/2255/1201
f 2257/2257/1203 2272/2272/1218 2273/2273/1219
f 2273/2273/1219 2259/2259/1205 2257/2257/1203
f 2259/2259/1205 2273/2273/1219 2274/2274/1220
f 2274/2274/1220 2261/2261/1207 2259/2259/1205
f 2261/2261/1207 2274/2274/1220 2275/2275/1221
f 2275/2275/1221 2263/2263/1209 2261/2261/1207
f 2265/2265/1211 2276/2276/1222 2277/2277/1223
f 2277/2277/1223 2266/2266/1212 2265/2265/1211
f 2266/2266/1212 2277/2277/1223 2278/2278/1224
f 2278/2278/1224 2267/2267/1213 2266/2266/1212
f 2267/2267/1213 2278/2278/1224 2279/2279/1225
f 2279/2279/1225 2268/2268/1214 2267/2267/1213
f 2268/2268/1214 2279/2279/1225 2280/2280/1226
f 2280/2280/1226 2269/2269/1215 2268/2268/1214
f 2269/2269/1215 2280/2280/1226 2281/2281/1227
f 2281/2281/1227 2270/2270/1216 2269/2269/1215
f 2270/2270/1216 2281/2281/1227 2282/2282/1228
f 2282/2282/1228 2271/2271/1217 2270/2270/1216
f 2271/2271/1217 2282/2282/1228 2283/2283/1229
f 2283/2283/1229 2272/2272/1218 2271/2271/1217
f 2272/2272/1218 2283/2283/1229 2284/2284/1230
f 2284/2284/1230 2273/2273/1219 2272/2272/1218
f 2273/2273/1219 2284/2284/1230 2285/2285/1231
f 2285/2285/1231 2274/2274/1220 2273/2273/1219
f 2274/2274/1220 2285/2285/1231 2286/2286/1232
f 2286/2286/1232 2275/2275/1221 2274/2274/1220
f 2276/2276/1222 2287/2287/1233 2288/2288/1234
f 2288/2288/1234 2277/2277/1223 2276/2276/1222
f 2277/2277/1223 2288/2288/1234 2289/2289/1235
f 2289/2289/1235 2278/2278/1224 2277/2277/1223
f 2278/2278/1224 2289/2289/1235 2290/2290/1236
f 2290/2290/1236 2279/2279/1225 2278/2278/1224
f 2279/2279/1225 2290/2290/1236 2291/2291/1237
f 2291/2291/1237 2280/2280/1226 2279/2279/1225
f 2280/2280/1226 2291/2291/1237 2292/2292/1238
f 2292/2292/1238 2281/2281/1227 2280/2280/1226
f 2281/2281/1227 2292/2292/1238 2293/2293/1239
f 2293/2293/1239 2282/2282/1228 2281/2281/1227
f 2282/2282/1228 2293/2293/1239 2294/2294/1240
f 2294/2294/1240 2283/2283/1229 2282/2282/1228
f 2283/2283/1229 2294/2294/1240 2295/2295/1241
f 2295/2295/1241 2284/2284/1230 2283/2283/1229
f 2284/2284/1230 2295/2295/1241 2296/2296/1242
f 2296/2296/1242 2285/2285/1231 2284/2284/1230
f 2285/2285/1231 2296/2296/1242 2297/2297/1243
f 2297/2297/1243 2286/2286/1232 2285/2285/1231
f 2287/2287/1233 2298/2298/1244 2299/2299/1245
f 2299/2299/1245 2288/2288/1234 2287/2287/1233
f 2288/2288/1234 2299/2299/1245 2300/2300/1246
f 2300/2300/1246 2289/2289/1235 2288/2288/1234
f 2289/2289/1235 2300/2300/1246 2301/2301/1247
f 2301/2301/1247 2290/2290/1236 2289/2289/1235
f 2290/2290/1236 2301/2301/1247 2302/2302/1248
f 2302/2302/1248 2291/2291/1237 2290/2290/1236
f 2291/2291/1237 2302/2302/1248 2303/2303/1249
f 2303/2303/1249 2292/2292/1238 2291/2291/1237
f 2292/2292/1238 2303/2303/1249 2304/2304/1250
f 2304/2304/1250 2293/2293/1239 2292/2292/1238
f 2293/2293/1239 2304/2304/1250 2305/2305/1251
f 2305/2305/1251 2294/2294/1240 2293/2293/1239
f 2294/2294/1240 2305/2305/1251 2306/2306/1252
f 2306/2306/1252 2295/2295/1241 2294/2294/1240
f 2295/2295/1241 2306/2306/1252 2307/2307/1253
f 2307/2307/1253 2296/2296/1242 2295/2295/1241
f 2296/2296/1242 2307/2307/1253 2308/2308/1254
f 2308/2308/1254 2297/2297/1243 2296/2296/1242
f 2298/2298/1244 2309/2309/1255 2310/2310/1256
f 2310/2310/1256 2299/2299/1245 2298/2298/1244
f 2299/2299/1245 2310/2310/1256 2311/2311/1257
f 2311/2311/1257 2300/2300/1246 2299/2299/1245
f 2300/2300/1246 2311/2311/1257 2312/2312/1258
f 2312/2312/1258 2301/2301/1247 2300/2300/1246
f 2301/2301/1247 2312/2312/1258 2313/2313/1259
f 2313/2313/1259 2302/2302/1248 2301/2301/1247
f 2302/2302/1248 2313/2313/1259 2314/2314/1260
f 2314/2314/1260 2303/2303/1249 2302/2302/1248
f 2303/2303/1249 2314/2314/1260 2315/2315/1261
f 2315/2315/1261 2304/2304/1250 2303/2303/1249
f 2304/2304/1250 2315/2315/1261 2316/2316/1262
f 2316/2316/1262 2305/2305/1251 2304/2304/1250
f 2305/2305/1251 2316/2316/1262 2317/2317/1263
f 2317/2317/1263 2306/2306/1252 2305/2305/1251
f 2306/2306/1252 2317/2317/1263 2318/2318/1264
f 2318/2318/1264 2307/2307/1253 2306/2306/1252
f 2307/2307/1253 2318/2318/1264 2319/2319/268
f 2319/2319/268 2308/2308/1254 2307/2307/1253
f 2309/2309/1255 2320/2320/1265 2321/2321/1266
f 2321/2321/1266 2310/2310/1256 2309/2309/1255
f 2310/2310/1256 2321/2321/1266 2322/2322/1267
f 2322/2322/1267 2311/2311/1257 2310/2310/1256
f 2311/2311/1257 2322/2322/1267 2323/2323/1268
f 2323/2323/1268 2312/2312/1258 2311/2311/1257
f 2312/2312/1258 2323/2323/1268 2324/2324/1269
f 2324/2324/1269 2313/2313/1259 2312/2312/1258
f 2313/2313/1259 2324/2324/1269 2325/2325/1270
f 2325/2325/1270 2314/2314/1260 2313/2313/1259
f 2314/2314/1260 2325/2325/1270 2326/2326/1271
f 2326/2326/1271 2315/2315/1261 2314/2314/1260
f 2315/2315/1261 2326/2326/1271 2327/2327/1272
f 2327/2327/1272 2316/2316/1262 2315/2315/1261
f 2316/2316/1262 2327/2327/1272 2328/2328/1273
f 2328/2328/1273 2317/2317/1263 2316/2316/1262
f 2317/2317/1263 2328/2328/1273 2329/2329/1274
f 2329/2329/1274 2318/2318/1264 2317/2317/1263
f 2318/2318/1264 2329/2329/1274 2330/2330/1275
f 2330/2330/1275 2319/2319/268 2318/2318/1264
f 2320/2320/1265 2331/2331/1276 2332/2332/1277
f 2332/2332/1277 2321/2321/1266 2320/2320/1265
f 2321/2321/1266 2332/2332/1277 2333/2333/1278
f 2333/2333/1278 2322/2322/1267 2321/2321/1266
f 2322/2322/1267 2333/2333/1278 2334/2334/1279
f 2334/2334/1279 2323/2323/1268 2322/2322/1267
f 2323/2323/1268 2334/2334/1279 2335/2335/1280
f 2335/2335/1280 2324/2324/1269 2323/2323/1268
f 2324/2324/1269 2335/2335/1280 2336/2336/1281
f 2336/2336/1281 2325/2325/1270 2324/2324/1269
f 2325/2325/1270 2336/2336/1281 2337/2337/1282
f 2337/2337/1282 2326/2326/1271 2325/2325/1270
f 2326/2326/1271 2337/2337/1282 2338/2338/1283
f 2338/2338/1283 2327/2327/1272 2326/2326/1271
f 2327/2327/1272 2338/2338/1283 2339/2339/1284
f 2339/2339/1284 2328/2328/1273 2327/2327/1272
f 2328/2328/1273 2339/2339/1284 2340/2340/1285
f 2340/2340/1285 2329/2329/1274 2328/2328/1273
f 2329/2329/1274 2340/2340/1285 2341/2341/1286
f 2341/2341/1286 2330/2330/1275 2329/2329/1274
f 2331/2331/1276 2342/2342/1287 2343/2343/1288
f 2343/2343/1288 2332/2332/1277 2331/2331/1276
f 2332/2332/1277 2343/2343/1288 2344/2344/1289
f 2344/2344/1289 2333/2333/1278 2332/2332/1277
f 2333/2333/1278 2344/2344/1289 2345/2345/1290
f 2345/2345/1290 2334/2334/1279 2333/2333/1278
f 2334/2334/1279 2345/2345/1290 2346/2346/1291
f 2346/2346/1291 2335/2335/1280 2334/2334/1279
f 2335/2335/1280 2346/2346/1291 2347/2347/1292
f 2347/2347/1292 2336/2336/1281 2335/2335/1280
f 2336/2336/1281 2347/2347/1292 2348/2348/1293
f 2348/2348/1293 2337/2337/1282 2336/2336/1281
f 2337/2337/1282 2348/2348/1293 2349/2349/1294
f 2349/2349/1294 2338/2338/1283 2337/2337/1282
f 2338/2338/1283 2349/2349/1294 2350/2350/1295
f 2350/2350/1295 2339/2339/1284 2338/2338/1283
f 2339/2339/1284 2350/2350/1295 2351/2351/1296
f 2351/2351/1296 2340/2340/1285 2339/2339/1284
f 2340/2340/1285 2351/2351/1296 2352/2352/1297
f 2352/2352/1297 2341/2341/1286 2340/2340/1285
f 2342/2342/1287 2353/2353/1298 2354/2354/1299
f 2354/2354/1299 2343/2343/1288 2342/2342/1287
f 2343/2343/1288 2354/2354/1299 2355/2355/1300
f 2355/2355/1300 2344/2344/1289 2343/2343/1288
f 2344/2344/1289 2355/2355/1300 2356/2356/1301
f 2356/2356/1301 2345/2345/1290 2344/2344/1289
f 2345/2345/1290 2356/2356/1301 2357/2357/1302
f 2357/2357/1302 2346/2346/1291 2345/2345/1290
f 2346/2346/1291 2357/2357/1302 2358/2358/1303
f 2358/2358/1303 2347/2347/1292 2346/2346/1291
f 2347/2347/1292 2358/2358/1303 2359/2359/1304
f 2359/2359/1304 2348/2348/1293 2347/2347/1292
f 2348/2348/1293 2359/2359/1304 2360/2360/1305
f 2360/2360/1305 2349/2349/1294 2348/2348/1293
f 2349/2349/1294 2360/2360/1305 2361/2361/1306
f 2361/2361/1306 2350/2350/1295 2349/2349/1294
f 2350/2350/1295 2361/2361/1306 2362/2362/1307
f 2362/2362/1307 2351/2351/1296 2350/2350/1295
f 2351/2351/1296 2362/2362/1307 2363/2363/1308
f 2363/2363/1308 2352/2352/1297 2351/2351/1296
f 2353/2353/1298 2364/2364/1309 2365/2365/1310
f 2365/2365/1310 2354/2354/1299 2353/2353/1298
f 2354/2354/1299 2365/2365/1310 2366/2366/1311
f 2366/2366/1311 2355/2355/1300 2354/2354/1299
f 2355/2355/1300 2366/2366/1311 2367/2367/1312
f 2367/2367/1312 2356/2356/1301 2355/2355/1300
f 2356/2356/1301 2367/2367/1312 2368/2368/1313
f 2368/2368/1313 2357/2357/1302 2356/2356/1301
f 2357/2357/1302 2368/2368/1313 2369/2369/1314
f 2369/2369/1314 2358/2358/1303 2357/2357/1302
f 2358/2358/1303 2369/2369/1314 2370/2370/1315
f 2370/2370/1315 2359/2359/1304 2358/2358/1303
f 2359/2359/1304 2370/2370/1315 2371/2371/1316
f 2371/2371/1316 2360/2360/1305 2359/2359/1304
f 2360/2360/1305 2371/2371/1316 2372/2372/1317
f 2372/2372/1317 2361/2361/1306 2360/2360/1305
f 2361/2361/1306 2372/2372/1317 2373/2373/1318
f 2373/2373/1318 2362/2362/1307 2361/2361/1306
f 2362/2362/1307 2373/2373/1318 2374/2374/1319
f 2374/2374/1319 2363/2363/1308 2362/2362/1307
f 2364/2364/1309 2375/2375/1320 2376/2376/1321
f 2376/2376/1321 2365/2365/1310 2364/2364/1309
f 2365/2365/1310 2376/2376/1321 2377/2377/1322
f 2377/2377/1322 2366/2366/1311 2365/2365/1310
f 2366/2366/1311 2377/2377/1322 2378/2378/1323
f 2378/2378/1323 2367/2367/1312 2366/2366/1311
f 2367/2367/1312 2378/2378/1323 2379/2379/1324
f 2379/2379/1324 2368/2368/1313 2367/2367/1312
f 2368/2368/1313 2379/2379/1324 2380/2380/1325
f 2380/2380/1325 2369/2369/1314 2368/2368/1313
f 2369/2369/1314 2380/2380/1325 2381/2381/1326
f 2381/2381/1326 2370/2370/1315 2369/2369/1314
f 2370/2370/1315 2381/2381/1326 2382/2382/1327
f 2382/2382/1327 2371/2371/1316 2370/2370/1315
f 2371/2371/1316 2382/2382/1327 2383/2383/1328
f 2383/2383/1328 2372/2372/1317 2371/2371/1316
f 2372/2372/1317 2383/2383/1328 2384/2384/1329
f 2384/2384/1329 2373/2373/1318 2372/2372/1317
f 2373/2373/1318 2384/2384/1329 2385/2385/1330
f 2385/2385/1330 2374/2374/1319 2373/2373/1318
f 2375/2375/1320 2386/2386/1331 2387/2387/541
f 2387/2387/541 2376/2376/1321 2375/2375/1320
f 2376/2376/1321 2387/2387/541 2388/2388/542
f 2388/2388/542 2377/2377/1322 2376/2376/1321
f 2377/2377/1322 2388/2388/542 2389/2389/543
f 2389/2389/543 2378/2378/1323 2377/2377/1322
f 2378/2378/1323 2389/2389/543 2390/2390/544
f 2390/2390/544 2379/2379/1324 2378/2378/1323
f 2379/2379/1324 2390/2390/544 2391/2391/545
f 2391/2391/545 2380/2380/1325 2379/2379/1324
f 2380/2380/1325 2391/2391/545 2392/2392/546
f 2392/2392/546 2381/2381/1326 2380/2380/1325
f 2381/2381/1326 2392/2392/546 2393/2393/547
f 2393/2393/547 2382/2382/1327 2381/2381/1326
f 2382/2382/1327 2393/2393/547 2394/2394/548
f 2394/2394/548 2383/2383/1328 2382/2382/1327
f 2383/2383/1328 2394/2394/548 2395/2395/549
f 2395/2395/549 2384/2384/1329 2383/2383/1328
f 2384/2384/1329 2395/2395/549 2396/2396/1332
f 2396/2396/1332 2385/2385/1330 2384/2384/1329
f 2386/2386/1331 2397/2397/1333 2398/2398/1334
f 2398/2398/1334 2387/2387/541 2386/2386/1331
f 2387/2387/541 2398/2398/1334 2399/2399/1335
f 2399/2399/1335 2388/2388/542 2387/2387/541
f 2388/2388/542 2399/2399/1335 2400/2400/1336
f 2400/2400/1336 2389/2389/543 2388/2388/542
f 2389/2389/543 2400/2400/1336 2401/2401/1337
f 2401/2401/1337 2390/2390/544 2389/2389/543
f 2390/2390/544 2401/2401/1337 2402/2402/1338
f 2402/2402/1338 2391/2391/545 2390/2390/544
f 2391/2391/545 2402/2402/1338 2403/2403/1339
f 2403/2403/1339 2392/2392/546 2391/2391/545
f 2392/2392/546 2403/2403/1339 2404/2404/1340
f 2404/2404/1340 2393/2393/547 2392/2392/546
f 2393/2393/547 2404/2404/1340 2405/2405/1341
f 2405/2405/1341 2394/2394/548 2393/2393/547
f 2394/2394/548 2405/2405/1341 2406/2406/1342
f 2406/2406/1342 2395/2395/549 2394/2394/548
f 2395/2395/549 2406/2406/1342 2407/2407/1343
f 2407/2407/1343 2396/2396/1332 2395/2395/549
f 2397/2397/1333 2408/2408/1344 2409/2409/1345
f 2409/2409/1345 2398/2398/1334 2397/2397/1333
f 2398/2398/1334 2409/2409/1345 2410/2410/1346
f 2410/2410/1346 2399/2399/1335 2398/2398/1334
f 2399/2399/1335 2410/2410/1346 2411/2411/1347
f 2411/2411/1347 2400/2400/1336 2399/2399/1335
f 2400/2400/1336 2411/2411/1347 2412/2412/1348
f 2412/2412/1348 2401/2401/1337 2400/2400/1336
f 2401/2401/1337 2412/2412/1348 2413/2413/1349
f 2413/2413/1349 2402/2402/1338 2401/2401/1337
f 2402/2402/1338 2413/2413/1349 2414/2414/1350
f 2414/2414/1350 2403/2403/1339 2402/2402/1338
f 2403/2403/1339 2414/2414/1350 2415/2415/1351
f 2415/2415/1351 2404/2404/1340 2403/2403/1339
f 2404/2404/1340 2415/2415/1351 2416/2416/1352
f 2416/2416/1352 2405/2405/1341 2404/2404/1340
f 2405/2405/1341 2416/2416/1352 2417/2417/1353
f 2417/2417/1353 2406/2406/1342 2405/2405/1341
f 2406/2406/1342 2417/2417/1353 2418/2418/1354
f 2418/2418/1354 2407/2407/1343 2406/2406/1342
f 2408/2408/1344 2419/2419/1355 2420/2420/1356
f 2420/2420/1356 2409/2409/1345 2408/2408/1344
f 2409/2409/1345 2420/2420/1356 2421/2421/1357
f 2421/2421/1357 2410/2410/1346 2409/2409/1345
f 2410/2410/1346 2421/2421/1357 2422/2422/1358
f 2422/2422/1358 2411/2411/1347 2410/2410/1346
f 2411/2411/1347 2422/2422/1358 2423/2423/1359
f 2423/2423/1359 2412/2412/1348 2411/2411/1347
f 2412/2412/1348 2423/2423/1359 2424/2424/1360
f 2424/2424/1360 2413/2413/1349 2412/2412/1348
f 2413/2413/1349 2424/2424/1360 2425/2425/1361
f 2425/2425/1361 2414/2414/1350 2413/2413/1349
f 2414/2414/1350 2425/2425/1361 2426/2426/1362
f 2426/2426/1362 2415/2415/1351 2414/2414/1350
f 2415/2415/1351 2426/2426/1362 2427/2427/1363
f 2427/2427/1363 2416/2416/1352 2415/2415/1351
f 2416/2416/1352 2427/2427/1363 2428/2428/1364
f 2428/2428/1364 2417/2417/1353 2416/2416/1352
f 2417/2417/1353 2428/2428/1364 2429/2429/1365
f 2429/2429/1365 2418/2418/1354 2417/2417/1353
f 2419/2419/1355 2430/2430/1366 2431/2431/1367
f 2431/2431/1367 2420/2420/1356 2419/2419/1355
f 2420/2420/1356 2431/2431/1367 2432/2432/1368
f 2432/2432/1368 2421/2421/1357 2420/2420/1356
f 2421/2421/1357 2432/2432/1368 2433/2433/1369
f 2433/2433/1369 2422/2422/1358 2421/2421/1357
f 2422/2422/1358 2433/2433/1369 2434/2434/1370
f 2434/2434/1370 2423/2423/1359 2422/2422/1358
f 2423/2423/1359 2434/2434/1370 2435/2435/1371
f 2435/2435/1371 2424/2424/1360 2423/2423/1359
f 2424/2424/1360 2435/2435/1371 2436/2436/1372
f 2436/2436/1372 2425/2425/1361 2424/2424/1360
f 2425/2425/1361 2436/2436/1372 2437/2437/1373
f 2437/2437/1373 2426/2426/1362 2425/2425/1361
f 2426/2426/1362 2437/2437/1373 2438/2438/1374
f 2438/2438/1374 2427/2427/1363 2426/2426/1362
f 2427/2427/1363 2438/2438/1374 2439/2439/1375
f 2439/2439/1375 2428/2428/1364 2427/2427/1363
f 2428/2428/1364 2439/2439/1375 2440/2440/1376
f 2440/2440/1376 2429/2429/1365 2428/2428/1364
f 2430/2430/1366 2441/2441/1377 2442/2442/1378
f 2442/2442/1378 2431/2431/1367 2430/2430/1366
f 2431/2431/1367 2442/2442/1378 2443/2443/1379
f 2443/2443/1379 2432/2432/1368 2431/2431/1367
f 2432/2432/1368 2443/2443/1379 2444/2444/1380
f 2444/2444/1380 2433/2433/1369 2432/2432/1368
f 2433/2433/1369 2444/2444/1380 2445/2445/1381
f 2445/2445/1381 2434/2434/1370 2433/2433/1369
f 2434/2434/1370 2445/2445/1381 2446/2446/1382
f 2446/2446/1382 2435/2435/1371 2434/2434/1370
f 2435/2435/1371 2446/2446/1382 2447/2447/1383
f 2447/2447/1383 2436/2436/1372 2435/2435/1371
f 2436/2436/1372 2447/2447/1383 2448/2448/1384
f 2448/2448/1384 2437/2437/1373 2436/2436/1372
f 2437/2437/1373 2448/2448/1384 2449/2449/1385
f 2449/2449/1385 2438/2438/1374 2437/2437/1373
f 2438/2438/1374 2449/2449/1385 2450/2450/1386
f 2450/2450/1386 2439/2439/1375 2438/2438/1374
f 2439/2439/1375 2450/2450/1386 2451/2451/1387
f 2451/2451/1387 2440/2440/1376 2439/2439/1375
f 2441/2441/1377 2452/2452/1388 2453/2453/1389
f 2453/2453/1389 2442/2442/1378 2441/2441/1377
f 2442/2442/1378 2453/2453/1389 2454/2454/1390
f 2454/2454/1390 2443/2443/1379 2442/2442/1378
f 2443/2443/1379 2454/2454/1390 2455/2455/1391
f 2455/2455/1391 2444/2444/1380 2443/2443/1379
f 2444/2444/1380 2455/2455/1391 2456/2456/1392
f 2456/2456/1392 2445/2445/1381 2444/2444/1380
f 2445/2445/1381 2456/2456/1392 2457/2457/1393
f 2457/2457/1393 2446/2446/1382 2445/2445/1381
f 2446/2446/1382 2457/2457/1393 2458/2458/1394
f 2458/2458/1394 2447/2447/1383 2446/2446/1382
f 2447/2447/1383 2458/2458/1394 2459/2459/1395
f 2459/2459/1395 2448/2448/1384 2447/2447/1383
f 2448/2448/1384 2459/2459/1395 2460/2460/1396
f 2460/2460/1396 2449/2449/1385 2448/2448/1384
f 2449/2449/1385 2460/2460/1396 2461/2461/1397
f 2461/2461/1397 2450/2450/1386 2449/2449/1385
f 2450/2450/1386 2461/2461/1397 2462/2462/1398
f 2462/2462/1398 2451/2451/1387 2450/2450/1386
f 2452/2452/1388 2463/2463/1399 2464/2464/1400
f 2464/2464/1400 2453/2453/1389 2452/2452/1388
f 2453/2453/1389 2464/2464/1400 2465/2465/1401
f 2465/2465/1401 2454/2454/1390 2453/2453/1389
f 2454/2454/1390 2465/2465/1401 2466/2466/1402
f 2466/2466/1402 2455/2455/1391 2454/2454/1390
f 2455/2455/1391 2466/2466/1402 2467/2467/1403
f 2467/2467/1403 2456/2456/1392 2455/2455/1391
f 2456/2456/1392 2467/2467/1403 2468/2468/1404
f 2468/2468/1404 2457/2457/1393 2456/2456/1392
f 2457/2457/1393 2468/2468/1404 2469/2469/1405
f 2469/2469/1405 2458/2458/1394 2457/2457/1393
f 2458/2458/1394 2469/2469/1405 2470/2470/1406
f 2470/2470/1406 2459/2459/1395 2458/2458/1394
f 2459/2459/1395 2470/2470/1406 2471/2471/1407
f 2471/2471/1407 2460/2460/1396 2459/2459/1395
f 2460/2460/1396 2471/2471/1407 2472/2472/1408
f 2472/2472/1408 2461/2461/1397 2460/2460/1396
f 2461/2461/1397 2472/2472/1408 2473/2473/422
f 2473/2473/422 2462/2462/1398 2461/2461/1397
f 2463/2463/1399 2158/2155/1112 2157/2158/1115
f 2157/2158/1115 2464/2464/1400 2463/2463/1399
f 2464/2464/1400 2157/2158/1115 2160/2160/1117
f 2160/2160/1117 2465/2465/1401 2464/2464/1400
f 2465/2465/1401 2160/2160/1117 2162/2162/1119
f 2162/2162/1119 2466/2466/1402 2465/2465/1401
f 2466/2466/1402 2162/2162/1119 2164/2164/1121
f 2164/2164/1121 2467/2467/1403 2466/2466/1402
f 2467/2467/1403 2164/2164/1121 2166/2166/1123
f 2166/2166/1123 2468/2468/1404 2467/2467/1403
f 2468/2468/1404 2166/2166/1123 2168/2168/1125
f 2168/2168/1125 2469/2469/1405 2468/2468/1404
f 2469/2469/1405 2168/2168/1125 2170/2170/1127
f 2170/2170/1127 2470/2470/1406 2469/2469/1405
f 2470/2470/1406 2170/2170/1127 2172/2172/1129
f 2172/2172/1129 2471/2471/1407 2470/2470/1406
f 2471/2471/1407 2172/2172/1129 2174/2174/1131
f 2174/2174/1131 2472/2472/1408 2471/2471/1407
f 2472/2472/1408 2174/2174/1131 2176/2176/1133
f 2176/2176/1133 2473/2473/422 2472/2472/1408
f 2176/2176/1133 2175/2175/1132 2474/2474/423
f 2474/2474/423 2475/2475/424 2176/2176/1133
f 2175/2175/1132 2187/2187/1144 2476/2476/425
f 2476/2476/425 2474/2474/423 2175/2175/1132
f 2187/2187/1144 2198/2198/1155 2477/2477/426
f 2477/2477/426 2476/2476/425 2187/2187/1144
f 2198/2198/1155 2209/2209/1166 2478/2478/427
f 2478/2478/427 2477/2477/426 2198/2198/1155
f 2209/2209/1166 2220/2220/1176 2479/2479/428
f 2479/2479/428 2478/2478/427 2209/2209/1166
f 2220/2220/1176 2231/2231/1177 2480/2480/429
f 2480/2480/429 2479/2479/428 2220/2220/1176
f 2231/2231/1177 2242/2242/1188 2481/2481/430
f 2481/2481/430 2480/2480/429 2231/2231/1177
f 2264/2264/1210 2263/2263/1209 2482/2482/431
f 2482/2482/431 2483/2483/432 2264/2264/1210
f 2263/2263/1209 2275/2275/1221 2484/2484/433
f 2484/2484/433 2482/2482/431 2263/2263/1209
f 2275/2275/1221 2286/2286/1232 2485/2485/434
f 2485/2485/434 2484/2484/433 2275/2275/1221
f 2286/2286/1232 2297/2297/1243 2486/2486/435
f 2486/2486/435 2485/2485/434 2286/2286/1232
f 2297/2297/1243 2308/2308/1254 2487/2487/436
f 2487/2487/436 2486/2486/435 2297/2297/1243
f 2308/2308/1254 2319/2319/268 2488/2488/32
f 2488/2488/32 2487/2487/436 2308/2308/1254
f 2319/2319/268 2330/2330/1275 2489/2489/437
f 2489/2489/437 2488/2488/32 2319/2319/268
f 2330/2330/1275 2341/2341/1286 2490/2490/438
f 2490/2490/438 2489/2489/437 2330/2330/1275
f 2341/2341/1286 2352/2352/1297 2491/2491/439
f 2491/2491/439 2490/2490/438 2341/2341/1286
f 2352/2352/1297 2363/2363/1308 2492/2492/440
f 2492/2492/440 2491/2491/439 2352/2352/1297
f 2363/2363/1308 2374/2374/1319 2493/2493/441
f 2493/2493/441 2492/2492/440 2363/2363/1308
f 2374/2374/1319 2385/2385/1330 2494/2494/442
f 2494/2494/442 2493/2493/441 2374/2374/1319
f 2385/2385/1330 2396/2396/1332 2495/2495/17
f 2495/2495/17 2494/2494/442 2385/2385/1330
f 2396/2396/1332 2407/2407/1343 2496/2496/443
f 2496/2496/443 2495/2495/17 2396/2396/1332
f 2407/2407/1343 2418/2418/1354 2497/2497/444
f 2497/2497/444 2496/2496/443 2407/2407/1343
f 2418/2418/1354 2429/2429/1365 2498/2498/445
f 2498/2498/445 2497/2497/444 2418/2418/1354
f 2429/2429/1365 2440/2440/1376 2499/2499/446
f 2499/2499/446 2498/2498/445 2429/2429/1365
f 2440/2440/1376 2451/2451/1387 2500/2500/447
f 2500/2500/447 2499/2499/446 2440/2440/1376
f 2451/2451/1387 2462/2462/1398 2501/2501/448
f 2501/2501/448 2500/2500/447 2451/2451/1387
f 2462/2462/1398 2473/2473/422 2502/2502/449
f 2502/2502/449 2501/2501/448 2462/2462/1398
f 2473/2473/422 2176/2176/1133 2475/2475/424
f 2475/2475/424 2502/2502/449 2473/2473/422
f 2506/2503/33 2503/2504/34 2504/2505/1409
f 2504/2505/1409 2505/2506/1410 2506/2503/33
f 2508/2507/35 2506/2503/33 2505/2506/1410
f 2505/2506/1410 2507/2508/1411 2508/2507/35
f 2510/2509/36 2508/2507/35 2507/2508/1411
f 2507/2508/1411 2509/2510/1412 2510/2509/36
f 2512/2511/37 2510/2509/36 2509/2510/1412
f 2509/2510/1412 2511/2512/1413 2512/2511/37
f 2514/2513/38 2512/2511/37 2511/2512/1413
f 2511/2512/1413 2513/2514/1414 2514/2513/38
f 2516/2515/7 2514/2513/38 2513/2514/1414
f 2513/2514/1414 2515/2516/1415 2516/2515/7
f 2518/2517/1416 2516/2515/7 2515/2516/1415
f 2515/2516/1415 2517/2518/1417 2518/2517/1416
f 2522/2519/40 2519/2520/1418 2520/2521/1419
f 2520/2521/1419 2521/2522/1420 2522/2519/40
f 2524/2523/41 2522/2519/40 2521/2522/1420
f 2521/2522/1420 2523/2524/1421 2524/2523/41
f 2526/2525/42 2524/2523/41 2523/2524/1421
f 2523/2524/1421 2525/2526/1422 2526/2525/42
f 2528/2527/43 2526/2525/42 2525/2526/1422
f 2525/2526/1422 2527/2528/1423 2528/2527/43
f 2530/2529/44 2528/2527/43 2527/2528/1423
f 2527/2528/1423 2529/2530/1424 2530/2529/44
f 2532/2531/32 2530/2529/44 2529/2530/1424
f 2529/2530/1424 2531/2532/1425 2532/2531/32
f 2534/2533/45 2532/2531/32 2531/2532/1425
f 2531/2532/1425 2533/2534/1426 2534/2533/45
f 2536/2535/46 2534/2533/45 2533/2534/1426
f 2533/2534/1426 2535/2536/1427 2536/2535/46
f 2538/2537/47 2536/2535/46 2535/2536/1427
f 2535/2536/1427 2537/2538/1428 2538/2537/47
f 2540/2539/48 2538/2537/47 2537/2538/1428
f 2537/2538/1428 2539/2540/1429 2540/2539/48
f 2542/2541/49 2540/2539/48 2539/2540/1429
f 2539/2540/1429 2541/2542/1430 2542/2541/49
f 2544/2543/50 2542/2541/49 2541/2542/1430
f 2541/2542/1430 2543/2544/1431 2544/2543/50
f 2546/2545/24 2544/2543/50 2543/2544/1431
f 2543/2544/1431 2545/2546/171 2546/2545/24
f 2548/2547/52 2546/2545/24 2545/2546/171
f 2545/2546/171 2547/2548/1432 2548/2547/52
f 2550/2549/54 2548/2547/52 2547/2548/1432
f 2547/2548/1432 2549/2550/1433 2550/2549/54
f 2552/2551/55 2550/2549/54 2549/2550/1433
f 2549/2550/1433 2551/2552/1434 2552/2551/55
f 2554/2553/56 2552/2551/55 2551/2552/1434
f 2551/2552/1434 2553/2554/1435 2554/2553/56
f 2556/2555/57 2554/2553/56 2553/2554/1435
f 2553/2554/1435 2555/2556/1436 2556/2555/57
f 2558/2557/58 2556/2555/57 2555/2556/1436
f 2555/2556/1436 2557/2558/1437 2558/2557/58
f 2560/2559/59 2558/2557/58 2557/2558/1437
f 2557/2558/1437 2559/2560/1438 2560/2559/59
f 2503/2504/34 2560/2559/59 2559/2560/1438
f 2559/2560/1438 2504/2505/1409 2503/2504/34
f 2562/2561/1439 2505/2506/1410 2504/2505/1409
f 2504/2505/1409 2561/2562/1440 2562/2561/1439
f 2564/2563/1441 2562/2561/1439 2561/2562/1440
f 2561/2562/1440 2563/2564/1442 2564/2563/1441
f 2566/2565/1443 2564/2563/1441 2563/2564/1442
f 2563/2564/1442 2565/2566/1444 2566/2565/1443
f 2568/2567/1445 2566/2565/1443 2565/2566/1444
f 2565/2566/1444 2567/2568/1446 2568/2567/1445
f 2570/2569/1447 2568/2567/1445 2567/2568/1446
f 2567/2568/1446 2569/2570/1448 2570/2569/1447
f 2572/2571/1449 2570/2569/1447 2569/2570/1448
f 2569/2570/1448 2571/2572/1450 2572/2571/1449
f 2574/2573/1451 2572/2571/1449 2571/2572/1450
f 2571/2572/1450 2573/2574/1452 2574/2573/1451
f 2576/2575/1453 2574/2573/1451 2573/2574/1452
f 2573/2574/1452 2575/2576/1454 2576/2575/1453
f 2578/2577/1455 2576/2575/1453 2575/2576/1454
f 2575/2576/1454 2577/2578/1456 2578/2577/1455
f 2580/2579/1457 2578/2577/1455 2577/2578/1456
f 2577/2578/1456 2579/2580/1458 2580/2579/1457
f 2581/2581/1459 2507/2508/1411 2505/2506/1410
f 2505/2506/1410 2562/2561/1439 2581/2581/1459
f 2582/2582/1460 2581/2581/1459 2562/2561/1439
f 2562/2561/1439 2564/2563/1441 2582/2582/1460
f 2583/2583/1461 2582/2582/1460 2564/2563/1441
f 2564/2563/1441 2566/2565/1443 2583/2583/1461
f 2584/2584/1462 2583/2583/1461 2566/2565/1443
f 2566/2565/1443 2568/2567/1445 2584/2584/1462
f 2585/2585/1463 2584/2584/1462 2568/2567/1445
f 2568/2567/1445 2570/2569/1447 2585/2585/1463
f 2586/2586/1464 2585/2585/1463 2570/2569/1447
f 2570/2569/1447 2572/2571/1449 2586/2586/1464
f 2587/2587/1465 2586/2586/1464 2572/2571/1449
f 2572/2571/1449 2574/2573/1451 2587/2587/1465
f 2588/2588/1466 2587/2587/1465 2574/2573/1451
f 2574/2573/1451 2576/2575/1453 2588/2588/1466
f 2589/2589/1467 2588/2588/1466 2576/2575/1453
f 2576/2575/1453 2578/2577/1455 2589/2589/1467
f 2590/2590/1468 2589/2589/1467 2578/2577/1455
f 2578/2577/1455 2580/2579/1457 2590/2590/1468
f 2591/2591/1469 2509/2510/1412 2507/2508/1411
f 2507/2508/1411 2581/2581/1459 2591/2591/1469
f 2592/2592/1470 2591/2591/1469 2581/2581/1459
f 2581/2581/1459 2582/2582/1460 2592/2592/1470
f 2593/2593/1471 2592/2592/1470 2582/2582/1460
f 2582/2582/1460 2583/2583/1461 2593/2593/1471
f 2594/2594/1472 2593/2593/1471 2583/2583/1461
f 2583/2583/1461 2584/2584/1462 2594/2594/1472
f 2595/2595/1473 2594/2594/1472 2584/2584/1462
f 2584/2584/1462 2585/2585/1463 2595/2595/1473
f 2596/2596/1474 2595/2595/1473 2585/2585/1463
f 2585/2585/1463 2586/2586/1464 2596/2596/1474
f 2597/2597/1475 2596/2596/1474 2586/2586/1464
f 2586/2586/1464 2587/2587/1465 2597/2597/1475
f 2598/2598/1476 2597/2597/1475 2587/2587/1465
f 2587/2587/1465 2588/2588/1466 2598/2598/1476
f 2599/2599/1477 2598/2598/1476 2588/2588/1466
f 2588/2588/1466 2589/2589/1467 2599/2599/1477
f 2600/2600/1478 2599/2599/1477 2589/2589/1467
f 2589/2589/1467 2590/2590/1468 2600/2600/1478
f 2601/2601/1479 2511/2512/1413 2509/2510/1412
f 2509/2510/1412 2591/2591/1469 2601/2601/1479
f 2602/2602/1480 2601/2601/1479 2591/2591/1469
f 2591/2591/1469 2592/2592/1470 2602/2602/1480
f 2603/2603/1481 2602/2602/1480 2592/2592/1470
f 2592/2592/1470 2593/2593/1471 2603/2603/1481
f 2604/2604/1482 2603/2603/1481 2593/2593/1471
f 2593/2593/1471 2594/2594/1472 2604/2604/1482
f 2605/2605/1483 2604/2604/1482 2594/2594/1472
f 2594/2594/1472 2595/2595/1473 2605/2605/1483
f 2606/2606/1484 2605/2605/1483 2595/2595/1473
f 2595/2595/1473 2596/2596/1474 2606/2606/1484
f 2607/2607/1485 2606/2606/1484 2596/2596/1474
f 2596/2596/1474 2597/2597/1475 2607/2607/1485
f 2608/2608/1486 2607/2607/1485 2597/2597/1475
f 2597/2597/1475 2598/2598/1476 2608/2608/1486
f 2609/2609/1487 2608/2608/1486 2598/2598/1476
f 2598/2598/1476 2599/2599/1477 2609/2609/1487
f 2610/2610/1488 2609/2609/1487 2599/2599/1477
f 2599/2599/1477 2600/2600/1478 2610/2610/1488
f 2611/2611/1489 2513/2514/1414 2511/2512/1413
f 2511/2512/1413 2601/2601/1479 2611/2611/1489
f 2612/2612/1490 2611/2611/1489 2601/2601/1479
f 2601/2601/1479 2602/2602/1480 2612/2612/1490
f 2613/2613/1491 2612/2612/1490 2602/2602/1480
f 2602/2602/1480 2603/2603/1481 2613/2613/1491
f 2614/2614/1492 2613/2613/1491 2603/2603/1481
f 2603/2603/1481 2604/2604/1482 2614/2614/1492
f 2615/2615/1493 2614/2614/1492 2604/2604/1482
f 2604/2604/1482 2605/2605/1483 2615/2615/1493
f 2616/2616/1494 2615/2615/1493 2605/2605/1483
f 2605/2605/1483 2606/2606/1484 2616/2616/1494
f 2617/2617/1495 2616/2616/1494 2606/2606/1484
f 2606/2606/1484 2607/2607/1485 2617/2617/1495
f 2618/2618/1496 2617/2617/1495 2607/2607/1485
f 2607/2607/1485 2608/2608/1486 2618/2618/1496
f 2619/2619/1497 2618/2618/1496 2608/2608/1486
f 2608/2608/1486 2609/2609/1487 2619/2619/1497
f 2620/2620/1498 2619/2619/1497 2609/2609/1487
f 2609/2609/1487 2610/2610/1488 2620/2620/1498
f 2621/2621/335 2515/2516/1415 2513/2514/1414
f 2513/2514/1414 2611/2611/1489 2621/2621/335
f 2622/2622/337 2621/2621/335 2611/2611/1489
f 2611/2611/1489 2612/2612/1490 2622/2622/337
f 2623/2623/338 2622/2622/337 2612/2612/1490
f 2612/2612/1490 2613/2613/1491 2623/2623/338
f 2624/2624/339 2623/2623/338 2613/2613/1491
f 2613/2613/1491 2614/2614/1492 2624/2624/339
f 2625/2625/340 2624/2624/339 2614/2614/1492
f 2614/2614/1492 2615/2615/1493 2625/2625/340
f 2626/2626/341 2625/2625/340 2615/2615/1493
f 2615/2615/1493 2616/2616/1494 2626/2626/341
f 2627/2627/342 2626/2626/341 2616/2616/1494
f 2616/2616/1494 2617/2617/1495 2627/2627/342
f 2628/2628/343 2627/2627/342 2617/2617/1495
f 2617/2617/1495 2618/2618/1496 2628/2628/343
f 2629/2629/344 2628/2628/343 2618/2618/1496
f 2618/2618/1496 2619/2619/1497 2629/2629/344
f 2630/2630/1499 2629/2629/344 2619/2619/1497
f 2619/2619/1497 2620/2620/1498 2630/2630/1499
f 2631/2631/1500 2517/2518/1417 2515/2516/1415
f 2515/2516/1415 2621/2621/335 2631/2631/1500
f 2632/2632/1501 2631/2631/1500 2621/2621/335
f 2621/2621/335 2622/2622/337 2632/2632/1501
f 2633/2633/1502 2632/2632/1501 2622/2622/337
f 2622/2622/337 2623/2623/338 2633/2633/1502
f 2634/2634/1503 2633/2633/1502 2623/2623/338
f 2623/2623/338 2624/2624/339 2634/2634/1503
f 2635/2635/1504 2634/2634/1503 2624/2624/339
f 2624/2624/339 2625/2625/340 2635/2635/1504
f 2636/2636/1505 2635/2635/1504 2625/2625/340
f 2625/2625/340 2626/2626/341 2636/2636/1505
f 2637/2637/1506 2636/2636/1505 2626/2626/341
f 2626/2626/341 2627/2627/342 2637/2637/1506
f 2638/2638/1507 2637/2637/1506 2627/2627/342
f 2627/2627/342 2628/2628/343 2638/2638/1507
f 2639/2639/1508 2638/2638/1507 2628/2628/343
f 2628/2628/343 2629/2629/344 2639/2639/1508
f 2640/2640/1509 2639/2639/1508 2629/2629/344
f 2629/2629/344 2630/2630/1499 2640/2640/1509
f 2642/2641/1510 2521/2522/1420 2520/2521/1419
f 2520/2521/1419 2641/2642/1511 2642/2641/1510
f 2644/2643/1512 2642/2641/1510 2641/2642/1511
f 2641/2642/1511 2643/2644/1513 2644/2643/1512
f 2646/2645/1514 2644/2643/1512 2643/2644/1513
f 2643/2644/1513 2645/2646/1515 2646/2645/1514
f 2648/2647/1516 2646/2645/1514 2645/2646/1515
f 2645/2646/1515 2647/2648/1517 2648/2647/1516
f 2650/2649/1518 2648/2647/1516 2647/2648/1517
f 2647/2648/1517 2649/2650/1519 2650/2649/1518
f 2652/2651/1520 2650/2649/1518 2649/2650/1519
f 2649/2650/1519 2651/2652/1521 2652/2651/1520
f 2654/2653/1522 2652/2651/1520 2651/2652/1521
f 2651/2652/1521 2653/2654/1523 2654/2653/1522
f 2656/2655/1524 2654/2653/1522 2653/2654/1523
f 2653/2654/1523 2655/2656/1525 2656/2655/1524
f 2658/2657/1526 2656/2655/1524 2655/2656/1525
f 2655/2656/1525 2657/2658/1527 2658/2657/1526
f 2660/2659/1528 2658/2657/1526 2657/2658/1527
f 2657/2658/1527 2659/2660/1529 2660/2659/1528
f 2661/2661/1530 2523/2524/1421 2521/2522/1420
f 2521/2522/1420 2642/2641/1510 2661/2661/1530
f 2662/2662/1531 2661/2661/1530 2642/2641/1510
f 2642/2641/1510 2644/2643/1512 2662/2662/1531
f 2663/2663/1532 2662/2662/1531 2644/2643/1512
f 2644/2643/1512 2646/2645/1514 2663/2663/1532
f 2664/2664/1533 2663/2663/1532 2646/2645/1514
f 2646/2645/1514 2648/2647/1516 2664/2664/1533
f 2665/2665/1534 2664/2664/1533 2648/2647/1516
f 2648/2647/1516 2650/2649/1518 2665/2665/1534
f 2666/2666/1535 2665/2665/1534 2650/2649/1518
f 2650/2649/1518 2652/2651/1520 2666/2666/1535
f 2667/2667/1536 2666/2666/1535 2652/2651/1520
f 2652/2651/1520 2654/2653/1522 2667/2667/1536
f 2668/2668/1537 2667/2667/1536 2654/2653/1522
f 2654/2653/1522 2656/2655/1524 2668/2668/1537
f 2669/2669/1538 2668/2668/1537 2656/2655/1524
f 2656/2655/1524 2658/2657/1526 2669/2669/1538
f 2670/2670/1539 2669/2669/1538 2658/2657/1526
f 2658/2657/1526 2660/2659/1528 2670/2670/1539
f 2671/2671/1540 2525/2526/1422 2523/2524/1421
f 2523/2524/1421 2661/2661/1530 2671/2671/1540
f 2672/2672/1541 2671/2671/1540 2661/2661/1530
f 2661/2661/1530 2662/2662/1531 2672/2672/1541
f 2673/2673/1542 2672/2672/1541 2662/2662/1531
f 2662/2662/1531 2663/2663/1532 2673/2673/1542
f 2674/2674/1543 2673/2673/1542 2663/2663/1532
f 2663/2663/1532 2664/2664/1533 2674/2674/1543
f 2675/2675/1544 2674/2674/1543 2664/2664/1533
f 2664/2664/1533 2665/2665/1534 2675/2675/1544
f 2676/2676/1545 2675/2675/1544 2665/2665/1534
f 2665/2665/1534 2666/2666/1535 2676/2676/1545
f 2677/2677/1546 2676/2676/1545 2666/2666/1535
f 2666/2666/1535 2667/2667/1536 2677/2677/1546
f 2678/2678/1547 2677/2677/1546 2667/2667/1536
f 2667/2667/1536 2668/2668/1537 2678/2678/1547
f 2679/2679/1548 2678/2678/1547 2668/2668/1537
f 2668/2668/1537 2669/2669/1538 2679/2679/1548
f 2680/2680/1549 2679/2679/1548 2669/2669/1538
f 2669/2669/1538 2670/2670/1539 2680/2680/1549
f 2681/2681/1550 2527/2528/1423 2525/2526/1422
f 2525/2526/1422 2671/2671/1540 2681/2681/1550
f 2682/2682/1551 2681/2681/1550 2671/2671/1540
f 2671/2671/1540 2672/2672/1541 2682/2682/1551
f 2683/2683/1552 2682/2682/1551 2672/2672/1541
f 2672/2672/1541 2673/2673/1542 2683/2683/1552
f 2684/2684/1553 2683/2683/1552 2673/2673/1542
f 2673/2673/1542 2674/2674/1543 2684/2684/1553
f 2685/2685/1554 2684/2684/1553 2674/2674/1543
f 2674/2674/1543 2675/2675/1544 2685/2685/1554
f 2686/2686/1555 2685/2685/1554 2675/2675/1544
f 2675/2675/1544 2676/2676/1545 2686/2686/1555
f 2687/2687/1556 2686/2686/1555 2676/2676/1545
f 2676/2676/1545 2677/2677/1546 2687/2687/1556
f 2688/2688/1557 2687/2687/1556 2677/2677/1546
f 2677/2677/1546 2678/2678/1547 2688/2688/1557
f 2689/2689/1558 2688/2688/1557 2678/2678/1547
f 2678/2678/1547 2679/2679/1548 2689/2689/1558
f 2690/2690/1559 2689/2689/1558 2679/2679/1548
f 2679/2679/1548 2680/2680/1549 2690/2690/1559
f 2691/2691/1560 2529/2530/1424 2527/2528/1423
f 2527/2528/1423 2681/2681/1550 2691/2691/1560
f 2692/2692/1561 2691/2691/1560 2681/2681/1550
f 2681/2681/1550 2682/2682/1551 2692/2692/1561
f 2693/2693/1562 2692/2692/1561 2682/2682/1551
f 2682/2682/1551 2683/2683/1552 2693/2693/1562
f 2694/2694/1563 2693/2693/1562 2683/2683/1552
f 2683/2683/1552 2684/2684/1553 2694/2694/1563
f 2695/2695/1564 2694/2694/1563 2684/2684/1553
f 2684/2684/1553 2685/2685/1554 2695/2695/1564
f 2696/2696/1565 2695/2695/1564 2685/2685/1554
f 2685/2685/1554 2686/2686/1555 2696/2696/1565
f 2697/2697/1566 2696/2696/1565 2686/2686/1555
f 2686/2686/1555 2687/2687/1556 2697/2697/1566
f 2698/2698/1567 2697/2697/1566 2687/2687/1556
f 2687/2687/1556 2688/2688/1557 2698/2698/1567
f 2699/2699/1568 2698/2698/1567 2688/2688/1557
f 2688/2688/1557 2689/2689/1558 2699/2699/1568
f 2700/2700/1569 2699/2699/1568 2689/2689/1558
f 2689/2689/1558 2690/2690/1559 2700/2700/1569
f 2701/2701/1570 2531/2532/1425 2529/2530/1424
f 2529/2530/1424 2691/2691/1560 2701/2701/1570
f 2702/2702/1571 2701/2701/1570 2691/2691/1560
f 2691/2691/1560 2692/2692/1561 2702/2702/1571
f 2703/2703/1572 2702/2702/1571 2692/2692/1561
f 2692/2692/1561 2693/2693/1562 2703/2703/1572
f 2704/2704/1573 2703/2703/1572 2693/2693/1562
f 2693/2693/1562 2694/2694/1563 2704/2704/1573
f 2705/2705/1574 2704/2704/1573 2694/2694/1563
f 2694/2694/1563 2695/2695/1564 2705/2705/1574
f 2706/2706/1575 2705/2705/1574 2695/2695/1564
f 2695/2695/1564 2696/2696/1565 2706/2706/1575
f 2707/2707/1576 2706/2706/1575 2696/2696/1565
f 2696/2696/1565 2697/2697/1566 2707/2707/1576
f 2708/2708/1577 2707/2707/1576 2697/2697/1566
f 2697/2697/1566 2698/2698/1567 2708/2708/1577
f 2709/2709/1578 2708/2708/1577 2698/2698/1567
f 2698/2698/1567 2699/2699/1568 2709/2709/1578
f 2710/2710/630 2709/2709/1578 2699/2699/1568
f 2699/2699/1568 2700/2700/1569 2710/2710/630
f 2711/2711/1579 2533/2534/1426 2531/2532/1425
f 2531/2532/1425 2701/2701/1570 2711/2711/1579
f 2712/2712/1580 2711/2711/1579 2701/2701/1570
f 2701/2701/1570 2702/2702/1571 2712/2712/1580
f 2713/2713/1581 2712/2712/1580 2702/2702/1571
f 2702/2702/1571 2703/2703/1572 2713/2713/1581
f 2714/2714/1582 2713/2713/1581 2703/2703/1572
f 2703/2703/1572 2704/2704/1573 2714/2714/1582
f 2715/2715/1583 2714/2714/1582 2704/2704/1573
f 2704/2704/1573 2705/2705/1574 2715/2715/1583
f 2716/2716/1584 2715/2715/1583 2705/2705/1574
f 2705/2705/1574 2706/2706/1575 2716/2716/1584
f 2717/2717/1585 2716/2716/1584 2706/2706/1575
f 2706/2706/1575 2707/2707/1576 2717/2717/1585
f 2718/2718/1586 2717/2717/1585 2707/2707/1576
f 2707/2707/1576 2708/2708/1577 2718/2718/1586
f 2719/2719/1587 2718/2718/1586 2708/2708/1577
f 2708/2708/1577 2709/2709/1578 2719/2719/1587
f 2720/2720/1588 2719/2719/1587 2709/2709/1578
f 2709/2709/1578 2710/2710/630 2720/2720/1588
f 2721/2721/1589 2535/2536/1427 2533/2534/1426
f 2533/2534/1426 2711/2711/1579 2721/2721/1589
f 2722/2722/1590 2721/2721/1589 2711/2711/1579
f 2711/2711/1579 2712/2712/1580 2722/2722/1590
f 2723/2723/1591 2722/2722/1590 2712/2712/1580
f 2712/2712/1580 2713/2713/1581 2723/2723/1591
f 2724/2724/1592 2723/2723/1591 2713/2713/1581
f 2713/2713/1581 2714/2714/1582 2724/2724/1592
f 2725/2725/1593 2724/2724/1592 2714/2714/1582
f 2714/2714/1582 2715/2715/1583 2725/2725/1593
f 2726/2726/1594 2725/2725/1593 2715/2715/1583
f 2715/2715/1583 2716/2716/1584 2726/2726/1594
f 2727/2727/1595 2726/2726/1594 2716/2716/1584
f 2716/2716/1584 2717/2717/1585 2727/2727/1595
f 2728/2728/1596 2727/2727/1595 2717/2717/1585
f 2717/2717/1585 2718/2718/1586 2728/2728/1596
f 2729/2729/1597 2728/2728/1596 2718/2718/1586
f 2718/2718/1586 2719/2719/1587 2729/2729/1597
f 2730/2730/1598 2729/2729/1597 2719/2719/1587
f 2719/2719/1587 2720/2720/1588 2730/2730/1598
f 2731/2731/1599 2537/2538/1428 2535/2536/1427
f 2535/2536/1427 2721/2721/1589 2731/2731/1599
f 2732/2732/1600 2731/2731/1599 2721/2721/1589
f 2721/2721/1589 2722/2722/1590 2732/2732/1600
f 2733/2733/1601 2732/2732/1600 2722/2722/1590
f 2722/2722/1590 2723/2723/1591 2733/2733/1601
f 2734/2734/1602 2733/2733/1601 2723/2723/1591
f 2723/2723/1591 2724/2724/1592 2734/2734/1602
f 2735/2735/1603 2734/2734/1602 2724/2724/1592
f 2724/2724/1592 2725/2725/1593 2735/2735/1603
f 2736/2736/1604 2735/2735/1603 2725/2725/1593
f 2725/2725/1593 2726/2726/1594 2736/2736/1604
f 2737/2737/1605 2736/2736/1604 2726/2726/1594
f 2726/2726/1594 2727/2727/1595 2737/2737/1605
f 2738/2738/1606 2737/2737/1605 2727/2727/1595
f 2727/2727/1595 2728/2728/1596 2738/2738/1606
f 2739/2739/1607 2738/2738/1606 2728/2728/1596
f 2728/2728/1596 2729/2729/1597 2739/2739/1607
f 2740/2740/1608 2739/2739/1607 2729/2729/1597
f 2729/2729/1597 2730/2730/1598 2740/2740/1608
f 2741/2741/1609 2539/2540/1429 2537/2538/1428
f 2537/2538/1428 2731/2731/1599 2741/2741/1609
f 2742/2742/1610 2741/2741/1609 2731/2731/1599
f 2731/2731/1599 2732/2732/1600 2742/2742/1610
f 2743/2743/1611 2742/2742/1610 2732/2732/1600
f 2732/2732/1600 2733/2733/1601 2743/2743/1611
f 2744/2744/1612 2743/2743/1611 2733/2733/1601
f 2733/2733/1601 2734/2734/1602 2744/2744/1612
f 2745/2745/1613 2744/2744/1612 2734/2734/1602
f 2734/2734/1602 2735/2735/1603 2745/2745/1613
f 2746/2746/1614 2745/2745/1613 2735/2735/1603
f 2735/2735/1603 2736/2736/1604 2746/2746/1614
f 2747/2747/1615 2746/2746/1614 2736/2736/1604
f 2736/2736/1604 2737/2737/1605 2747/2747/1615
f 2748/2748/1616 2747/2747/1615 2737/2737/1605
f 2737/2737/1605 2738/2738/1606 2748/2748/1616
f 2749/2749/1617 2748/2748/1616 2738/2738/1606
f 2738/2738/1606 2739/2739/1607 2749/2749/1617
f 2750/2750/1618 2749/2749/1617 2739/2739/1607
f 2739/2739/1607 2740/2740/1608 2750/2750/1618
f 2751/2751/1619 2541/2542/1430 2539/2540/1429
f 2539/2540/1429 2741/2741/1609 2751/2751/1619
f 2752/2752/1620 2751/2751/1619 2741/2741/1609
f 2741/2741/1609 2742/2742/1610 2752/2752/1620
f 2753/2753/1621 2752/2752/1620 2742/2742/1610
f 2742/2742/1610 2743/2743/1611 2753/2753/1621
f 2754/2754/1622 2753/2753/1621 2743/2743/1611
f 2743/2743/1611 2744/2744/1612 2754/2754/1622
f 2755/2755/1623 2754/2754/1622 2744/2744/1612
f 2744/2744/1612 2745/2745/1613 2755/2755/1623
f 2756/2756/1624 2755/2755/1623 2745/2745/1613
f 2745/2745/1613 2746/2746/1614 2756/2756/1624
f 2757/2757/1625 2756/2756/1624 2746/2746/1614
f 2746/2746/1614 2747/2747/1615 2757/2757/1625
f 2758/2758/1626 2757/2757/1625 2747/2747/1615
f 2747/2747/1615 2748/2748/1616 2758/2758/1626
f 2759/2759/1627 2758/2758/1626 2748/2748/1616
f 2748/2748/1616 2749/2749/1617 2759/2759/1627
f 2760/2760/1628 2759/2759/1627 2749/2749/1617
f 2749/2749/1617 2750/2750/1618 2760/2760/1628
f 2761/2761/1629 2543/2544/1431 2541/2542/1430
f 2541/2542/1430 2751/2751/1619 2761/2761/1629
f 2762/2762/1630 2761/2761/1629 2751/2751/1619
f 2751/2751/1619 2752/2752/1620 2762/2762/1630
f 2763/2763/1631 2762/2762/1630 2752/2752/1620
f 2752/2752/1620 2753/2753/1621 2763/2763/1631
f 2764/2764/1632 2763/2763/1631 2753/2753/1621
f 2753/2753/1621 2754/2754/1622 2764/2764/1632
f 2765/2765/1633 2764/2764/1632 2754/2754/1622
f 2754/2754/1622 2755/2755/1623 2765/2765/1633
f 2766/2766/1634 2765/2765/1633 2755/2755/1623
f 2755/2755/1623 2756/2756/1624 2766/2766/1634
f 2767/2767/1635 2766/2766/1634 2756/2756/1624
f 2756/2756/1624 2757/2757/1625 2767/2767/1635
f 2768/2768/1636 2767/2767/1635 2757/2757/1625
f 2757/2757/1625 2758/2758/1626 2768/2768/1636
f 2769/2769/1637 2768/2768/1636 2758/2758/1626
f 2758/2758/1626 2759/2759/1627 2769/2769/1637
f 2770/2770/1638 2769/2769/1637 2759/2759/1627
f 2759/2759/1627 2760/2760/1628 2770/2770/1638
f 2771/2771/170 2545/2546/171 2543/2544/1431
f 2543/2544/1431 2761/2761/1629 2771/2771/170
f 2772/2772/172 2771/2771/170 2761/2761/1629
f 2761/2761/1629 2762/2762/1630 2772/2772/172
f 2773/2773/173 2772/2772/172 2762/2762/1630
f 2762/2762/1630 2763/2763/1631 2773/2773/173
f 2774/2774/174 2773/2773/173 2763/2763/1631
f 2763/2763/1631 2764/2764/1632 2774/2774/174
f 2775/2775/175 2774/2774/174 2764/2764/1632
f 2764/2764/1632 2765/2765/1633 2775/2775/175
f 2776/2776/176 2775/2775/175 2765/2765/1633
f 2765/2765/1633 2766/2766/1634 2776/2776/176
f 2777/2777/177 2776/2776/176 2766/2766/1634
f 2766/2766/1634 2767/2767/1635 2777/2777/177
f 2778/2778/178 2777/2777/177 2767/2767/1635
f 2767/2767/1635 2768/2768/1636 2778/2778/178
f 2779/2779/179 2778/2778/178 2768/2768/1636
f 2768/2768/1636 2769/2769/1637 2779/2779/179
f 2780/2780/1639 2779/2779/179 2769/2769/1637
f 2769/2769/1637 2770/2770/1638 2780/2780/1639
f 2781/2781/1640 2547/2548/1432 2545/2546/171
f 2545/2546/171 2771/2771/170 2781/2781/1640
f 2782/2782/1641 2781/2781/1640 2771/2771/170
f 2771/2771/170 2772/2772/172 2782/2782/1641
f 2783/2783/1642 2782/2782/1641 2772/2772/172
f 2772/2772/172 2773/2773/173 2783/2783/1642
f 2784/2784/1643 2783/2783/1642 2773/2773/173
f 2773/2773/173 2774/2774/174 2784/2784/1643
f 2785/2785/1644 2784/2784/1643 2774/2774/174
f 2774/2774/174 2775/2775/175 2785/2785/1644
f 2786/2786/1645 2785/2785/1644 2775/2775/175
f 2775/2775/175 2776/2776/176 2786/2786/1645
f 2787/2787/1646 2786/2786/1645 2776/2776/176
f 2776/2776/176 2777/2777/177 2787/2787/1646
f 2788/2788/1647 2787/2787/1646 2777/2777/177
f 2777/2777/177 2778/2778/178 2788/2788/1647
f 2789/2789/1648 2788/2788/1647 2778/2778/178
f 2778/2778/178 2779/2779/179 2789/2789/1648
f 2790/2790/1649 2789/2789/1648 2779/2779/179
f 2779/2779/179 2780/2780/1639 2790/2790/1649
f 2791/2791/1650 2549/2550/1433 2547/2548/1432
f 2547/2548/1432 2781/2781/1640 2791/2791/1650
f 2792/2792/1651 2791/2791/1650 2781/2781/1640
f 2781/2781/1640 2782/2782/1641 2792/2792/1651
f 2793/2793/1652 2792/2792/1651 2782/2782/1641
f 2782/2782/1641 2783/2783/1642 2793/2793/1652
f 2794/2794/1653 2793/2793/1652 2783/2783/1642
f 2783/2783/1642 2784/2784/1643 2794/2794/1653
f 2795/2795/1654 2794/2794/1653 2784/2784/1643
f 2784/2784/1643 2785/2785/1644 2795/2795/1654
f 2796/2796/1655 2795/2795/1654 2785/2785/1644
f 2785/2785/1644 2786/2786/1645 2796/2796/1655
f 2797/2797/1656 2796/2796/1655 2786/2786/1645
f 2786/2786/1645 2787/2787/1646 2797/2797/1656
f 2798/2798/1657 2797/2797/1656 2787/2787/1646
f 2787/2787/1646 2788/2788/1647 2798/2798/1657
f 2799/2799/1658 2798/2798/1657 2788/2788/1647
f 2788/2788/1647 2789/2789/1648 2799/2799/1658
f 2800/2800/1659 2799/2799/1658 2789/2789/1648
f 2789/2789/1648 2790/2790/1649 2800/2800/1659
f 2801/2801/1660 2551/2552/1434 2549/2550/1433
f 2549/2550/1433 2791/2791/1650 2801/2801/1660
f 2802/2802/1661 2801/2801/1660 2791/2791/1650
f 2791/2791/1650 2792/2792/1651 2802/2802/1661
f 2803/2803/1662 2802/2802/1661 2792/2792/1651
f 2792/2792/1651 2793/2793/1652 2803/2803/1662
f 2804/2804/1663 2803/2803/1662 2793/2793/1652
f 2793/2793/1652 2794/2794/1653 2804/2804/1663
f 2805/2805/1664 2804/2804/1663 2794/2794/1653
f 2794/2794/1653 2795/2795/1654 2805/2805/1664
f 2806/2806/1665 2805/2805/1664 2795/2795/1654
f 2795/2795/1654 2796/2796/1655 2806/2806/1665
f 2807/2807/1666 2806/2806/1665 2796/2796/1655
f 2796/2796/1655 2797/2797/1656 2807/2807/1666
f 2808/2808/1667 2807/2807/1666 2797/2797/1656
f 2797/2797/1656 2798/2798/1657 2808/2808/1667
f 2809/2809/1668 2808/2808/1667 2798/2798/1657
f 2798/2798/1657 2799/2799/1658 2809/2809/1668
f 2810/2810/1669 2809/2809/1668 2799/2799/1658
f 2799/2799/1658 2800/2800/1659 2810/2810/1669
f 2811/2811/1670 2553/2554/1435 2551/2552/1434
f 2551/2552/1434 2801/2801/1660 2811/2811/1670
f 2812/2812/1671 2811/2811/1670 2801/2801/1660
f 2801/2801/1660 2802/2802/1661 2812/2812/1671
f 2813/2813/1672 2812/2812/1671 2802/2802/1661
f 2802/2802/1661 2803/2803/1662 2813/2813/1672
f 2814/2814/1673 2813/2813/1672 2803/2803/1662
f 2803/2803/1662 2804/2804/1663 2814/2814/1673
f 2815/2815/1674 2814/2814/1673 2804/2804/1663
f 2804/2804/1663 2805/2805/1664 2815/2815/1674
f 2816/2816/1675 2815/2815/1674 2805/2805/1664
f 2805/2805/1664 2806/2806/1665 2816/2816/1675
f 2817/2817/1676 2816/2816/1675 2806/2806/1665
f 2806/2806/1665 2807/2807/1666 2817/2817/1676
f 2818/2818/1677 2817/2817/1676 2807/2807/1666
f 2807/2807/1666 2808/2808/1667 2818/2818/1677
f 2819/2819/1678 2818/2818/1677 2808/2808/1667
f 2808/2808/1667 2809/2809/1668 2819/2819/1678
f 2820/2820/1679 2819/2819/1678 2809/2809/1668
f 2809/2809/1668 2810/2810/1669 2820/2820/1679
f 2821/2821/1680 2555/2556/1436 2553/2554/1435
f 2553/2554/1435 2811/2811/1670 2821/2821/1680
f 2822/2822/1681 2821/2821/1680 2811/2811/1670
f 2811/2811/1670 2812/2812/1671 2822/2822/1681
f 2823/2823/1682 2822/2822/1681 2812/2812/1671
f 2812/2812/1671 2813/2813/1672 2823/2823/1682
f 2824/2824/1683 2823/2823/1682 2813/2813/1672
f 2813/2813/1672 2814/2814/1673 2824/2824/1683
f 2825/2825/1684 2824/2824/1683 2814/2814/1673
f 2814/2814/1673 2815/2815/1674 2825/2825/1684
f 2826/2826/1685 2825/2825/1684 2815/2815/1674
f 2815/2815/1674 2816/2816/1675 2826/2826/1685
f 2827/2827/1686 2826/2826/1685 2816/2816/1675
f 2816/2816/1675 2817/2817/1676 2827/2827/1686
f 2828/2828/1687 2827/2827/1686 2817/2817/1676
f 2817/2817/1676 2818/2818/1677 2828/2828/1687
f 2829/2829/1688 2828/2828/1687 2818/2818/1677
f 2818/2818/1677 2819/2819/1678 2829/2829/1688
f 2830/2830/1689 2829/2829/1688 2819/2819/1678
f 2819/2819/1678 2820/2820/1679 2830/2830/1689
f 2831/2831/1690 2557/2558/1437 2555/2556/1436
f 2555/2556/1436 2821/2821/1680 2831/2831/1690
f 2832/2832/1691 2831/2831/1690 2821/2821/1680
f 2821/2821/1680 2822/2822/1681 2832/2832/1691
f 2833/2833/1692 2832/2832/1691 2822/2822/1681
f 2822/2822/1681 2823/2823/1682 2833/2833/1692
f 2834/2834/1693 2833/2833/1692 2823/2823/1682
f 2823/2823/1682 2824/2824/1683 2834/2834/1693
f 2835/2835/1694 2834/2834/1693 2824/2824/1683
f 2824/2824/1683 2825/2825/1684 2835/2835/1694
f 2836/2836/1695 2835/2835/1694 2825/2825/1684
f 2825/2825/1684 2826/2826/1685 2836/2836/1695
f 2837/2837/1696 2836/2836/1695 2826/2826/1685
f 2826/2826/1685 2827/2827/1686 2837/2837/1696
f 2838/2838/1697 2837/2837/1696 2827/2827/1686
f 2827/2827/1686 2828/2828/1687 2838/2838/1697
f 2839/2839/1698 2838/2838/1697 2828/2828/1687
f 2828/2828/1687 2829/2829/1688 2839/2839/1698
f 2840/2840/1699 2839/2839/1698 2829/2829/1688
f 2829/2829/1688 2830/2830/1689 2840/2840/1699
f 2841/2841/1700 2559/2560/1438 2557/2558/1437
f 2557/2558/1437 2831/2831/1690 2841/2841/1700
f 2842/2842/1701 2841/2841/1700 2831/2831/1690
f 2831/2831/1690 2832/2832/1691 2842/2842/1701
f 2843/2843/1702 2842/2842/1701 2832/2832/1691
f 2832/2832/1691 2833/2833/1692 2843/2843/1702
f 2844/2844/1703 2843/2843/1702 2833/2833/1692
f 2833/2833/1692 2834/2834/1693 2844/2844/1703
f 2845/2845/1704 2844/2844/1703 2834/2834/1693
f 2834/2834/1693 2835/2835/1694 2845/2845/1704
f 2846/2846/1705 2845/2845/1704 2835/2835/1694
f 2835/2835/1694 2836/2836/1695 2846/2846/1705
f 2847/2847/1706 2846/2846/1705 2836/2836/1695
f 2836/2836/1695 2837/2837/1696 2847/2847/1706
f 2848/2848/1707 2847/2847/1706 2837/2837/1696
f 2837/2837/1696 2838/2838/1697 2848/2848/1707
f 2849/2849/1708 2848/2848/1707 2838/2838/1697
f 2838/2838/1697 2839/2839/1698 2849/2849/1708
f 2850/2850/770 2849/2849/1708 2839/2839/1698
f 2839/2839/1698 2840/2840/1699 2850/2850/770
f 2561/2562/1440 2504/2505/1409 2559/2560/1438
f 2559/2560/1438 2841/2841/1700 2561/2562/1440
f 2563/2564/1442 2561/2562/1440 2841/2841/1700
f 2841/2841/1700 2842/2842/1701 2563/2564/1442
f 2565/2566/1444 2563/2564/1442 2842/2842/1701
f 2842/2842/1701 2843/2843/1702 2565/2566/1444
f 2567/2568/1446 2565/2566/1444 2843/2843/1702
f 2843/2843/1702 2844/2844/1703 2567/2568/1446
f 2569/2570/1448 2567/2568/1446 2844/2844/1703
f 2844/2844/1703 2845/2845/1704 2569/2570/1448
f 2571/2572/1450 2569/2570/1448 2845/2845/1704
f 2845/2845/1704 2846/2846/1705 2571/2572/1450
f 2573/2574/1452 2571/2572/1450 2846/2846/1705
f 2846/2846/1705 2847/2847/1706 2573/2574/1452
f 2575/2576/1454 2573/2574/1452 2847/2847/1706
f 2847/2847/1706 2848/2848/1707 2575/2576/1454
f 2577/2578/1456 2575/2576/1454 2848/2848/1707
f 2848/2848/1707 2849/2849/1708 2577/2578/1456
f 2579/2580/1458 2577/2578/1456 2849/2849/1708
f 2849/2849/1708 2850/2850/770 2579/2580/1458
f 2852/2851/447 2580/2579/1457 2579/2580/1458
f 2579/2580/1458 2851/2852/448 2852/2851/447
f 2853/2853/446 2590/2590/1468 2580/2579/1457
f 2580/2579/1457 2852/2851/447 2853/2853/446
f 2854/2854/445 2600/2600/1478 2590/2590/1468
f 2590/2590/1468 2853/2853/446 2854/2854/445
f 2855/2855/444 2610/2610/1488 2600/2600/1478
f 2600/2600/1478 2854/2854/445 2855/2855/444
f 2856/2856/443 2620/2620/1498 2610/2610/1488
f 2610/2610/1488 2855/2855/444 2856/2856/443
f 2857/2857/17 2630/2630/1499 2620/2620/1498
f 2620/2620/1498 2856/2856/443 2857/2857/17
f 2858/2858/442 2640/2640/1509 2630/2630/1499
f 2630/2630/1499 2857/2857/17 2858/2858/442
f 2860/2859/441 2660/2659/1528 2659/2660/1529
f 2659/2660/1529 2859/2860/771 2860/2859/441
f 2861/2861/440 2670/2670/1539 2660/2659/1528
f 2660/2659/1528 2860/2859/441 2861/2861/440
f 2862/2862/772 2680/2680/1549 2670/2670/1539
f 2670/2670/1539 2861/2861/440 2862/2862/772
f 2863/2863/438 2690/2690/1559 2680/2680/1549
f 2680/2680/1549 2862/2862/772 2863/2863/438
f 2864/2864/773 2700/2700/1569 2690/2690/1559
f 2690/2690/1559 2863/2863/438 2864/2864/773
f 2865/2865/32 2710/2710/630 2700/2700/1569
f 2700/2700/1569 2864/2864/773 2865/2865/32
f 2866/2866/436 2720/2720/1588 2710/2710/630
f 2710/2710/630 2865/2865/32 2866/2866/436
f 2867/2867/435 2730/2730/1598 2720/2720/1588
f 2720/2720/1588 2866/2866/436 2867/2867/435
f 2868/2868/434 2740/2740/1608 2730/2730/1598
f 2730/2730/1598 2867/2867/435 2868/2868/434
f 2869/2869/774 2750/2750/1618 2740/2740/1608
f 2740/2740/1608 2868/2868/434 2869/2869/774
f 2870/2870/775 2760/2760/1628 2750/2750/1618
f 2750/2750/1618 2869/2869/774 2870/2870/775
f 2871/2871/776 2770/2770/1638 2760/2760/1628
f 2760/2760/1628 2870/2870/775 2871/2871/776
f 2872/2872/777 2780/2780/1639 2770/2770/1638
f 2770/2770/1638 2871/2871/776 2872/2872/777
f 2873/2873/778 2790/2790/1649 2780/2780/1639
f 2780/2780/1639 2872/2872/777 2873/2873/778
f 2874/2874/779 2800/2800/1659 2790/2790/1649
f 2790/2790/1649 2873/2873/778 2874/2874/779
f 2875/2875/780 2810/2810/1669 2800/2800/1659
f 2800/2800/1659 2874/2874/779 2875/2875/780
f 2876/2876/781 2820/2820/1679 2810/2810/1669
f 2810/2810/1669 2875/2875/780 2876/2876/781
f 2877/2877/423 2830/2830/1689 2820/2820/1679
f 2820/2820/1679 2876/2876/781 2877/2877/423
f 2878/2878/782 2840/2840/1699 2830/2830/1689
f 2830/2830/1689 2877/2877/423 2878/2878/782
f 2879/2879/449 2850/2850/770 2840/2840/1699
f 2840/2840/1699 2878/2878/782 2879/2879/449
f 2851/2852/448 2579/2580/1458 2850/2850/770
f 2850/2850/770 2879/2879/449 2851/2852/448
f 2508/2507/35 2177/2177/1134 2155/2156/1113
f 2155/2156/1113 2506/2503/33 2508/2507/35
f 2510/2509/36 2188/2188/1145 2177/2177/1134
f 2177/2177/1134 2508/2507/35 2510/2509/36
f 2512/2511/37 2199/2199/1156 2188/2188/1145
f 2188/2188/1145 2510/2509/36 2512/2511/37
f 2514/2513/38 2210/2210/474 2199/2199/1156
f 2199/2199/1156 2512/2511/37 2514/2513/38
f 2516/2515/7 2221/2221/473 2210/2210/474
f 2210/2210/474 2514/2513/38 2516/2515/7
f 2518/2517/1416 2232/2232/1178 2221/2221/473
f 2221/2221/473 2516/2515/7 2518/2517/1416
f 2522/2519/40 2243/2244/1190 2246/2243/1189
f 2246/2243/1189 2519/2520/1418 2522/2519/40
f 2524/2523/41 2265/2265/1211 2243/2244/1190
f 2243/2244/1190 2522/2519/40 2524/2523/41
f 2526/2525/42 2276/2276/1222 2265/2265/1211
f 2265/2265/1211 2524/2523/41 2526/2525/42
f 2528/2527/43 2287/2287/1233 2276/2276/1222
f 2276/2276/1222 2526/2525/42 2528/2527/43
f 2530/2529/44 2298/2298/1244 2287/2287/1233
f 2287/2287/1233 2528/2527/43 2530/2529/44
f 2532/2531/32 2309/2309/1255 2298/2298/1244
f 2298/2298/1244 2530/2529/44 2532/2531/32
f 2534/2533/45 2320/2320/1265 2309/2309/1255
f 2309/2309/1255 2532/2531/32 2534/2533/45
f 2536/2535/46 2331/2331/1276 2320/2320/1265
f 2320/2320/1265 2534/2533/45 2536/2535/46
f 2538/2537/47 2342/2342/1287 2331/2331/1276
f 2331/2331/1276 2536/2535/46 2538/2537/47
f 2540/2539/48 2353/2353/1298 2342/2342/1287
f 2342/2342/1287 2538/2537/47 2540/2539/48
f 2542/2541/49 2364/2364/1309 2353/2353/1298
f 2353/2353/1298 2540/2539/48 2542/2541/49
f 2544/2543/50 2375/2375/1320 2364/2364/1309
f 2364/2364/1309 2542/2541/49 2544/2543/50
f 2546/2545/24 2386/2386/1331 2375/2375/1320
f 2375/2375/1320 2544/2543/50 2546/2545/24
f 2548/2547/52 2397/2397/1333 2386/2386/1331
f 2386/2386/1331 2546/2545/24 2548/2547/52
f 2550/2549/54 2408/2408/1344 2397/2397/1333
f 2397/2397/1333 2548/2547/52 2550/2549/54
f 2552/2551/55 2419/2419/1355 2408/2408/1344
f 2408/2408/1344 2550/2549/54 2552/2551/55
f 2554/2553/56 2430/2430/1366 2419/2419/1355
f 2419/2419/1355 2552/2551/55 2554/2553/56
f 2556/2555/57 2441/2441/1377 2430/2430/1366
f 2430/2430/1366 2554/2553/56 2556/2555/57
f 2558/2557/58 2452/2452/1388 2441/2441/1377
f 2441/2441/1377 2556/2555/57 2558/2557/58
f 2560/2559/59 2463/2463/1399 2452/2452/1388
f 2452/2452/1388 2558/2557/58 2560/2559/59
f 2503/2504/34 2158/2155/1112 2463/2463/1399
f 2463/2463/1399 2560/2559/59 2503/2504/34
f 2506/2503/33 2155/2156/1113 2158/2155/1112
f 2158/2155/1112 2503/2504/34 2506/2503/33
f 2883/2880/24 2880/2881/24 2881/2882/1709
f 2881/2882/1709 2882/2883/1710 2883/2880/24
f 2887/2884/1711 2884/2885/7 2885/2886/7
f 2885/2886/7 2886/2887/1711 2887/2884/1711
f 2891/2888/1712 2888/2889/1712 2889/2890/1713
f 2889/2890/1713 2890/2891/1714 2891/2888/1712
f 2895/2892/1715 2892/2893/1715 2893/2894/1716
f 2893/2894/1716 2894/2895/1717 2895/2892/1715
f 2897/2896/1718 2894/2895/1717 2893/2894/1716
f 2893/2894/1716 2896/2897/1719 2897/2896/1718
f 2899/2898/546 2897/2896/1718 2896/2897/1719
f 2896/2897/1719 2898/2899/546 2899/2898/546
f 2901/2900/544 2899/2898/546 2898/2899/546
f 2898/2899/546 2900/2901/544 2901/2900/544
f 2903/2902/1720 2901/2900/544 2900/2901/544
f 2900/2901/544 2902/2903/1721 2903/2902/1720
f 2905/2904/1722 2903/2902/1720 2902/2903/1721
f 2902/2903/1721 2904/2905/1722 2905/2904/1722
f 2907/2906/1723 2882/2883/1710 2881/2882/1709
f 2881/2882/1709 2906/2907/1724 2907/2906/1723
f 2909/2908/174 2907/2906/1723 2906/2907/1724
f 2906/2907/1724 2908/2909/174 2909/2908/174
f 2911/2910/176 2909/2908/174 2908/2909/174
f 2908/2909/174 2910/2911/176 2911/2910/176
f 2913/2912/1725 2911/2910/176 2910/2911/176
f 2910/2911/176 2912/2913/1725 2913/2912/1725
f 2891/2888/1712 2913/2912/1725 2912/2913/1725
f 2912/2913/1725 2888/2889/1712 2891/2888/1712
f 2915/2914/1726 2892/2893/1715 2895/2892/1715
f 2895/2892/1715 2914/2915/1727 2915/2914/1726
f 2917/2916/341 2915/2914/1726 2914/2915/1727
f 2914/2915/1727 2916/2917/341 2917/2916/341
f 2919/2918/339 2917/2916/341 2916/2917/341
f 2916/2917/341 2918/2919/339 2919/2918/339
f 2921/2920/1728 2919/2918/339 2918/2919/339
f 2918/2919/339 2920/2921/1728 2921/2920/1728
f 2886/2887/1711 2921/2920/1728 2920/2921/1728
f 2920/2921/1728 2887/2884/1711 2886/2887/1711
f 2925/2922/1729 2922/2923/1730 2923/2924/1730
f 2923/2924/1730 2924/2925/1731 2925/2922/1729
f 2927/2926/694 2925/2922/1729 2924/2925/1731
f 2924/2925/1731 2926/2927/694 2927/2926/694
f 2931/2928/696 2928/2929/694 2929/2930/694
f 2929/2930/694 2930/2931/696 2931/2928/696
f 2933/2932/1732 2931/2928/696 2930/2931/696
f 2930/2931/696 2932/2933/1733 2933/2932/1732
f 2889/2890/1713 2933/2932/1732 2932/2933/1733
f 2932/2933/1733 2890/2891/1714 2889/2890/1713
f 2905/2904/1722 2904/2905/1722 2934/2934/24
f 2934/2934/24 2935/2935/24 2905/2904/1722
f 2937/2936/7 2923/2924/1730 2922/2923/1730
f 2922/2923/1730 2936/2937/7 2937/2936/7
f 2941/2938/1734 2938/2939/7 2939/2940/7
f 2939/2940/7 2940/2941/1734 2941/2938/1734
f 2945/2942/24 2942/2943/24 2943/2944/1735
f 2943/2944/1735 2944/2945/1735 2945/2942/24
f 2949/2946/1736 2946/2947/1737 2947/2948/1737
f 2947/2948/1737 2948/2949/1736 2949/2946/1736
f 2953/2950/1738 2950/2951/1739 2951/2952/1739
f 2951/2952/1739 2952/2953/1738 2953/2950/1738
f 2953/2950/1738 2952/2953/1738 2954/2954/698
f 2954/2954/698 2955/2955/698 2953/2950/1738
f 2955/2955/698 2954/2954/698 2956/2956/696
f 2956/2956/696 2957/2957/696 2955/2955/698
f 2957/2957/696 2956/2956/696 2958/2958/694
f 2958/2958/694 2959/2959/694 2957/2957/696
f 2959/2959/694 2958/2958/694 2960/2960/692
f 2960/2960/692 2961/2961/692 2959/2959/694
f 2961/2961/692 2960/2960/692 2962/2962/1740
f 2962/2962/1740 2963/2963/1740 2961/2961/692
f 2941/2938/1734 2940/2941/1734 2964/2964/337
f 2964/2964/337 2965/2965/337 2941/2938/1734
f 2965/2965/337 2964/2964/337 2966/2966/339
f 2966/2966/339 2967/2967/339 2965/2965/337
f 2967/2967/339 2966/2966/339 2968/2968/341
f 2968/2968/341 2969/2969/341 2967/2967/339
f 2969/2969/341 2968/2968/341 2970/2970/343
f 2970/2970/343 2971/2971/343 2969/2969/341
f 2971/2971/343 2970/2970/343 2947/2948/1737
f 2947/2948/1737 2946/2947/1737 2971/2971/343
f 2951/2952/1739 2950/2951/1739 2972/2972/178
f 2972/2972/178 2973/2973/178 2951/2952/1739
f 2973/2973/178 2972/2972/178 2974/2974/176
f 2974/2974/176 2975/2975/176 2973/2973/178
f 2979/2976/176 2976/2977/176 2977/2978/174
f 2977/2978/174 2978/2979/174 2979/2976/176
f 2978/2979/174 2977/2978/174 2980/2980/172
f 2980/2980/172 2981/2981/172 2978/2979/174
f 2981/2981/172 2980/2980/172 2944/2945/1735
f 2944/2945/1735 2943/2944/1735 2981/2981/172
f 2985/2982/1741 2982/2983/1741 2983/2984/542
f 2983/2984/542 2984/2985/542 2985/2982/1741
f 2984/2985/542 2983/2984/542 2986/2986/544
f 2986/2986/544 2987/2987/544 2984/2985/542
f 2987/2987/544 2986/2986/544 2988/2988/546
f 2988/2988/546 2989/2989/546 2987/2987/544
f 2989/2989/546 2988/2988/546 2990/2990/548
f 2990/2990/548 2991/2991/548 2989/2989/546
f 2991/2991/548 2990/2990/548 2949/2946/1736
f 2949/2946/1736 2948/2949/1736 2991/2991/548
f 2993/2992/7 2963/2963/1740 2962/2962/1740
f 2962/2962/1740 2992/2993/7 2993/2992/7
f 2982/2983/1741 2985/2982/1741 2994/2994/24
f 2994/2994/24 2995/2995/24 2982/2983/1741
f 2952/2953/1738 2996/2996/1738 2997/2997/698
f 2997/2997/698 2954/2954/698 2952/2953/1738
f 2954/2954/698 2997/2997/698 2998/2998/696
f 2998/2998/696 2956/2956/696 2954/2954/698
f 2956/2956/696 2998/2998/696 2999/2999/694
f 2999/2999/694 2958/2958/694 2956/2956/696
f 2958/2958/694 2999/2999/694 3000/3000/692
f 3000/3000/692 2960/2960/692 2958/2958/694
f 2960/2960/692 3000/3000/692 3001/3001/1740
f 3001/3001/1740 2962/2962/1740 2960/2960/692
f 3002/3002/7 2992/2993/7 2962/2962/1740
f 2962/2962/1740 3001/3001/1740 3002/3002/7
f 3003/3003/7 2939/2940/7 2992/2993/7
f 2992/2993/7 3002/3002/7 3003/3003/7
f 3004/3004/1734 2940/2941/1734 2939/2940/7
f 2939/2940/7 3003/3003/7 3004/3004/1734
f 2940/2941/1734 3004/3004/1734 3005/3005/337
f 3005/3005/337 2964/2964/337 2940/2941/1734
f 2964/2964/337 3005/3005/337 3006/3006/339
f 3006/3006/339 2966/2966/339 2964/2964/337
f 2966/2966/339 3006/3006/339 3007/3007/341
f 3007/3007/341 2968/2968/341 2966/2966/339
f 2968/2968/341 3007/3007/341 3008/3008/343
f 3008/3008/343 2970/2970/343 2968/2968/341
f 2970/2970/343 3008/3008/343 3009/3009/1737
f 3009/3009/1737 2947/2948/1737 2970/2970/343
f 3010/3010/1736 2948/2949/1736 2947/2948/1737
f 2947/2948/1737 3009/3009/1737 3010/3010/1736
f 3011/3011/548 2991/2991/548 2948/2949/1736
f 2948/2949/1736 3010/3010/1736 3011/3011/548
f 3012/3012/546 2989/2989/546 2991/2991/548
f 2991/2991/548 3011/3011/548 3012/3012/546
f 3013/3013/544 2987/2987/544 2989/2989/546
f 2989/2989/546 3012/3012/546 3013/3013/544
f 3014/3014/542 2984/2985/542 2987/2987/544
f 2987/2987/544 3013/3013/544 3014/3014/542
f 3015/3015/1741 2985/2982/1741 2984/2985/542
f 2984/2985/542 3014/3014/542 3015/3015/1741
f 3015/3015/1741 3016/3016/24 2994/2994/24
f 2994/2994/24 2985/2982/1741 3015/3015/1741
f 3017/3017/24 2942/2943/24 2994/2994/24
f 2994/2994/24 3016/3016/24 3017/3017/24
f 3017/3017/24 3018/3018/1735 2943/2944/1735
f 2943/2944/1735 2942/2943/24 3017/3017/24
f 3019/3019/172 2981/2981/172 2943/2944/1735
f 2943/2944/1735 3018/3018/1735 3019/3019/172
f 3020/3020/174 2978/2979/174 2981/2981/172
f 2981/2981/172 3019/3019/172 3020/3020/174
f 3021/3021/176 2979/2976/176 2978/2979/174
f 2978/2979/174 3020/3020/174 3021/3021/176
f 3023/3022/178 2973/2973/178 2975/2975/176
f 2975/2975/176 3022/3023/176 3023/3022/178
f 3024/3024/1739 2951/2952/1739 2973/2973/178
f 2973/2973/178 3023/3022/178 3024/3024/1739
f 2996/2996/1738 2952/2953/1738 2951/2952/1739
f 2951/2952/1739 3024/3024/1739 2996/2996/1738
f 3025/3025/32 3026/3026/32 3027/3027/32
f 3028/3028/32 3029/3029/32 3027/3027/32
f 3030/3030/32 3031/3031/32 3027/3027/32
f 3032/3032/32 3033/3033/32 3027/3027/32
f 3034/3034/32 3028/3028/32 3027/3027/32
f 3035/3035/32 3034/3034/32 3027/3027/32
f 3036/3036/32 3035/3035/32 3027/3027/32
f 3037/3037/32 3036/3036/32 3027/3027/32
f 3026/3026/32 3037/3037/32 3027/3027/32
f 3038/3038/32 3039/3039/32 3027/3027/32
f 3040/3040/32 3038/3038/32 3027/3027/32
f 3041/3041/32 3040/3040/32 3027/3027/32
f 3042/3042/32 3041/3041/32 3027/3027/32
f 3033/3033/32 3042/3042/32 3027/3027/32
f 3029/3029/32 3043/3043/32 3027/3027/32
f 3043/3043/32 3044/3044/32 3027/3027/32
f 3044/3044/32 3045/3045/32 3027/3027/32
f 3045/3045/32 3046/3046/32 3027/3027/32
f 3046/3046/32 3030/3030/32 3027/3027/32
f 3047/3047/32 3048/3048/32 3027/3027/32
f 3048/3048/32 3049/3049/32 3027/3027/32
f 3049/3049/32 3050/3050/32 3027/3027/32
f 3050/3050/32 3051/3051/32 3027/3027/32
f 3051/3051/32 3032/3032/32 3027/3027/32
f 3039/3039/32 3052/3052/32 3027/3027/32
f 3052/3052/32 3025/3025/32 3027/3027/32
f 3053/3053/32 3047/3047/32 3027/3027/32
f 3031/3031/32 3053/3053/32 3027/3027/32
f 3057/3054/31 3054/3055/31 3055/3056/31
f 3055/3056/31 3056/3057/31 3057/3054/31
f 3061/3055/59 3058/3058/59 3059/3059/59
f 3059/3059/59 3060/3056/59 3061/3055/59
f 3065/3060/59 3062/3061/59 3063/3062/59
f 3063/3062/59 3064/3063/59 3065/3060/59
f 3069/3064/17 3066/3060/17 3067/3063/17
f 3067/3063/17 3068/3065/17 3069/3064/17
f 3073/3066/59 3070/3067/59 3071/3068/59
f 3071/3068/59 3072/3069/59 3073/3066/59
f 3077/3070/59 3074/3071/59 3075/3072/59
f 3075/3072/59 3076/3073/59 3077/3070/59
f 3074/3071/59 3078/3074/59 3079/3075/59
f 3079/3075/59 3075/3072/59 3074/3071/59
f 3078/3074/59 3080/3076/59 3081/3077/59
f 3081/3077/59 3079/3075/59 3078/3074/59
f 3080/3076/59 3082/3078/59 3083/3079/59
f 3083/3079/59 3081/3077/59 3080/3076/59
f 3082/3078/59 3084/3080/59 3085/3081/59
f 3085/3081/59 3083/3079/59 3082/3078/59
f 3084/3080/59 3086/3082/59 3087/3083/59
f 3087/3083/59 3085/3081/59 3084/3080/59
f 3058/3058/59 3088/3084/59 3089/3085/59
f 3089/3085/59 3059/3059/59 3058/3058/59
f 3088/3084/59 3090/3086/59 3091/3087/59
f 3091/3087/59 3089/3085/59 3088/3084/59
f 3090/3086/59 3092/3088/59 3093/3089/59
f 3093/3089/59 3091/3087/59 3090/3086/59
f 3092/3088/59 3094/3090/59 3095/3091/59
f 3095/3091/59 3093/3089/59 3092/3088/59
f 3094/3090/59 3073/3066/59 3072/3069/59
f 3072/3069/59 3095/3091/59 3094/3090/59
f 3097/3092/59 3077/3070/59 3076/3073/59
f 3076/3073/59 3096/3093/59 3097/3092/59
f 3099/3094/59 3097/3092/59 3096/3093/59
f 3096/3093/59 3098/3095/59 3099/3094/59
f 3101/3096/59 3099/3094/59 3098/3095/59
f 3098/3095/59 3100/3097/59 3101/3096/59
f 3103/3098/59 3101/3096/59 3100/3097/59
f 3100/3097/59 3102/3099/59 3103/3098/59
f 3062/3061/59 3103/3098/59 3102/3099/59
f 3102/3099/59 3063/3062/59 3062/3061/59
f 3107/3100/59 3104/3101/59 3105/3102/59
f 3105/3102/59 3106/3103/59 3107/3100/59
f 3109/3104/59 3107/3100/59 3106/3103/59
f 3106/3103/59 3108/3105/59 3109/3104/59
f 3111/3106/59 3109/3104/59 3108/3105/59
f 3108/3105/59 3110/3107/59 3111/3106/59
f 3113/3108/59 3111/3106/59 3110/3107/59
f 3110/3107/59 3112/3109/59 3113/3108/59
f 3070/3067/59 3113/3108/59 3112/3109/59
f 3112/3109/59 3071/3068/59 3070/3067/59
f 3117/3110/17 3114/3111/17 3115/3112/17
f 3115/3112/17 3116/3113/17 3117/3110/17
f 3086/3082/59 3118/3110/59 3119/3113/59
f 3119/3113/59 3087/3083/59 3086/3082/59
f 3123/3114/31 3120/3115/31 3121/3116/31
f 3121/3116/31 3122/3117/31 3123/3114/31
f 3104/3101/59 3124/3114/59 3125/3117/59
f 3125/3117/59 3105/3102/59 3104/3101/59
f 3129/3111/59 3126/3054/59 3127/3057/59
f 3127/3057/59 3128/3112/59 3129/3111/59
f 3133/3115/59 3130/3064/59 3131/3065/59
f 3131/3065/59 3132/3116/59 3133/3115/59
f 3135/3118/1742 3134/3119/1743 2894/2895/1717
f 2894/2895/1717 2897/2896/1718 3135/3118/1742
f 3136/3120/1744 3135/3118/1742 2897/2896/1718
f 2897/2896/1718 2899/2898/546 3136/3120/1744
f 3137/3121/1745 3136/3120/1744 2899/2898/546
f 2899/2898/546 2901/2900/544 3137/3121/1745
f 3138/3122/1746 3137/3121/1745 2901/2900/544
f 2901/2900/544 2903/2902/1720 3138/3122/1746
f 3139/3123/1747 3138/3122/1746 2903/2902/1720
f 2903/2902/1720 2905/2904/1722 3139/3123/1747
f 2905/2904/1722 2935/2935/24 3140/3124/1748
f 3140/3124/1748 3139/3123/1747 2905/2904/1722
f 2935/2935/24 2883/2880/24 3141/3125/1748
f 3141/3125/1748 3140/3124/1748 2935/2935/24
f 2883/2880/24 2882/2883/1710 3142/3126/1749
f 3142/3126/1749 3141/3125/1748 2883/2880/24
f 3143/3127/1750 3142/3126/1749 2882/2883/1710
f 2882/2883/1710 2907/2906/1723 3143/3127/1750
f 3144/3128/1751 3143/3127/1750 2907/2906/1723
f 2907/2906/1723 2909/2908/174 3144/3128/1751
f 3145/3129/1752 3144/3128/1751 2909/2908/174
f 2909/2908/174 2911/2910/176 3145/3129/1752
f 3146/3130/1753 3145/3129/1752 2911/2910/176
f 2911/2910/176 2913/2912/1725 3146/3130/1753
f 3147/3131/1754 3146/3130/1753 2913/2912/1725
f 2913/2912/1725 2891/2888/1712 3147/3131/1754
f 2891/2888/1712 2890/2891/1714 3148/3132/1755
f 3148/3132/1755 3147/3131/1754 2891/2888/1712
f 2890/2891/1714 2932/2933/1733 3149/3133/1756
f 3149/3133/1756 3148/3132/1755 2890/2891/1714
f 2932/2933/1733 2930/2931/696 3150/3134/1757
f 3150/3134/1757 3149/3133/1756 2932/2933/1733
f 2930/2931/696 2929/2930/694 3151/3135/1758
f 3151/3135/1758 3150/3134/1757 2930/2931/696
f 2926/2927/694 2924/2925/1731 3152/3136/1759
f 3152/3136/1759 3153/3137/1760 2926/2927/694
f 2924/2925/1731 2923/2924/1730 3154/3138/1761
f 3154/3138/1761 3152/3136/1759 2924/2925/1731
f 2937/2936/7 3155/3139/1762 3154/3138/1761
f 3154/3138/1761 2923/2924/1730 2937/2936/7
f 2937/2936/7 2884/2885/7 3156/3140/1763
f 3156/3140/1763 3155/3139/1762 2937/2936/7
f 2887/2884/1711 3157/3141/1764 3156/3140/1763
f 3156/3140/1763 2884/2885/7 2887/2884/1711
f 2887/2884/1711 2920/2921/1728 3158/3142/1765
f 3158/3142/1765 3157/3141/1764 2887/2884/1711
f 2920/2921/1728 2918/2919/339 3159/3143/1766
f 3159/3143/1766 3158/3142/1765 2920/2921/1728
f 2918/2919/339 2916/2917/341 3160/3144/1767
f 3160/3144/1767 3159/3143/1766 2918/2919/339
f 2916/2917/341 2914/2915/1727 3161/3145/1768
f 3161/3145/1768 3160/3144/1767 2916/2917/341
f 2914/2915/1727 2895/2892/1715 3162/3146/1769
f 3162/3146/1769 3161/3145/1768 2914/2915/1727
f 2895/2892/1715 2894/2895/1717 3134/3119/1743
f 3134/3119/1743 3162/3146/1769 2895/2892/1715
f 3163/3147/1770 3164/3148/59 3165/3149/1771
f 3166/3150/1772 3164/3148/59 3167/3151/1773
f 3168/3152/1774 3164/3148/59 3169/3153/1775
f 3170/3154/1776 3164/3148/59 3171/3155/1777
f 3172/3156/1778 3164/3148/59 3166/3150/1772
f 3173/3157/1779 3164/3148/59 3172/3156/1778
f 3174/3158/1780 3164/3148/59 3173/3157/1779
f 3175/3159/1781 3164/3148/59 3174/3158/1780
f 3165/3149/1771 3164/3148/59 3175/3159/1781
f 3176/3160/1782 3164/3148/59 3177/3161/1783
f 3178/3162/1784 3164/3148/59 3176/3160/1782
f 3179/3163/1785 3164/3148/59 3178/3162/1784
f 3180/3164/1786 3164/3148/59 3179/3163/1785
f 3171/3155/1777 3164/3148/59 3180/3164/1786
f 3167/3151/1773 3164/3148/59 3181/3165/1787
f 3181/3165/1787 3164/3148/59 3182/3166/1788
f 3182/3166/1788 3164/3148/59 3183/3167/1789
f 3183/3167/1789 3164/3148/59 3184/3168/1790
f 3184/3168/1790 3164/3148/59 3168/3152/1774
f 3185/3169/1791 3164/3148/59 3186/3170/1792
f 3186/3170/1792 3164/3148/59 3187/3171/1793
f 3187/3171/1793 3164/3148/59 3188/3172/1794
f 3188/3172/1794 3164/3148/59 3189/3173/1795
f 3189/3173/1795 3164/3148/59 3170/3154/1776
f 3177/3161/1783 3164/3148/59 3190/3174/1770
f 3190/3174/1770 3164/3148/59 3163/3147/1770
f 3191/3175/1775 3164/3148/59 3185/3169/1791
f 3169/3153/1775 3164/3148/59 3191/3175/1775
f 3193/3176/1796 3192/3177/1797 3166/3150/1772
f 3166/3150/1772 3167/3151/1773 3193/3176/1796
f 3162/3146/1769 3134/3119/1743 3194/3178/1798
f 3194/3178/1798 3195/3179/1799 3162/3146/1769
f 3197/3180/1800 3196/3181/1801 3192/3177/1797
f 3192/3177/1797 3193/3176/1796 3197/3180/1800
f 3172/3156/1778 3166/3150/1772 3192/3177/1797
f 3192/3177/1797 3198/3182/1802 3172/3156/1778
f 3198/3182/1802 3192/3177/1797 3196/3181/1801
f 3196/3181/1801 3199/3183/1803 3198/3182/1802
f 3200/3184/1804 3194/3178/1798 3134/3119/1743
f 3134/3119/1743 3135/3118/1742 3200/3184/1804
f 3173/3157/1779 3172/3156/1778 3198/3182/1802
f 3198/3182/1802 3201/3185/1805 3173/3157/1779
f 3201/3185/1805 3198/3182/1802 3199/3183/1803
f 3199/3183/1803 3202/3186/1806 3201/3185/1805
f 3203/3187/1807 3200/3184/1804 3135/3118/1742
f 3135/3118/1742 3136/3120/1744 3203/3187/1807
f 3174/3158/1780 3173/3157/1779 3201/3185/1805
f 3201/3185/1805 3204/3188/1808 3174/3158/1780
f 3204/3188/1808 3201/3185/1805 3202/3186/1806
f 3202/3186/1806 3205/3189/1809 3204/3188/1808
f 3206/3190/1810 3203/3187/1807 3136/3120/1744
f 3136/3120/1744 3137/3121/1745 3206/3190/1810
f 3175/3159/1781 3174/3158/1780 3204/3188/1808
f 3204/3188/1808 3207/3191/1811 3175/3159/1781
f 3207/3191/1811 3204/3188/1808 3205/3189/1809
f 3205/3189/1809 3208/3192/1812 3207/3191/1811
f 3210/3193/1813 3209/3194/1814 3137/3121/1745
f 3137/3121/1745 3138/3122/1746 3210/3193/1813
f 3165/3149/1771 3175/3159/1781 3207/3191/1811
f 3207/3191/1811 3211/3195/1815 3165/3149/1771
f 3211/3195/1815 3207/3191/1811 3208/3192/1812
f 3208/3192/1812 3212/3196/1816 3211/3195/1815
f 3213/3197/1817 3210/3193/1813 3138/3122/1746
f 3138/3122/1746 3139/3123/1747 3213/3197/1817
f 3163/3147/1770 3165/3149/1771 3211/3195/1815
f 3211/3195/1815 3214/3198/1818 3163/3147/1770
f 3214/3198/1818 3211/3195/1815 3212/3196/1816
f 3212/3196/1816 3215/3199/1819 3214/3198/1818
f 3216/3200/1820 3213/3197/1817 3139/3123/1747
f 3139/3123/1747 3140/3124/1748 3216/3200/1820
f 3190/3174/1770 3163/3147/1770 3214/3198/1818
f 3214/3198/1818 3217/3201/1821 3190/3174/1770
f 3217/3201/1821 3214/3198/1818 3215/3199/1819
f 3215/3199/1819 3218/3202/1822 3217/3201/1821
f 3219/3203/1823 3216/3200/1820 3140/3124/1748
f 3140/3124/1748 3141/3125/1748 3219/3203/1823
f 3177/3161/1783 3190/3174/1770 3217/3201/1821
f 3217/3201/1821 3220/3204/1824 3177/3161/1783
f 3220/3204/1824 3217/3201/1821 3218/3202/1822
f 3218/3202/1822 3221/3205/1825 3220/3204/1824
f 3222/3206/1826 3219/3203/1823 3141/3125/1748
f 3141/3125/1748 3142/3126/1749 3222/3206/1826
f 3176/3160/1782 3177/3161/1783 3220/3204/1824
f 3220/3204/1824 3223/3207/1827 3176/3160/1782
f 3223/3207/1827 3220/3204/1824 3221/3205/1825
f 3221/3205/1825 3224/3208/1828 3223/3207/1827
f 3225/3209/1829 3222/3206/1826 3142/3126/1749
f 3142/3126/1749 3143/3127/1750 3225/3209/1829
f 3178/3162/1784 3176/3160/1782 3223/3207/1827
f 3223/3207/1827 3226/3210/1830 3178/3162/1784
f 3226/3210/1830 3223/3207/1827 3224/3208/1828
f 3224/3208/1828 3227/3211/1831 3226/3210/1830
f 3228/3212/1832 3225/3209/1829 3143/3127/1750
f 3143/3127/1750 3144/3128/1751 3228/3212/1832
f 3179/3163/1785 3178/3162/1784 3226/3210/1830
f 3226/3210/1830 3229/3213/1833 3179/3163/1785
f 3229/3213/1833 3226/3210/1830 3227/3211/1831
f 3227/3211/1831 3230/3214/1834 3229/3213/1833
f 3231/3215/1835 3228/3212/1832 3144/3128/1751
f 3144/3128/1751 3145/3129/1752 3231/3215/1835
f 3180/3164/1786 3179/3163/1785 3229/3213/1833
f 3229/3213/1833 3232/3216/1836 3180/3164/1786
f 3232/3216/1836 3229/3213/1833 3230/3214/1834
f 3230/3214/1834 3233/3217/1837 3232/3216/1836
f 3235/3218/1838 3234/3219/1839 3145/3129/1752
f 3145/3129/1752 3146/3130/1753 3235/3218/1838
f 3171/3155/1777 3180/3164/1786 3232/3216/1836
f 3232/3216/1836 3236/3220/1840 3171/3155/1777
f 3236/3220/1840 3232/3216/1836 3233/3217/1837
f 3233/3217/1837 3237/3221/1841 3236/3220/1840
f 3238/3222/1842 3235/3218/1838 3146/3130/1753
f 3146/3130/1753 3147/3131/1754 3238/3222/1842
f 3170/3154/1776 3171/3155/1777 3236/3220/1840
f 3236/3220/1840 3239/3223/1843 3170/3154/1776
f 3239/3223/1843 3236/3220/1840 3237/3221/1841
f 3237/3221/1841 3240/3224/1844 3239/3223/1843
f 3241/3225/1845 3238/3222/1842 3147/3131/1754
f 3147/3131/1754 3148/3132/1755 3241/3225/1845
f 3189/3173/1795 3170/3154/1776 3239/3223/1843
f 3239/3223/1843 3242/3226/1846 3189/3173/1795
f 3242/3226/1846 3239/3223/1843 3240/3224/1844
f 3240/3224/1844 3243/3227/1847 3242/3226/1846
f 3244/3228/1848 3241/3225/1845 3148/3132/1755
f 3148/3132/1755 3149/3133/1756 3244/3228/1848
f 3188/3172/1794 3189/3173/1795 3242/3226/1846
f 3242/3226/1846 3245/3229/1849 3188/3172/1794
f 3245/3229/1849 3242/3226/1846 3243/3227/1847
f 3243/3227/1847 3246/3230/1850 3245/3229/1849
f 3247/3231/1851 3244/3228/1848 3149/3133/1756
f 3149/3133/1756 3150/3134/1757 3247/3231/1851
f 3187/3171/1793 3188/3172/1794 3245/3229/1849
f 3245/3229/1849 3248/3232/1852 3187/3171/1793
f 3248/3232/1852 3245/3229/1849 3246/3230/1850
f 3246/3230/1850 3249/3233/1853 3248/3232/1852
f 3250/3234/1854 3247/3231/1851 3150/3134/1757
f 3150/3134/1757 3151/3135/1758 3250/3234/1854
f 3186/3170/1792 3187/3171/1793 3248/3232/1852
f 3248/3232/1852 3251/3235/1855 3186/3170/1792
f 3251/3235/1855 3248/3232/1852 3249/3233/1853
f 3249/3233/1853 3252/3236/1856 3251/3235/1855
f 3254/3237/1857 3253/3238/1858 3153/3137/1760
f 3153/3137/1760 3152/3136/1759 3254/3237/1857
f 3185/3169/1791 3186/3170/1792 3251/3235/1855
f 3251/3235/1855 3255/3239/1859 3185/3169/1791
f 3255/3239/1859 3251/3235/1855 3252/3236/1856
f 3252/3236/1856 3256/3240/1860 3255/3239/1859
f 3257/3241/1861 3254/3237/1857 3152/3136/1759
f 3152/3136/1759 3154/3138/1761 3257/3241/1861
f 3191/3175/1775 3185/3169/1791 3255/3239/1859
f 3255/3239/1859 3258/3242/1862 3191/3175/1775
f 3258/3242/1862 3255/3239/1859 3256/3240/1860
f 3256/3240/1860 3259/3243/1863 3258/3242/1862
f 3260/3244/1864 3257/3241/1861 3154/3138/1761
f 3154/3138/1761 3155/3139/1762 3260/3244/1864
f 3169/3153/1775 3191/3175/1775 3258/3242/1862
f 3258/3242/1862 3261/3245/1865 3169/3153/1775
f 3261/3245/1865 3258/3242/1862 3259/3243/1863
f 3259/3243/1863 3262/3246/1866 3261/3245/1865
f 3263/3247/1867 3260/3244/1864 3155/3139/1762
f 3155/3139/1762 3156/3140/1763 3263/3247/1867
f 3168/3152/1774 3169/3153/1775 3261/3245/1865
f 3261/3245/1865 3264/3248/1868 3168/3152/1774
f 3264/3248/1868 3261/3245/1865 3262/3246/1866
f 3262/3246/1866 3265/3249/1869 3264/3248/1868
f 3266/3250/1870 3263/3247/1867 3156/3140/1763
f 3156/3140/1763 3157/3141/1764 3266/3250/1870
f 3184/3168/1790 3168/3152/1774 3264/3248/1868
f 3264/3248/1868 3267/3251/1871 3184/3168/1790
f 3267/3251/1871 3264/3248/1868 3265/3249/1869
f 3265/3249/1869 3268/3252/1872 3267/3251/1871
f 3269/3253/1873 3266/3250/1870 3157/3141/1764
f 3157/3141/1764 3158/3142/1765 3269/3253/1873
f 3183/3167/1789 3184/3168/1790 3267/3251/1871
f 3267/3251/1871 3270/3254/1874 3183/3167/1789
f 3270/3254/1874 3267/3251/1871 3268/3252/1872
f 3268/3252/1872 3271/3255/1875 3270/3254/1874
f 3272/3256/1876 3269/3253/1873 3158/3142/1765
f 3158/3142/1765 3159/3143/1766 3272/3256/1876
f 3182/3166/1788 3183/3167/1789 3270/3254/1874
f 3270/3254/1874 3273/3257/1877 3182/3166/1788
f 3273/3257/1877 3270/3254/1874 3271/3255/1875
f 3271/3255/1875 3274/3258/1878 3273/3257/1877
f 3275/3259/1879 3272/3256/1876 3159/3143/1766
f 3159/3143/1766 3160/3144/1767 3275/3259/1879
f 3181/3165/1787 3182/3166/1788 3273/3257/1877
f 3273/3257/1877 3276/3260/1880 3181/3165/1787
f 3276/3260/1880 3273/3257/1877 3274/3258/1878
f 3274/3258/1878 3277/3261/1881 3276/3260/1880
f 3278/3262/1882 3275/3259/1879 3160/3144/1767
f 3160/3144/1767 3161/3145/1768 3278/3262/1882
f 3167/3151/1773 3181/3165/1787 3276/3260/1880
f 3276/3260/1880 3193/3176/1796 3167/3151/1773
f 3193/3176/1796 3276/3260/1880 3277/3261/1881
f 3277/3261/1881 3197/3180/1800 3193/3176/1796
f 3195/3179/1799 3278/3262/1882 3161/3145/1768
f 3161/3145/1768 3162/3146/1769 3195/3179/1799
f 3282/3263/1112 3279/3264/1113 3280/3265/1883
f 3280/3265/1883 3281/3266/1115 3282/3263/1112
f 3281/3266/1115 3280/3265/1883 3283/3267/1884
f 3283/3267/1884 3284/3268/1117 3281/3266/1115
f 3284/3268/1117 3283/3267/1884 3285/3269/1118
f 3285/3269/1118 3286/3270/1885 3284/3268/1117
f 3286/3270/1885 3285/3269/1118 3287/3271/1120
f 3287/3271/1120 3288/3272/1121 3286/3270/1885
f 3288/3272/1121 3287/3271/1120 3289/3273/1886
f 3289/3273/1886 3290/3274/1887 3288/3272/1121
f 3290/3274/1887 3289/3273/1886 3291/3275/1124
f 3291/3275/1124 3292/3276/1888 3290/3274/1887
f 3292/3276/1888 3291/3275/1124 3293/3277/1126
f 3293/3277/1126 3294/3278/1889 3292/3276/1888
f 3294/3278/1889 3293/3277/1126 3295/3279/1890
f 3295/3279/1890 3296/3280/1129 3294/3278/1889
f 3296/3280/1129 3295/3279/1890 3297/3281/1891
f 3297/3281/1891 3298/3282/1892 3296/3280/1129
f 3298/3282/1892 3297/3281/1891 3299/3283/1132
f 3299/3283/1132 3300/3284/1893 3298/3282/1892
f 3279/3264/1113 3301/3285/1894 3302/3286/1135
f 3302/3286/1135 3280/3265/1883 3279/3264/1113
f 3280/3265/1883 3302/3286/1135 3303/3287/1895
f 3303/3287/1895 3283/3267/1884 3280/3265/1883
f 3283/3267/1884 3303/3287/1895 3304/3288/1896
f 3304/3288/1896 3285/3269/1118 3283/3267/1884
f 3285/3269/1118 3304/3288/1896 3305/3289/1138
f 3305/3289/1138 3287/3271/1120 3285/3269/1118
f 3287/3271/1120 3305/3289/1138 3306/3290/1897
f 3306/3290/1897 3289/3273/1886 3287/3271/1120
f 3289/3273/1886 3306/3290/1897 3307/3291/1140
f 3307/3291/1140 3291/3275/1124 3289/3273/1886
f 3291/3275/1124 3307/3291/1140 3308/3292/1141
f 3308/3292/1141 3293/3277/1126 3291/3275/1124
f 3293/3277/1126 3308/3292/1141 3309/3293/1898
f 3309/3293/1898 3295/3279/1890 3293/3277/1126
f 3295/3279/1890 3309/3293/1898 3310/3294/1143
f 3310/3294/1143 3297/3281/1891 3295/3279/1890
f 3297/3281/1891 3310/3294/1143 3311/3295/1144
f 3311/3295/1144 3299/3283/1132 3297/3281/1891
f 3301/3285/1894 3312/3296/1145 3313/3297/1146
f 3313/3297/1146 3302/3286/1135 3301/3285/1894
f 3302/3286/1135 3313/3297/1146 3314/3298/1147
f 3314/3298/1147 3303/3287/1895 3302/3286/1135
f 3303/3287/1895 3314/3298/1147 3315/3299/1899
f 3315/3299/1899 3304/3288/1896 3303/3287/1895
f 3304/3288/1896 3315/3299/1899 3316/3300/1900
f 3316/3300/1900 3305/3289/1138 3304/3288/1896
f 3305/3289/1138 3316/3300/1900 3317/3301/1901
f 3317/3301/1901 3306/3290/1897 3305/3289/1138
f 3306/3290/1897 3317/3301/1901 3318/3302/1902
f 3318/3302/1902 3307/3291/1140 3306/3290/1897
f 3307/3291/1140 3318/3302/1902 3319/3303/1903
f 3319/3303/1903 3308/3292/1141 3307/3291/1140
f 3308/3292/1141 3319/3303/1903 3320/3304/1904
f 3320/3304/1904 3309/3293/1898 3308/3292/1141
f 3309/3293/1898 3320/3304/1904 3321/3305/1905
f 3321/3305/1905 3310/3294/1143 3309/3293/1898
f 3310/3294/1143 3321/3305/1905 3322/3306/1155
f 3322/3306/1155 3311/3295/1144 3310/3294/1143
f 3312/3296/1145 3323/3307/1156 3324/3308/1906
f 3324/3308/1906 3313/3297/1146 3312/3296/1145
f 3313/3297/1146 3324/3308/1906 3325/3309/1158
f 3325/3309/1158 3314/3298/1147 3313/3297/1146
f 3314/3298/1147 3325/3309/1158 3326/3310/1907
f 3326/3310/1907 3315/3299/1899 3314/3298/1147
f 3315/3299/1899 3326/3310/1907 3327/3311/1160
f 3327/3311/1160 3316/3300/1900 3315/3299/1899
f 3316/3300/1900 3327/3311/1160 3328/3312/1908
f 3328/3312/1908 3317/3301/1901 3316/3300/1900
f 3317/3301/1901 3328/3312/1908 3329/3313/1909
f 3329/3313/1909 3318/3302/1902 3317/3301/1901
f 3318/3302/1902 3329/3313/1909 3330/3314/1910
f 3330/3314/1910 3319/3303/1903 3318/3302/1902
f 3319/3303/1903 3330/3314/1910 3331/3315/1164
f 3331/3315/1164 3320/3304/1904 3319/3303/1903
f 3320/3304/1904 3331/3315/1164 3332/3316/1165
f 3332/3316/1165 3321/3305/1905 3320/3304/1904
f 3321/3305/1905 3332/3316/1165 3333/3317/1166
f 3333/3317/1166 3322/3306/1155 3321/3305/1905
f 3323/3307/1156 3334/3318/474 3335/3319/1167
f 3335/3319/1167 3324/3308/1906 3323/3307/1156
f 3324/3308/1906 3335/3319/1167 3336/3320/1911
f 3336/3320/1911 3325/3309/1158 3324/3308/1906
f 3325/3309/1158 3336/3320/1911 3337/3321/1169
f 3337/3321/1169 3326/3310/1907 3325/3309/1158
f 3326/3310/1907 3337/3321/1169 3338/3322/1170
f 3338/3322/1170 3327/3311/1160 3326/3310/1907
f 3327/3311/1160 3338/3322/1170 3339/3323/1171
f 3339/3323/1171 3328/3312/1908 3327/3311/1160
f 3328/3312/1908 3339/3323/1171 3340/3324/1172
f 3340/3324/1172 3329/3313/1909 3328/3312/1908
f 3329/3313/1909 3340/3324/1172 3341/3325/1173
f 3341/3325/1173 3330/3314/1910 3329/3313/1909
f 3330/3314/1910 3341/3325/1173 3342/3326/1174
f 3342/3326/1174 3331/3315/1164 3330/3314/1910
f 3331/3315/1164 3342/3326/1174 3343/3327/1912
f 3343/3327/1912 3332/3316/1165 3331/3315/1164
f 3332/3316/1165 3343/3327/1912 3344/3328/1176
f 3344/3328/1176 3333/3317/1166 3332/3316/1165
f 3334/3318/474 3345/3329/473 3346/3330/691
f 3346/3330/691 3335/3319/1167 3334/3318/474
f 3335/3319/1167 3346/3330/691 3347/3331/692
f 3347/3331/692 3336/3320/1911 3335/3319/1167
f 3336/3320/1911 3347/3331/692 3348/3332/693
f 3348/3332/693 3337/3321/1169 3336/3320/1911
f 3337/3321/1169 3348/3332/693 3349/3333/694
f 3349/3333/694 3338/3322/1170 3337/3321/1169
f 3338/3322/1170 3349/3333/694 3350/3334/695
f 3350/3334/695 3339/3323/1171 3338/3322/1170
f 3339/3323/1171 3350/3334/695 3351/3335/696
f 3351/3335/696 3340/3324/1172 3339/3323/1171
f 3340/3324/1172 3351/3335/696 3352/3336/697
f 3352/3336/697 3341/3325/1173 3340/3324/1172
f 3341/3325/1173 3352/3336/697 3353/3337/698
f 3353/3337/698 3342/3326/1174 3341/3325/1173
f 3342/3326/1174 3353/3337/698 3354/3338/699
f 3354/3338/699 3343/3327/1912 3342/3326/1174
f 3343/3327/1912 3354/3338/699 3355/3339/1177
f 3355/3339/1177 3344/3328/1176 3343/3327/1912
f 3345/3329/473 3356/3340/1178 3357/3341/1179
f 3357/3341/1179 3346/3330/691 3345/3329/473
f 3346/3330/691 3357/3341/1179 3358/3342/1180
f 3358/3342/1180 3347/3331/692 3346/3330/691
f 3347/3331/692 3358/3342/1180 3359/3343/1181
f 3359/3343/1181 3348/3332/693 3347/3331/692
f 3348/3332/693 3359/3343/1181 3360/3344/1182
f 3360/3344/1182 3349/3333/694 3348/3332/693
f 3349/3333/694 3360/3344/1182 3361/3345/1913
f 3361/3345/1913 3350/3334/695 3349/3333/694
f 3350/3334/695 3361/3345/1913 3362/3346/1914
f 3362/3346/1914 3351/3335/696 3350/3334/695
f 3351/3335/696 3362/3346/1914 3363/3347/1185
f 3363/3347/1185 3352/3336/697 3351/3335/696
f 3352/3336/697 3363/3347/1185 3364/3348/1186
f 3364/3348/1186 3353/3337/698 3352/3336/697
f 3353/3337/698 3364/3348/1186 3365/3349/1187
f 3365/3349/1187 3354/3338/699 3353/3337/698
f 3354/3338/699 3365/3349/1187 3366/3350/1915
f 3366/3350/1915 3355/3339/1177 3354/3338/699
f 3370/3351/1189 3367/3352/1190 3368/3353/1916
f 3368/3353/1916 3369/3354/1192 3370/3351/1189
f 3369/3354/1192 3368/3353/1916 3371/3355/1193
f 3371/3355/1193 3372/3356/1194 3369/3354/1192
f 3372/3356/1194 3371/3355/1193 3373/3357/1917
f 3373/3357/1917 3374/3358/1196 3372/3356/1194
f 3374/3358/1196 3373/3357/1917 3375/3359/1918
f 3375/3359/1918 3376/3360/1919 3374/3358/1196
f 3376/3360/1919 3375/3359/1918 3377/3361/1920
f 3377/3361/1920 3378/3362/1200 3376/3360/1919
f 3378/3362/1200 3377/3361/1920 3379/3363/1921
f 3379/3363/1921 3380/3364/1202 3378/3362/1200
f 3380/3364/1202 3379/3363/1921 3381/3365/1203
f 3381/3365/1203 3382/3366/1204 3380/3364/1202
f 3382/3366/1204 3381/3365/1203 3383/3367/1205
f 3383/3367/1205 3384/3368/1206 3382/3366/1204
f 3384/3368/1206 3383/3367/1205 3385/3369/1922
f 3385/3369/1922 3386/3370/1208 3384/3368/1206
f 3386/3370/1208 3385/3369/1922 3387/3371/1209
f 3387/3371/1209 3388/3372/1915 3386/3370/1208
f 3367/3352/1190 3389/3373/1211 3390/3374/1212
f 3390/3374/1212 3368/3353/1916 3367/3352/1190
f 3368/3353/1916 3390/3374/1212 3391/3375/1923
f 3391/3375/1923 3371/3355/1193 3368/3353/1916
f 3371/3355/1193 3391/3375/1923 3392/3376/1214
f 3392/3376/1214 3373/3357/1917 3371/3355/1193
f 3373/3357/1917 3392/3376/1214 3393/3377/1924
f 3393/3377/1924 3375/3359/1918 3373/3357/1917
f 3375/3359/1918 3393/3377/1924 3394/3378/1925
f 3394/3378/1925 3377/3361/1920 3375/3359/1918
f 3377/3361/1920 3394/3378/1925 3395/3379/1926
f 3395/3379/1926 3379/3363/1921 3377/3361/1920
f 3379/3363/1921 3395/3379/1926 3396/3380/1218
f 3396/3380/1218 3381/3365/1203 3379/3363/1921
f 3381/3365/1203 3396/3380/1218 3397/3381/1927
f 3397/3381/1927 3383/3367/1205 3381/3365/1203
f 3383/3367/1205 3397/3381/1927 3398/3382/1220
f 3398/3382/1220 3385/3369/1922 3383/3367/1205
f 3385/3369/1922 3398/3382/1220 3399/3383/1221
f 3399/3383/1221 3387/3371/1209 3385/3369/1922
f 3389/3373/1211 3400/3384/1222 3401/3385/1928
f 3401/3385/1928 3390/3374/1212 3389/3373/1211
f 3390/3374/1212 3401/3385/1928 3402/3386/1929
f 3402/3386/1929 3391/3375/1923 3390/3374/1212
f 3391/3375/1923 3402/3386/1929 3403/3387/1930
f 3403/3387/1930 3392/3376/1214 3391/3375/1923
f 3392/3376/1214 3403/3387/1930 3404/3388/1226
f 3404/3388/1226 3393/3377/1924 3392/3376/1214
f 3393/3377/1924 3404/3388/1226 3405/3389/1931
f 3405/3389/1931 3394/3378/1925 3393/3377/1924
f 3394/3378/1925 3405/3389/1931 3406/3390/1932
f 3406/3390/1932 3395/3379/1926 3394/3378/1925
f 3395/3379/1926 3406/3390/1932 3407/3391/1933
f 3407/3391/1933 3396/3380/1218 3395/3379/1926
f 3396/3380/1218 3407/3391/1933 3408/3392/1934
f 3408/3392/1934 3397/3381/1927 3396/3380/1218
f 3397/3381/1927 3408/3392/1934 3409/3393/1935
f 3409/3393/1935 3398/3382/1220 3397/3381/1927
f 3398/3382/1220 3409/3393/1935 3410/3394/1232
f 3410/3394/1232 3399/3383/1221 3398/3382/1220
f 3400/3384/1222 3411/3395/1233 3412/3396/1936
f 3412/3396/1936 3401/3385/1928 3400/3384/1222
f 3401/3385/1928 3412/3396/1936 3413/3397/1937
f 3413/3397/1937 3402/3386/1929 3401/3385/1928
f 3402/3386/1929 3413/3397/1937 3414/3398/1938
f 3414/3398/1938 3403/3387/1930 3402/3386/1929
f 3403/3387/1930 3414/3398/1938 3415/3399/1939
f 3415/3399/1939 3404/3388/1226 3403/3387/1930
f 3404/3388/1226 3415/3399/1939 3416/3400/1940
f 3416/3400/1940 3405/3389/1931 3404/3388/1226
f 3405/3389/1931 3416/3400/1940 3417/3401/1941
f 3417/3401/1941 3406/3390/1932 3405/3389/1931
f 3406/3390/1932 3417/3401/1941 3418/3402/1942
f 3418/3402/1942 3407/3391/1933 3406/3390/1932
f 3407/3391/1933 3418/3402/1942 3419/3403/1943
f 3419/3403/1943 3408/3392/1934 3407/3391/1933
f 3408/3392/1934 3419/3403/1943 3420/3404/1944
f 3420/3404/1944 3409/3393/1935 3408/3392/1934
f 3409/3393/1935 3420/3404/1944 3421/3405/1243
f 3421/3405/1243 3410/3394/1232 3409/3393/1935
f 3411/3395/1233 3422/3406/1244 3423/3407/1945
f 3423/3407/1945 3412/3396/1936 3411/3395/1233
f 3412/3396/1936 3423/3407/1945 3424/3408/1946
f 3424/3408/1946 3413/3397/1937 3412/3396/1936
f 3413/3397/1937 3424/3408/1946 3425/3409/1947
f 3425/3409/1947 3414/3398/1938 3413/3397/1937
f 3414/3398/1938 3425/3409/1947 3426/3410/1948
f 3426/3410/1948 3415/3399/1939 3414/3398/1938
f 3415/3399/1939 3426/3410/1948 3427/3411/1949
f 3427/3411/1949 3416/3400/1940 3415/3399/1939
f 3416/3400/1940 3427/3411/1949 3428/3412/1250
f 3428/3412/1250 3417/3401/1941 3416/3400/1940
f 3417/3401/1941 3428/3412/1250 3429/3413/1950
f 3429/3413/1950 3418/3402/1942 3417/3401/1941
f 3418/3402/1942 3429/3413/1950 3430/3414/1951
f 3430/3414/1951 3419/3403/1943 3418/3402/1942
f 3419/3403/1943 3430/3414/1951 3431/3415/1952
f 3431/3415/1952 3420/3404/1944 3419/3403/1943
f 3420/3404/1944 3431/3415/1952 3432/3416/1254
f 3432/3416/1254 3421/3405/1243 3420/3404/1944
f 3422/3406/1244 3433/3417/1255 3434/3418/1953
f 3434/3418/1953 3423/3407/1945 3422/3406/1244
f 3423/3407/1945 3434/3418/1953 3435/3419/1954
f 3435/3419/1954 3424/3408/1946 3423/3407/1945
f 3424/3408/1946 3435/3419/1954 3436/3420/1258
f 3436/3420/1258 3425/3409/1947 3424/3408/1946
f 3425/3409/1947 3436/3420/1258 3437/3421/1259
f 3437/3421/1259 3426/3410/1948 3425/3409/1947
f 3426/3410/1948 3437/3421/1259 3438/3422/1955
f 3438/3422/1955 3427/3411/1949 3426/3410/1948
f 3427/3411/1949 3438/3422/1955 3439/3423/1956
f 3439/3423/1956 3428/3412/1250 3427/3411/1949
f 3428/3412/1250 3439/3423/1956 3440/3424/1957
f 3440/3424/1957 3429/3413/1950 3428/3412/1250
f 3429/3413/1950 3440/3424/1957 3441/3425/1958
f 3441/3425/1958 3430/3414/1951 3429/3413/1950
f 3430/3414/1951 3441/3425/1958 3442/3426/1959
f 3442/3426/1959 3431/3415/1952 3430/3414/1951
f 3431/3415/1952 3442/3426/1959 3443/3427/268
f 3443/3427/268 3432/3416/1254 3431/3415/1952
f 3433/3417/1255 3444/3428/1265 3445/3429/1960
f 3445/3429/1960 3434/3418/1953 3433/3417/1255
f 3434/3418/1953 3445/3429/1960 3446/3430/1961
f 3446/3430/1961 3435/3419/1954 3434/3418/1953
f 3435/3419/1954 3446/3430/1961 3447/3431/1962
f 3447/3431/1962 3436/3420/1258 3435/3419/1954
f 3436/3420/1258 3447/3431/1962 3448/3432/1963
f 3448/3432/1963 3437/3421/1259 3436/3420/1258
f 3437/3421/1259 3448/3432/1963 3449/3433/1964
f 3449/3433/1964 3438/3422/1955 3437/3421/1259
f 3438/3422/1955 3449/3433/1964 3450/3434/1965
f 3450/3434/1965 3439/3423/1956 3438/3422/1955
f 3439/3423/1956 3450/3434/1965 3451/3435/1966
f 3451/3435/1966 3440/3424/1957 3439/3423/1956
f 3440/3424/1957 3451/3435/1966 3452/3436/1967
f 3452/3436/1967 3441/3425/1958 3440/3424/1957
f 3441/3425/1958 3452/3436/1967 3453/3437/1968
f 3453/3437/1968 3442/3426/1959 3441/3425/1958
f 3442/3426/1959 3453/3437/1968 3454/3438/1969
f 3454/3438/1969 3443/3427/268 3442/3426/1959
f 3444/3428/1265 3455/3439/1276 3456/3440/1970
f 3456/3440/1970 3445/3429/1960 3444/3428/1265
f 3445/3429/1960 3456/3440/1970 3457/3441/1971
f 3457/3441/1971 3446/3430/1961 3445/3429/1960
f 3446/3430/1961 3457/3441/1971 3458/3442/1972
f 3458/3442/1972 3447/3431/1962 3446/3430/1961
f 3447/3431/1962 3458/3442/1972 3459/3443/1973
f 3459/3443/1973 3448/3432/1963 3447/3431/1962
f 3448/3432/1963 3459/3443/1973 3460/3444/1974
f 3460/3444/1974 3449/3433/1964 3448/3432/1963
f 3449/3433/1964 3460/3444/1974 3461/3445/1975
f 3461/3445/1975 3450/3434/1965 3449/3433/1964
f 3450/3434/1965 3461/3445/1975 3462/3446/1976
f 3462/3446/1976 3451/3435/1966 3450/3434/1965
f 3451/3435/1966 3462/3446/1976 3463/3447/1977
f 3463/3447/1977 3452/3436/1967 3451/3435/1966
f 3452/3436/1967 3463/3447/1977 3464/3448/1978
f 3464/3448/1978 3453/3437/1968 3452/3436/1967
f 3453/3437/1968 3464/3448/1978 3465/3449/1286
f 3465/3449/1286 3454/3438/1969 3453/3437/1968
f 3455/3439/1276 3466/3450/1287 3467/3451/1979
f 3467/3451/1979 3456/3440/1970 3455/3439/1276
f 3456/3440/1970 3467/3451/1979 3468/3452/1289
f 3468/3452/1289 3457/3441/1971 3456/3440/1970
f 3457/3441/1971 3468/3452/1289 3469/3453/1980
f 3469/3453/1980 3458/3442/1972 3457/3441/1971
f 3458/3442/1972 3469/3453/1980 3470/3454/1981
f 3470/3454/1981 3459/3443/1973 3458/3442/1972
f 3459/3443/1973 3470/3454/1981 3471/3455/1982
f 3471/3455/1982 3460/3444/1974 3459/3443/1973
f 3460/3444/1974 3471/3455/1982 3472/3456/1983
f 3472/3456/1983 3461/3445/1975 3460/3444/1974
f 3461/3445/1975 3472/3456/1983 3473/3457/1984
f 3473/3457/1984 3462/3446/1976 3461/3445/1975
f 3462/3446/1976 3473/3457/1984 3474/3458/1295
f 3474/3458/1295 3463/3447/1977 3462/3446/1976
f 3463/3447/1977 3474/3458/1295 3475/3459/1296
f 3475/3459/1296 3464/3448/1978 3463/3447/1977
f 3464/3448/1978 3475/3459/1296 3476/3460/1297
f 3476/3460/1297 3465/3449/1286 3464/3448/1978
f 3466/3450/1287 3477/3461/1298 3478/3462/1985
f 3478/3462/1985 3467/3451/1979 3466/3450/1287
f 3467/3451/1979 3478/3462/1985 3479/3463/1986
f 3479/3463/1986 3468/3452/1289 3467/3451/1979
f 3468/3452/1289 3479/3463/1986 3480/3464/1987
f 3480/3464/1987 3469/3453/1980 3468/3452/1289
f 3469/3453/1980 3480/3464/1987 3481/3465/1988
f 3481/3465/1988 3470/3454/1981 3469/3453/1980
f 3470/3454/1981 3481/3465/1988 3482/3466/1989
f 3482/3466/1989 3471/3455/1982 3470/3454/1981
f 3471/3455/1982 3482/3466/1989 3483/3467/1990
f 3483/3467/1990 3472/3456/1983 3471/3455/1982
f 3472/3456/1983 3483/3467/1990 3484/3468/1991
f 3484/3468/1991 3473/3457/1984 3472/3456/1983
f 3473/3457/1984 3484/3468/1991 3485/3469/1992
f 3485/3469/1992 3474/3458/1295 3473/3457/1984
f 3474/3458/1295 3485/3469/1992 3486/3470/1993
f 3486/3470/1993 3475/3459/1296 3474/3458/1295
f 3475/3459/1296 3486/3470/1993 3487/3471/1308
f 3487/3471/1308 3476/3460/1297 3475/3459/1296
f 3477/3461/1298 3488/3472/1994 3489/3473/1995
f 3489/3473/1995 3478/3462/1985 3477/3461/1298
f 3478/3462/1985 3489/3473/1995 3490/3474/1996
f 3490/3474/1996 3479/3463/1986 3478/3462/1985
f 3479/3463/1986 3490/3474/1996 3491/3475/1312
f 3491/3475/1312 3480/3464/1987 3479/3463/1986
f 3480/3464/1987 3491/3475/1312 3492/3476/1313
f 3492/3476/1313 3481/3465/1988 3480/3464/1987
f 3481/3465/1988 3492/3476/1313 3493/3477/1314
f 3493/3477/1314 3482/3466/1989 3481/3465/1988
f 3482/3466/1989 3493/3477/1314 3494/3478/1997
f 3494/3478/1997 3483/3467/1990 3482/3466/1989
f 3483/3467/1990 3494/3478/1997 3495/3479/1316
f 3495/3479/1316 3484/3468/1991 3483/3467/1990
f 3484/3468/1991 3495/3479/1316 3496/3480/1998
f 3496/3480/1998 3485/3469/1992 3484/3468/1991
f 3485/3469/1992 3496/3480/1998 3497/3481/1999
f 3497/3481/1999 3486/3470/1993 3485/3469/1992
f 3486/3470/1993 3497/3481/1999 3498/3482/1319
f 3498/3482/1319 3487/3471/1308 3486/3470/1993
f 3488/3472/1994 3499/3483/1320 3500/3484/1321
f 3500/3484/1321 3489/3473/1995 3488/3472/1994
f 3489/3473/1995 3500/3484/1321 3501/3485/1322
f 3501/3485/1322 3490/3474/1996 3489/3473/1995
f 3490/3474/1996 3501/3485/1322 3502/3486/1323
f 3502/3486/1323 3491/3475/1312 3490/3474/1996
f 3491/3475/1312 3502/3486/1323 3503/3487/1324
f 3503/3487/1324 3492/3476/1313 3491/3475/1312
f 3492/3476/1313 3503/3487/1324 3504/3488/1325
f 3504/3488/1325 3493/3477/1314 3492/3476/1313
f 3493/3477/1314 3504/3488/1325 3505/3489/1326
f 3505/3489/1326 3494/3478/1997 3493/3477/1314
f 3494/3478/1997 3505/3489/1326 3506/3490/1327
f 3506/3490/1327 3495/3479/1316 3494/3478/1997
f 3495/3479/1316 3506/3490/1327 3507/3491/2000
f 3507/3491/2000 3496/3480/1998 3495/3479/1316
f 3496/3480/1998 3507/3491/2000 3508/3492/1329
f 3508/3492/1329 3497/3481/1999 3496/3480/1998
f 3497/3481/1999 3508/3492/1329 3509/3493/1330
f 3509/3493/1330 3498/3482/1319 3497/3481/1999
f 3499/3483/1320 3510/3494/1331 3511/3495/541
f 3511/3495/541 3500/3484/1321 3499/3483/1320
f 3500/3484/1321 3511/3495/541 3512/3496/542
f 3512/3496/542 3501/3485/1322 3500/3484/1321
f 3501/3485/1322 3512/3496/542 3513/3497/543
f 3513/3497/543 3502/3486/1323 3501/3485/1322
f 3502/3486/1323 3513/3497/543 3514/3498/544
f 3514/3498/544 3503/3487/1324 3502/3486/1323
f 3503/3487/1324 3514/3498/544 3515/3499/545
f 3515/3499/545 3504/3488/1325 3503/3487/1324
f 3504/3488/1325 3515/3499/545 3516/3500/546
f 3516/3500/546 3505/3489/1326 3504/3488/1325
f 3505/3489/1326 3516/3500/546 3517/3501/547
f 3517/3501/547 3506/3490/1327 3505/3489/1326
f 3506/3490/1327 3517/3501/547 3518/3502/548
f 3518/3502/548 3507/3491/2000 3506/3490/1327
f 3507/3491/2000 3518/3502/548 3519/3503/549
f 3519/3503/549 3508/3492/1329 3507/3491/2000
f 3508/3492/1329 3519/3503/549 3520/3504/1332
f 3520/3504/1332 3509/3493/1330 3508/3492/1329
f 3510/3494/1331 3521/3505/1333 3522/3506/2001
f 3522/3506/2001 3511/3495/541 3510/3494/1331
f 3511/3495/541 3522/3506/2001 3523/3507/1335
f 3523/3507/1335 3512/3496/542 3511/3495/541
f 3512/3496/542 3523/3507/1335 3524/3508/1336
f 3524/3508/1336 3513/3497/543 3512/3496/542
f 3513/3497/543 3524/3508/1336 3525/3509/2002
f 3525/3509/2002 3514/3498/544 3513/3497/543
f 3514/3498/544 3525/3509/2002 3526/3510/1338
f 3526/3510/1338 3515/3499/545 3514/3498/544
f 3515/3499/545 3526/3510/1338 3527/3511/2003
f 3527/3511/2003 3516/3500/546 3515/3499/545
f 3516/3500/546 3527/3511/2003 3528/3512/2004
f 3528/3512/2004 3517/3501/547 3516/3500/546
f 3517/3501/547 3528/3512/2004 3529/3513/1341
f 3529/3513/1341 3518/3502/548 3517/3501/547
f 3518/3502/548 3529/3513/1341 3530/3514/1342
f 3530/3514/1342 3519/3503/549 3518/3502/548
f 3519/3503/549 3530/3514/1342 3531/3515/1343
f 3531/3515/1343 3520/3504/1332 3519/3503/549
f 3521/3505/1333 3532/3516/1344 3533/3517/2005
f 3533/3517/2005 3522/3506/2001 3521/3505/1333
f 3522/3506/2001 3533/3517/2005 3534/3518/2006
f 3534/3518/2006 3523/3507/1335 3522/3506/2001
f 3523/3507/1335 3534/3518/2006 3535/3519/2007
f 3535/3519/2007 3524/3508/1336 3523/3507/1335
f 3524/3508/1336 3535/3519/2007 3536/3520/1348
f 3536/3520/1348 3525/3509/2002 3524/3508/1336
f 3525/3509/2002 3536/3520/1348 3537/3521/1349
f 3537/3521/1349 3526/3510/1338 3525/3509/2002
f 3526/3510/1338 3537/3521/1349 3538/3522/1350
f 3538/3522/1350 3527/3511/2003 3526/3510/1338
f 3527/3511/2003 3538/3522/1350 3539/3523/2008
f 3539/3523/2008 3528/3512/2004 3527/3511/2003
f 3528/3512/2004 3539/3523/2008 3540/3524/2009
f 3540/3524/2009 3529/3513/1341 3528/3512/2004
f 3529/3513/1341 3540/3524/2009 3541/3525/2010
f 3541/3525/2010 3530/3514/1342 3529/3513/1341
f 3530/3514/1342 3541/3525/2010 3542/3526/1354
f 3542/3526/1354 3531/3515/1343 3530/3514/1342
f 3532/3516/1344 3543/3527/1355 3544/3528/1356
f 3544/3528/1356 3533/3517/2005 3532/3516/1344
f 3533/3517/2005 3544/3528/1356 3545/3529/2011
f 3545/3529/2011 3534/3518/2006 3533/3517/2005
f 3534/3518/2006 3545/3529/2011 3546/3530/2012
f 3546/3530/2012 3535/3519/2007 3534/3518/2006
f 3535/3519/2007 3546/3530/2012 3547/3531/2013
f 3547/3531/2013 3536/3520/1348 3535/3519/2007
f 3536/3520/1348 3547/3531/2013 3548/3532/2014
f 3548/3532/2014 3537/3521/1349 3536/3520/1348
f 3537/3521/1349 3548/3532/2014 3549/3533/1361
f 3549/3533/1361 3538/3522/1350 3537/3521/1349
f 3538/3522/1350 3549/3533/1361 3550/3534/2015
f 3550/3534/2015 3539/3523/2008 3538/3522/1350
f 3539/3523/2008 3550/3534/2015 3551/3535/2016
f 3551/3535/2016 3540/3524/2009 3539/3523/2008
f 3540/3524/2009 3551/3535/2016 3552/3536/2017
f 3552/3536/2017 3541/3525/2010 3540/3524/2009
f 3541/3525/2010 3552/3536/2017 3553/3537/1365
f 3553/3537/1365 3542/3526/1354 3541/3525/2010
f 3543/3527/1355 3554/3538/1366 3555/3539/2018
f 3555/3539/2018 3544/3528/1356 3543/3527/1355
f 3544/3528/1356 3555/3539/2018 3556/3540/2019
f 3556/3540/2019 3545/3529/2011 3544/3528/1356
f 3545/3529/2011 3556/3540/2019 3557/3541/2020
f 3557/3541/2020 3546/3530/2012 3545/3529/2011
f 3546/3530/2012 3557/3541/2020 3558/3542/2021
f 3558/3542/2021 3547/3531/2013 3546/3530/2012
f 3547/3531/2013 3558/3542/2021 3559/3543/2022
f 3559/3543/2022 3548/3532/2014 3547/3531/2013
f 3548/3532/2014 3559/3543/2022 3560/3544/2023
f 3560/3544/2023 3549/3533/1361 3548/3532/2014
f 3549/3533/1361 3560/3544/2023 3561/3545/2024
f 3561/3545/2024 3550/3534/2015 3549/3533/1361
f 3550/3534/2015 3561/3545/2024 3562/3546/2025
f 3562/3546/2025 3551/3535/2016 3550/3534/2015
f 3551/3535/2016 3562/3546/2025 3563/3547/2026
f 3563/3547/2026 3552/3536/2017 3551/3535/2016
f 3552/3536/2017 3563/3547/2026 3564/3548/1376
f 3564/3548/1376 3553/3537/1365 3552/3536/2017
f 3554/3538/1366 3565/3549/1377 3566/3550/2027
f 3566/3550/2027 3555/3539/2018 3554/3538/1366
f 3555/3539/2018 3566/3550/2027 3567/3551/2028
f 3567/3551/2028 3556/3540/2019 3555/3539/2018
f 3556/3540/2019 3567/3551/2028 3568/3552/2029
f 3568/3552/2029 3557/3541/2020 3556/3540/2019
f 3557/3541/2020 3568/3552/2029 3569/3553/2030
f 3569/3553/2030 3558/3542/2021 3557/3541/2020
f 3558/3542/2021 3569/3553/2030 3570/3554/2031
f 3570/3554/2031 3559/3543/2022 3558/3542/2021
f 3559/3543/2022 3570/3554/2031 3571/3555/1383
f 3571/3555/1383 3560/3544/2023 3559/3543/2022
f 3560/3544/2023 3571/3555/1383 3572/3556/2032
f 3572/3556/2032 3561/3545/2024 3560/3544/2023
f 3561/3545/2024 3572/3556/2032 3573/3557/2033
f 3573/3557/2033 3562/3546/2025 3561/3545/2024
f 3562/3546/2025 3573/3557/2033 3574/3558/2034
f 3574/3558/2034 3563/3547/2026 3562/3546/2025
f 3563/3547/2026 3574/3558/2034 3575/3559/1387
f 3575/3559/1387 3564/3548/1376 3563/3547/2026
f 3565/3549/1377 3576/3560/1388 3577/3561/2035
f 3577/3561/2035 3566/3550/2027 3565/3549/1377
f 3566/3550/2027 3577/3561/2035 3578/3562/2036
f 3578/3562/2036 3567/3551/2028 3566/3550/2027
f 3567/3551/2028 3578/3562/2036 3579/3563/2037
f 3579/3563/2037 3568/3552/2029 3567/3551/2028
f 3568/3552/2029 3579/3563/2037 3580/3564/2038
f 3580/3564/2038 3569/3553/2030 3568/3552/2029
f 3569/3553/2030 3580/3564/2038 3581/3565/1393
f 3581/3565/1393 3570/3554/2031 3569/3553/2030
f 3570/3554/2031 3581/3565/1393 3582/3566/2039
f 3582/3566/2039 3571/3555/1383 3570/3554/2031
f 3571/3555/1383 3582/3566/2039 3583/3567/2040
f 3583/3567/2040 3572/3556/2032 3571/3555/1383
f 3572/3556/2032 3583/3567/2040 3584/3568/2041
f 3584/3568/2041 3573/3557/2033 3572/3556/2032
f 3573/3557/2033 3584/3568/2041 3585/3569/2042
f 3585/3569/2042 3574/3558/2034 3573/3557/2033
f 3574/3558/2034 3585/3569/2042 3586/3570/2043
f 3586/3570/2043 3575/3559/1387 3574/3558/2034
f 3576/3560/1388 3587/3571/1438 3588/3572/2044
f 3588/3572/2044 3577/3561/2035 3576/3560/1388
f 3577/3561/2035 3588/3572/2044 3589/3573/1401
f 3589/3573/1401 3578/3562/2036 3577/3561/2035
f 3578/3562/2036 3589/3573/1401 3590/3574/2045
f 3590/3574/2045 3579/3563/2037 3578/3562/2036
f 3579/3563/2037 3590/3574/2045 3591/3575/1403
f 3591/3575/1403 3580/3564/2038 3579/3563/2037
f 3580/3564/2038 3591/3575/1403 3592/3576/1404
f 3592/3576/1404 3581/3565/1393 3580/3564/2038
f 3581/3565/1393 3592/3576/1404 3593/3577/2046
f 3593/3577/2046 3582/3566/2039 3581/3565/1393
f 3582/3566/2039 3593/3577/2046 3594/3578/2047
f 3594/3578/2047 3583/3567/2040 3582/3566/2039
f 3583/3567/2040 3594/3578/2047 3595/3579/2048
f 3595/3579/2048 3584/3568/2041 3583/3567/2040
f 3584/3568/2041 3595/3579/2048 3596/3580/1408
f 3596/3580/1408 3585/3569/2042 3584/3568/2041
f 3585/3569/2042 3596/3580/1408 3597/3581/936
f 3597/3581/936 3586/3570/2043 3585/3569/2042
f 3587/3571/1438 3282/3263/1112 3281/3266/1115
f 3281/3266/1115 3588/3572/2044 3587/3571/1438
f 3588/3572/2044 3281/3266/1115 3284/3268/1117
f 3284/3268/1117 3589/3573/1401 3588/3572/2044
f 3589/3573/1401 3284/3268/1117 3286/3270/1885
f 3286/3270/1885 3590/3574/2045 3589/3573/1401
f 3590/3574/2045 3286/3270/1885 3288/3272/1121
f 3288/3272/1121 3591/3575/1403 3590/3574/2045
f 3591/3575/1403 3288/3272/1121 3290/3274/1887
f 3290/3274/1887 3592/3576/1404 3591/3575/1403
f 3592/3576/1404 3290/3274/1887 3292/3276/1888
f 3292/3276/1888 3593/3577/2046 3592/3576/1404
f 3593/3577/2046 3292/3276/1888 3294/3278/1889
f 3294/3278/1889 3594/3578/2047 3593/3577/2046
f 3594/3578/2047 3294/3278/1889 3296/3280/1129
f 3296/3280/1129 3595/3579/2048 3594/3578/2047
f 3595/3579/2048 3296/3280/1129 3298/3282/1892
f 3298/3282/1892 3596/3580/1408 3595/3579/2048
f 3596/3580/1408 3298/3282/1892 3300/3284/1893
f 3300/3284/1893 3597/3581/936 3596/3580/1408
f 3300/3284/1893 3299/3283/1132 3598/3582/937
f 3598/3582/937 3599/3583/424 3300/3284/1893
f 3299/3283/1132 3311/3295/1144 3600/3584/425
f 3600/3584/425 3598/3582/937 3299/3283/1132
f 3311/3295/1144 3322/3306/1155 3601/3585/426
f 3601/3585/426 3600/3584/425 3311/3295/1144
f 3322/3306/1155 3333/3317/1166 3602/3586/427
f 3602/3586/427 3601/3585/426 3322/3306/1155
f 3333/3317/1166 3344/3328/1176 3603/3587/428
f 3603/3587/428 3602/3586/427 3333/3317/1166
f 3344/3328/1176 3355/3339/1177 3604/3588/429
f 3604/3588/429 3603/3587/428 3344/3328/1176
f 3355/3339/1177 3366/3350/1915 3605/3589/430
f 3605/3589/430 3604/3588/429 3355/3339/1177
f 3388/3372/1915 3387/3371/1209 3606/3590/431
f 3606/3590/431 3607/3591/432 3388/3372/1915
f 3387/3371/1209 3399/3383/1221 3608/3592/433
f 3608/3592/433 3606/3590/431 3387/3371/1209
f 3399/3383/1221 3410/3394/1232 3609/3593/434
f 3609/3593/434 3608/3592/433 3399/3383/1221
f 3410/3394/1232 3421/3405/1243 3610/3594/435
f 3610/3594/435 3609/3593/434 3410/3394/1232
f 3421/3405/1243 3432/3416/1254 3611/3595/938
f 3611/3595/938 3610/3594/435 3421/3405/1243
f 3432/3416/1254 3443/3427/268 3612/3596/32
f 3612/3596/32 3611/3595/938 3432/3416/1254
f 3443/3427/268 3454/3438/1969 3613/3597/437
f 3613/3597/437 3612/3596/32 3443/3427/268
f 3454/3438/1969 3465/3449/1286 3614/3598/438
f 3614/3598/438 3613/3597/437 3454/3438/1969
f 3465/3449/1286 3476/3460/1297 3615/3599/439
f 3615/3599/439 3614/3598/438 3465/3449/1286
f 3476/3460/1297 3487/3471/1308 3616/3600/939
f 3616/3600/939 3615/3599/439 3476/3460/1297
f 3487/3471/1308 3498/3482/1319 3617/3601/441
f 3617/3601/441 3616/3600/939 3487/3471/1308
f 3498/3482/1319 3509/3493/1330 3618/3602/442
f 3618/3602/442 3617/3601/441 3498/3482/1319
f 3509/3493/1330 3520/3504/1332 3619/3603/17
f 3619/3603/17 3618/3602/442 3509/3493/1330
f 3520/3504/1332 3531/3515/1343 3620/3604/443
f 3620/3604/443 3619/3603/17 3520/3504/1332
f 3531/3515/1343 3542/3526/1354 3621/3605/444
f 3621/3605/444 3620/3604/443 3531/3515/1343
f 3542/3526/1354 3553/3537/1365 3622/3606/445
f 3622/3606/445 3621/3605/444 3542/3526/1354
f 3553/3537/1365 3564/3548/1376 3623/3607/446
f 3623/3607/446 3622/3606/445 3553/3537/1365
f 3564/3548/1376 3575/3559/1387 3624/3608/447
f 3624/3608/447 3623/3607/446 3564/3548/1376
f 3575/3559/1387 3586/3570/2043 3625/3609/448
f 3625/3609/448 3624/3608/447 3575/3559/1387
f 3586/3570/2043 3597/3581/936 3626/3610/449
f 3626/3610/449 3625/3609/448 3586/3570/2043
f 3597/3581/936 3300/3284/1893 3599/3583/424
f 3599/3583/424 3626/3610/449 3597/3581/936
f 3630/3611/33 3627/3612/34 3628/3613/1409
f 3628/3613/1409 3629/3614/1410 3630/3611/33
f 3632/3615/35 3630/3611/33 3629/3614/1410
f 3629/3614/1410 3631/3616/1411 3632/3615/35
f 3634/3617/36 3632/3615/35 3631/3616/1411
f 3631/3616/1411 3633/3618/1412 3634/3617/36
f 3636/3619/37 3634/3617/36 3633/3618/1412
f 3633/3618/1412 3635/3620/1413 3636/3619/37
f 3638/3621/38 3636/3619/37 3635/3620/1413
f 3635/3620/1413 3637/3622/1414 3638/3621/38
f 3640/3623/7 3638/3621/38 3637/3622/1414
f 3637/3622/1414 3639/3624/1415 3640/3623/7
f 3642/3625/1416 3640/3623/7 3639/3624/1415
f 3639/3624/1415 3641/3626/1417 3642/3625/1416
f 3646/3627/40 3643/3628/1418 3644/3629/1419
f 3644/3629/1419 3645/3630/1420 3646/3627/40
f 3648/3631/41 3646/3627/40 3645/3630/1420
f 3645/3630/1420 3647/3632/1421 3648/3631/41
f 3650/3633/42 3648/3631/41 3647/3632/1421
f 3647/3632/1421 3649/3634/1422 3650/3633/42
f 3652/3635/43 3650/3633/42 3649/3634/1422
f 3649/3634/1422 3651/3636/1423 3652/3635/43
f 3654/3637/44 3652/3635/43 3651/3636/1423
f 3651/3636/1423 3653/3638/1424 3654/3637/44
f 3656/3639/32 3654/3637/44 3653/3638/1424
f 3653/3638/1424 3655/3640/1425 3656/3639/32
f 3658/3641/45 3656/3639/32 3655/3640/1425
f 3655/3640/1425 3657/3642/2049 3658/3641/45
f 3660/3643/46 3658/3641/45 3657/3642/2049
f 3657/3642/2049 3659/3644/2050 3660/3643/46
f 3662/3645/47 3660/3643/46 3659/3644/2050
f 3659/3644/2050 3661/3646/1428 3662/3645/47
f 3664/3647/48 3662/3645/47 3661/3646/1428
f 3661/3646/1428 3663/3648/1429 3664/3647/48
f 3666/3649/49 3664/3647/48 3663/3648/1429
f 3663/3648/1429 3665/3650/1430 3666/3649/49
f 3668/3651/50 3666/3649/49 3665/3650/1430
f 3665/3650/1430 3667/3652/1431 3668/3651/50
f 3670/3653/24 3668/3651/50 3667/3652/1431
f 3667/3652/1431 3669/3654/171 3670/3653/24
f 3672/3655/52 3670/3653/24 3669/3654/171
f 3669/3654/171 3671/3656/1432 3672/3655/52
f 3674/3657/54 3672/3655/52 3671/3656/1432
f 3671/3656/1432 3673/3658/1433 3674/3657/54
f 3676/3659/55 3674/3657/54 3673/3658/1433
f 3673/3658/1433 3675/3660/1434 3676/3659/55
f 3678/3661/56 3676/3659/55 3675/3660/1434
f 3675/3660/1434 3677/3662/1435 3678/3661/56
f 3680/3663/57 3678/3661/56 3677/3662/1435
f 3677/3662/1435 3679/3664/2051 3680/3663/57
f 3682/3665/58 3680/3663/57 3679/3664/2051
f 3679/3664/2051 3681/3666/2052 3682/3665/58
f 3684/3667/59 3682/3665/58 3681/3666/2052
f 3681/3666/2052 3683/3668/1438 3684/3667/59
f 3627/3612/34 3684/3667/59 3683/3668/1438
f 3683/3668/1438 3628/3613/1409 3627/3612/34
f 3686/3669/2053 3629/3614/1410 3628/3613/1409
f 3628/3613/1409 3685/3670/2054 3686/3669/2053
f 3688/3671/2055 3686/3669/2053 3685/3670/2054
f 3685/3670/2054 3687/3672/1442 3688/3671/2055
f 3690/3673/2056 3688/3671/2055 3687/3672/1442
f 3687/3672/1442 3689/3674/2057 3690/3673/2056
f 3692/3675/2058 3690/3673/2056 3689/3674/2057
f 3689/3674/2057 3691/3676/2059 3692/3675/2058
f 3694/3677/2060 3692/3675/2058 3691/3676/2059
f 3691/3676/2059 3693/3678/2061 3694/3677/2060
f 3696/3679/1449 3694/3677/2060 3693/3678/2061
f 3693/3678/2061 3695/3680/1450 3696/3679/1449
f 3698/3681/2062 3696/3679/1449 3695/3680/1450
f 3695/3680/1450 3697/3682/2063 3698/3681/2062
f 3700/3683/1453 3698/3681/2062 3697/3682/2063
f 3697/3682/2063 3699/3684/2064 3700/3683/1453
f 3702/3685/2065 3700/3683/1453 3699/3684/2064
f 3699/3684/2064 3701/3686/2066 3702/3685/2065
f 3704/3687/1457 3702/3685/2065 3701/3686/2066
f 3701/3686/2066 3703/3688/1458 3704/3687/1457
f 3705/3689/1459 3631/3616/1411 3629/3614/1410
f 3629/3614/1410 3686/3669/2053 3705/3689/1459
f 3706/3690/2067 3705/3689/1459 3686/3669/2053
f 3686/3669/2053 3688/3671/2055 3706/3690/2067
f 3707/3691/2068 3706/3690/2067 3688/3671/2055
f 3688/3671/2055 3690/3673/2056 3707/3691/2068
f 3708/3692/2069 3707/3691/2068 3690/3673/2056
f 3690/3673/2056 3692/3675/2058 3708/3692/2069
f 3709/3693/2070 3708/3692/2069 3692/3675/2058
f 3692/3675/2058 3694/3677/2060 3709/3693/2070
f 3710/3694/2071 3709/3693/2070 3694/3677/2060
f 3694/3677/2060 3696/3679/1449 3710/3694/2071
f 3711/3695/2072 3710/3694/2071 3696/3679/1449
f 3696/3679/1449 3698/3681/2062 3711/3695/2072
f 3712/3696/2073 3711/3695/2072 3698/3681/2062
f 3698/3681/2062 3700/3683/1453 3712/3696/2073
f 3713/3697/2074 3712/3696/2073 3700/3683/1453
f 3700/3683/1453 3702/3685/2065 3713/3697/2074
f 3714/3698/1468 3713/3697/2074 3702/3685/2065
f 3702/3685/2065 3704/3687/1457 3714/3698/1468
f 3715/3699/2075 3633/3618/1412 3631/3616/1411
f 3631/3616/1411 3705/3689/1459 3715/3699/2075
f 3716/3700/1470 3715/3699/2075 3705/3689/1459
f 3705/3689/1459 3706/3690/2067 3716/3700/1470
f 3717/3701/2076 3716/3700/1470 3706/3690/2067
f 3706/3690/2067 3707/3691/2068 3717/3701/2076
f 3718/3702/2077 3717/3701/2076 3707/3691/2068
f 3707/3691/2068 3708/3692/2069 3718/3702/2077
f 3719/3703/2078 3718/3702/2077 3708/3692/2069
f 3708/3692/2069 3709/3693/2070 3719/3703/2078
f 3720/3704/2079 3719/3703/2078 3709/3693/2070
f 3709/3693/2070 3710/3694/2071 3720/3704/2079
f 3721/3705/2080 3720/3704/2079 3710/3694/2071
f 3710/3694/2071 3711/3695/2072 3721/3705/2080
f 3722/3706/2081 3721/3705/2080 3711/3695/2072
f 3711/3695/2072 3712/3696/2073 3722/3706/2081
f 3723/3707/2082 3722/3706/2081 3712/3696/2073
f 3712/3696/2073 3713/3697/2074 3723/3707/2082
f 3724/3708/1478 3723/3707/2082 3713/3697/2074
f 3713/3697/2074 3714/3698/1468 3724/3708/1478
f 3725/3709/2083 3635/3620/1413 3633/3618/1412
f 3633/3618/1412 3715/3699/2075 3725/3709/2083
f 3726/3710/1480 3725/3709/2083 3715/3699/2075
f 3715/3699/2075 3716/3700/1470 3726/3710/1480
f 3727/3711/1481 3726/3710/1480 3716/3700/1470
f 3716/3700/1470 3717/3701/2076 3727/3711/1481
f 3728/3712/2084 3727/3711/1481 3717/3701/2076
f 3717/3701/2076 3718/3702/2077 3728/3712/2084
f 3729/3713/2085 3728/3712/2084 3718/3702/2077
f 3718/3702/2077 3719/3703/2078 3729/3713/2085
f 3730/3714/2086 3729/3713/2085 3719/3703/2078
f 3719/3703/2078 3720/3704/2079 3730/3714/2086
f 3731/3715/1485 3730/3714/2086 3720/3704/2079
f 3720/3704/2079 3721/3705/2080 3731/3715/1485
f 3732/3716/2087 3731/3715/1485 3721/3705/2080
f 3721/3705/2080 3722/3706/2081 3732/3716/2087
f 3733/3717/2088 3732/3716/2087 3722/3706/2081
f 3722/3706/2081 3723/3707/2082 3733/3717/2088
f 3734/3718/1488 3733/3717/2088 3723/3707/2082
f 3723/3707/2082 3724/3708/1478 3734/3718/1488
f 3735/3719/2089 3637/3622/1414 3635/3620/1413
f 3635/3620/1413 3725/3709/2083 3735/3719/2089
f 3736/3720/1490 3735/3719/2089 3725/3709/2083
f 3725/3709/2083 3726/3710/1480 3736/3720/1490
f 3737/3721/2090 3736/3720/1490 3726/3710/1480
f 3726/3710/1480 3727/3711/1481 3737/3721/2090
f 3738/3722/1492 3737/3721/2090 3727/3711/1481
f 3727/3711/1481 3728/3712/2084 3738/3722/1492
f 3739/3723/1493 3738/3722/1492 3728/3712/2084
f 3728/3712/2084 3729/3713/2085 3739/3723/1493
f 3740/3724/2091 3739/3723/1493 3729/3713/2085
f 3729/3713/2085 3730/3714/2086 3740/3724/2091
f 3741/3725/2092 3740/3724/2091 3730/3714/2086
f 3730/3714/2086 3731/3715/1485 3741/3725/2092
f 3742/3726/1496 3741/3725/2092 3731/3715/1485
f 3731/3715/1485 3732/3716/2087 3742/3726/1496
f 3743/3727/2093 3742/3726/1496 3732/3716/2087
f 3732/3716/2087 3733/3717/2088 3743/3727/2093
f 3744/3728/1498 3743/3727/2093 3733/3717/2088
f 3733/3717/2088 3734/3718/1488 3744/3728/1498
f 3745/3729/335 3639/3624/1415 3637/3622/1414
f 3637/3622/1414 3735/3719/2089 3745/3729/335
f 3746/3730/337 3745/3729/335 3735/3719/2089
f 3735/3719/2089 3736/3720/1490 3746/3730/337
f 3747/3731/338 3746/3730/337 3736/3720/1490
f 3736/3720/1490 3737/3721/2090 3747/3731/338
f 3748/3732/339 3747/3731/338 3737/3721/2090
f 3737/3721/2090 3738/3722/1492 3748/3732/339
f 3749/3733/340 3748/3732/339 3738/3722/1492
f 3738/3722/1492 3739/3723/1493 3749/3733/340
f 3750/3734/341 3749/3733/340 3739/3723/1493
f 3739/3723/1493 3740/3724/2091 3750/3734/341
f 3751/3735/342 3750/3734/341 3740/3724/2091
f 3740/3724/2091 3741/3725/2092 3751/3735/342
f 3752/3736/343 3751/3735/342 3741/3725/2092
f 3741/3725/2092 3742/3726/1496 3752/3736/343
f 3753/3737/344 3752/3736/343 3742/3726/1496
f 3742/3726/1496 3743/3727/2093 3753/3737/344
f 3754/3738/1499 3753/3737/344 3743/3727/2093
f 3743/3727/2093 3744/3728/1498 3754/3738/1499
f 3755/3739/1500 3641/3626/1417 3639/3624/1415
f 3639/3624/1415 3745/3729/335 3755/3739/1500
f 3756/3740/1501 3755/3739/1500 3745/3729/335
f 3745/3729/335 3746/3730/337 3756/3740/1501
f 3757/3741/1502 3756/3740/1501 3746/3730/337
f 3746/3730/337 3747/3731/338 3757/3741/1502
f 3758/3742/1503 3757/3741/1502 3747/3731/338
f 3747/3731/338 3748/3732/339 3758/3742/1503
f 3759/3743/2094 3758/3742/1503 3748/3732/339
f 3748/3732/339 3749/3733/340 3759/3743/2094
f 3760/3744/1505 3759/3743/2094 3749/3733/340
f 3749/3733/340 3750/3734/341 3760/3744/1505
f 3761/3745/1506 3760/3744/1505 3750/3734/341
f 3750/3734/341 3751/3735/342 3761/3745/1506
f 3762/3746/1507 3761/3745/1506 3751/3735/342
f 3751/3735/342 3752/3736/343 3762/3746/1507
f 3763/3747/1508 3762/3746/1507 3752/3736/343
f 3752/3736/343 3753/3737/344 3763/3747/1508
f 3764/3748/1509 3763/3747/1508 3753/3737/344
f 3753/3737/344 3754/3738/1499 3764/3748/1509
f 3766/3749/2095 3645/3630/1420 3644/3629/1419
f 3644/3629/1419 3765/3750/1511 3766/3749/2095
f 3768/3751/2096 3766/3749/2095 3765/3750/1511
f 3765/3750/1511 3767/3752/1513 3768/3751/2096
f 3770/3753/2097 3768/3751/2096 3767/3752/1513
f 3767/3752/1513 3769/3754/1515 3770/3753/2097
f 3772/3755/2098 3770/3753/2097 3769/3754/1515
f 3769/3754/1515 3771/3756/2099 3772/3755/2098
f 3774/3757/2100 3772/3755/2098 3771/3756/2099
f 3771/3756/2099 3773/3758/1519 3774/3757/2100
f 3776/3759/2101 3774/3757/2100 3773/3758/1519
f 3773/3758/1519 3775/3760/1521 3776/3759/2101
f 3778/3761/1522 3776/3759/2101 3775/3760/1521
f 3775/3760/1521 3777/3762/1523 3778/3761/1522
f 3780/3763/1524 3778/3761/1522 3777/3762/1523
f 3777/3762/1523 3779/3764/1525 3780/3763/1524
f 3782/3765/1526 3780/3763/1524 3779/3764/1525
f 3779/3764/1525 3781/3766/1527 3782/3765/1526
f 3784/3767/1528 3782/3765/1526 3781/3766/1527
f 3781/3766/1527 3783/3768/2102 3784/3767/1528
f 3785/3769/2103 3647/3632/1421 3645/3630/1420
f 3645/3630/1420 3766/3749/2095 3785/3769/2103
f 3786/3770/1531 3785/3769/2103 3766/3749/2095
f 3766/3749/2095 3768/3751/2096 3786/3770/1531
f 3787/3771/1532 3786/3770/1531 3768/3751/2096
f 3768/3751/2096 3770/3753/2097 3787/3771/1532
f 3788/3772/2104 3787/3771/1532 3770/3753/2097
f 3770/3753/2097 3772/3755/2098 3788/3772/2104
f 3789/3773/1534 3788/3772/2104 3772/3755/2098
f 3772/3755/2098 3774/3757/2100 3789/3773/1534
f 3790/3774/2105 3789/3773/1534 3774/3757/2100
f 3774/3757/2100 3776/3759/2101 3790/3774/2105
f 3791/3775/1536 3790/3774/2105 3776/3759/2101
f 3776/3759/2101 3778/3761/1522 3791/3775/1536
f 3792/3776/2106 3791/3775/1536 3778/3761/1522
f 3778/3761/1522 3780/3763/1524 3792/3776/2106
f 3793/3777/2107 3792/3776/2106 3780/3763/1524
f 3780/3763/1524 3782/3765/1526 3793/3777/2107
f 3794/3778/1539 3793/3777/2107 3782/3765/1526
f 3782/3765/1526 3784/3767/1528 3794/3778/1539
f 3795/3779/2108 3649/3634/1422 3647/3632/1421
f 3647/3632/1421 3785/3769/2103 3795/3779/2108
f 3796/3780/2109 3795/3779/2108 3785/3769/2103
f 3785/3769/2103 3786/3770/1531 3796/3780/2109
f 3797/3781/2110 3796/3780/2109 3786/3770/1531
f 3786/3770/1531 3787/3771/1532 3797/3781/2110
f 3798/3782/1543 3797/3781/2110 3787/3771/1532
f 3787/3771/1532 3788/3772/2104 3798/3782/1543
f 3799/3783/2111 3798/3782/1543 3788/3772/2104
f 3788/3772/2104 3789/3773/1534 3799/3783/2111
f 3800/3784/2112 3799/3783/2111 3789/3773/1534
f 3789/3773/1534 3790/3774/2105 3800/3784/2112
f 3801/3785/2113 3800/3784/2112 3790/3774/2105
f 3790/3774/2105 3791/3775/1536 3801/3785/2113
f 3802/3786/2114 3801/3785/2113 3791/3775/1536
f 3791/3775/1536 3792/3776/2106 3802/3786/2114
f 3803/3787/2115 3802/3786/2114 3792/3776/2106
f 3792/3776/2106 3793/3777/2107 3803/3787/2115
f 3804/3788/1549 3803/3787/2115 3793/3777/2107
f 3793/3777/2107 3794/3778/1539 3804/3788/1549
f 3805/3789/2116 3651/3636/1423 3649/3634/1422
f 3649/3634/1422 3795/3779/2108 3805/3789/2116
f 3806/3790/2117 3805/3789/2116 3795/3779/2108
f 3795/3779/2108 3796/3780/2109 3806/3790/2117
f 3807/3791/2118 3806/3790/2117 3796/3780/2109
f 3796/3780/2109 3797/3781/2110 3807/3791/2118
f 3808/3792/2119 3807/3791/2118 3797/3781/2110
f 3797/3781/2110 3798/3782/1543 3808/3792/2119
f 3809/3793/2120 3808/3792/2119 3798/3782/1543
f 3798/3782/1543 3799/3783/2111 3809/3793/2120
f 3810/3794/2121 3809/3793/2120 3799/3783/2111
f 3799/3783/2111 3800/3784/2112 3810/3794/2121
f 3811/3795/1556 3810/3794/2121 3800/3784/2112
f 3800/3784/2112 3801/3785/2113 3811/3795/1556
f 3812/3796/2122 3811/3795/1556 3801/3785/2113
f 3801/3785/2113 3802/3786/2114 3812/3796/2122
f 3813/3797/1558 3812/3796/2122 3802/3786/2114
f 3802/3786/2114 3803/3787/2115 3813/3797/1558
f 3814/3798/1559 3813/3797/1558 3803/3787/2115
f 3803/3787/2115 3804/3788/1549 3814/3798/1559
f 3815/3799/2123 3653/3638/1424 3651/3636/1423
f 3651/3636/1423 3805/3789/2116 3815/3799/2123
f 3816/3800/2124 3815/3799/2123 3805/3789/2116
f 3805/3789/2116 3806/3790/2117 3816/3800/2124
f 3817/3801/2125 3816/3800/2124 3806/3790/2117
f 3806/3790/2117 3807/3791/2118 3817/3801/2125
f 3818/3802/2126 3817/3801/2125 3807/3791/2118
f 3807/3791/2118 3808/3792/2119 3818/3802/2126
f 3819/3803/1564 3818/3802/2126 3808/3792/2119
f 3808/3792/2119 3809/3793/2120 3819/3803/1564
f 3820/3804/1565 3819/3803/1564 3809/3793/2120
f 3809/3793/2120 3810/3794/2121 3820/3804/1565
f 3821/3805/2127 3820/3804/1565 3810/3794/2121
f 3810/3794/2121 3811/3795/1556 3821/3805/2127
f 3822/3806/2128 3821/3805/2127 3811/3795/1556
f 3811/3795/1556 3812/3796/2122 3822/3806/2128
f 3823/3807/1568 3822/3806/2128 3812/3796/2122
f 3812/3796/2122 3813/3797/1558 3823/3807/1568
f 3824/3808/1569 3823/3807/1568 3813/3797/1558
f 3813/3797/1558 3814/3798/1559 3824/3808/1569
f 3825/3809/2129 3655/3640/1425 3653/3638/1424
f 3653/3638/1424 3815/3799/2123 3825/3809/2129
f 3826/3810/1571 3825/3809/2129 3815/3799/2123
f 3815/3799/2123 3816/3800/2124 3826/3810/1571
f 3827/3811/1572 3826/3810/1571 3816/3800/2124
f 3816/3800/2124 3817/3801/2125 3827/3811/1572
f 3828/3812/1573 3827/3811/1572 3817/3801/2125
f 3817/3801/2125 3818/3802/2126 3828/3812/1573
f 3829/3813/1574 3828/3812/1573 3818/3802/2126
f 3818/3802/2126 3819/3803/1564 3829/3813/1574
f 3830/3814/1575 3829/3813/1574 3819/3803/1564
f 3819/3803/1564 3820/3804/1565 3830/3814/1575
f 3831/3815/1576 3830/3814/1575 3820/3804/1565
f 3820/3804/1565 3821/3805/2127 3831/3815/1576
f 3832/3816/2130 3831/3815/1576 3821/3805/2127
f 3821/3805/2127 3822/3806/2128 3832/3816/2130
f 3833/3817/2131 3832/3816/2130 3822/3806/2128
f 3822/3806/2128 3823/3807/1568 3833/3817/2131
f 3834/3818/630 3833/3817/2131 3823/3807/1568
f 3823/3807/1568 3824/3808/1569 3834/3818/630
f 3835/3819/1579 3657/3642/2049 3655/3640/1425
f 3655/3640/1425 3825/3809/2129 3835/3819/1579
f 3836/3820/2132 3835/3819/1579 3825/3809/2129
f 3825/3809/2129 3826/3810/1571 3836/3820/2132
f 3837/3821/2133 3836/3820/2132 3826/3810/1571
f 3826/3810/1571 3827/3811/1572 3837/3821/2133
f 3838/3822/2134 3837/3821/2133 3827/3811/1572
f 3827/3811/1572 3828/3812/1573 3838/3822/2134
f 3839/3823/2135 3838/3822/2134 3828/3812/1573
f 3828/3812/1573 3829/3813/1574 3839/3823/2135
f 3840/3824/1584 3839/3823/2135 3829/3813/1574
f 3829/3813/1574 3830/3814/1575 3840/3824/1584
f 3841/3825/2136 3840/3824/1584 3830/3814/1575
f 3830/3814/1575 3831/3815/1576 3841/3825/2136
f 3842/3826/2137 3841/3825/2136 3831/3815/1576
f 3831/3815/1576 3832/3816/2130 3842/3826/2137
f 3843/3827/2138 3842/3826/2137 3832/3816/2130
f 3832/3816/2130 3833/3817/2131 3843/3827/2138
f 3844/3828/2139 3843/3827/2138 3833/3817/2131
f 3833/3817/2131 3834/3818/630 3844/3828/2139
f 3845/3829/1589 3659/3644/2050 3657/3642/2049
f 3657/3642/2049 3835/3819/1579 3845/3829/1589
f 3846/3830/2140 3845/3829/1589 3835/3819/1579
f 3835/3819/1579 3836/3820/2132 3846/3830/2140
f 3847/3831/2141 3846/3830/2140 3836/3820/2132
f 3836/3820/2132 3837/3821/2133 3847/3831/2141
f 3848/3832/2142 3847/3831/2141 3837/3821/2133
f 3837/3821/2133 3838/3822/2134 3848/3832/2142
f 3849/3833/1593 3848/3832/2142 3838/3822/2134
f 3838/3822/2134 3839/3823/2135 3849/3833/1593
f 3850/3834/2143 3849/3833/1593 3839/3823/2135
f 3839/3823/2135 3840/3824/1584 3850/3834/2143
f 3851/3835/2144 3850/3834/2143 3840/3824/1584
f 3840/3824/1584 3841/3825/2136 3851/3835/2144
f 3852/3836/1596 3851/3835/2144 3841/3825/2136
f 3841/3825/2136 3842/3826/2137 3852/3836/1596
f 3853/3837/1597 3852/3836/1596 3842/3826/2137
f 3842/3826/2137 3843/3827/2138 3853/3837/1597
f 3854/3838/1598 3853/3837/1597 3843/3827/2138
f 3843/3827/2138 3844/3828/2139 3854/3838/1598
f 3855/3839/2145 3661/3646/1428 3659/3644/2050
f 3659/3644/2050 3845/3829/1589 3855/3839/2145
f 3856/3840/2146 3855/3839/2145 3845/3829/1589
f 3845/3829/1589 3846/3830/2140 3856/3840/2146
f 3857/3841/2147 3856/3840/2146 3846/3830/2140
f 3846/3830/2140 3847/3831/2141 3857/3841/2147
f 3858/3842/2148 3857/3841/2147 3847/3831/2141
f 3847/3831/2141 3848/3832/2142 3858/3842/2148
f 3859/3843/2149 3858/3842/2148 3848/3832/2142
f 3848/3832/2142 3849/3833/1593 3859/3843/2149
f 3860/3844/2150 3859/3843/2149 3849/3833/1593
f 3849/3833/1593 3850/3834/2143 3860/3844/2150
f 3861/3845/2151 3860/3844/2150 3850/3834/2143
f 3850/3834/2143 3851/3835/2144 3861/3845/2151
f 3862/3846/1606 3861/3845/2151 3851/3835/2144
f 3851/3835/2144 3852/3836/1596 3862/3846/1606
f 3863/3847/2152 3862/3846/1606 3852/3836/1596
f 3852/3836/1596 3853/3837/1597 3863/3847/2152
f 3864/3848/1608 3863/3847/2152 3853/3837/1597
f 3853/3837/1597 3854/3838/1598 3864/3848/1608
f 3865/3849/2153 3663/3648/1429 3661/3646/1428
f 3661/3646/1428 3855/3839/2145 3865/3849/2153
f 3866/3850/2154 3865/3849/2153 3855/3839/2145
f 3855/3839/2145 3856/3840/2146 3866/3850/2154
f 3867/3851/2155 3866/3850/2154 3856/3840/2146
f 3856/3840/2146 3857/3841/2147 3867/3851/2155
f 3868/3852/2156 3867/3851/2155 3857/3841/2147
f 3857/3841/2147 3858/3842/2148 3868/3852/2156
f 3869/3853/2157 3868/3852/2156 3858/3842/2148
f 3858/3842/2148 3859/3843/2149 3869/3853/2157
f 3870/3854/2158 3869/3853/2157 3859/3843/2149
f 3859/3843/2149 3860/3844/2150 3870/3854/2158
f 3871/3855/2159 3870/3854/2158 3860/3844/2150
f 3860/3844/2150 3861/3845/2151 3871/3855/2159
f 3872/3856/2160 3871/3855/2159 3861/3845/2151
f 3861/3845/2151 3862/3846/1606 3872/3856/2160
f 3873/3857/2161 3872/3856/2160 3862/3846/1606
f 3862/3846/1606 3863/3847/2152 3873/3857/2161
f 3874/3858/1618 3873/3857/2161 3863/3847/2152
f 3863/3847/2152 3864/3848/1608 3874/3858/1618
f 3875/3859/2162 3665/3650/1430 3663/3648/1429
f 3663/3648/1429 3865/3849/2153 3875/3859/2162
f 3876/3860/1620 3875/3859/2162 3865/3849/2153
f 3865/3849/2153 3866/3850/2154 3876/3860/1620
f 3877/3861/2163 3876/3860/1620 3866/3850/2154
f 3866/3850/2154 3867/3851/2155 3877/3861/2163
f 3878/3862/2164 3877/3861/2163 3867/3851/2155
f 3867/3851/2155 3868/3852/2156 3878/3862/2164
f 3879/3863/1623 3878/3862/2164 3868/3852/2156
f 3868/3852/2156 3869/3853/2157 3879/3863/1623
f 3880/3864/2165 3879/3863/1623 3869/3853/2157
f 3869/3853/2157 3870/3854/2158 3880/3864/2165
f 3881/3865/1625 3880/3864/2165 3870/3854/2158
f 3870/3854/2158 3871/3855/2159 3881/3865/1625
f 3882/3866/1626 3881/3865/1625 3871/3855/2159
f 3871/3855/2159 3872/3856/2160 3882/3866/1626
f 3883/3867/1627 3882/3866/1626 3872/3856/2160
f 3872/3856/2160 3873/3857/2161 3883/3867/1627
f 3884/3868/1628 3883/3867/1627 3873/3857/2161
f 3873/3857/2161 3874/3858/1618 3884/3868/1628
f 3885/3869/1629 3667/3652/1431 3665/3650/1430
f 3665/3650/1430 3875/3859/2162 3885/3869/1629
f 3886/3870/1630 3885/3869/1629 3875/3859/2162
f 3875/3859/2162 3876/3860/1620 3886/3870/1630
f 3887/3871/1631 3886/3870/1630 3876/3860/1620
f 3876/3860/1620 3877/3861/2163 3887/3871/1631
f 3888/3872/1632 3887/3871/1631 3877/3861/2163
f 3877/3861/2163 3878/3862/2164 3888/3872/1632
f 3889/3873/2166 3888/3872/1632 3878/3862/2164
f 3878/3862/2164 3879/3863/1623 3889/3873/2166
f 3890/3874/1634 3889/3873/2166 3879/3863/1623
f 3879/3863/1623 3880/3864/2165 3890/3874/1634
f 3891/3875/1635 3890/3874/1634 3880/3864/2165
f 3880/3864/2165 3881/3865/1625 3891/3875/1635
f 3892/3876/2167 3891/3875/1635 3881/3865/1625
f 3881/3865/1625 3882/3866/1626 3892/3876/2167
f 3893/3877/1637 3892/3876/2167 3882/3866/1626
f 3882/3866/1626 3883/3867/1627 3893/3877/1637
f 3894/3878/1638 3893/3877/1637 3883/3867/1627
f 3883/3867/1627 3884/3868/1628 3894/3878/1638
f 3895/3879/170 3669/3654/171 3667/3652/1431
f 3667/3652/1431 3885/3869/1629 3895/3879/170
f 3896/3880/172 3895/3879/170 3885/3869/1629
f 3885/3869/1629 3886/3870/1630 3896/3880/172
f 3897/3881/173 3896/3880/172 3886/3870/1630
f 3886/3870/1630 3887/3871/1631 3897/3881/173
f 3898/3882/174 3897/3881/173 3887/3871/1631
f 3887/3871/1631 3888/3872/1632 3898/3882/174
f 3899/3883/175 3898/3882/174 3888/3872/1632
f 3888/3872/1632 3889/3873/2166 3899/3883/175
f 3900/3884/176 3899/3883/175 3889/3873/2166
f 3889/3873/2166 3890/3874/1634 3900/3884/176
f 3901/3885/177 3900/3884/176 3890/3874/1634
f 3890/3874/1634 3891/3875/1635 3901/3885/177
f 3902/3886/178 3901/3885/177 3891/3875/1635
f 3891/3875/1635 3892/3876/2167 3902/3886/178
f 3903/3887/179 3902/3886/178 3892/3876/2167
f 3892/3876/2167 3893/3877/1637 3903/3887/179
f 3904/3888/1639 3903/3887/179 3893/3877/1637
f 3893/3877/1637 3894/3878/1638 3904/3888/1639
f 3905/3889/2168 3671/3656/1432 3669/3654/171
f 3669/3654/171 3895/3879/170 3905/3889/2168
f 3906/3890/1641 3905/3889/2168 3895/3879/170
f 3895/3879/170 3896/3880/172 3906/3890/1641
f 3907/3891/1642 3906/3890/1641 3896/3880/172
f 3896/3880/172 3897/3881/173 3907/3891/1642
f 3908/3892/1643 3907/3891/1642 3897/3881/173
f 3897/3881/173 3898/3882/174 3908/3892/1643
f 3909/3893/1644 3908/3892/1643 3898/3882/174
f 3898/3882/174 3899/3883/175 3909/3893/1644
f 3910/3894/1645 3909/3893/1644 3899/3883/175
f 3899/3883/175 3900/3884/176 3910/3894/1645
f 3911/3895/1646 3910/3894/1645 3900/3884/176
f 3900/3884/176 3901/3885/177 3911/3895/1646
f 3912/3896/1647 3911/3895/1646 3901/3885/177
f 3901/3885/177 3902/3886/178 3912/3896/1647
f 3913/3897/2169 3912/3896/1647 3902/3886/178
f 3902/3886/178 3903/3887/179 3913/3897/2169
f 3914/3898/1649 3913/3897/2169 3903/3887/179
f 3903/3887/179 3904/3888/1639 3914/3898/1649
f 3915/3899/1650 3673/3658/1433 3671/3656/1432
f 3671/3656/1432 3905/3889/2168 3915/3899/1650
f 3916/3900/2170 3915/3899/1650 3905/3889/2168
f 3905/3889/2168 3906/3890/1641 3916/3900/2170
f 3917/3901/1652 3916/3900/2170 3906/3890/1641
f 3906/3890/1641 3907/3891/1642 3917/3901/1652
f 3918/3902/1653 3917/3901/1652 3907/3891/1642
f 3907/3891/1642 3908/3892/1643 3918/3902/1653
f 3919/3903/2171 3918/3902/1653 3908/3892/1643
f 3908/3892/1643 3909/3893/1644 3919/3903/2171
f 3920/3904/2172 3919/3903/2171 3909/3893/1644
f 3909/3893/1644 3910/3894/1645 3920/3904/2172
f 3921/3905/1656 3920/3904/2172 3910/3894/1645
f 3910/3894/1645 3911/3895/1646 3921/3905/1656
f 3922/3906/2173 3921/3905/1656 3911/3895/1646
f 3911/3895/1646 3912/3896/1647 3922/3906/2173
f 3923/3907/2174 3922/3906/2173 3912/3896/1647
f 3912/3896/1647 3913/3897/2169 3923/3907/2174
f 3924/3908/1659 3923/3907/2174 3913/3897/2169
f 3913/3897/2169 3914/3898/1649 3924/3908/1659
f 3925/3909/2175 3675/3660/1434 3673/3658/1433
f 3673/3658/1433 3915/3899/1650 3925/3909/2175
f 3926/3910/1661 3925/3909/2175 3915/3899/1650
f 3915/3899/1650 3916/3900/2170 3926/3910/1661
f 3927/3911/1662 3926/3910/1661 3916/3900/2170
f 3916/3900/2170 3917/3901/1652 3927/3911/1662
f 3928/3912/2176 3927/3911/1662 3917/3901/1652
f 3917/3901/1652 3918/3902/1653 3928/3912/2176
f 3929/3913/2177 3928/3912/2176 3918/3902/1653
f 3918/3902/1653 3919/3903/2171 3929/3913/2177
f 3930/3914/1665 3929/3913/2177 3919/3903/2171
f 3919/3903/2171 3920/3904/2172 3930/3914/1665
f 3931/3915/2178 3930/3914/1665 3920/3904/2172
f 3920/3904/2172 3921/3905/1656 3931/3915/2178
f 3932/3916/2179 3931/3915/2178 3921/3905/1656
f 3921/3905/1656 3922/3906/2173 3932/3916/2179
f 3933/3917/1668 3932/3916/2179 3922/3906/2173
f 3922/3906/2173 3923/3907/2174 3933/3917/1668
f 3934/3918/1669 3933/3917/1668 3923/3907/2174
f 3923/3907/2174 3924/3908/1659 3934/3918/1669
f 3935/3919/2180 3677/3662/1435 3675/3660/1434
f 3675/3660/1434 3925/3909/2175 3935/3919/2180
f 3936/3920/2181 3935/3919/2180 3925/3909/2175
f 3925/3909/2175 3926/3910/1661 3936/3920/2181
f 3937/3921/1672 3936/3920/2181 3926/3910/1661
f 3926/3910/1661 3927/3911/1662 3937/3921/1672
f 3938/3922/2182 3937/3921/1672 3927/3911/1662
f 3927/3911/1662 3928/3912/2176 3938/3922/2182
f 3939/3923/1674 3938/3922/2182 3928/3912/2176
f 3928/3912/2176 3929/3913/2177 3939/3923/1674
f 3940/3924/2183 3939/3923/1674 3929/3913/2177
f 3929/3913/2177 3930/3914/1665 3940/3924/2183
f 3941/3925/2184 3940/3924/2183 3930/3914/1665
f 3930/3914/1665 3931/3915/2178 3941/3925/2184
f 3942/3926/2185 3941/3925/2184 3931/3915/2178
f 3931/3915/2178 3932/3916/2179 3942/3926/2185
f 3943/3927/1678 3942/3926/2185 3932/3916/2179
f 3932/3916/2179 3933/3917/1668 3943/3927/1678
f 3944/3928/1679 3943/3927/1678 3933/3917/1668
f 3933/3917/1668 3934/3918/1669 3944/3928/1679
f 3945/3929/2186 3679/3664/2051 3677/3662/1435
f 3677/3662/1435 3935/3919/2180 3945/3929/2186
f 3946/3930/1681 3945/3929/2186 3935/3919/2180
f 3935/3919/2180 3936/3920/2181 3946/3930/1681
f 3947/3931/2187 3946/3930/1681 3936/3920/2181
f 3936/3920/2181 3937/3921/1672 3947/3931/2187
f 3948/3932/1683 3947/3931/2187 3937/3921/1672
f 3937/3921/1672 3938/3922/2182 3948/3932/1683
f 3949/3933/2188 3948/3932/1683 3938/3922/2182
f 3938/3922/2182 3939/3923/1674 3949/3933/2188
f 3950/3934/2189 3949/3933/2188 3939/3923/1674
f 3939/3923/1674 3940/3924/2183 3950/3934/2189
f 3951/3935/2190 3950/3934/2189 3940/3924/2183
f 3940/3924/2183 3941/3925/2184 3951/3935/2190
f 3952/3936/1687 3951/3935/2190 3941/3925/2184
f 3941/3925/2184 3942/3926/2185 3952/3936/1687
f 3953/3937/2191 3952/3936/1687 3942/3926/2185
f 3942/3926/2185 3943/3927/1678 3953/3937/2191
f 3954/3938/1689 3953/3937/2191 3943/3927/1678
f 3943/3927/1678 3944/3928/1679 3954/3938/1689
f 3955/3939/1690 3681/3666/2052 3679/3664/2051
f 3679/3664/2051 3945/3929/2186 3955/3939/1690
f 3956/3940/2192 3955/3939/1690 3945/3929/2186
f 3945/3929/2186 3946/3930/1681 3956/3940/2192
f 3957/3941/1692 3956/3940/2192 3946/3930/1681
f 3946/3930/1681 3947/3931/2187 3957/3941/1692
f 3958/3942/1693 3957/3941/1692 3947/3931/2187
f 3947/3931/2187 3948/3932/1683 3958/3942/1693
f 3959/3943/1694 3958/3942/1693 3948/3932/1683
f 3948/3932/1683 3949/3933/2188 3959/3943/1694
f 3960/3944/2193 3959/3943/1694 3949/3933/2188
f 3949/3933/2188 3950/3934/2189 3960/3944/2193
f 3961/3945/2194 3960/3944/2193 3950/3934/2189
f 3950/3934/2189 3951/3935/2190 3961/3945/2194
f 3962/3946/2195 3961/3945/2194 3951/3935/2190
f 3951/3935/2190 3952/3936/1687 3962/3946/2195
f 3963/3947/2196 3962/3946/2195 3952/3936/1687
f 3952/3936/1687 3953/3937/2191 3963/3947/2196
f 3964/3948/1699 3963/3947/2196 3953/3937/2191
f 3953/3937/2191 3954/3938/1689 3964/3948/1699
f 3965/3949/2197 3683/3668/1438 3681/3666/2052
f 3681/3666/2052 3955/3939/1690 3965/3949/2197
f 3966/3950/2198 3965/3949/2197 3955/3939/1690
f 3955/3939/1690 3956/3940/2192 3966/3950/2198
f 3967/3951/2199 3966/3950/2198 3956/3940/2192
f 3956/3940/2192 3957/3941/1692 3967/3951/2199
f 3968/3952/2200 3967/3951/2199 3957/3941/1692
f 3957/3941/1692 3958/3942/1693 3968/3952/2200
f 3969/3953/1704 3968/3952/2200 3958/3942/1693
f 3958/3942/1693 3959/3943/1694 3969/3953/1704
f 3970/3954/1705 3969/3953/1704 3959/3943/1694
f 3959/3943/1694 3960/3944/2193 3970/3954/1705
f 3971/3955/1706 3970/3954/1705 3960/3944/2193
f 3960/3944/2193 3961/3945/2194 3971/3955/1706
f 3972/3956/2201 3971/3955/1706 3961/3945/2194
f 3961/3945/2194 3962/3946/2195 3972/3956/2201
f 3973/3957/2202 3972/3956/2201 3962/3946/2195
f 3962/3946/2195 3963/3947/2196 3973/3957/2202
f 3974/3958/770 3973/3957/2202 3963/3947/2196
f 3963/3947/2196 3964/3948/1699 3974/3958/770
f 3685/3670/2054 3628/3613/1409 3683/3668/1438
f 3683/3668/1438 3965/3949/2197 3685/3670/2054
f 3687/3672/1442 3685/3670/2054 3965/3949/2197
f 3965/3949/2197 3966/3950/2198 3687/3672/1442
f 3689/3674/2057 3687/3672/1442 3966/3950/2198
f 3966/3950/2198 3967/3951/2199 3689/3674/2057
f 3691/3676/2059 3689/3674/2057 3967/3951/2199
f 3967/3951/2199 3968/3952/2200 3691/3676/2059
f 3693/3678/2061 3691/3676/2059 3968/3952/2200
f 3968/3952/2200 3969/3953/1704 3693/3678/2061
f 3695/3680/1450 3693/3678/2061 3969/3953/1704
f 3969/3953/1704 3970/3954/1705 3695/3680/1450
f 3697/3682/2063 3695/3680/1450 3970/3954/1705
f 3970/3954/1705 3971/3955/1706 3697/3682/2063
f 3699/3684/2064 3697/3682/2063 3971/3955/1706
f 3971/3955/1706 3972/3956/2201 3699/3684/2064
f 3701/3686/2066 3699/3684/2064 3972/3956/2201
f 3972/3956/2201 3973/3957/2202 3701/3686/2066
f 3703/3688/1458 3701/3686/2066 3973/3957/2202
f 3973/3957/2202 3974/3958/770 3703/3688/1458
f 3976/3959/447 3704/3687/1457 3703/3688/1458
f 3703/3688/1458 3975/3960/448 3976/3959/447
f 3977/3961/446 3714/3698/1468 3704/3687/1457
f 3704/3687/1457 3976/3959/447 3977/3961/446
f 3978/3962/445 3724/3708/1478 3714/3698/1468
f 3714/3698/1468 3977/3961/446 3978/3962/445
f 3979/3963/444 3734/3718/1488 3724/3708/1478
f 3724/3708/1478 3978/3962/445 3979/3963/444
f 3980/3964/443 3744/3728/1498 3734/3718/1488
f 3734/3718/1488 3979/3963/444 3980/3964/443
f 3981/3965/17 3754/3738/1499 3744/3728/1498
f 3744/3728/1498 3980/3964/443 3981/3965/17
f 3982/3966/442 3764/3748/1509 3754/3738/1499
f 3754/3738/1499 3981/3965/17 3982/3966/442
f 3984/3967/441 3784/3767/1528 3783/3768/2102
f 3783/3768/2102 3983/3968/442 3984/3967/441
f 3985/3969/440 3794/3778/1539 3784/3767/1528
f 3784/3767/1528 3984/3967/441 3985/3969/440
f 3986/3970/772 3804/3788/1549 3794/3778/1539
f 3794/3778/1539 3985/3969/440 3986/3970/772
f 3987/3971/438 3814/3798/1559 3804/3788/1549
f 3804/3788/1549 3986/3970/772 3987/3971/438
f 3988/3972/1107 3824/3808/1569 3814/3798/1559
f 3814/3798/1559 3987/3971/438 3988/3972/1107
f 3989/3973/32 3834/3818/630 3824/3808/1569
f 3824/3808/1569 3988/3972/1107 3989/3973/32
f 3990/3974/436 3844/3828/2139 3834/3818/630
f 3834/3818/630 3989/3973/32 3990/3974/436
f 3991/3975/435 3854/3838/1598 3844/3828/2139
f 3844/3828/2139 3990/3974/436 3991/3975/435
f 3992/3976/434 3864/3848/1608 3854/3838/1598
f 3854/3838/1598 3991/3975/435 3992/3976/434
f 3993/3977/2203 3874/3858/1618 3864/3848/1608
f 3864/3848/1608 3992/3976/434 3993/3977/2203
f 3994/3978/775 3884/3868/1628 3874/3858/1618
f 3874/3858/1618 3993/3977/2203 3994/3978/775
f 3995/3979/776 3894/3878/1638 3884/3868/1628
f 3884/3868/1628 3994/3978/775 3995/3979/776
f 3996/3980/777 3904/3888/1639 3894/3878/1638
f 3894/3878/1638 3995/3979/776 3996/3980/777
f 3997/3981/778 3914/3898/1649 3904/3888/1639
f 3904/3888/1639 3996/3980/777 3997/3981/778
f 3998/3982/779 3924/3908/1659 3914/3898/1649
f 3914/3898/1649 3997/3981/778 3998/3982/779
f 3999/3983/2204 3934/3918/1669 3924/3908/1659
f 3924/3908/1659 3998/3982/779 3999/3983/2204
f 4000/3984/781 3944/3928/1679 3934/3918/1669
f 3934/3918/1669 3999/3983/2204 4000/3984/781
f 4001/3985/423 3954/3938/1689 3944/3928/1679
f 3944/3928/1679 4000/3984/781 4001/3985/423
f 4002/3986/782 3964/3948/1699 3954/3938/1689
f 3954/3938/1689 4001/3985/423 4002/3986/782
f 4003/3987/449 3974/3958/770 3964/3948/1699
f 3964/3948/1699 4002/3986/782 4003/3987/449
f 3975/3960/448 3703/3688/1458 3974/3958/770
f 3974/3958/770 4003/3987/449 3975/3960/448
f 3632/3615/35 3301/3285/1894 3279/3264/1113
f 3279/3264/1113 3630/3611/33 3632/3615/35
f 3634/3617/36 3312/3296/1145 3301/3285/1894
f 3301/3285/1894 3632/3615/35 3634/3617/36
f 3636/3619/37 3323/3307/1156 3312/3296/1145
f 3312/3296/1145 3634/3617/36 3636/3619/37
f 3638/3621/38 3334/3318/474 3323/3307/1156
f 3323/3307/1156 3636/3619/37 3638/3621/38
f 3640/3623/7 3345/3329/473 3334/3318/474
f 3334/3318/474 3638/3621/38 3640/3623/7
f 3642/3625/1416 3356/3340/1178 3345/3329/473
f 3345/3329/473 3640/3623/7 3642/3625/1416
f 3646/3627/40 3367/3352/1190 3370/3351/1189
f 3370/3351/1189 3643/3628/1418 3646/3627/40
f 3648/3631/41 3389/3373/1211 3367/3352/1190
f 3367/3352/1190 3646/3627/40 3648/3631/41
f 3650/3633/42 3400/3384/1222 3389/3373/1211
f 3389/3373/1211 3648/3631/41 3650/3633/42
f 3652/3635/43 3411/3395/1233 3400/3384/1222
f 3400/3384/1222 3650/3633/42 3652/3635/43
f 3654/3637/44 3422/3406/1244 3411/3395/1233
f 3411/3395/1233 3652/3635/43 3654/3637/44
f 3656/3639/32 3433/3417/1255 3422/3406/1244
f 3422/3406/1244 3654/3637/44 3656/3639/32
f 3658/3641/45 3444/3428/1265 3433/3417/1255
f 3433/3417/1255 3656/3639/32 3658/3641/45
f 3660/3643/46 3455/3439/1276 3444/3428/1265
f 3444/3428/1265 3658/3641/45 3660/3643/46
f 3662/3645/47 3466/3450/1287 3455/3439/1276
f 3455/3439/1276 3660/3643/46 3662/3645/47
f 3664/3647/48 3477/3461/1298 3466/3450/1287
f 3466/3450/1287 3662/3645/47 3664/3647/48
f 3666/3649/49 3488/3472/1994 3477/3461/1298
f 3477/3461/1298 3664/3647/48 3666/3649/49
f 3668/3651/50 3499/3483/1320 3488/3472/1994
f 3488/3472/1994 3666/3649/49 3668/3651/50
f 3670/3653/24 3510/3494/1331 3499/3483/1320
f 3499/3483/1320 3668/3651/50 3670/3653/24
f 3672/3655/52 3521/3505/1333 3510/3494/1331
f 3510/3494/1331 3670/3653/24 3672/3655/52
f 3674/3657/54 3532/3516/1344 3521/3505/1333
f 3521/3505/1333 3672/3655/52 3674/3657/54
f 3676/3659/55 3543/3527/1355 3532/3516/1344
f 3532/3516/1344 3674/3657/54 3676/3659/55
f 3678/3661/56 3554/3538/1366 3543/3527/1355
f 3543/3527/1355 3676/3659/55 3678/3661/56
f 3680/3663/57 3565/3549/1377 3554/3538/1366
f 3554/3538/1366 3678/3661/56 3680/3663/57
f 3682/3665/58 3576/3560/1388 3565/3549/1377
f 3565/3549/1377 3680/3663/57 3682/3665/58
f 3684/3667/59 3587/3571/1438 3576/3560/1388
f 3576/3560/1388 3682/3665/58 3684/3667/59
f 3627/3612/34 3282/3263/1112 3587/3571/1438
f 3587/3571/1438 3684/3667/59 3627/3612/34
f 3630/3611/33 3279/3264/1113 3282/3263/1112
f 3282/3263/1112 3627/3612/34 3630/3611/33
