# Blender 5.0.1
# www.blender.org
o Cylinder_001.001
v -0.353920 -0.373045 0.032568
v -0.344618 -0.372446 0.031684
v -0.340186 -0.370309 0.022251
v -0.347899 -0.373045 0.015920
v -0.361632 -0.370309 0.026236
v -0.354353 -0.369723 0.033912
v -0.343953 -0.369723 0.032279
v -0.347466 -0.369723 0.014576
v -0.357866 -0.369723 0.016208
v -0.349156 -0.374894 0.026281
v -0.359060 -0.368843 0.025672
v -0.356281 -0.368843 0.018039
v -0.348250 -0.368843 0.016779
v -0.342758 -0.368843 0.022816
v -0.345538 -0.368843 0.030449
v -0.353569 -0.368843 0.031710
v -0.342910 -0.373512 0.023085
v -0.356883 -0.372998 0.017094
v -0.358908 -0.373512 0.025403
v -0.345538 -0.360743 0.030449
v -0.353569 -0.360743 0.031710
v -0.356281 -0.360743 0.018039
v -0.342758 -0.360743 0.022816
v -0.348250 -0.360743 0.016779
v -0.359060 -0.360743 0.025672
v 0.352627 -0.370167 0.033127
v 0.349337 -0.373063 0.023716
v 0.353255 -0.370175 0.014016
v 0.363680 -0.370167 0.014358
v 0.366971 -0.373063 0.023770
v 0.363053 -0.370175 0.033468
v 0.347917 -0.369723 0.023675
v 0.368391 -0.369723 0.023811
v 0.358153 -0.374882 0.023743
v 0.361875 -0.368843 0.031152
v 0.366059 -0.368843 0.023795
v 0.362422 -0.368843 0.016717
v 0.354432 -0.368843 0.016332
v 0.350248 -0.368843 0.023690
v 0.353885 -0.368843 0.030768
v 0.353831 -0.373472 0.030704
v 0.354496 -0.373479 0.016388
v 0.362476 -0.373472 0.016781
v 0.361811 -0.373479 0.031097
v 0.350249 -0.360743 0.023690
v 0.361875 -0.360743 0.031152
v 0.353885 -0.360743 0.030768
v 0.366059 -0.360743 0.023795
v 0.354432 -0.360743 0.016332
v 0.362422 -0.360743 0.016717
v -0.347952 -0.373843 0.570172
v -0.343288 -0.376737 0.579241
v -0.345603 -0.373850 0.589041
v -0.356139 -0.373843 0.590352
v -0.360804 -0.376737 0.581283
v -0.358488 -0.373849 0.571484
v -0.341876 -0.373398 0.579095
v -0.362216 -0.373398 0.581429
v -0.352046 -0.378558 0.580261
v -0.356946 -0.372518 0.573574
v -0.359899 -0.372518 0.581163
v -0.355236 -0.372518 0.587834
v -0.347145 -0.372518 0.586950
v -0.344193 -0.372518 0.579361
v -0.348856 -0.372518 0.572689
v -0.348800 -0.377150 0.572750
v -0.347208 -0.377153 0.586905
v -0.355291 -0.377150 0.587773
v -0.356883 -0.377153 0.573619
v -0.344193 -0.364418 0.579361
v -0.356946 -0.364418 0.573574
v -0.348856 -0.364418 0.572689
v -0.359899 -0.364418 0.581163
v -0.347145 -0.364418 0.586950
v -0.355236 -0.364418 0.587834
v 0.361295 -0.376022 0.572780
v 0.351993 -0.375422 0.573664
v 0.347561 -0.373286 0.583097
v 0.355274 -0.376022 0.589428
v 0.369007 -0.373286 0.579112
v 0.361728 -0.372700 0.571436
v 0.351328 -0.372700 0.573069
v 0.354841 -0.372700 0.590772
v 0.365241 -0.372700 0.589140
v 0.356531 -0.377871 0.579067
v 0.366435 -0.371819 0.579676
v 0.363656 -0.371819 0.587309
v 0.355625 -0.371819 0.588569
v 0.350133 -0.371819 0.582532
v 0.352913 -0.371819 0.574899
v 0.360944 -0.371819 0.573638
v 0.350285 -0.376489 0.582263
v 0.364257 -0.375975 0.588254
v 0.366283 -0.376489 0.579945
v 0.352913 -0.363719 0.574899
v 0.360944 -0.363719 0.573638
v 0.363656 -0.363719 0.587309
v 0.350133 -0.363719 0.582532
v 0.355625 -0.363719 0.588569
v 0.366435 -0.363719 0.579676
v -0.354358 0.373046 0.032567
v -0.345055 0.372449 0.031681
v -0.340623 0.370310 0.022251
v -0.348333 0.373046 0.015920
v -0.362068 0.370310 0.026236
v -0.354789 0.369724 0.033911
v -0.344389 0.369724 0.032279
v -0.347902 0.369724 0.014576
v -0.358302 0.369724 0.016207
v -0.349614 0.374895 0.026279
v -0.359496 0.368843 0.025672
v -0.356718 0.368843 0.018038
v -0.348687 0.368843 0.016778
v -0.343194 0.368843 0.022816
v -0.345974 0.368843 0.030449
v -0.354005 0.368843 0.031709
v -0.343340 0.373514 0.023066
v -0.357320 0.373002 0.017096
v -0.359351 0.373514 0.025421
v -0.345974 0.360743 0.030449
v -0.354005 0.360743 0.031709
v -0.356718 0.360743 0.018038
v -0.343194 0.360743 0.022816
v -0.348687 0.360743 0.016778
v -0.359496 0.360743 0.025672
v 0.359762 0.373046 0.032752
v 0.350730 0.372446 0.030359
v 0.347900 0.370310 0.020328
v 0.356545 0.373045 0.015343
v 0.368406 0.370310 0.027765
v 0.359970 0.369724 0.034148
v 0.349977 0.369724 0.030837
v 0.356337 0.369724 0.013946
v 0.366330 0.369724 0.017256
v 0.356091 0.374895 0.025770
v 0.365961 0.368843 0.026788
v 0.364468 0.368843 0.018804
v 0.356750 0.368843 0.016248
v 0.350345 0.368843 0.021306
v 0.351840 0.368843 0.029291
v 0.359556 0.368843 0.031847
v 0.350451 0.373512 0.021596
v 0.365215 0.372999 0.017970
v 0.365855 0.373512 0.026498
v 0.351840 0.360743 0.029291
v 0.359556 0.360743 0.031847
v 0.364468 0.360743 0.018804
v 0.350345 0.360743 0.021306
v 0.356750 0.360743 0.016248
v 0.365961 0.360743 0.026788
v -0.348445 0.376744 0.572038
v -0.341363 0.373851 0.579394
v -0.345635 0.373864 0.589065
v -0.355645 0.376744 0.588486
v -0.362726 0.373851 0.581130
v -0.358455 0.373864 0.571458
v -0.347886 0.373399 0.570711
v -0.356204 0.373399 0.589813
v -0.352046 0.378558 0.580261
v -0.356928 0.372519 0.573560
v -0.360095 0.372519 0.581036
v -0.355256 0.372519 0.587637
v -0.347162 0.372519 0.586963
v -0.343995 0.372519 0.579487
v -0.348834 0.372519 0.572887
v -0.344105 0.377163 0.579379
v -0.347224 0.377156 0.586895
v -0.359985 0.377164 0.581144
v -0.356866 0.377156 0.573628
v -0.356928 0.364419 0.573560
v -0.348834 0.364419 0.572887
v -0.343995 0.364419 0.579487
v -0.347162 0.364419 0.586963
v -0.355256 0.364419 0.587637
v -0.360095 0.364419 0.581036
v 0.360298 0.376183 0.572374
v 0.351307 0.375586 0.574920
v 0.348644 0.373446 0.584995
v 0.357369 0.376183 0.589833
v 0.369022 0.373446 0.577214
v 0.360480 0.372860 0.570974
v 0.350544 0.372860 0.574453
v 0.357187 0.372860 0.591234
v 0.367123 0.372860 0.587756
v 0.356764 0.378032 0.579414
v 0.366594 0.371980 0.578232
v 0.365235 0.371980 0.586241
v 0.357562 0.371980 0.588926
v 0.351072 0.371980 0.583976
v 0.352432 0.371980 0.575968
v 0.360105 0.371980 0.573281
v 0.351171 0.376650 0.583703
v 0.365997 0.376139 0.587059
v 0.366496 0.376650 0.578504
v 0.352432 0.363880 0.575968
v 0.360105 0.363880 0.573281
v 0.365235 0.363880 0.586241
v 0.351072 0.363880 0.583976
v 0.357562 0.363880 0.588926
v 0.366594 0.363880 0.578232
v 0.385799 -0.345265 0.037082
v 0.385501 -0.337078 0.032793
v 0.385504 -0.336925 0.023349
v 0.385718 -0.344969 0.018685
v 0.385693 -0.353733 0.023302
v 0.385399 -0.354239 0.032704
v 0.381960 -0.345254 0.038199
v 0.381960 -0.336196 0.033203
v 0.381960 -0.336129 0.022885
v 0.381960 -0.344919 0.017587
v 0.381960 -0.354685 0.022863
v 0.381960 -0.355010 0.033119
v 0.388582 -0.345584 0.030091
v 0.380832 -0.352860 0.031954
v 0.380832 -0.352608 0.024034
v 0.380832 -0.345067 0.019960
v 0.380832 -0.338280 0.024051
v 0.380832 -0.338331 0.032019
v 0.380832 -0.345326 0.035877
v 0.388437 -0.341831 0.028036
v 0.388340 -0.347230 0.024958
v 0.387699 -0.350365 0.030602
v 0.370454 -0.345326 0.035877
v 0.370454 -0.352860 0.031954
v 0.370454 -0.338331 0.032019
v 0.370454 -0.338280 0.024051
v 0.370454 -0.345067 0.019960
v 0.370454 -0.352608 0.024034
v 0.385771 0.347464 0.035972
v 0.385584 0.338424 0.033222
v 0.382704 0.335465 0.023187
v 0.385771 0.344109 0.017924
v 0.385584 0.353150 0.020672
v 0.382704 0.356107 0.030707
v 0.382043 0.347603 0.037048
v 0.382043 0.337610 0.033737
v 0.382043 0.343970 0.016847
v 0.382043 0.353963 0.020157
v 0.388614 0.344443 0.029240
v 0.380928 0.353594 0.029689
v 0.380928 0.352101 0.021704
v 0.380928 0.344384 0.019148
v 0.380928 0.337979 0.024207
v 0.380928 0.339473 0.032191
v 0.380928 0.347190 0.034748
v 0.386877 0.338153 0.024508
v 0.388358 0.347587 0.023733
v 0.386877 0.353419 0.029388
v 0.370672 0.339473 0.032191
v 0.370672 0.347190 0.034748
v 0.370672 0.352101 0.021704
v 0.370672 0.337979 0.024207
v 0.370672 0.344384 0.019148
v 0.370672 0.353594 0.029689
v 0.388831 -0.344652 0.573965
v 0.385933 -0.337585 0.581290
v 0.385934 -0.341848 0.590987
v 0.388831 -0.351876 0.590411
v 0.385933 -0.358942 0.583086
v 0.385934 -0.354680 0.573389
v 0.385482 -0.344081 0.572648
v 0.385482 -0.352447 0.591728
v 0.390641 -0.348265 0.582187
v 0.384602 -0.353147 0.575486
v 0.384602 -0.356311 0.582986
v 0.384602 -0.351494 0.589554
v 0.384602 -0.343381 0.588889
v 0.384602 -0.340216 0.581389
v 0.384602 -0.345034 0.574821
v 0.389246 -0.340325 0.581282
v 0.389237 -0.343447 0.588843
v 0.389246 -0.356202 0.583093
v 0.389237 -0.353081 0.575531
v 0.376502 -0.353147 0.575486
v 0.376502 -0.345034 0.574821
v 0.376502 -0.340216 0.581389
v 0.376502 -0.343381 0.588889
v 0.376502 -0.351494 0.589554
v 0.376502 -0.356311 0.582986
v 0.388772 0.343877 0.574461
v 0.385879 0.336522 0.582242
v 0.385894 0.340830 0.591591
v 0.388772 0.350600 0.591117
v 0.385879 0.357955 0.583338
v 0.385894 0.353648 0.573987
v 0.385426 0.343350 0.573118
v 0.385426 0.351127 0.592461
v 0.390585 0.347239 0.582788
v 0.384546 0.352122 0.576087
v 0.384546 0.355315 0.583316
v 0.384546 0.350241 0.590257
v 0.384546 0.342356 0.589490
v 0.384546 0.339162 0.582262
v 0.384546 0.344236 0.575321
v 0.389190 0.339278 0.582142
v 0.389183 0.342422 0.589423
v 0.389190 0.355199 0.583436
v 0.389183 0.352056 0.576154
v 0.376445 0.339162 0.582262
v 0.376445 0.352122 0.576087
v 0.376445 0.344236 0.575321
v 0.376445 0.342356 0.589490
v 0.376445 0.350241 0.590258
v 0.376445 0.355315 0.583316
v -0.379160 -0.352103 0.034444
v -0.378971 -0.343118 0.037358
v -0.376048 -0.334947 0.030820
v -0.379160 -0.339035 0.021562
v -0.378971 -0.348020 0.018647
v -0.376048 -0.356189 0.025185
v -0.375383 -0.352836 0.035250
v -0.375383 -0.342744 0.038248
v -0.375383 -0.338302 0.020756
v -0.375383 -0.348393 0.017756
v -0.382005 -0.347042 0.029543
v -0.374255 -0.353541 0.025787
v -0.374255 -0.347750 0.020090
v -0.374255 -0.339958 0.022407
v -0.374255 -0.337596 0.030219
v -0.374255 -0.343388 0.035915
v -0.374255 -0.351180 0.033599
v -0.381123 -0.344135 0.033207
v -0.380277 -0.337916 0.030366
v -0.381773 -0.345208 0.024334
v -0.380277 -0.353221 0.025640
v -0.363877 -0.343388 0.035915
v -0.363877 -0.351180 0.033599
v -0.363877 -0.347750 0.020090
v -0.363877 -0.337596 0.030219
v -0.363877 -0.339958 0.022407
v -0.363877 -0.353541 0.025787
v -0.378991 0.339738 0.036279
v -0.379227 0.335854 0.027701
v -0.378857 0.340550 0.019321
v -0.379104 0.350157 0.020036
v -0.379227 0.354090 0.028580
v -0.375990 0.349888 0.037928
v -0.375466 0.339286 0.037135
v -0.375466 0.334748 0.027629
v -0.375466 0.340153 0.018544
v -0.375466 0.350657 0.019146
v -0.375466 0.355196 0.028652
v -0.382039 0.343060 0.026261
v -0.374351 0.348693 0.035550
v -0.374351 0.352867 0.028535
v -0.374351 0.349362 0.021195
v -0.374351 0.341250 0.020730
v -0.374351 0.337077 0.027746
v -0.374351 0.340581 0.035086
v -0.381137 0.342084 0.032709
v -0.381723 0.348164 0.026366
v -0.380255 0.348617 0.035413
v -0.364095 0.337077 0.027746
v -0.364095 0.348693 0.035550
v -0.364095 0.340581 0.035086
v -0.364095 0.352867 0.028535
v -0.364095 0.341250 0.020730
v -0.364095 0.349362 0.021195
v -0.382251 -0.344664 0.572808
v -0.379357 -0.337582 0.580164
v -0.379370 -0.341854 0.589835
v -0.382251 -0.351864 0.589255
v -0.379357 -0.358945 0.581899
v -0.379370 -0.354674 0.572227
v -0.378905 -0.344105 0.571481
v -0.378905 -0.352423 0.590582
v -0.384064 -0.348265 0.581030
v -0.378025 -0.353147 0.574329
v -0.378025 -0.356314 0.581806
v -0.378025 -0.351475 0.588406
v -0.378025 -0.343381 0.587732
v -0.378025 -0.340214 0.580257
v -0.378025 -0.345053 0.573656
v -0.382670 -0.340324 0.580148
v -0.382662 -0.343443 0.587664
v -0.382670 -0.356204 0.581914
v -0.382662 -0.353085 0.574398
v -0.369925 -0.353147 0.574329
v -0.369925 -0.345053 0.573656
v -0.369925 -0.340214 0.580257
v -0.369925 -0.343381 0.587732
v -0.369925 -0.351475 0.588406
v -0.369925 -0.356314 0.581806
v -0.382198 0.343648 0.574557
v -0.379300 0.336557 0.581922
v -0.379301 0.340823 0.591588
v -0.382198 0.350829 0.591022
v -0.379300 0.357920 0.583657
v -0.379301 0.353655 0.573990
v -0.378849 0.343080 0.573239
v -0.378849 0.351397 0.592340
v -0.384008 0.347239 0.582788
v -0.377969 0.352122 0.576087
v -0.377969 0.355289 0.583563
v -0.377969 0.350450 0.590164
v -0.377969 0.342356 0.589490
v -0.377969 0.339189 0.582015
v -0.377969 0.344027 0.575414
v -0.382613 0.339299 0.581906
v -0.382603 0.342423 0.589445
v -0.382613 0.355179 0.583672
v -0.382603 0.352055 0.576132
v -0.369869 0.352122 0.576087
v -0.369869 0.344027 0.575414
v -0.369869 0.339189 0.582015
v -0.369869 0.342356 0.589490
v -0.369869 0.350450 0.590164
v -0.369869 0.355289 0.583563
v 0.388265 0.373985 0.638421
v 0.387781 -0.374204 0.638421
v 0.388265 0.373985 0.609312
v 0.387561 -0.374688 0.609312
v 0.138178 -0.374688 0.638421
v 0.137650 0.374513 0.638421
v 0.137650 0.374513 0.609312
v 0.137958 -0.374204 0.609312
v -0.381449 -0.373985 0.609312
v -0.380965 0.374205 0.609311
v -0.381449 0.373985 0.638421
v -0.380745 -0.374688 0.638421
v -0.131362 -0.374688 0.609312
v -0.130834 0.374513 0.609312
v -0.131142 -0.374204 0.638421
v -0.130834 0.374513 0.638421
v -0.385204 0.371593 0.610628
v -0.378528 0.378604 0.610773
v -0.383475 0.376487 0.610996
v -0.378353 -0.378443 0.610628
v -0.385367 -0.371847 0.610854
v -0.383247 -0.376715 0.610997
v -0.133676 0.378449 0.610692
v -0.126769 0.371448 0.610756
v -0.128674 0.376673 0.611086
v -0.378353 0.378444 0.637105
v -0.385367 0.371848 0.636879
v -0.383247 0.376715 0.636736
v -0.385204 -0.371592 0.637105
v -0.378608 -0.378606 0.636879
v -0.383475 -0.376487 0.636736
v -0.126857 0.372072 0.636933
v -0.133499 0.378607 0.636879
v -0.128830 0.376517 0.636843
v -0.126861 -0.371995 0.610720
v -0.133499 -0.378606 0.610854
v -0.128830 -0.376516 0.610890
v -0.133754 -0.378443 0.637105
v -0.126773 -0.371365 0.637043
v -0.128674 -0.376672 0.636646
v -0.121122 -0.374688 0.609312
v -0.121650 0.374513 0.609312
v -0.121826 0.373985 0.638421
v -0.121122 -0.374688 0.638421
v 0.128481 -0.374204 0.609312
v 0.128966 0.373985 0.609312
v 0.128481 -0.374204 0.638421
v 0.128789 0.374513 0.638421
v -0.125585 0.371670 0.610692
v -0.118985 0.378607 0.610854
v -0.123852 0.376487 0.610996
v -0.118807 -0.378448 0.610693
v -0.125741 -0.371767 0.610773
v -0.123624 -0.376715 0.610997
v 0.126272 0.378486 0.610720
v 0.132854 0.371448 0.610756
v 0.130992 0.376487 0.610996
v -0.118729 0.378444 0.637105
v -0.125743 0.371848 0.636879
v -0.123624 0.376715 0.636736
v -0.125581 -0.371592 0.637105
v -0.118984 -0.378606 0.636879
v -0.123852 -0.376487 0.636736
v 0.132766 0.372072 0.636933
v 0.125725 0.378578 0.636976
v 0.130764 0.376715 0.636736
v 0.132763 -0.371995 0.610720
v 0.125642 -0.378573 0.610690
v 0.130764 -0.376715 0.610997
v 0.126272 -0.378486 0.637013
v 0.132850 -0.371365 0.637043
v 0.130992 -0.376487 0.636736
v 0.133714 0.371670 0.610692
v 0.140315 0.378607 0.610854
v 0.135448 0.376487 0.610996
v 0.140570 -0.378443 0.610628
v 0.133559 -0.371767 0.610773
v 0.135676 -0.376715 0.610997
v 0.385169 0.378444 0.610628
v 0.392154 0.371448 0.610756
v 0.390249 0.376673 0.611086
v 0.140493 0.378449 0.637040
v 0.133556 0.371848 0.636879
v 0.135676 0.376715 0.636736
v 0.133719 -0.371592 0.637105
v 0.140315 -0.378606 0.636879
v 0.135448 -0.376487 0.636736
v 0.392066 0.372072 0.636933
v 0.385344 0.378604 0.636960
v 0.390092 0.376517 0.636843
v 0.392062 -0.371995 0.610720
v 0.385024 -0.378577 0.610757
v 0.390063 -0.376715 0.610997
v 0.385571 -0.378486 0.637013
v 0.392150 -0.371365 0.637043
v 0.390291 -0.376487 0.636736
v 0.330452 -0.362581 0.007164
v 0.330452 -0.362581 0.003650
v 0.370179 -0.362581 0.003650
v 0.370527 -0.362581 0.007263
v 0.344941 -0.347379 0.003650
v 0.344941 -0.347379 0.007164
v 0.355063 -0.350748 0.003650
v 0.356604 -0.349360 0.007164
v 0.348703 -0.351787 0.003650
v 0.349523 -0.352056 0.007164
v 0.371928 -0.362581 0.048640
v 0.375442 -0.362581 0.048640
v 0.371928 -0.347956 0.035730
v 0.371928 -0.347956 0.020060
v 0.375442 -0.347956 0.020060
v 0.371928 -0.351441 0.032737
v 0.375442 -0.351441 0.032737
v 0.371928 -0.352772 0.027895
v 0.375442 -0.352772 0.027895
v 0.371928 -0.351441 0.023053
v 0.375442 -0.351441 0.023053
v 0.375442 -0.362581 0.008913
v 0.371797 -0.362581 0.008494
v 0.372642 -0.362581 0.004310
v 0.374782 -0.362581 0.006450
v 0.344170 -0.297540 0.007164
v 0.344170 -0.297540 0.003650
v 0.358224 -0.297540 0.007164
v 0.344902 -0.302513 0.007164
v 0.344170 -0.301089 0.003650
v 0.358224 -0.301089 0.003650
v 0.358224 -0.301089 0.007164
v 0.356936 -0.311791 0.007164
v 0.353249 -0.309020 0.003650
v 0.357452 -0.313472 0.003650
v 0.353303 -0.305076 0.007164
v 0.354158 -0.304832 0.003650
v 0.351197 -0.308816 0.007164
v 0.345457 -0.311791 0.007164
v 0.345964 -0.311085 0.003650
v 0.357452 -0.347379 0.003650
v 0.354158 -0.293797 0.007164
v 0.357288 -0.295720 0.003650
v 0.348667 -0.293764 0.003650
v 0.346854 -0.294670 0.007164
v 0.346854 -0.303960 0.003650
v 0.353249 -0.287349 0.007164
v 0.371928 -0.298395 0.048640
v 0.375442 -0.298395 0.048640
v 0.375442 -0.283475 0.020060
v 0.371928 -0.283475 0.020060
v 0.371928 -0.283475 0.035730
v 0.375442 -0.283475 0.035730
v 0.375442 -0.302670 0.011092
v 0.371928 -0.302670 0.011324
v 0.375442 -0.306946 0.042518
v 0.371928 -0.306946 0.042518
v 0.375442 -0.309410 0.032737
v 0.371928 -0.309410 0.032737
v 0.375442 -0.312895 0.035730
v 0.371928 -0.312895 0.035730
v 0.371928 -0.304494 0.032737
v 0.375442 -0.305467 0.031197
v 0.375442 -0.308079 0.027895
v 0.371928 -0.308079 0.027895
v 0.375442 -0.309410 0.023053
v 0.371928 -0.309410 0.023053
v 0.375442 -0.312895 0.020060
v 0.371928 -0.312895 0.020060
v 0.375442 -0.347956 0.035730
v 0.375442 -0.294135 0.032737
v 0.371928 -0.293162 0.031197
v 0.375442 -0.293162 0.024593
v 0.375442 -0.297336 0.020060
v 0.371928 -0.297336 0.020060
v 0.375442 -0.301293 0.020060
v 0.371928 -0.301293 0.020060
v 0.371928 -0.294135 0.023053
v 0.375442 -0.301293 0.035730
v 0.371928 -0.301293 0.035730
v 0.375442 -0.304494 0.023053
v 0.375442 -0.297336 0.035730
v 0.371928 -0.297336 0.035730
v 0.371928 -0.305467 0.024593
v 0.371928 -0.286959 0.032737
v 0.375442 -0.286959 0.032737
v 0.344170 -0.233059 0.007164
v 0.344170 -0.233059 0.003650
v 0.358224 -0.233059 0.003650
v 0.358224 -0.233059 0.007164
v 0.345106 -0.238427 0.007164
v 0.344170 -0.236607 0.003650
v 0.358224 -0.236607 0.003650
v 0.358224 -0.236607 0.007164
v 0.356936 -0.247309 0.007164
v 0.356430 -0.246603 0.003650
v 0.353727 -0.240383 0.007164
v 0.355540 -0.239478 0.003650
v 0.351197 -0.244334 0.007164
v 0.349145 -0.244539 0.003650
v 0.345457 -0.247309 0.007164
v 0.344941 -0.248990 0.003650
v 0.356936 -0.284578 0.003650
v 0.357452 -0.282897 0.007164
v 0.351197 -0.287553 0.003650
v 0.345964 -0.285284 0.007164
v 0.345457 -0.284578 0.003650
v 0.354158 -0.229315 0.007164
v 0.355540 -0.230188 0.003650
v 0.348667 -0.229282 0.003650
v 0.346854 -0.230188 0.007164
v 0.348236 -0.240350 0.003650
v 0.375442 -0.233913 0.048640
v 0.371928 -0.145188 0.048640
v 0.375442 -0.218993 0.020060
v 0.371928 -0.218993 0.020060
v 0.375442 -0.218993 0.035730
v 0.371928 -0.218993 0.035730
v 0.371928 -0.238189 0.011324
v 0.375442 -0.238189 0.011092
v 0.375442 -0.242464 0.042518
v 0.371928 -0.242464 0.042518
v 0.375442 -0.244928 0.032737
v 0.371928 -0.244928 0.032737
v 0.375442 -0.248413 0.035730
v 0.371928 -0.248413 0.035730
v 0.371928 -0.240012 0.032737
v 0.375442 -0.240985 0.031197
v 0.375442 -0.243597 0.027895
v 0.371928 -0.243597 0.027895
v 0.375442 -0.244928 0.023053
v 0.371928 -0.244928 0.023053
v 0.375442 -0.248413 0.020060
v 0.371928 -0.248413 0.020060
v 0.375442 -0.288290 0.027895
v 0.371928 -0.288290 0.027895
v 0.375442 -0.286959 0.023053
v 0.371928 -0.286959 0.023053
v 0.375442 -0.229654 0.032737
v 0.371928 -0.228680 0.031197
v 0.375442 -0.228680 0.024593
v 0.375442 -0.232854 0.020060
v 0.371928 -0.232854 0.020060
v 0.375442 -0.236811 0.020060
v 0.371928 -0.236811 0.020060
v 0.371928 -0.229654 0.023053
v 0.375442 -0.236811 0.035730
v 0.371928 -0.236811 0.035730
v 0.375442 -0.240012 0.023053
v 0.375442 -0.232854 0.035730
v 0.371928 -0.232854 0.035730
v 0.371928 -0.240985 0.024593
v 0.371928 -0.223808 0.027895
v 0.375442 -0.223808 0.027895
v 0.371928 -0.222477 0.023053
v 0.375442 -0.222477 0.023053
v 0.330452 -0.156650 0.003650
v 0.330452 -0.156650 0.007164
v 0.336424 -0.160911 0.007164
v 0.336424 -0.160911 0.003650
v 0.358224 -0.153245 0.003650
v 0.367843 -0.163041 0.007164
v 0.345106 -0.173945 0.007164
v 0.344594 -0.173321 0.003650
v 0.357800 -0.173321 0.003650
v 0.358224 -0.172125 0.007164
v 0.356936 -0.182827 0.007164
v 0.356430 -0.182121 0.003650
v 0.353727 -0.175901 0.007164
v 0.351197 -0.179852 0.007164
v 0.349145 -0.180057 0.003650
v 0.345457 -0.182827 0.007164
v 0.344941 -0.184509 0.003650
v 0.356936 -0.220097 0.003650
v 0.356430 -0.220802 0.007164
v 0.351197 -0.223071 0.003650
v 0.351197 -0.223071 0.007164
v 0.345790 -0.220396 0.007164
v 0.344941 -0.218415 0.003650
v 0.347331 -0.221784 0.003650
v 0.354158 -0.164833 0.007164
v 0.357288 -0.166757 0.003650
v 0.348667 -0.164801 0.003650
v 0.344170 -0.168577 0.007164
v 0.344170 -0.168577 0.003650
v 0.346854 -0.165706 0.007164
v 0.358224 -0.168577 0.007164
v 0.351197 -0.176092 0.003650
v 0.348667 -0.157021 0.007164
v 0.375442 -0.153449 0.020060
v 0.371928 -0.153449 0.020060
v 0.371928 -0.168373 0.035730
v 0.375442 -0.168373 0.035730
v 0.371928 -0.167316 0.011323
v 0.375442 -0.177982 0.013271
v 0.375442 -0.177982 0.042518
v 0.371928 -0.177982 0.042518
v 0.375442 -0.180446 0.032737
v 0.371928 -0.180446 0.032737
v 0.375442 -0.183931 0.035730
v 0.371928 -0.183931 0.035730
v 0.371928 -0.175530 0.032737
v 0.375442 -0.176503 0.031197
v 0.375442 -0.179116 0.027895
v 0.371928 -0.179116 0.027895
v 0.375442 -0.180446 0.023053
v 0.371928 -0.180446 0.023053
v 0.375442 -0.183931 0.020060
v 0.371928 -0.183931 0.020060
v 0.375442 -0.222477 0.032737
v 0.371928 -0.222477 0.032737
v 0.375442 -0.165172 0.032737
v 0.371928 -0.164199 0.031197
v 0.375442 -0.164199 0.024593
v 0.375442 -0.168373 0.020060
v 0.371928 -0.168373 0.020060
v 0.375442 -0.172329 0.020060
v 0.371928 -0.172329 0.020060
v 0.371928 -0.165172 0.023053
v 0.375442 -0.172329 0.035730
v 0.371928 -0.172329 0.035730
v 0.375442 -0.175530 0.023053
v 0.371928 -0.176503 0.024593
v 0.375442 -0.156650 0.008913
v 0.330452 0.363169 0.003649
v 0.330452 0.363169 0.007163
v 0.345106 0.296308 0.003649
v 0.344170 0.298128 0.007163
v 0.358224 0.298128 0.003649
v 0.370541 0.363169 0.007281
v 0.370179 0.363169 0.003649
v 0.345964 0.350354 0.003649
v 0.345457 0.349648 0.007163
v 0.344170 0.301677 0.003649
v 0.345106 0.303497 0.007163
v 0.358224 0.301677 0.007163
v 0.357288 0.303497 0.003649
v 0.356936 0.312379 0.003649
v 0.356430 0.311673 0.007163
v 0.351197 0.309404 0.003649
v 0.351197 0.309404 0.007163
v 0.347331 0.310691 0.003649
v 0.345790 0.312079 0.007163
v 0.344941 0.314060 0.003649
v 0.355063 0.351336 0.007163
v 0.353249 0.352419 0.003649
v 0.357452 0.347967 0.007163
v 0.357452 0.347967 0.003649
v 0.351197 0.352623 0.007163
v 0.354158 0.294385 0.003649
v 0.357288 0.296308 0.007163
v 0.348667 0.294352 0.007163
v 0.348667 0.305453 0.003649
v 0.354158 0.305420 0.007163
v 0.349523 0.288162 0.007163
v 0.351197 0.288141 0.003649
v 0.371928 0.363169 0.048640
v 0.375442 0.363169 0.048640
v 0.371928 0.298983 0.048640
v 0.375442 0.298983 0.048640
v 0.371928 0.284063 0.020059
v 0.375442 0.284063 0.020059
v 0.375442 0.284063 0.035730
v 0.371928 0.284063 0.035730
v 0.371928 0.348545 0.035729
v 0.375442 0.348544 0.035729
v 0.371928 0.348545 0.020059
v 0.375442 0.348545 0.020059
v 0.375442 0.303259 0.011092
v 0.371928 0.303259 0.011323
v 0.371928 0.307534 0.042518
v 0.375442 0.307534 0.042518
v 0.371928 0.309998 0.032737
v 0.375442 0.309998 0.032737
v 0.371928 0.313483 0.035729
v 0.375442 0.313483 0.035729
v 0.375442 0.305082 0.032737
v 0.371928 0.308667 0.027894
v 0.375442 0.308667 0.027894
v 0.371928 0.309998 0.023052
v 0.375442 0.309998 0.023052
v 0.371928 0.313483 0.020059
v 0.375442 0.313483 0.020059
v 0.371928 0.352029 0.032737
v 0.375442 0.352029 0.032737
v 0.371928 0.353360 0.027894
v 0.375442 0.353360 0.027894
v 0.371928 0.352029 0.023052
v 0.375442 0.352029 0.023052
v 0.371928 0.294724 0.032737
v 0.375442 0.293750 0.031196
v 0.371928 0.293750 0.024593
v 0.371928 0.297924 0.020059
v 0.375442 0.297924 0.020059
v 0.371928 0.301881 0.020059
v 0.375442 0.301881 0.020059
v 0.375442 0.294724 0.023052
v 0.371928 0.301881 0.035729
v 0.375442 0.301881 0.035729
v 0.375442 0.306055 0.024593
v 0.371928 0.305082 0.023052
v 0.371928 0.297924 0.035729
v 0.375442 0.297924 0.035729
v 0.371928 0.306055 0.031196
v 0.375442 0.287547 0.032737
v 0.371928 0.287547 0.032737
v 0.375442 0.287547 0.023052
v 0.371928 0.287547 0.023052
v 0.371760 0.363169 0.008443
v 0.372642 0.363169 0.004309
v 0.344594 0.232451 0.003649
v 0.344170 0.233647 0.007163
v 0.358224 0.233647 0.007163
v 0.344170 0.237195 0.003649
v 0.344170 0.237195 0.007163
v 0.358224 0.237195 0.007163
v 0.357288 0.239015 0.003649
v 0.356936 0.247897 0.003649
v 0.353249 0.245127 0.007163
v 0.357452 0.249579 0.007163
v 0.351197 0.244922 0.003649
v 0.345457 0.247897 0.003649
v 0.345964 0.247191 0.007163
v 0.356936 0.285167 0.007163
v 0.356430 0.285872 0.003649
v 0.345790 0.285466 0.003649
v 0.344941 0.283485 0.007163
v 0.357800 0.232451 0.003649
v 0.355540 0.230776 0.007163
v 0.351197 0.229679 0.003649
v 0.348667 0.229870 0.007163
v 0.348667 0.240971 0.003649
v 0.346854 0.240066 0.007163
v 0.354158 0.240939 0.007163
v 0.375442 0.234501 0.048640
v 0.371928 0.234501 0.048640
v 0.375442 0.219581 0.020059
v 0.371928 0.219581 0.020059
v 0.375442 0.219581 0.035730
v 0.371928 0.219581 0.035730
v 0.375442 0.243052 0.013271
v 0.371928 0.238777 0.011323
v 0.371928 0.243052 0.042518
v 0.375442 0.243052 0.042518
v 0.371928 0.245516 0.032737
v 0.375442 0.245516 0.032737
v 0.371928 0.249001 0.035730
v 0.375442 0.249001 0.035730
v 0.375442 0.240600 0.032737
v 0.371928 0.244186 0.027894
v 0.375442 0.244186 0.027894
v 0.371928 0.245516 0.023052
v 0.375442 0.245516 0.023052
v 0.371928 0.249001 0.020059
v 0.375442 0.249001 0.020059
v 0.371928 0.288878 0.027894
v 0.375442 0.288878 0.027894
v 0.371928 0.230242 0.032737
v 0.375442 0.229269 0.031196
v 0.371928 0.229269 0.024593
v 0.371928 0.233443 0.020059
v 0.375442 0.233443 0.020059
v 0.371928 0.237399 0.020059
v 0.375442 0.237399 0.020059
v 0.375442 0.230242 0.023052
v 0.371928 0.237399 0.035730
v 0.375442 0.237399 0.035730
v 0.375442 0.241573 0.024593
v 0.371928 0.240600 0.023052
v 0.371928 0.233443 0.035730
v 0.375442 0.233443 0.035730
v 0.371928 0.241573 0.031196
v 0.371928 0.224396 0.027894
v 0.375442 0.224396 0.027894
v 0.375442 0.223065 0.032737
v 0.371928 0.223065 0.032737
v 0.375442 0.234501 0.008913
v 0.344170 0.169165 0.003649
v 0.344170 0.169165 0.007163
v 0.358224 0.169165 0.007163
v 0.358224 0.169165 0.003649
v 0.344170 0.172713 0.003649
v 0.345106 0.174533 0.007163
v 0.358224 0.172713 0.007163
v 0.357288 0.174533 0.003649
v 0.356936 0.183415 0.003649
v 0.356430 0.182709 0.007163
v 0.351197 0.180440 0.003649
v 0.351197 0.180440 0.007163
v 0.347331 0.181727 0.003649
v 0.345790 0.183115 0.007163
v 0.344941 0.185097 0.003649
v 0.356936 0.220685 0.007163
v 0.356430 0.221390 0.003649
v 0.351197 0.223659 0.007163
v 0.351197 0.223659 0.003649
v 0.345790 0.220984 0.003649
v 0.344941 0.219003 0.007163
v 0.347331 0.222372 0.007163
v 0.354158 0.165421 0.003649
v 0.355540 0.166294 0.007163
v 0.348667 0.165389 0.007163
v 0.346854 0.166294 0.003649
v 0.348667 0.176489 0.003649
v 0.354158 0.176457 0.007163
v 0.351197 0.159177 0.007163
v 0.351197 0.159177 0.003649
v 0.347331 0.157891 0.007163
v 0.345790 0.156503 0.003649
v 0.371928 0.170020 0.048640
v 0.375442 0.170020 0.048640
v 0.371928 0.155099 0.020059
v 0.375442 0.155099 0.020059
v 0.371928 0.155099 0.035730
v 0.375442 0.155099 0.035730
v 0.371928 0.174295 0.011323
v 0.375442 0.178570 0.013271
v 0.371928 0.178570 0.042518
v 0.375442 0.178570 0.042518
v 0.371928 0.181035 0.032737
v 0.375442 0.181035 0.032737
v 0.371928 0.184519 0.035730
v 0.375442 0.184519 0.035730
v 0.375442 0.176118 0.032737
v 0.371928 0.179704 0.027895
v 0.375442 0.179704 0.027895
v 0.371928 0.181035 0.023052
v 0.375442 0.181035 0.023052
v 0.371928 0.184519 0.020059
v 0.375442 0.184519 0.020059
v 0.371928 0.223065 0.023052
v 0.375442 0.223065 0.023052
v 0.371928 0.165760 0.032737
v 0.375442 0.164787 0.031196
v 0.371928 0.164787 0.024593
v 0.371928 0.168961 0.020060
v 0.375442 0.168961 0.020060
v 0.371928 0.172917 0.020060
v 0.375442 0.172917 0.020060
v 0.375442 0.165760 0.023052
v 0.371928 0.172917 0.035730
v 0.375442 0.172917 0.035730
v 0.375442 0.177091 0.024593
v 0.371928 0.176118 0.023052
v 0.371928 0.168961 0.035730
v 0.375442 0.168961 0.035730
v 0.371928 0.177091 0.031196
v 0.375442 0.158583 0.023052
v 0.371928 0.158583 0.023052
v 0.375442 0.170019 0.008913
v 0.344170 0.104683 0.003649
v 0.344170 0.104683 0.007163
v 0.358224 0.104683 0.007163
v 0.358224 0.104683 0.003649
v 0.344170 0.108231 0.003649
v 0.344170 0.108231 0.007163
v 0.358224 0.108231 0.007163
v 0.357288 0.110051 0.003649
v 0.356936 0.118933 0.003649
v 0.356430 0.118228 0.007163
v 0.351197 0.115958 0.003649
v 0.351197 0.115958 0.007163
v 0.347331 0.117245 0.003649
v 0.345790 0.118633 0.007163
v 0.344941 0.120615 0.003649
v 0.356936 0.156203 0.007163
v 0.356430 0.156908 0.003649
v 0.344941 0.154521 0.007163
v 0.354158 0.100939 0.003649
v 0.355540 0.101812 0.007163
v 0.348667 0.100907 0.007163
v 0.346854 0.101812 0.003649
v 0.348667 0.112007 0.003649
v 0.346854 0.111102 0.007163
v 0.354158 0.111975 0.007163
v 0.356936 0.091721 0.007163
v 0.347331 0.093409 0.007163
v 0.345790 0.092021 0.003649
v 0.375442 0.105538 0.048640
v 0.371928 0.105538 0.048640
v 0.371928 0.090617 0.020060
v 0.375442 0.090617 0.020060
v 0.375442 0.090617 0.035730
v 0.371928 0.090617 0.035730
v 0.375442 0.114088 0.013271
v 0.371928 0.109813 0.011323
v 0.371928 0.114088 0.042518
v 0.375442 0.114088 0.042518
v 0.371928 0.116553 0.032737
v 0.375442 0.116553 0.032737
v 0.371928 0.120037 0.035730
v 0.375442 0.120037 0.035730
v 0.375442 0.111636 0.032737
v 0.371928 0.115222 0.027895
v 0.375442 0.115222 0.027895
v 0.371928 0.116553 0.023052
v 0.375442 0.116553 0.023052
v 0.371928 0.120037 0.020060
v 0.375442 0.120037 0.020060
v 0.371928 0.158583 0.032737
v 0.375442 0.158583 0.032737
v 0.371928 0.159914 0.027895
v 0.375442 0.159914 0.027895
v 0.371928 0.101278 0.032737
v 0.375442 0.100305 0.031196
v 0.371928 0.100305 0.024593
v 0.371928 0.104479 0.020060
v 0.375442 0.104479 0.020060
v 0.371928 0.108435 0.020060
v 0.375442 0.108435 0.020060
v 0.375442 0.101278 0.023052
v 0.371928 0.108435 0.035730
v 0.375442 0.108435 0.035730
v 0.375442 0.112609 0.024593
v 0.371928 0.111636 0.023052
v 0.371928 0.104479 0.035730
v 0.375442 0.104479 0.035730
v 0.371928 0.112609 0.031196
v 0.375442 0.095432 0.027895
v 0.371928 0.095432 0.027895
v 0.375442 0.094101 0.032737
v 0.371928 0.094101 0.032737
v 0.375442 0.094101 0.023052
v 0.371928 0.094101 0.023052
v 0.375442 0.105538 0.008913
v 0.344170 0.040201 0.003650
v 0.344170 0.040201 0.007164
v 0.358224 0.040201 0.007164
v 0.358224 0.040201 0.003650
v 0.344170 0.043749 0.003650
v 0.344902 0.045174 0.007164
v 0.357491 0.045174 0.007164
v 0.358224 0.043749 0.003650
v 0.353249 0.051681 0.003650
v 0.356430 0.053746 0.007164
v 0.357452 0.056133 0.003650
v 0.351197 0.051477 0.007164
v 0.347331 0.052764 0.003650
v 0.345790 0.054152 0.007164
v 0.344941 0.056133 0.003650
v 0.356430 0.092426 0.003649
v 0.351197 0.094696 0.007163
v 0.351197 0.094696 0.003649
v 0.344941 0.090039 0.007163
v 0.355540 0.037330 0.003650
v 0.353727 0.036425 0.007164
v 0.349090 0.036214 0.003650
v 0.346854 0.037330 0.007164
v 0.346854 0.046620 0.003650
v 0.351197 0.047717 0.007164
v 0.353727 0.047526 0.003650
v 0.351197 0.030214 0.007164
v 0.351197 0.030214 0.003650
v 0.356936 0.027239 0.007164
v 0.371928 0.041056 0.048640
v 0.375442 0.041056 0.048640
v 0.371928 0.026135 0.020060
v 0.375442 0.026135 0.020060
v 0.375442 0.026135 0.035730
v 0.371928 0.026135 0.035730
v 0.375442 0.049606 0.013271
v 0.371928 0.045331 0.011323
v 0.371928 0.049606 0.042518
v 0.375442 0.049606 0.042518
v 0.371928 0.052071 0.032737
v 0.375442 0.052071 0.032737
v 0.371928 0.055555 0.035730
v 0.375442 0.055555 0.035730
v 0.375442 0.047154 0.032737
v 0.371928 0.050740 0.027895
v 0.375442 0.050740 0.027895
v 0.371928 0.052071 0.023052
v 0.375442 0.052071 0.023052
v 0.371928 0.055555 0.020060
v 0.375442 0.055555 0.020060
v 0.371928 0.036796 0.032737
v 0.375442 0.035823 0.031196
v 0.371928 0.035823 0.024593
v 0.371928 0.039997 0.020060
v 0.375442 0.039997 0.020060
v 0.371928 0.043953 0.020060
v 0.375442 0.043953 0.020060
v 0.375442 0.036796 0.023052
v 0.371928 0.043953 0.035730
v 0.375442 0.043953 0.035730
v 0.375442 0.048127 0.024593
v 0.371928 0.047154 0.023052
v 0.371928 0.039997 0.035730
v 0.375442 0.039997 0.035730
v 0.371928 0.048127 0.031196
v 0.375442 0.030950 0.027895
v 0.371928 0.030950 0.027895
v 0.375442 0.029619 0.032737
v 0.371928 0.029619 0.032737
v 0.375442 0.029619 0.023052
v 0.371928 0.029619 0.023052
v 0.375442 0.041056 0.008913
v 0.344170 -0.024281 0.003650
v 0.343735 -0.022507 0.007164
v 0.358224 -0.024281 0.007164
v 0.358224 -0.024281 0.003650
v 0.344170 -0.020732 0.003650
v 0.358224 -0.020732 0.007164
v 0.357288 -0.018912 0.003650
v 0.356936 -0.010031 0.003650
v 0.353249 -0.012801 0.007164
v 0.357452 -0.008349 0.007164
v 0.351197 -0.013005 0.003650
v 0.345790 -0.010330 0.003650
v 0.347331 -0.011718 0.007164
v 0.344941 -0.008349 0.007164
v 0.356430 0.027945 0.003650
v 0.345457 0.027239 0.003650
v 0.345964 0.027945 0.007164
v 0.354158 -0.028024 0.003650
v 0.355540 -0.027152 0.007164
v 0.348236 -0.028024 0.007164
v 0.346854 -0.027152 0.003650
v 0.348667 -0.016956 0.003650
v 0.346854 -0.017862 0.007164
v 0.354158 -0.016989 0.007164
v 0.356604 -0.036943 0.007164
v 0.375442 -0.023426 0.048640
v 0.371928 -0.023426 0.048640
v 0.371928 -0.038347 0.020060
v 0.375442 -0.038347 0.020060
v 0.375442 -0.038347 0.035730
v 0.371928 -0.038347 0.035730
v 0.375442 -0.014876 0.013271
v 0.371928 -0.019151 0.011323
v 0.371928 -0.014876 0.042518
v 0.375442 -0.014876 0.042518
v 0.371928 -0.013516 0.030646
v 0.375442 -0.012411 0.032737
v 0.371928 -0.008927 0.035730
v 0.375442 -0.008927 0.035730
v 0.375442 -0.017328 0.032737
v 0.375442 -0.013742 0.027895
v 0.371928 -0.012411 0.023052
v 0.375442 -0.012411 0.023052
v 0.371928 -0.008927 0.020060
v 0.375442 -0.008927 0.020060
v 0.371928 -0.027686 0.032737
v 0.375442 -0.028695 0.030716
v 0.371928 -0.028659 0.024593
v 0.371928 -0.024485 0.020060
v 0.375442 -0.024485 0.020060
v 0.371928 -0.020528 0.020060
v 0.375442 -0.020528 0.020060
v 0.375442 -0.027686 0.023052
v 0.371928 -0.018940 0.034913
v 0.375442 -0.020528 0.035730
v 0.375442 -0.016354 0.024593
v 0.371928 -0.017328 0.023052
v 0.371928 -0.024485 0.035730
v 0.375442 -0.024485 0.035730
v 0.371928 -0.016105 0.027895
v 0.375442 -0.034862 0.032737
v 0.371928 -0.034862 0.032737
v 0.375442 -0.023426 0.008913
v 0.344170 -0.088763 0.003650
v 0.344170 -0.088763 0.007164
v 0.358224 -0.088763 0.007164
v 0.358224 -0.088763 0.003650
v 0.344170 -0.085214 0.003650
v 0.344170 -0.085214 0.007164
v 0.358224 -0.085214 0.007164
v 0.357288 -0.083394 0.003650
v 0.356604 -0.074812 0.003650
v 0.355063 -0.076200 0.007164
v 0.357452 -0.072831 0.007164
v 0.351197 -0.077487 0.003650
v 0.349145 -0.077283 0.007164
v 0.345790 -0.074812 0.003650
v 0.344941 -0.072831 0.007164
v 0.357452 -0.038925 0.003650
v 0.351197 -0.034268 0.007164
v 0.352871 -0.034247 0.003650
v 0.345457 -0.037243 0.003650
v 0.345964 -0.036537 0.007164
v 0.355540 -0.091634 0.003650
v 0.355540 -0.091634 0.007164
v 0.348629 -0.092755 0.003650
v 0.348667 -0.092539 0.007164
v 0.348667 -0.081438 0.003650
v 0.346854 -0.082344 0.007164
v 0.354158 -0.081471 0.007164
v 0.375442 -0.122279 0.048640
v 0.371928 -0.102829 0.020060
v 0.375442 -0.102829 0.020060
v 0.371928 -0.102829 0.035730
v 0.375442 -0.102829 0.035730
v 0.375442 -0.079357 0.013271
v 0.371928 -0.083633 0.011323
v 0.371928 -0.079357 0.042518
v 0.375442 -0.079357 0.042518
v 0.371928 -0.076893 0.032737
v 0.375442 -0.076893 0.032737
v 0.371928 -0.073409 0.035730
v 0.375442 -0.073409 0.035730
v 0.375442 -0.081809 0.032737
v 0.371928 -0.078224 0.027895
v 0.375442 -0.078224 0.027895
v 0.371928 -0.076893 0.023052
v 0.375442 -0.076893 0.023052
v 0.371928 -0.073409 0.020060
v 0.375442 -0.073409 0.020060
v 0.371928 -0.033532 0.027895
v 0.375442 -0.033532 0.027895
v 0.371928 -0.034862 0.023052
v 0.375442 -0.034862 0.023052
v 0.371928 -0.092168 0.032737
v 0.375442 -0.093141 0.031196
v 0.371928 -0.093141 0.024593
v 0.371928 -0.088967 0.020060
v 0.375442 -0.088967 0.020060
v 0.371928 -0.085010 0.020060
v 0.375442 -0.085010 0.020060
v 0.375442 -0.092168 0.023052
v 0.371928 -0.085010 0.035730
v 0.375442 -0.085010 0.035730
v 0.375442 -0.080836 0.024593
v 0.371928 -0.081809 0.023052
v 0.371928 -0.088967 0.035730
v 0.375442 -0.088967 0.035730
v 0.371928 -0.080836 0.031197
v 0.375442 -0.098013 0.027895
v 0.371928 -0.098013 0.027895
v 0.375442 -0.099344 0.023052
v 0.371928 -0.099344 0.023052
v 0.375442 -0.087908 0.008913
v 0.344170 -0.149696 0.003650
v 0.344170 -0.149696 0.007164
v 0.358224 -0.149696 0.007164
v 0.357288 -0.147876 0.003650
v 0.356936 -0.138994 0.003650
v 0.356430 -0.139700 0.007164
v 0.351197 -0.141969 0.003650
v 0.349145 -0.141765 0.007164
v 0.345790 -0.139294 0.003650
v 0.344941 -0.137313 0.007164
v 0.356936 -0.101725 0.007164
v 0.353249 -0.098954 0.003650
v 0.357452 -0.103406 0.003650
v 0.351197 -0.098750 0.007164
v 0.344941 -0.103406 0.003650
v 0.345790 -0.101425 0.007164
v 0.347331 -0.100037 0.003650
v 0.354158 -0.156988 0.003650
v 0.344170 -0.153245 0.003650
v 0.344170 -0.153245 0.007164
v 0.346854 -0.156115 0.003650
v 0.348667 -0.145920 0.003650
v 0.346854 -0.146825 0.007164
v 0.357288 -0.155065 0.007164
v 0.354158 -0.145953 0.007164
v 0.375442 -0.143839 0.013271
v 0.371928 -0.143839 0.013271
v 0.375442 -0.143839 0.042518
v 0.371928 -0.141375 0.032737
v 0.375442 -0.141375 0.032737
v 0.371928 -0.137890 0.035730
v 0.375442 -0.137890 0.035730
v 0.375442 -0.146291 0.032737
v 0.371928 -0.142479 0.025143
v 0.375442 -0.142706 0.027895
v 0.375442 -0.141375 0.023052
v 0.371928 -0.137891 0.020060
v 0.375442 -0.137891 0.020060
v 0.371928 -0.099344 0.032737
v 0.375442 -0.099344 0.032737
v 0.371928 -0.156649 0.032737
v 0.375442 -0.157623 0.031197
v 0.371928 -0.157623 0.024593
v 0.371928 -0.149492 0.020060
v 0.375442 -0.149492 0.020060
v 0.375442 -0.156649 0.023053
v 0.371928 -0.149492 0.035730
v 0.375442 -0.149492 0.035730
v 0.375442 -0.145318 0.024593
v 0.371928 -0.146291 0.023052
v 0.371928 -0.153449 0.035730
v 0.375442 -0.153449 0.035730
v 0.371928 -0.145318 0.031196
v 0.375263 0.363169 0.007133
v 0.382106 -0.370358 0.560322
v 0.384920 -0.370358 0.560322
v 0.384920 -0.370358 0.603920
v 0.382003 -0.370358 0.604418
v 0.384920 -0.354923 0.576260
v 0.382106 -0.354923 0.576260
v 0.384920 -0.358344 0.587394
v 0.382106 -0.356844 0.589151
v 0.384920 -0.359436 0.580814
v 0.382106 -0.359650 0.583142
v 0.382106 -0.358344 0.578889
v 0.340630 -0.370358 0.605946
v 0.340630 -0.370358 0.609041
v 0.353540 -0.355509 0.605946
v 0.353540 -0.355509 0.609041
v 0.369210 -0.355509 0.605946
v 0.369210 -0.355509 0.609041
v 0.356533 -0.359047 0.605946
v 0.356533 -0.359047 0.609041
v 0.361375 -0.360398 0.605946
v 0.361375 -0.360398 0.609041
v 0.366217 -0.359047 0.605946
v 0.366217 -0.359047 0.609041
v 0.382228 -0.370358 0.608579
v 0.380821 -0.370358 0.605764
v 0.384333 -0.370358 0.606332
v 0.382106 -0.304320 0.575412
v 0.384920 -0.304320 0.575412
v 0.384920 -0.304320 0.590871
v 0.382106 -0.304320 0.590871
v 0.382106 -0.307923 0.575412
v 0.384920 -0.307923 0.575412
v 0.384920 -0.307923 0.590871
v 0.382106 -0.307923 0.590871
v 0.382106 -0.317075 0.587394
v 0.384920 -0.317075 0.587394
v 0.384920 -0.320496 0.590023
v 0.382106 -0.320496 0.590023
v 0.382106 -0.310837 0.587919
v 0.384920 -0.311721 0.586439
v 0.382106 -0.315768 0.583142
v 0.384920 -0.315768 0.583142
v 0.382106 -0.317075 0.578889
v 0.384920 -0.317075 0.578889
v 0.382106 -0.320496 0.576260
v 0.384920 -0.320496 0.576260
v 0.384920 -0.354923 0.590023
v 0.382106 -0.300522 0.586439
v 0.384920 -0.301405 0.587919
v 0.384920 -0.300522 0.579844
v 0.382106 -0.301405 0.578364
v 0.384920 -0.310837 0.578364
v 0.382106 -0.311721 0.579844
v 0.384920 -0.292873 0.587394
v 0.382106 -0.292873 0.587394
v 0.340630 -0.305188 0.605946
v 0.340630 -0.305188 0.609041
v 0.369210 -0.290038 0.609041
v 0.369210 -0.290038 0.605946
v 0.353540 -0.290038 0.605946
v 0.353540 -0.290038 0.609041
v 0.378132 -0.309528 0.609041
v 0.377946 -0.309528 0.605946
v 0.346663 -0.313869 0.609041
v 0.346751 -0.313869 0.605946
v 0.356533 -0.316372 0.609041
v 0.356533 -0.316372 0.605946
v 0.353540 -0.319909 0.609041
v 0.353540 -0.319909 0.605946
v 0.356533 -0.311380 0.605946
v 0.358081 -0.312368 0.609041
v 0.361375 -0.315020 0.609041
v 0.361375 -0.315020 0.605946
v 0.366217 -0.316372 0.609041
v 0.366217 -0.316372 0.605946
v 0.369210 -0.319909 0.609041
v 0.369210 -0.319909 0.605946
v 0.356533 -0.300863 0.609041
v 0.358081 -0.299874 0.605946
v 0.364668 -0.299874 0.609041
v 0.369210 -0.304113 0.609041
v 0.369210 -0.304113 0.605946
v 0.369210 -0.308130 0.609041
v 0.369210 -0.308130 0.605946
v 0.366217 -0.300863 0.605946
v 0.353540 -0.308130 0.609041
v 0.353540 -0.308130 0.605946
v 0.366217 -0.311380 0.609041
v 0.353540 -0.304113 0.609041
v 0.353540 -0.304113 0.605946
v 0.364668 -0.312368 0.605946
v 0.356533 -0.293576 0.605946
v 0.358637 -0.294699 0.609041
v 0.382106 -0.238849 0.575412
v 0.384920 -0.238849 0.575412
v 0.384920 -0.238849 0.590871
v 0.382106 -0.238849 0.590871
v 0.382106 -0.242452 0.575412
v 0.384920 -0.242452 0.575412
v 0.384920 -0.242452 0.590871
v 0.382106 -0.242452 0.590871
v 0.382106 -0.251604 0.587394
v 0.384920 -0.251604 0.587394
v 0.384920 -0.255025 0.590023
v 0.382106 -0.255025 0.590023
v 0.382106 -0.245366 0.587919
v 0.384920 -0.246250 0.586439
v 0.382106 -0.250297 0.583142
v 0.384920 -0.250297 0.583142
v 0.382106 -0.251604 0.578889
v 0.384920 -0.251604 0.578889
v 0.382106 -0.255025 0.576260
v 0.384920 -0.255025 0.576260
v 0.384920 -0.289451 0.590023
v 0.382106 -0.289451 0.590023
v 0.384920 -0.294179 0.583142
v 0.382106 -0.294179 0.583142
v 0.382106 -0.289451 0.576260
v 0.384920 -0.289451 0.576260
v 0.382106 -0.292873 0.578889
v 0.384920 -0.292873 0.578889
v 0.382106 -0.235051 0.586439
v 0.384920 -0.235934 0.587919
v 0.384920 -0.235051 0.579844
v 0.382106 -0.235934 0.578364
v 0.384920 -0.245366 0.578364
v 0.382106 -0.246250 0.579844
v 0.340630 -0.204818 0.605946
v 0.369210 -0.224567 0.609041
v 0.369210 -0.224567 0.605946
v 0.353540 -0.224567 0.609041
v 0.353540 -0.224567 0.605946
v 0.377946 -0.244058 0.605946
v 0.375998 -0.248398 0.609041
v 0.346663 -0.248398 0.609041
v 0.346752 -0.248398 0.605946
v 0.356533 -0.250901 0.609041
v 0.356533 -0.250901 0.605946
v 0.353540 -0.254438 0.609041
v 0.353540 -0.254438 0.605946
v 0.356533 -0.245909 0.605946
v 0.358081 -0.246897 0.609041
v 0.361375 -0.249549 0.609041
v 0.361375 -0.249549 0.605946
v 0.366217 -0.250901 0.609041
v 0.366217 -0.250901 0.605946
v 0.369210 -0.254438 0.609041
v 0.369210 -0.254438 0.605946
v 0.361375 -0.294927 0.605946
v 0.366217 -0.293576 0.609041
v 0.366217 -0.293576 0.605946
v 0.356533 -0.235392 0.609041
v 0.358081 -0.234403 0.605946
v 0.364668 -0.234403 0.609041
v 0.369210 -0.238642 0.609041
v 0.369210 -0.238642 0.605946
v 0.369210 -0.242659 0.609041
v 0.369210 -0.242659 0.605946
v 0.366217 -0.235392 0.605946
v 0.353540 -0.242659 0.609041
v 0.353540 -0.242659 0.605946
v 0.366217 -0.245909 0.609041
v 0.353540 -0.238642 0.609041
v 0.353540 -0.238642 0.605946
v 0.364669 -0.246897 0.605946
v 0.361375 -0.229456 0.605946
v 0.361375 -0.229456 0.609041
v 0.366217 -0.228105 0.605946
v 0.366217 -0.228105 0.609041
v 0.384920 -0.169920 0.560322
v 0.382106 -0.169920 0.560322
v 0.382106 -0.165594 0.566892
v 0.384920 -0.165594 0.566892
v 0.384920 -0.163431 0.601656
v 0.382106 -0.163431 0.601452
v 0.382106 -0.176981 0.575412
v 0.384920 -0.176981 0.575412
v 0.384920 -0.176981 0.590871
v 0.382106 -0.176981 0.590871
v 0.382106 -0.186133 0.587394
v 0.384920 -0.186133 0.587394
v 0.384920 -0.189554 0.590023
v 0.382106 -0.189554 0.590023
v 0.382106 -0.179895 0.587919
v 0.384920 -0.180779 0.586439
v 0.382106 -0.184826 0.583142
v 0.384920 -0.184826 0.583142
v 0.382106 -0.186133 0.578889
v 0.384920 -0.186133 0.578889
v 0.382106 -0.189554 0.576260
v 0.384920 -0.189554 0.576260
v 0.384920 -0.227402 0.587394
v 0.382106 -0.227402 0.587394
v 0.384920 -0.223981 0.590023
v 0.382106 -0.223981 0.590023
v 0.384920 -0.228708 0.583142
v 0.382106 -0.228708 0.583142
v 0.382106 -0.223981 0.576260
v 0.384920 -0.223981 0.576260
v 0.382106 -0.227402 0.578889
v 0.384920 -0.227402 0.578889
v 0.382106 -0.169580 0.586439
v 0.384920 -0.170463 0.587919
v 0.384920 -0.169580 0.579844
v 0.382106 -0.173378 0.575412
v 0.384920 -0.173378 0.575412
v 0.382106 -0.170463 0.578364
v 0.384920 -0.179895 0.578364
v 0.382106 -0.173378 0.590871
v 0.384920 -0.173378 0.590871
v 0.382106 -0.180779 0.579844
v 0.382106 -0.161609 0.579844
v 0.369210 -0.158018 0.609041
v 0.369210 -0.158018 0.605946
v 0.353540 -0.158018 0.605946
v 0.354370 -0.159647 0.609041
v 0.375998 -0.182927 0.605946
v 0.346752 -0.182927 0.605946
v 0.356533 -0.185430 0.609041
v 0.356533 -0.185430 0.605946
v 0.353540 -0.188967 0.609041
v 0.353540 -0.188967 0.605946
v 0.356533 -0.180438 0.605946
v 0.358082 -0.181426 0.609041
v 0.361375 -0.184078 0.609041
v 0.361375 -0.184078 0.605946
v 0.366217 -0.185430 0.609041
v 0.366217 -0.185430 0.605946
v 0.369210 -0.188967 0.609041
v 0.369210 -0.188967 0.605946
v 0.356533 -0.228105 0.609041
v 0.356533 -0.228105 0.605946
v 0.356533 -0.169921 0.609041
v 0.358081 -0.168932 0.605946
v 0.361375 -0.168679 0.609041
v 0.368380 -0.171542 0.609041
v 0.369210 -0.173171 0.605946
v 0.369210 -0.177188 0.609041
v 0.366217 -0.169921 0.605946
v 0.353540 -0.177188 0.609041
v 0.353540 -0.177188 0.605946
v 0.368380 -0.178817 0.605946
v 0.366217 -0.180438 0.609041
v 0.353540 -0.173171 0.609041
v 0.353540 -0.173171 0.605946
v 0.361375 -0.181679 0.605946
v 0.364668 -0.162256 0.605946
v 0.361375 -0.162509 0.609041
v 0.356533 -0.161268 0.605946
v 0.366217 -0.161268 0.609041
v 0.379894 -0.169920 0.605946
v 0.384920 0.368985 0.560322
v 0.382106 0.368985 0.560322
v 0.384920 0.300486 0.575411
v 0.382106 0.300486 0.575411
v 0.384920 0.300486 0.590871
v 0.382106 0.300486 0.590871
v 0.382106 0.351089 0.590022
v 0.384920 0.351089 0.590022
v 0.384920 0.351089 0.576260
v 0.382106 0.351089 0.576260
v 0.384920 0.304089 0.575411
v 0.382106 0.304089 0.575411
v 0.382106 0.304089 0.590871
v 0.384920 0.304089 0.590871
v 0.384920 0.313242 0.587394
v 0.382106 0.313242 0.587394
v 0.382106 0.316663 0.590022
v 0.384920 0.316663 0.590022
v 0.384920 0.307004 0.587919
v 0.384920 0.311935 0.583141
v 0.382106 0.311935 0.583141
v 0.384920 0.313242 0.578888
v 0.382106 0.313242 0.578888
v 0.384920 0.316663 0.576260
v 0.382106 0.316663 0.576260
v 0.382106 0.354510 0.587394
v 0.384920 0.354510 0.587394
v 0.382106 0.355817 0.583141
v 0.384920 0.355817 0.583141
v 0.384920 0.354510 0.578888
v 0.382106 0.354510 0.578888
v 0.384920 0.296688 0.586438
v 0.382106 0.297572 0.587918
v 0.382106 0.296688 0.579844
v 0.384920 0.297572 0.578364
v 0.384920 0.307887 0.579844
v 0.382106 0.307004 0.578364
v 0.382106 0.307887 0.586438
v 0.382106 0.290346 0.583141
v 0.384920 0.290346 0.583141
v 0.340630 0.368985 0.605945
v 0.340630 0.368985 0.609041
v 0.340630 0.301354 0.605945
v 0.340630 0.244989 0.609041
v 0.369210 0.286205 0.605945
v 0.369210 0.286205 0.609041
v 0.353540 0.286205 0.609041
v 0.353540 0.286205 0.605945
v 0.353540 0.351676 0.605945
v 0.353540 0.351676 0.609041
v 0.369210 0.351676 0.605945
v 0.369210 0.351676 0.609041
v 0.378132 0.305695 0.609041
v 0.377947 0.305695 0.605945
v 0.346752 0.310036 0.605945
v 0.346663 0.310036 0.609041
v 0.356533 0.312538 0.605945
v 0.356533 0.312538 0.609041
v 0.353540 0.316076 0.605945
v 0.353540 0.316076 0.609041
v 0.356533 0.307546 0.609041
v 0.361375 0.311187 0.605945
v 0.361375 0.311187 0.609041
v 0.366217 0.312538 0.605945
v 0.366217 0.312538 0.609041
v 0.369210 0.316076 0.605945
v 0.369210 0.316076 0.609041
v 0.356533 0.355213 0.605945
v 0.356533 0.355213 0.609041
v 0.361375 0.356565 0.605945
v 0.361375 0.356565 0.609041
v 0.366218 0.355213 0.605945
v 0.366218 0.355213 0.609041
v 0.356533 0.297029 0.605945
v 0.358082 0.296041 0.609041
v 0.364669 0.296041 0.605945
v 0.369210 0.300279 0.605945
v 0.369210 0.300279 0.609041
v 0.369210 0.304296 0.605945
v 0.369210 0.304296 0.609041
v 0.366217 0.297029 0.609041
v 0.353540 0.304296 0.605945
v 0.353540 0.304296 0.609041
v 0.364669 0.308535 0.609041
v 0.366218 0.307546 0.605945
v 0.353540 0.300279 0.605945
v 0.353540 0.300279 0.609041
v 0.358082 0.308535 0.605945
v 0.356533 0.289742 0.609041
v 0.356533 0.289743 0.605945
v 0.366217 0.289743 0.609041
v 0.366218 0.289742 0.605945
v 0.381979 0.368985 0.604442
v 0.384920 0.368985 0.603920
v 0.380773 0.368985 0.605799
v 0.384333 0.368985 0.606332
v 0.382458 0.368985 0.608395
v 0.384920 0.235015 0.575412
v 0.382106 0.235015 0.575412
v 0.382106 0.235015 0.590871
v 0.384920 0.235015 0.590871
v 0.384920 0.238618 0.575412
v 0.382106 0.238618 0.575412
v 0.382106 0.238618 0.590871
v 0.384920 0.238618 0.590871
v 0.384920 0.247771 0.587394
v 0.382106 0.247771 0.587394
v 0.382106 0.251192 0.590022
v 0.384920 0.251192 0.590022
v 0.384920 0.241533 0.587919
v 0.384920 0.246464 0.583141
v 0.382106 0.246464 0.583141
v 0.384920 0.247771 0.578889
v 0.382106 0.247771 0.578889
v 0.384920 0.251192 0.576260
v 0.382106 0.251192 0.576260
v 0.382106 0.289039 0.587394
v 0.384920 0.289039 0.587394
v 0.382106 0.285618 0.590022
v 0.384920 0.285618 0.590022
v 0.384920 0.285618 0.576260
v 0.382106 0.285618 0.576260
v 0.384920 0.289039 0.578889
v 0.382106 0.289039 0.578888
v 0.384920 0.231217 0.586438
v 0.382106 0.232101 0.587919
v 0.382106 0.231217 0.579844
v 0.384920 0.232101 0.578364
v 0.384920 0.242416 0.579844
v 0.382106 0.241533 0.578364
v 0.382106 0.242416 0.586439
v 0.340630 0.235883 0.605946
v 0.369210 0.220734 0.609041
v 0.369210 0.220734 0.605946
v 0.353540 0.220734 0.609041
v 0.353540 0.220734 0.605946
v 0.378132 0.240224 0.609041
v 0.377947 0.240224 0.605946
v 0.346752 0.244565 0.605946
v 0.356533 0.247067 0.605946
v 0.356533 0.247067 0.609041
v 0.353540 0.250605 0.605946
v 0.353540 0.250605 0.609041
v 0.356533 0.242075 0.609041
v 0.361375 0.245716 0.605946
v 0.361375 0.245716 0.609041
v 0.366217 0.247067 0.605946
v 0.366217 0.247067 0.609041
v 0.369210 0.250605 0.605946
v 0.369210 0.250605 0.609041
v 0.361375 0.291094 0.605945
v 0.361375 0.291094 0.609041
v 0.358566 0.230532 0.605946
v 0.356533 0.231558 0.609041
v 0.361375 0.230317 0.609041
v 0.369210 0.234808 0.605946
v 0.368380 0.233179 0.609041
v 0.369210 0.238825 0.605946
v 0.369210 0.238825 0.609041
v 0.366217 0.231558 0.605946
v 0.353540 0.238825 0.605946
v 0.353540 0.238825 0.609041
v 0.364669 0.243064 0.609041
v 0.366218 0.242075 0.605946
v 0.353540 0.234808 0.605946
v 0.353540 0.234808 0.609041
v 0.358082 0.243064 0.605946
v 0.361375 0.225623 0.605946
v 0.361375 0.225623 0.609041
v 0.356533 0.224271 0.609041
v 0.356533 0.224271 0.605946
v 0.384920 0.169544 0.575412
v 0.382106 0.169544 0.575412
v 0.382106 0.169544 0.590871
v 0.384920 0.169544 0.590871
v 0.384920 0.173147 0.575412
v 0.382106 0.173147 0.575412
v 0.382106 0.173147 0.590871
v 0.384920 0.173147 0.590871
v 0.384920 0.182300 0.587394
v 0.382106 0.182300 0.587394
v 0.382106 0.185721 0.590022
v 0.384920 0.185721 0.590022
v 0.384920 0.176062 0.587919
v 0.384920 0.180993 0.583141
v 0.382106 0.180993 0.583141
v 0.384920 0.182300 0.578889
v 0.382106 0.182300 0.578889
v 0.384920 0.185721 0.576260
v 0.382106 0.185721 0.576260
v 0.382106 0.223568 0.587394
v 0.384920 0.223568 0.587394
v 0.382106 0.220147 0.590022
v 0.384920 0.220147 0.590022
v 0.382106 0.224875 0.583141
v 0.384920 0.224875 0.583141
v 0.384920 0.220147 0.576260
v 0.382106 0.220147 0.576260
v 0.384920 0.223568 0.578889
v 0.382106 0.223568 0.578889
v 0.384920 0.165746 0.586438
v 0.382106 0.166630 0.587919
v 0.382106 0.165746 0.579844
v 0.384920 0.166630 0.578364
v 0.384920 0.176945 0.579844
v 0.382106 0.176062 0.578364
v 0.382106 0.176945 0.586438
v 0.382106 0.159404 0.583141
v 0.384920 0.159404 0.583141
v 0.382106 0.158097 0.578889
v 0.384920 0.158097 0.578889
v 0.340630 0.170412 0.605946
v 0.340630 0.100275 0.609041
v 0.369210 0.155263 0.605946
v 0.369210 0.155263 0.609041
v 0.353540 0.155263 0.605946
v 0.353540 0.155263 0.609041
v 0.377947 0.174753 0.605946
v 0.378132 0.174753 0.609041
v 0.346752 0.179094 0.605946
v 0.346663 0.179094 0.609041
v 0.356533 0.181596 0.605946
v 0.356533 0.181596 0.609041
v 0.353540 0.185134 0.605946
v 0.353540 0.185134 0.609041
v 0.356533 0.176604 0.609041
v 0.361375 0.180245 0.605946
v 0.361375 0.180245 0.609041
v 0.366217 0.181596 0.605946
v 0.366217 0.181596 0.609041
v 0.369210 0.185134 0.605946
v 0.369210 0.185134 0.609041
v 0.366218 0.224271 0.605946
v 0.366218 0.224271 0.609041
v 0.356533 0.166087 0.605946
v 0.358082 0.165099 0.609041
v 0.364669 0.165099 0.605946
v 0.369210 0.169337 0.605946
v 0.369210 0.169337 0.609041
v 0.369210 0.173354 0.605946
v 0.369210 0.173354 0.609041
v 0.366217 0.166087 0.609041
v 0.353540 0.173354 0.605946
v 0.353540 0.173354 0.609041
v 0.364669 0.177593 0.609041
v 0.366218 0.176604 0.605946
v 0.353540 0.169337 0.605946
v 0.353540 0.169337 0.609041
v 0.358082 0.177593 0.605946
v 0.366218 0.158801 0.609041
v 0.366218 0.158801 0.605946
v 0.384920 0.104073 0.575412
v 0.382106 0.104073 0.575412
v 0.382106 0.104073 0.590871
v 0.384920 0.104073 0.590871
v 0.384920 0.107676 0.575412
v 0.382106 0.107676 0.575412
v 0.382106 0.107676 0.590871
v 0.384920 0.107676 0.590871
v 0.384920 0.116829 0.587394
v 0.382106 0.116829 0.587394
v 0.382106 0.120250 0.590022
v 0.384920 0.120250 0.590022
v 0.384920 0.110591 0.587919
v 0.384920 0.115522 0.583141
v 0.382106 0.115522 0.583141
v 0.384920 0.116829 0.578889
v 0.382106 0.116829 0.578889
v 0.384920 0.120250 0.576260
v 0.382106 0.120250 0.576260
v 0.382106 0.158097 0.587394
v 0.384920 0.158097 0.587394
v 0.382106 0.154676 0.590022
v 0.384920 0.154676 0.590022
v 0.384920 0.154676 0.576260
v 0.382106 0.154676 0.576260
v 0.384920 0.100275 0.586438
v 0.382106 0.101159 0.587919
v 0.382106 0.100275 0.579844
v 0.384920 0.101159 0.578364
v 0.384920 0.111474 0.579844
v 0.382106 0.110591 0.578364
v 0.382106 0.111474 0.586438
v 0.382106 0.092626 0.587394
v 0.384920 0.092626 0.587394
v 0.382106 0.092626 0.578889
v 0.384920 0.092626 0.578889
v 0.340630 0.104941 0.605946
v 0.369210 0.089792 0.605946
v 0.369210 0.089792 0.609041
v 0.353540 0.089792 0.605946
v 0.378132 0.109282 0.609041
v 0.377946 0.109282 0.605946
v 0.346752 0.113623 0.605946
v 0.356533 0.116125 0.605946
v 0.358637 0.115003 0.609041
v 0.353540 0.119663 0.605946
v 0.353540 0.119663 0.609041
v 0.356533 0.111133 0.609041
v 0.361375 0.114774 0.605946
v 0.366217 0.116125 0.605946
v 0.366217 0.116125 0.609041
v 0.369210 0.119663 0.605946
v 0.369210 0.119663 0.609041
v 0.356533 0.158801 0.605946
v 0.356533 0.158801 0.609041
v 0.361375 0.160152 0.605946
v 0.361375 0.160152 0.609041
v 0.356533 0.100616 0.605946
v 0.358082 0.099628 0.609041
v 0.364669 0.099628 0.605946
v 0.369210 0.103866 0.605946
v 0.369210 0.103866 0.609041
v 0.369210 0.107883 0.605946
v 0.369210 0.107883 0.609041
v 0.366217 0.100616 0.609041
v 0.353540 0.107883 0.605946
v 0.353540 0.107883 0.609041
v 0.364669 0.112122 0.609041
v 0.366217 0.111133 0.605946
v 0.353540 0.103866 0.605946
v 0.353540 0.103866 0.609041
v 0.358082 0.112122 0.605946
v 0.361375 0.094681 0.609041
v 0.361375 0.094681 0.605946
v 0.356533 0.093330 0.609041
v 0.356533 0.093330 0.605946
v 0.366217 0.093330 0.609041
v 0.366217 0.093330 0.605946
v 0.384920 0.040404 0.574960
v 0.382106 0.038602 0.575412
v 0.382106 0.038602 0.590871
v 0.384920 0.038602 0.590871
v 0.382106 0.042205 0.575412
v 0.382106 0.042205 0.590871
v 0.384920 0.042205 0.590871
v 0.384920 0.051358 0.587394
v 0.382106 0.051358 0.587394
v 0.382106 0.054779 0.590023
v 0.384920 0.054779 0.590023
v 0.384920 0.045120 0.587919
v 0.384920 0.050051 0.583141
v 0.382106 0.050051 0.583141
v 0.384920 0.051358 0.578889
v 0.382106 0.051358 0.578889
v 0.384920 0.054779 0.576260
v 0.382106 0.054779 0.576260
v 0.382106 0.089205 0.590023
v 0.384920 0.089205 0.590023
v 0.382106 0.093933 0.583141
v 0.384920 0.093933 0.583141
v 0.384920 0.089205 0.576260
v 0.382106 0.089205 0.576260
v 0.384920 0.034804 0.586438
v 0.382106 0.035688 0.587919
v 0.382106 0.034772 0.580300
v 0.384920 0.035688 0.578364
v 0.384920 0.046003 0.579844
v 0.382106 0.045120 0.578364
v 0.382106 0.046003 0.586439
v 0.382106 0.028462 0.583141
v 0.384920 0.028462 0.583141
v 0.382106 0.027155 0.587394
v 0.384920 0.027155 0.587394
v 0.340630 -0.025036 0.605946
v 0.340630 0.039470 0.609041
v 0.369210 0.024321 0.605946
v 0.369210 0.024321 0.609041
v 0.353540 0.024321 0.609041
v 0.353540 0.024321 0.605946
v 0.375998 0.048152 0.609041
v 0.375998 0.048152 0.605946
v 0.346752 0.048152 0.605946
v 0.346663 0.048152 0.609041
v 0.356533 0.050654 0.605946
v 0.356533 0.050654 0.609041
v 0.353540 0.054192 0.605946
v 0.353540 0.054192 0.609041
v 0.356533 0.045662 0.609041
v 0.361375 0.049303 0.605946
v 0.361375 0.049303 0.609041
v 0.366217 0.050654 0.605946
v 0.366217 0.050654 0.609041
v 0.369210 0.054192 0.605946
v 0.369210 0.054192 0.609041
v 0.353540 0.089792 0.609041
v 0.356533 0.035145 0.605946
v 0.358082 0.034157 0.609041
v 0.364669 0.034157 0.605946
v 0.369210 0.038395 0.605946
v 0.369210 0.038395 0.609041
v 0.369210 0.042412 0.605946
v 0.369210 0.042412 0.609041
v 0.366217 0.035145 0.609041
v 0.353540 0.042412 0.605946
v 0.353540 0.042412 0.609041
v 0.364669 0.046651 0.609041
v 0.366217 0.045662 0.605946
v 0.353540 0.038395 0.605946
v 0.353540 0.038395 0.609041
v 0.358082 0.046651 0.605946
v 0.361375 0.029210 0.609041
v 0.361375 0.029210 0.605946
v 0.356533 0.027859 0.609041
v 0.356533 0.027859 0.605946
v 0.366217 0.027859 0.609041
v 0.366217 0.027859 0.605946
v 0.379894 0.039470 0.605946
v 0.380265 0.039470 0.609041
v 0.384920 -0.026869 0.575412
v 0.382106 -0.026869 0.575412
v 0.382106 -0.026869 0.590871
v 0.384920 -0.026869 0.590871
v 0.384920 -0.023266 0.575412
v 0.382106 -0.023266 0.575412
v 0.382106 -0.023266 0.590871
v 0.384920 -0.023266 0.590871
v 0.384920 -0.014113 0.587394
v 0.382106 -0.014113 0.587394
v 0.382106 -0.010692 0.590023
v 0.384920 -0.010692 0.590023
v 0.384920 -0.020351 0.587919
v 0.384920 -0.015420 0.583141
v 0.382106 -0.015206 0.580814
v 0.384920 -0.014113 0.578889
v 0.384920 -0.010692 0.576260
v 0.382106 -0.010692 0.576260
v 0.382106 0.023734 0.590023
v 0.384920 0.023734 0.590023
v 0.384920 0.023734 0.576260
v 0.382106 0.023734 0.576260
v 0.384920 0.027155 0.578889
v 0.382106 0.027155 0.578889
v 0.384920 -0.030667 0.586439
v 0.382106 -0.029783 0.587919
v 0.382106 -0.030667 0.579844
v 0.384920 -0.029783 0.578364
v 0.384920 -0.019468 0.579844
v 0.382106 -0.020351 0.578364
v 0.382106 -0.019468 0.586439
v 0.382106 -0.038316 0.587394
v 0.384920 -0.038316 0.587394
v 0.340630 -0.026001 0.609041
v 0.369210 -0.041150 0.605946
v 0.369210 -0.041150 0.609041
v 0.353540 -0.041150 0.609041
v 0.375998 -0.017319 0.609041
v 0.375998 -0.017319 0.605946
v 0.346663 -0.017319 0.609041
v 0.356533 -0.014817 0.605946
v 0.356533 -0.014817 0.609041
v 0.353540 -0.011279 0.605946
v 0.353540 -0.011279 0.609041
v 0.356533 -0.019809 0.609041
v 0.361375 -0.016168 0.605946
v 0.361375 -0.016168 0.609041
v 0.366217 -0.014817 0.605946
v 0.366217 -0.014817 0.609041
v 0.369210 -0.011279 0.605946
v 0.369210 -0.011279 0.609041
v 0.356533 -0.030326 0.605946
v 0.358082 -0.031314 0.609041
v 0.361375 -0.031567 0.605946
v 0.368380 -0.028705 0.605946
v 0.369210 -0.027076 0.609041
v 0.369210 -0.023059 0.605946
v 0.368380 -0.021430 0.609041
v 0.366217 -0.030326 0.609041
v 0.353540 -0.023059 0.605946
v 0.353540 -0.023059 0.609041
v 0.366217 -0.019809 0.605946
v 0.353540 -0.027076 0.605946
v 0.353540 -0.027076 0.609041
v 0.358082 -0.018820 0.605946
v 0.361375 -0.018567 0.609041
v 0.356533 -0.037612 0.609041
v 0.356533 -0.037612 0.605946
v 0.379894 -0.026001 0.605946
v 0.380265 -0.026001 0.609041
v 0.384920 -0.092340 0.575412
v 0.382106 -0.092340 0.575412
v 0.382106 -0.092340 0.590871
v 0.384920 -0.092340 0.590871
v 0.384920 -0.088737 0.575412
v 0.382106 -0.088737 0.575412
v 0.382106 -0.088737 0.590871
v 0.384920 -0.088737 0.590871
v 0.384920 -0.079584 0.587394
v 0.382106 -0.079584 0.587394
v 0.382106 -0.076163 0.590023
v 0.384920 -0.076163 0.590023
v 0.384920 -0.085822 0.587919
v 0.384920 -0.080891 0.583141
v 0.382106 -0.080891 0.583141
v 0.384920 -0.079584 0.578889
v 0.382106 -0.079584 0.578889
v 0.384920 -0.076163 0.576260
v 0.382106 -0.076163 0.576260
v 0.382106 -0.041737 0.590023
v 0.384920 -0.041737 0.590023
v 0.382106 -0.037009 0.583141
v 0.384920 -0.037009 0.583141
v 0.384920 -0.041737 0.576260
v 0.382106 -0.041737 0.576260
v 0.384920 -0.038316 0.578889
v 0.382106 -0.038316 0.578889
v 0.384920 -0.096138 0.586439
v 0.382106 -0.095254 0.587919
v 0.382106 -0.096138 0.579844
v 0.384920 -0.095254 0.578364
v 0.384920 -0.084939 0.579844
v 0.382106 -0.085822 0.578364
v 0.382106 -0.084939 0.586438
v 0.340630 -0.091472 0.605946
v 0.340630 -0.165292 0.609041
v 0.369210 -0.106621 0.605946
v 0.369210 -0.106621 0.609041
v 0.353540 -0.106621 0.605946
v 0.353540 -0.106621 0.609041
v 0.375998 -0.082790 0.609041
v 0.375998 -0.082790 0.605946
v 0.346752 -0.082790 0.605946
v 0.346663 -0.082790 0.609041
v 0.358637 -0.081410 0.605946
v 0.356533 -0.080288 0.609041
v 0.353540 -0.076750 0.605946
v 0.353540 -0.076750 0.609041
v 0.356533 -0.085280 0.609041
v 0.361375 -0.081639 0.609041
v 0.366217 -0.080288 0.605946
v 0.366217 -0.080288 0.609041
v 0.369210 -0.076750 0.605946
v 0.369210 -0.076750 0.609041
v 0.353540 -0.041150 0.605946
v 0.361375 -0.036261 0.605946
v 0.361375 -0.036261 0.609041
v 0.366217 -0.037612 0.605946
v 0.366217 -0.037612 0.609041
v 0.356533 -0.095797 0.605946
v 0.358566 -0.096823 0.609041
v 0.364669 -0.096785 0.605946
v 0.369210 -0.092547 0.605946
v 0.369210 -0.092547 0.609041
v 0.369210 -0.088530 0.605946
v 0.369210 -0.088530 0.609041
v 0.366217 -0.095797 0.609041
v 0.353540 -0.088530 0.605946
v 0.353540 -0.088530 0.609041
v 0.364669 -0.084291 0.609041
v 0.366217 -0.085280 0.605946
v 0.353540 -0.092547 0.605946
v 0.353540 -0.092547 0.609041
v 0.358081 -0.084291 0.605946
v 0.361375 -0.101732 0.609041
v 0.361375 -0.101732 0.605946
v 0.366217 -0.103083 0.609041
v 0.366217 -0.103083 0.605946
v 0.379894 -0.091472 0.605946
v 0.380265 -0.167531 0.609041
v 0.384920 -0.154208 0.575412
v 0.382106 -0.154208 0.575412
v 0.382106 -0.154208 0.590871
v 0.384920 -0.154208 0.590871
v 0.384920 -0.145055 0.587394
v 0.382106 -0.145055 0.587394
v 0.382106 -0.141634 0.590023
v 0.384920 -0.141634 0.590023
v 0.384920 -0.151293 0.587919
v 0.384920 -0.146362 0.583142
v 0.382106 -0.146362 0.583142
v 0.384920 -0.145055 0.578889
v 0.382106 -0.143556 0.577132
v 0.384920 -0.141634 0.576260
v 0.382106 -0.103787 0.587394
v 0.384920 -0.103787 0.587394
v 0.382106 -0.107208 0.590023
v 0.384920 -0.107208 0.590023
v 0.382106 -0.102480 0.583142
v 0.384920 -0.102480 0.583142
v 0.384920 -0.105286 0.577132
v 0.382106 -0.107208 0.576260
v 0.382106 -0.103787 0.578889
v 0.384920 -0.161609 0.586439
v 0.382106 -0.160725 0.587919
v 0.384920 -0.157811 0.575412
v 0.382106 -0.157811 0.575412
v 0.384920 -0.160725 0.578364
v 0.384920 -0.150410 0.579844
v 0.382106 -0.151293 0.578364
v 0.384920 -0.157811 0.590871
v 0.382106 -0.157811 0.590871
v 0.382106 -0.150410 0.586439
v 0.375998 -0.148261 0.609041
v 0.375998 -0.148261 0.605946
v 0.346752 -0.148261 0.605946
v 0.356533 -0.145759 0.605946
v 0.356533 -0.145759 0.609041
v 0.353540 -0.142221 0.605946
v 0.353540 -0.142221 0.609041
v 0.356533 -0.150751 0.609041
v 0.361375 -0.147110 0.605946
v 0.361375 -0.147110 0.609041
v 0.366217 -0.145759 0.605946
v 0.366217 -0.145759 0.609041
v 0.369210 -0.142221 0.605946
v 0.369210 -0.142221 0.609041
v 0.356533 -0.103083 0.605946
v 0.356533 -0.103083 0.609041
v 0.369210 -0.154001 0.605946
v 0.369210 -0.154001 0.609041
v 0.354370 -0.152372 0.605946
v 0.353540 -0.154001 0.609041
v 0.364668 -0.149762 0.609041
v 0.366217 -0.150751 0.605946
v 0.361375 -0.149509 0.605946
v 0.380265 0.368985 0.609041
v -0.323875 -0.362581 0.007164
v -0.323875 -0.362581 0.003650
v -0.363602 -0.362581 0.003650
v -0.364026 -0.362581 0.007304
v -0.338364 -0.347379 0.003650
v -0.339213 -0.349360 0.007164
v -0.348486 -0.350748 0.003650
v -0.342126 -0.351787 0.003650
v -0.344620 -0.352035 0.007164
v -0.365351 -0.362581 0.048640
v -0.368865 -0.362581 0.048640
v -0.368865 -0.347956 0.035730
v -0.365351 -0.347956 0.020060
v -0.368865 -0.347956 0.020060
v -0.365351 -0.351441 0.032737
v -0.368865 -0.351441 0.032737
v -0.365351 -0.352772 0.027895
v -0.368865 -0.352772 0.027895
v -0.365351 -0.351441 0.023053
v -0.368865 -0.351441 0.023053
v -0.368629 -0.362581 0.007047
v -0.365168 -0.362581 0.008421
v -0.366065 -0.362581 0.004310
v -0.338325 -0.296116 0.007164
v -0.337158 -0.299315 0.003650
v -0.351647 -0.297540 0.003650
v -0.337593 -0.301089 0.007164
v -0.351647 -0.301089 0.003650
v -0.350711 -0.302909 0.007164
v -0.350359 -0.311791 0.007164
v -0.349853 -0.311085 0.003650
v -0.347581 -0.304832 0.003650
v -0.344620 -0.308816 0.007164
v -0.344620 -0.308816 0.003650
v -0.340754 -0.310103 0.007164
v -0.339213 -0.311491 0.003650
v -0.338364 -0.313472 0.007164
v -0.350875 -0.347379 0.003650
v -0.350027 -0.349360 0.007164
v -0.351223 -0.296345 0.007164
v -0.347150 -0.293764 0.003650
v -0.344620 -0.293573 0.007164
v -0.340277 -0.294670 0.003650
v -0.342090 -0.304865 0.007164
v -0.340277 -0.303960 0.003650
v -0.350359 -0.284578 0.003650
v -0.346672 -0.287349 0.007164
v -0.365351 -0.298395 0.048640
v -0.368865 -0.298395 0.048640
v -0.368865 -0.283475 0.020060
v -0.365351 -0.283475 0.020060
v -0.365351 -0.283475 0.035730
v -0.368865 -0.283475 0.035730
v -0.368865 -0.302670 0.011092
v -0.365351 -0.302670 0.011324
v -0.368865 -0.306946 0.042518
v -0.365351 -0.306946 0.042518
v -0.368865 -0.309410 0.032737
v -0.365351 -0.309410 0.032737
v -0.368865 -0.312894 0.035730
v -0.365351 -0.312894 0.035730
v -0.365351 -0.304494 0.032737
v -0.368865 -0.305467 0.031197
v -0.368865 -0.308079 0.027895
v -0.365351 -0.308079 0.027895
v -0.368865 -0.309410 0.023053
v -0.365351 -0.309410 0.023053
v -0.368865 -0.312894 0.020060
v -0.365351 -0.312894 0.020060
v -0.365351 -0.347956 0.035730
v -0.368865 -0.294135 0.032737
v -0.365351 -0.293162 0.031197
v -0.368865 -0.293162 0.024593
v -0.368865 -0.297336 0.020060
v -0.365351 -0.297336 0.020060
v -0.368865 -0.301293 0.020060
v -0.365351 -0.301293 0.020060
v -0.365351 -0.294135 0.023053
v -0.368865 -0.301293 0.035730
v -0.365351 -0.301293 0.035730
v -0.365351 -0.305467 0.024593
v -0.368865 -0.304494 0.023053
v -0.368865 -0.297336 0.035730
v -0.365351 -0.297336 0.035730
v -0.365351 -0.286959 0.032737
v -0.368865 -0.286959 0.032737
v -0.337593 -0.233059 0.007164
v -0.337593 -0.233059 0.003650
v -0.351647 -0.233059 0.003650
v -0.351647 -0.233059 0.007164
v -0.337593 -0.236607 0.007164
v -0.337593 -0.236607 0.003650
v -0.351647 -0.236607 0.003650
v -0.350711 -0.238427 0.007164
v -0.350359 -0.247309 0.007164
v -0.349853 -0.246603 0.003650
v -0.347581 -0.240350 0.003650
v -0.344620 -0.244334 0.007164
v -0.344620 -0.244334 0.003650
v -0.340754 -0.245621 0.007164
v -0.339213 -0.247009 0.003650
v -0.338364 -0.248991 0.007164
v -0.350875 -0.282897 0.007164
v -0.344620 -0.287553 0.003650
v -0.339387 -0.285284 0.007164
v -0.338880 -0.284578 0.003650
v -0.347581 -0.229315 0.007164
v -0.348963 -0.230188 0.003650
v -0.342090 -0.229282 0.003650
v -0.340277 -0.230188 0.007164
v -0.342090 -0.240383 0.007164
v -0.340277 -0.239478 0.003650
v -0.368865 -0.147753 0.048640
v -0.365351 -0.143758 0.048640
v -0.368865 -0.218993 0.020060
v -0.365351 -0.218993 0.020060
v -0.368865 -0.218993 0.035730
v -0.365351 -0.218993 0.035730
v -0.365351 -0.238189 0.011324
v -0.368865 -0.238189 0.011092
v -0.368865 -0.242464 0.042518
v -0.365351 -0.242464 0.042518
v -0.368865 -0.244928 0.032737
v -0.365351 -0.244928 0.032737
v -0.368865 -0.248413 0.035730
v -0.365351 -0.248413 0.035730
v -0.365351 -0.240012 0.032737
v -0.368865 -0.240985 0.031197
v -0.368865 -0.243597 0.027895
v -0.365351 -0.243597 0.027895
v -0.368865 -0.244928 0.023053
v -0.365351 -0.244928 0.023053
v -0.368865 -0.248413 0.020060
v -0.365351 -0.248413 0.020060
v -0.368865 -0.288290 0.027895
v -0.365351 -0.288290 0.027895
v -0.368865 -0.286959 0.023053
v -0.365351 -0.286959 0.023053
v -0.368865 -0.229654 0.032737
v -0.365351 -0.228680 0.031197
v -0.368865 -0.228680 0.024593
v -0.368865 -0.232854 0.020060
v -0.365351 -0.232854 0.020060
v -0.368865 -0.236811 0.020060
v -0.365351 -0.236811 0.020060
v -0.365351 -0.229654 0.023053
v -0.368865 -0.236811 0.035730
v -0.365351 -0.236811 0.035730
v -0.365351 -0.240985 0.024593
v -0.368865 -0.240012 0.023053
v -0.368865 -0.232854 0.035730
v -0.365351 -0.232854 0.035730
v -0.365351 -0.223808 0.027895
v -0.368865 -0.223808 0.027895
v -0.365351 -0.222477 0.023053
v -0.368865 -0.222477 0.023053
v -0.323875 -0.165171 0.007164
v -0.329847 -0.160911 0.007164
v -0.338529 -0.155065 0.003650
v -0.359392 -0.160911 0.003650
v -0.361266 -0.158780 0.007164
v -0.337593 -0.172125 0.007164
v -0.338017 -0.173321 0.003650
v -0.351223 -0.173321 0.003650
v -0.350711 -0.173945 0.007164
v -0.350359 -0.182827 0.007164
v -0.346672 -0.180057 0.003650
v -0.350875 -0.184509 0.003650
v -0.344620 -0.179852 0.007164
v -0.338880 -0.182827 0.007164
v -0.339387 -0.182121 0.003650
v -0.350359 -0.220097 0.003650
v -0.349853 -0.220802 0.007164
v -0.344620 -0.223071 0.003650
v -0.344620 -0.223071 0.007164
v -0.339213 -0.220396 0.007164
v -0.338364 -0.218415 0.003650
v -0.340754 -0.221784 0.003650
v -0.347581 -0.164833 0.007164
v -0.346727 -0.164589 0.003650
v -0.337593 -0.168577 0.007164
v -0.338325 -0.167152 0.003650
v -0.340277 -0.165706 0.007164
v -0.342090 -0.175901 0.007164
v -0.351647 -0.168577 0.007164
v -0.351647 -0.168577 0.003650
v -0.344620 -0.176092 0.003650
v -0.342090 -0.157021 0.007164
v -0.368865 -0.153449 0.020060
v -0.365351 -0.155037 0.020877
v -0.365351 -0.153449 0.035730
v -0.368865 -0.153449 0.035730
v -0.365351 -0.177982 0.013271
v -0.368865 -0.177982 0.013271
v -0.368865 -0.177982 0.042518
v -0.365351 -0.177982 0.042518
v -0.368865 -0.180446 0.032737
v -0.365351 -0.180446 0.032737
v -0.368865 -0.183931 0.035730
v -0.365351 -0.183931 0.035730
v -0.365351 -0.175530 0.032737
v -0.368865 -0.176503 0.031197
v -0.368865 -0.179116 0.027895
v -0.365351 -0.179116 0.027895
v -0.368865 -0.180446 0.023053
v -0.365351 -0.180446 0.023053
v -0.368865 -0.183931 0.020060
v -0.365351 -0.183931 0.020060
v -0.368865 -0.222477 0.032737
v -0.365351 -0.222477 0.032737
v -0.368865 -0.165172 0.032737
v -0.365351 -0.164199 0.031197
v -0.368865 -0.164199 0.024593
v -0.368865 -0.168373 0.020060
v -0.365351 -0.168373 0.020060
v -0.368865 -0.172329 0.020060
v -0.365351 -0.172329 0.020060
v -0.365351 -0.165172 0.023053
v -0.368865 -0.172329 0.035730
v -0.365351 -0.172329 0.035730
v -0.365351 -0.176503 0.024593
v -0.368865 -0.175530 0.023053
v -0.368865 -0.168373 0.035730
v -0.365351 -0.168373 0.035730
v -0.365351 -0.157872 0.027895
v -0.368865 -0.156650 0.008913
v -0.363602 -0.156650 0.003650
v -0.323875 0.363169 0.003649
v -0.323875 0.363169 0.007163
v -0.338325 0.296704 0.003649
v -0.337593 0.298128 0.007163
v -0.351647 0.298128 0.007163
v -0.363836 0.363169 0.007244
v -0.363602 0.363169 0.003649
v -0.339387 0.350354 0.003649
v -0.338880 0.349648 0.007163
v -0.337593 0.301677 0.003649
v -0.338325 0.303101 0.007163
v -0.351223 0.302872 0.007163
v -0.351647 0.301677 0.003649
v -0.350360 0.312379 0.003649
v -0.349853 0.311673 0.007163
v -0.344620 0.309404 0.003649
v -0.344620 0.309404 0.007163
v -0.340754 0.310691 0.003649
v -0.339213 0.312079 0.007163
v -0.338364 0.314060 0.003649
v -0.348486 0.351336 0.007163
v -0.346672 0.352419 0.003649
v -0.350875 0.347967 0.007163
v -0.350875 0.347967 0.003649
v -0.344620 0.352623 0.007163
v -0.351223 0.296933 0.003649
v -0.347150 0.294352 0.007163
v -0.344620 0.294161 0.003649
v -0.340277 0.295258 0.007163
v -0.340277 0.304548 0.003649
v -0.344620 0.305644 0.007163
v -0.347150 0.305453 0.003649
v -0.344620 0.288141 0.007163
v -0.344620 0.288141 0.003649
v -0.365351 0.363169 0.048640
v -0.368865 0.363169 0.048640
v -0.365351 0.298983 0.048640
v -0.368865 0.298983 0.048640
v -0.365351 0.284063 0.020059
v -0.368865 0.284063 0.020059
v -0.368865 0.284063 0.035730
v -0.365351 0.284063 0.035730
v -0.365351 0.348545 0.035729
v -0.368865 0.348545 0.035729
v -0.365351 0.348545 0.020059
v -0.368865 0.348545 0.020059
v -0.368865 0.303259 0.011092
v -0.365351 0.303259 0.011323
v -0.365351 0.307534 0.042518
v -0.368865 0.307534 0.042518
v -0.365351 0.309998 0.032737
v -0.368865 0.309998 0.032737
v -0.365351 0.313483 0.035729
v -0.368865 0.313483 0.035729
v -0.368865 0.305082 0.032737
v -0.365351 0.308667 0.027894
v -0.368865 0.308667 0.027894
v -0.365351 0.309998 0.023052
v -0.368865 0.309998 0.023052
v -0.365351 0.313483 0.020059
v -0.368865 0.313483 0.020059
v -0.365351 0.352029 0.032737
v -0.368865 0.352029 0.032737
v -0.365351 0.353360 0.027894
v -0.368865 0.353360 0.027894
v -0.365351 0.352029 0.023052
v -0.368865 0.352029 0.023052
v -0.365351 0.294724 0.032737
v -0.368865 0.293750 0.031196
v -0.365351 0.293750 0.024593
v -0.365351 0.297924 0.020059
v -0.368865 0.297924 0.020059
v -0.365351 0.301881 0.020059
v -0.368865 0.301881 0.020059
v -0.368865 0.294724 0.023052
v -0.365351 0.301881 0.035729
v -0.368865 0.301881 0.035729
v -0.365351 0.305082 0.023052
v -0.365351 0.297924 0.035729
v -0.368865 0.297924 0.035729
v -0.365351 0.306055 0.031196
v -0.368865 0.306055 0.024593
v -0.368865 0.287547 0.032737
v -0.365351 0.287547 0.032737
v -0.368865 0.287547 0.023052
v -0.365351 0.287547 0.023052
v -0.368865 0.363169 0.008913
v -0.366065 0.363169 0.004309
v -0.368205 0.363169 0.006450
v -0.338017 0.232451 0.003649
v -0.337593 0.233647 0.007163
v -0.351647 0.233647 0.007163
v -0.337593 0.237195 0.003649
v -0.337593 0.237195 0.007163
v -0.351647 0.237195 0.007163
v -0.350711 0.239015 0.003649
v -0.350360 0.247897 0.003649
v -0.346672 0.245127 0.007163
v -0.350875 0.249579 0.007163
v -0.344620 0.244922 0.003649
v -0.338880 0.247897 0.003649
v -0.339387 0.247191 0.007163
v -0.350360 0.285167 0.007163
v -0.349853 0.285872 0.003649
v -0.339213 0.285466 0.003649
v -0.338364 0.283485 0.007163
v -0.340754 0.286854 0.007163
v -0.351223 0.232451 0.003649
v -0.348963 0.230776 0.007163
v -0.344620 0.229679 0.003649
v -0.342090 0.229870 0.007163
v -0.340277 0.240066 0.007163
v -0.347581 0.240939 0.007163
v -0.342090 0.240971 0.003649
v -0.368865 0.182713 0.048640
v -0.365351 0.234501 0.048640
v -0.368865 0.219581 0.020059
v -0.365351 0.219581 0.020059
v -0.368865 0.219581 0.035730
v -0.365351 0.219581 0.035730
v -0.368865 0.238777 0.011092
v -0.365351 0.238777 0.011323
v -0.365351 0.243052 0.042518
v -0.368865 0.243052 0.042518
v -0.365351 0.245516 0.032737
v -0.368865 0.245516 0.032737
v -0.365351 0.249001 0.035730
v -0.368865 0.249001 0.035730
v -0.368865 0.240600 0.032737
v -0.365351 0.244186 0.027895
v -0.368865 0.244186 0.027894
v -0.365351 0.245516 0.023052
v -0.368865 0.245516 0.023052
v -0.365351 0.249001 0.020059
v -0.368865 0.249001 0.020059
v -0.365351 0.288878 0.027894
v -0.368865 0.288878 0.027894
v -0.365351 0.230242 0.032737
v -0.368865 0.229269 0.031196
v -0.365351 0.229269 0.024593
v -0.365351 0.233443 0.020059
v -0.368865 0.233443 0.020059
v -0.365351 0.237399 0.020059
v -0.368865 0.237399 0.020059
v -0.368865 0.230242 0.023052
v -0.365351 0.237399 0.035730
v -0.368865 0.237399 0.035730
v -0.365351 0.240600 0.023052
v -0.365351 0.233443 0.035730
v -0.368865 0.233443 0.035730
v -0.365351 0.241573 0.031196
v -0.368865 0.241573 0.024593
v -0.365351 0.224396 0.027894
v -0.368865 0.224396 0.027894
v -0.368865 0.223065 0.032737
v -0.365351 0.223065 0.032737
v -0.337593 0.169165 0.003649
v -0.337593 0.169165 0.007163
v -0.351647 0.169165 0.007163
v -0.351647 0.169165 0.003649
v -0.337593 0.172713 0.003649
v -0.338529 0.174533 0.007163
v -0.351647 0.172713 0.007163
v -0.350711 0.174533 0.003649
v -0.350360 0.183415 0.003649
v -0.346672 0.180645 0.007163
v -0.350875 0.185097 0.007163
v -0.344620 0.180440 0.003649
v -0.338880 0.183415 0.003649
v -0.339387 0.182709 0.007163
v -0.350360 0.220685 0.007163
v -0.349853 0.221390 0.003649
v -0.344620 0.223659 0.007163
v -0.344620 0.223659 0.003649
v -0.339213 0.220984 0.003649
v -0.338364 0.219003 0.007163
v -0.340754 0.222372 0.007163
v -0.348963 0.166294 0.003649
v -0.348963 0.166294 0.007163
v -0.342052 0.165173 0.003649
v -0.342090 0.165389 0.007163
v -0.347581 0.176457 0.007163
v -0.342090 0.176489 0.003649
v -0.344620 0.159177 0.007163
v -0.342568 0.158973 0.003649
v -0.340754 0.157890 0.007163
v -0.365351 0.170020 0.048640
v -0.365351 0.155099 0.020059
v -0.368865 0.155099 0.020059
v -0.365351 0.155099 0.035730
v -0.368865 0.155099 0.035730
v -0.365351 0.178570 0.013271
v -0.368865 0.174295 0.011092
v -0.365351 0.178570 0.042518
v -0.365351 0.181035 0.032737
v -0.368865 0.181035 0.032737
v -0.365351 0.184519 0.035730
v -0.368865 0.184519 0.035730
v -0.368865 0.176118 0.032737
v -0.365351 0.179704 0.027895
v -0.368865 0.179704 0.027895
v -0.365351 0.181035 0.023052
v -0.368865 0.181035 0.023052
v -0.365351 0.184519 0.020059
v -0.368865 0.184519 0.020059
v -0.365351 0.223065 0.023052
v -0.368865 0.223065 0.023052
v -0.365351 0.165760 0.032737
v -0.368865 0.164787 0.031196
v -0.365351 0.164537 0.027895
v -0.365351 0.167373 0.020876
v -0.368865 0.168961 0.020060
v -0.365351 0.172917 0.020060
v -0.368865 0.174505 0.020876
v -0.368865 0.165760 0.023052
v -0.365351 0.172917 0.035730
v -0.368865 0.172917 0.035730
v -0.365351 0.176118 0.023052
v -0.365351 0.168961 0.035730
v -0.368865 0.168961 0.035730
v -0.365351 0.177091 0.031196
v -0.368865 0.177341 0.027895
v -0.368865 0.158583 0.023052
v -0.365351 0.158583 0.023052
v -0.365351 0.170020 0.009375
v -0.338017 0.103487 0.003649
v -0.337593 0.104683 0.007163
v -0.351647 0.104683 0.007163
v -0.351647 0.104683 0.003649
v -0.338325 0.109656 0.003649
v -0.337593 0.108231 0.007163
v -0.351647 0.108231 0.007163
v -0.351647 0.108231 0.003649
v -0.350360 0.118933 0.003649
v -0.349853 0.118228 0.007163
v -0.344620 0.115958 0.003649
v -0.342568 0.116163 0.007163
v -0.338880 0.118933 0.003649
v -0.338364 0.120615 0.007163
v -0.350360 0.156203 0.007163
v -0.349853 0.156908 0.003649
v -0.338364 0.154521 0.003649
v -0.338364 0.154521 0.007163
v -0.347188 0.100691 0.003649
v -0.348963 0.101812 0.007163
v -0.342090 0.100907 0.007163
v -0.340277 0.111102 0.007163
v -0.347581 0.111975 0.007163
v -0.346727 0.112219 0.003649
v -0.349853 0.092426 0.003649
v -0.339213 0.092021 0.007163
v -0.368865 0.105538 0.048640
v -0.365351 0.112679 0.048640
v -0.365351 0.090617 0.020060
v -0.368865 0.090617 0.020060
v -0.368865 0.090617 0.035730
v -0.365351 0.090617 0.035730
v -0.368865 0.109813 0.011092
v -0.365351 0.114088 0.013271
v -0.368865 0.114088 0.042518
v -0.365351 0.116553 0.032737
v -0.368865 0.116553 0.032737
v -0.365351 0.120037 0.035730
v -0.368865 0.120037 0.035730
v -0.368865 0.111636 0.032737
v -0.365351 0.115448 0.025143
v -0.368865 0.115222 0.027895
v -0.368865 0.116553 0.023052
v -0.365351 0.120037 0.020060
v -0.368865 0.120037 0.020060
v -0.365351 0.158583 0.032737
v -0.368865 0.158583 0.032737
v -0.365351 0.159914 0.027895
v -0.368865 0.159914 0.027895
v -0.365351 0.101278 0.032737
v -0.368865 0.100305 0.031196
v -0.365351 0.100305 0.024593
v -0.365351 0.104479 0.020060
v -0.368865 0.104479 0.020060
v -0.365351 0.108435 0.020060
v -0.368865 0.108435 0.020060
v -0.368865 0.101278 0.023052
v -0.365351 0.108435 0.035730
v -0.368865 0.108435 0.035730
v -0.365351 0.111636 0.023052
v -0.365351 0.104479 0.035730
v -0.368865 0.104479 0.035730
v -0.365351 0.112609 0.031196
v -0.368865 0.112609 0.024593
v -0.368865 0.095432 0.027895
v -0.365351 0.095432 0.027895
v -0.368865 0.094101 0.032737
v -0.365351 0.094101 0.032737
v -0.368865 0.094101 0.023052
v -0.365351 0.094101 0.023052
v -0.365351 0.105538 0.009375
v -0.337593 0.040201 0.003650
v -0.337593 0.040201 0.007164
v -0.351647 0.040201 0.007164
v -0.352082 0.041975 0.003650
v -0.337593 0.043749 0.003650
v -0.337593 0.043749 0.007164
v -0.351647 0.043749 0.007164
v -0.350360 0.054451 0.003650
v -0.346672 0.051681 0.007164
v -0.350875 0.056133 0.007164
v -0.348963 0.046620 0.003650
v -0.344620 0.051477 0.003650
v -0.339213 0.054151 0.003650
v -0.340754 0.052764 0.007164
v -0.338364 0.056133 0.007164
v -0.350360 0.091721 0.007163
v -0.344620 0.094696 0.007163
v -0.342568 0.094491 0.003649
v -0.338364 0.090039 0.003649
v -0.347188 0.036209 0.003650
v -0.347150 0.036425 0.007164
v -0.340277 0.037330 0.003650
v -0.340277 0.037330 0.007164
v -0.340277 0.046620 0.007164
v -0.347150 0.047526 0.007164
v -0.342090 0.047526 0.003650
v -0.344620 0.030214 0.007164
v -0.342568 0.030009 0.003650
v -0.349853 0.027945 0.003650
v -0.365351 0.041056 0.048640
v -0.368865 0.041056 0.048640
v -0.365351 0.026135 0.020060
v -0.368865 0.026135 0.020060
v -0.368865 0.026135 0.035730
v -0.365351 0.026135 0.035730
v -0.368865 0.045331 0.011092
v -0.365351 0.049606 0.013271
v -0.365351 0.049606 0.042518
v -0.368865 0.049606 0.042518
v -0.365351 0.052071 0.032737
v -0.368865 0.052071 0.032737
v -0.365351 0.055555 0.035730
v -0.368865 0.055555 0.035730
v -0.368865 0.047154 0.032737
v -0.365351 0.050740 0.027895
v -0.368865 0.050740 0.027895
v -0.365351 0.052071 0.023052
v -0.368865 0.052071 0.023052
v -0.365351 0.055555 0.020060
v -0.368865 0.055555 0.020060
v -0.365351 0.036796 0.032737
v -0.368865 0.035823 0.031196
v -0.365351 0.035823 0.024593
v -0.365351 0.039997 0.020060
v -0.368865 0.039997 0.020060
v -0.365351 0.043953 0.020060
v -0.368865 0.043953 0.020060
v -0.368865 0.036796 0.023052
v -0.365351 0.043953 0.035730
v -0.368865 0.043953 0.035730
v -0.365351 0.047154 0.023052
v -0.365351 0.039997 0.035730
v -0.368865 0.039997 0.035730
v -0.365351 0.048127 0.031196
v -0.368865 0.048127 0.024593
v -0.368865 0.030950 0.027895
v -0.365351 0.030950 0.027895
v -0.368865 0.029619 0.032737
v -0.365351 0.029619 0.032737
v -0.368865 0.029619 0.023052
v -0.365351 0.029619 0.023052
v -0.365351 0.041056 0.009375
v -0.337593 -0.024281 0.003650
v -0.337593 -0.024281 0.007164
v -0.351647 -0.024281 0.007164
v -0.351647 -0.024281 0.003650
v -0.337593 -0.020733 0.003650
v -0.337593 -0.020732 0.007164
v -0.351647 -0.020733 0.007164
v -0.350711 -0.018912 0.003650
v -0.350360 -0.010031 0.003650
v -0.349853 -0.010736 0.007164
v -0.344620 -0.013005 0.003650
v -0.342568 -0.012801 0.007164
v -0.339387 -0.010736 0.003650
v -0.338364 -0.008349 0.007164
v -0.350360 0.027239 0.007164
v -0.338364 0.025557 0.003650
v -0.339387 0.027944 0.007164
v -0.347581 -0.028024 0.003650
v -0.348963 -0.027152 0.007164
v -0.342090 -0.028057 0.007164
v -0.340277 -0.027152 0.003650
v -0.340277 -0.017862 0.007164
v -0.347581 -0.016989 0.007164
v -0.342090 -0.016956 0.003650
v -0.348486 -0.035555 0.007164
v -0.350027 -0.036943 0.003650
v -0.368865 -0.023426 0.048640
v -0.365351 -0.023426 0.048640
v -0.365351 -0.038347 0.020060
v -0.368865 -0.038347 0.020060
v -0.368865 -0.038347 0.035730
v -0.365351 -0.038347 0.035730
v -0.368865 -0.019151 0.011092
v -0.365351 -0.014876 0.013271
v -0.365351 -0.014876 0.042518
v -0.368865 -0.014876 0.042518
v -0.365351 -0.012411 0.032737
v -0.368865 -0.012411 0.032737
v -0.365351 -0.008927 0.035730
v -0.368865 -0.008927 0.035730
v -0.368865 -0.017328 0.032737
v -0.365351 -0.018940 0.034913
v -0.365351 -0.013742 0.027895
v -0.368865 -0.013742 0.027895
v -0.365351 -0.012411 0.023052
v -0.368865 -0.012411 0.023052
v -0.365351 -0.008927 0.020060
v -0.368865 -0.008927 0.020060
v -0.365351 -0.027686 0.032737
v -0.368865 -0.028695 0.030716
v -0.365351 -0.028659 0.024593
v -0.365351 -0.024485 0.020060
v -0.368865 -0.024485 0.020060
v -0.365351 -0.020528 0.020060
v -0.368865 -0.020528 0.020060
v -0.368865 -0.027686 0.023052
v -0.368865 -0.020528 0.035730
v -0.365351 -0.017328 0.023052
v -0.365351 -0.024485 0.035730
v -0.368865 -0.024485 0.035730
v -0.365351 -0.016105 0.027895
v -0.368865 -0.016354 0.024593
v -0.368865 -0.034862 0.032737
v -0.365351 -0.034862 0.032737
v -0.365351 -0.023426 0.009375
v -0.337593 -0.088763 0.003650
v -0.337593 -0.088763 0.007164
v -0.351647 -0.088763 0.007164
v -0.351647 -0.088763 0.003650
v -0.337593 -0.085214 0.003650
v -0.337593 -0.085214 0.007164
v -0.351647 -0.085214 0.007164
v -0.350711 -0.083394 0.003650
v -0.350360 -0.074513 0.003650
v -0.349853 -0.075218 0.007164
v -0.344620 -0.077487 0.003650
v -0.342568 -0.077283 0.007164
v -0.339213 -0.074812 0.003650
v -0.338364 -0.072831 0.007164
v -0.350875 -0.038925 0.007164
v -0.342568 -0.034473 0.007164
v -0.344620 -0.034268 0.003650
v -0.338880 -0.037243 0.003650
v -0.338364 -0.038925 0.007164
v -0.348963 -0.091634 0.003650
v -0.348963 -0.091634 0.007164
v -0.342052 -0.092755 0.003650
v -0.342090 -0.092539 0.007164
v -0.340277 -0.082344 0.007164
v -0.347581 -0.081471 0.007164
v -0.342090 -0.081438 0.003650
v -0.365351 -0.102829 0.020060
v -0.368865 -0.102829 0.020060
v -0.365351 -0.102829 0.035730
v -0.368865 -0.102829 0.035730
v -0.368865 -0.083633 0.011092
v -0.365351 -0.079357 0.013271
v -0.365351 -0.079357 0.042518
v -0.368865 -0.079357 0.042518
v -0.365351 -0.076893 0.032737
v -0.368865 -0.076893 0.032737
v -0.365351 -0.073409 0.035730
v -0.368865 -0.073409 0.035730
v -0.368865 -0.081809 0.032737
v -0.365351 -0.078224 0.027895
v -0.368865 -0.078224 0.027895
v -0.365351 -0.076893 0.023052
v -0.368865 -0.076893 0.023052
v -0.365351 -0.073409 0.020060
v -0.368865 -0.073409 0.020060
v -0.365351 -0.033532 0.027895
v -0.368865 -0.033532 0.027895
v -0.365351 -0.034862 0.023052
v -0.368865 -0.034862 0.023052
v -0.365351 -0.092168 0.032737
v -0.368865 -0.093177 0.030715
v -0.365351 -0.093141 0.024593
v -0.365351 -0.088967 0.020060
v -0.368865 -0.088967 0.020060
v -0.365351 -0.085010 0.020060
v -0.368865 -0.085010 0.020060
v -0.368865 -0.092168 0.023052
v -0.365351 -0.085010 0.035730
v -0.368865 -0.085010 0.035730
v -0.365351 -0.081809 0.023052
v -0.365351 -0.088967 0.035730
v -0.368865 -0.088967 0.035730
v -0.365351 -0.080836 0.031197
v -0.368865 -0.080836 0.024593
v -0.368865 -0.098013 0.027895
v -0.365351 -0.098240 0.025144
v -0.368865 -0.099344 0.023052
v -0.365351 -0.087908 0.009376
v -0.337593 -0.149696 0.003650
v -0.337593 -0.149696 0.007164
v -0.351647 -0.149696 0.007164
v -0.350711 -0.147876 0.003650
v -0.350360 -0.138994 0.003650
v -0.346672 -0.141765 0.007164
v -0.350875 -0.137313 0.007164
v -0.344620 -0.141969 0.003650
v -0.339213 -0.139294 0.003650
v -0.340754 -0.140682 0.007164
v -0.338364 -0.137313 0.007164
v -0.350360 -0.101725 0.007164
v -0.346672 -0.098954 0.003650
v -0.350875 -0.103406 0.003650
v -0.344620 -0.098750 0.007164
v -0.338364 -0.103406 0.003650
v -0.339213 -0.101425 0.007164
v -0.340754 -0.100037 0.003650
v -0.347581 -0.156988 0.003650
v -0.350711 -0.155065 0.007164
v -0.337593 -0.153245 0.007164
v -0.340277 -0.146825 0.007164
v -0.351647 -0.153245 0.003650
v -0.347581 -0.145953 0.007164
v -0.342090 -0.145920 0.003650
v -0.368865 -0.143839 0.013271
v -0.365351 -0.150245 0.011323
v -0.365351 -0.141375 0.032737
v -0.368865 -0.142479 0.030646
v -0.365351 -0.137890 0.035730
v -0.368865 -0.137890 0.035730
v -0.368865 -0.146291 0.032737
v -0.365351 -0.142706 0.027895
v -0.365351 -0.141375 0.023052
v -0.368865 -0.141375 0.023052
v -0.365351 -0.137891 0.020060
v -0.368865 -0.137891 0.020060
v -0.365351 -0.099344 0.032737
v -0.368865 -0.099344 0.032737
v -0.365351 -0.156649 0.032737
v -0.368865 -0.157623 0.031196
v -0.365351 -0.149492 0.020060
v -0.368865 -0.147904 0.020877
v -0.368865 -0.156649 0.023053
v -0.365351 -0.149492 0.035730
v -0.368865 -0.149492 0.035730
v -0.365351 -0.146291 0.023053
v -0.365351 -0.145318 0.031196
v -0.368865 -0.145069 0.027895
v -0.365249 0.363169 0.008542
v -0.375529 -0.370358 0.560322
v -0.378343 -0.370358 0.560322
v -0.378343 -0.370358 0.603920
v -0.375445 -0.370358 0.604373
v -0.378343 -0.354923 0.576260
v -0.375529 -0.354923 0.576260
v -0.378343 -0.358344 0.587394
v -0.378343 -0.359436 0.580814
v -0.375529 -0.359650 0.583142
v -0.375529 -0.358344 0.578889
v -0.334053 -0.370358 0.605946
v -0.334053 -0.370358 0.609041
v -0.346963 -0.355509 0.605946
v -0.346963 -0.355509 0.609041
v -0.362633 -0.355509 0.605946
v -0.362633 -0.355509 0.609041
v -0.349956 -0.359047 0.605946
v -0.349956 -0.359047 0.609041
v -0.354798 -0.360398 0.605946
v -0.354798 -0.360398 0.609041
v -0.359640 -0.359047 0.605946
v -0.359640 -0.359047 0.609041
v -0.375689 -0.370358 0.608549
v -0.374243 -0.370358 0.605763
v -0.377756 -0.370358 0.606332
v -0.375529 -0.304320 0.575412
v -0.378343 -0.304320 0.575412
v -0.378343 -0.304320 0.590871
v -0.375529 -0.304320 0.590871
v -0.375529 -0.307923 0.575412
v -0.378343 -0.307923 0.575412
v -0.378343 -0.307923 0.590871
v -0.375529 -0.307923 0.590871
v -0.375529 -0.317075 0.587394
v -0.378343 -0.317075 0.587394
v -0.378343 -0.320496 0.590023
v -0.375529 -0.320496 0.590023
v -0.375529 -0.310837 0.587919
v -0.378343 -0.311721 0.586439
v -0.375529 -0.315768 0.583142
v -0.378343 -0.315768 0.583142
v -0.375529 -0.317075 0.578889
v -0.378343 -0.317075 0.578889
v -0.375529 -0.320496 0.576260
v -0.378343 -0.320496 0.576260
v -0.378343 -0.354923 0.590023
v -0.375529 -0.356844 0.589151
v -0.375529 -0.300522 0.586439
v -0.378343 -0.301405 0.587919
v -0.378343 -0.300522 0.579844
v -0.375529 -0.301405 0.578364
v -0.375529 -0.311721 0.579844
v -0.378343 -0.310837 0.578364
v -0.378343 -0.292873 0.587394
v -0.375529 -0.292873 0.587394
v -0.334053 -0.305188 0.605946
v -0.334053 -0.300667 0.609041
v -0.362633 -0.290038 0.609041
v -0.362633 -0.290038 0.605946
v -0.346963 -0.290038 0.605946
v -0.371555 -0.309528 0.609041
v -0.371369 -0.309528 0.605946
v -0.340175 -0.313869 0.605946
v -0.349956 -0.316372 0.609041
v -0.349956 -0.316372 0.605946
v -0.346963 -0.319909 0.609041
v -0.346963 -0.319909 0.605946
v -0.349956 -0.311380 0.605946
v -0.351505 -0.312368 0.609041
v -0.354798 -0.315020 0.609041
v -0.354798 -0.315020 0.605946
v -0.359640 -0.316372 0.609041
v -0.359640 -0.316372 0.605946
v -0.362633 -0.319909 0.609041
v -0.362633 -0.319909 0.605946
v -0.349956 -0.300863 0.609041
v -0.351505 -0.299874 0.605946
v -0.358092 -0.299874 0.609041
v -0.362633 -0.304113 0.609041
v -0.362633 -0.304113 0.605946
v -0.362633 -0.308130 0.609041
v -0.362633 -0.308130 0.605946
v -0.359640 -0.300863 0.605946
v -0.346963 -0.308130 0.609041
v -0.346963 -0.308130 0.605946
v -0.358092 -0.312368 0.605946
v -0.359640 -0.311380 0.609041
v -0.346963 -0.304113 0.609041
v -0.346963 -0.304113 0.605946
v -0.349956 -0.293576 0.605946
v -0.352060 -0.294699 0.609041
v -0.375529 -0.238849 0.575412
v -0.378343 -0.238849 0.575412
v -0.378343 -0.238849 0.590871
v -0.375529 -0.238849 0.590871
v -0.375529 -0.242452 0.575412
v -0.378343 -0.242452 0.575412
v -0.378343 -0.242452 0.590871
v -0.375529 -0.242452 0.590871
v -0.375529 -0.251604 0.587394
v -0.378343 -0.251604 0.587394
v -0.378343 -0.255025 0.590023
v -0.375529 -0.255025 0.590023
v -0.375529 -0.245366 0.587919
v -0.378343 -0.246250 0.586439
v -0.375529 -0.250297 0.583142
v -0.378343 -0.250297 0.583142
v -0.375529 -0.251604 0.578889
v -0.378343 -0.253103 0.577132
v -0.375529 -0.255025 0.576260
v -0.378343 -0.289451 0.590023
v -0.375529 -0.289451 0.590023
v -0.378343 -0.294179 0.583142
v -0.375529 -0.294179 0.583142
v -0.375529 -0.291373 0.577132
v -0.378343 -0.289451 0.576260
v -0.378343 -0.292873 0.578889
v -0.375529 -0.235051 0.586439
v -0.378343 -0.235934 0.587919
v -0.378343 -0.235051 0.579844
v -0.375529 -0.235934 0.578364
v -0.375529 -0.246250 0.579844
v -0.378343 -0.245366 0.578364
v -0.334053 -0.204818 0.605946
v -0.362633 -0.224567 0.609041
v -0.362633 -0.224567 0.605946
v -0.346963 -0.224567 0.609041
v -0.346963 -0.224567 0.605946
v -0.371369 -0.244057 0.605946
v -0.369422 -0.248398 0.609041
v -0.340086 -0.248398 0.609041
v -0.340175 -0.248398 0.605946
v -0.349956 -0.250901 0.609041
v -0.349956 -0.250901 0.605946
v -0.346963 -0.254438 0.609041
v -0.346963 -0.254438 0.605946
v -0.349956 -0.245909 0.605946
v -0.351505 -0.246897 0.609041
v -0.354798 -0.249549 0.609041
v -0.354798 -0.249549 0.605946
v -0.359640 -0.250901 0.609041
v -0.359640 -0.250901 0.605946
v -0.362633 -0.254438 0.609041
v -0.362633 -0.254438 0.605946
v -0.346963 -0.290038 0.609041
v -0.354798 -0.294927 0.605946
v -0.359640 -0.293576 0.609041
v -0.359640 -0.293576 0.605946
v -0.349956 -0.235392 0.609041
v -0.351505 -0.234403 0.605946
v -0.358092 -0.234403 0.609041
v -0.362633 -0.238642 0.609041
v -0.362633 -0.238642 0.605946
v -0.362633 -0.242659 0.609041
v -0.362633 -0.242659 0.605946
v -0.359640 -0.235392 0.605946
v -0.346963 -0.242659 0.609041
v -0.346963 -0.242659 0.605946
v -0.358092 -0.246897 0.605946
v -0.359640 -0.245909 0.609041
v -0.346963 -0.238642 0.609041
v -0.346963 -0.238642 0.605946
v -0.354798 -0.229456 0.605946
v -0.354798 -0.229456 0.609041
v -0.359640 -0.228105 0.605946
v -0.359640 -0.228105 0.609041
v -0.373688 -0.177933 0.609041
v -0.378343 -0.169920 0.560322
v -0.375529 -0.169920 0.560322
v -0.375529 -0.165594 0.566892
v -0.378343 -0.165594 0.566892
v -0.378343 -0.165594 0.599391
v -0.375529 -0.163431 0.601452
v -0.375529 -0.176981 0.575412
v -0.378343 -0.176981 0.575412
v -0.378343 -0.176981 0.590871
v -0.375529 -0.175179 0.591323
v -0.375529 -0.186133 0.587394
v -0.378343 -0.186133 0.587394
v -0.378343 -0.189554 0.590023
v -0.375529 -0.189554 0.590023
v -0.375529 -0.179895 0.587919
v -0.378343 -0.180811 0.585983
v -0.375529 -0.184826 0.583142
v -0.378343 -0.184826 0.583142
v -0.375529 -0.186133 0.578889
v -0.378343 -0.186133 0.578889
v -0.375529 -0.189554 0.576260
v -0.378343 -0.189554 0.576260
v -0.378343 -0.227402 0.587394
v -0.375529 -0.227402 0.587394
v -0.378343 -0.223981 0.590023
v -0.375529 -0.223981 0.590023
v -0.378343 -0.228708 0.583142
v -0.375529 -0.228708 0.583142
v -0.375529 -0.223981 0.576260
v -0.378343 -0.223981 0.576260
v -0.375529 -0.227402 0.578889
v -0.378343 -0.227402 0.578889
v -0.375529 -0.169580 0.586439
v -0.378343 -0.170463 0.587919
v -0.378343 -0.169580 0.579844
v -0.375529 -0.173378 0.575412
v -0.378343 -0.173378 0.575412
v -0.375529 -0.170463 0.578364
v -0.375529 -0.180779 0.579844
v -0.378343 -0.179895 0.578364
v -0.378343 -0.173378 0.590871
v -0.375529 -0.161609 0.579844
v -0.362633 -0.173171 0.605946
v -0.346963 -0.158018 0.605946
v -0.369422 -0.182927 0.605946
v -0.340175 -0.182927 0.605946
v -0.349956 -0.185430 0.609041
v -0.349956 -0.185430 0.605946
v -0.346963 -0.188967 0.609041
v -0.346963 -0.188967 0.605946
v -0.349956 -0.180438 0.605946
v -0.351505 -0.181426 0.609041
v -0.354798 -0.184078 0.609041
v -0.354798 -0.184078 0.605946
v -0.359640 -0.185430 0.609041
v -0.359640 -0.185430 0.605946
v -0.362633 -0.188967 0.609041
v -0.362633 -0.188967 0.605946
v -0.349956 -0.228105 0.609041
v -0.349956 -0.228105 0.605946
v -0.349956 -0.169921 0.609041
v -0.351505 -0.168932 0.605946
v -0.354798 -0.168679 0.609041
v -0.362633 -0.177188 0.609041
v -0.361803 -0.171542 0.609041
v -0.359640 -0.169921 0.605946
v -0.346963 -0.177188 0.609041
v -0.346963 -0.177188 0.605946
v -0.361803 -0.178817 0.605946
v -0.359640 -0.180438 0.609041
v -0.346963 -0.173171 0.609041
v -0.346963 -0.173171 0.605946
v -0.354798 -0.181679 0.605946
v -0.373317 -0.161268 0.605946
v -0.378343 -0.169920 0.603920
v -0.378343 0.368985 0.560322
v -0.375529 0.368985 0.560322
v -0.378343 0.300486 0.575411
v -0.375529 0.300486 0.575411
v -0.378343 0.300486 0.590871
v -0.375529 0.300486 0.590871
v -0.375529 0.351089 0.590022
v -0.378343 0.351089 0.590022
v -0.378343 0.353011 0.577132
v -0.375529 0.351089 0.576260
v -0.378343 0.304089 0.575411
v -0.375529 0.304089 0.575411
v -0.375529 0.304089 0.590871
v -0.378343 0.304089 0.590871
v -0.378343 0.313242 0.587394
v -0.375529 0.313242 0.587394
v -0.375529 0.316663 0.590022
v -0.378343 0.316663 0.590022
v -0.378343 0.307004 0.587918
v -0.378343 0.311935 0.583141
v -0.375529 0.311935 0.583141
v -0.378343 0.313242 0.578888
v -0.375529 0.314741 0.577132
v -0.378343 0.316663 0.576260
v -0.375529 0.354510 0.587394
v -0.378343 0.354510 0.587394
v -0.375529 0.355817 0.583141
v -0.378343 0.355817 0.583141
v -0.375529 0.354510 0.578888
v -0.378343 0.296688 0.586438
v -0.375529 0.297572 0.587918
v -0.375529 0.296688 0.579844
v -0.378343 0.297572 0.578364
v -0.375529 0.307004 0.578364
v -0.375529 0.307887 0.586438
v -0.378343 0.307887 0.579844
v -0.375529 0.290346 0.583141
v -0.378343 0.290346 0.583141
v -0.334053 0.368985 0.605945
v -0.334053 0.368985 0.609041
v -0.334053 0.301354 0.605945
v -0.334053 0.301354 0.609041
v -0.362633 0.286205 0.605945
v -0.362633 0.286205 0.609041
v -0.346963 0.286205 0.609041
v -0.346963 0.286205 0.605945
v -0.346963 0.351676 0.605945
v -0.346963 0.351676 0.609041
v -0.362633 0.351676 0.605945
v -0.362633 0.351676 0.609041
v -0.371555 0.305695 0.609041
v -0.371370 0.305695 0.605945
v -0.340175 0.310036 0.605945
v -0.340086 0.310036 0.609041
v -0.349956 0.312538 0.605945
v -0.349956 0.312538 0.609041
v -0.346963 0.316076 0.605945
v -0.346963 0.316076 0.609041
v -0.349956 0.307546 0.609041
v -0.354798 0.311187 0.605945
v -0.354798 0.311187 0.609041
v -0.359641 0.312538 0.605945
v -0.359641 0.312538 0.609041
v -0.362633 0.316076 0.605945
v -0.362633 0.316076 0.609041
v -0.349956 0.355213 0.605945
v -0.349956 0.355213 0.609041
v -0.354798 0.356565 0.605945
v -0.354798 0.356565 0.609041
v -0.359641 0.355213 0.605945
v -0.359641 0.355213 0.609041
v -0.349956 0.297029 0.605945
v -0.351505 0.296041 0.609041
v -0.358092 0.296041 0.605945
v -0.362633 0.300279 0.605945
v -0.362633 0.300279 0.609041
v -0.362633 0.304296 0.605945
v -0.362633 0.304296 0.609041
v -0.359641 0.297029 0.609041
v -0.346963 0.304296 0.605945
v -0.346963 0.304296 0.609041
v -0.359641 0.307546 0.605945
v -0.346963 0.300279 0.605945
v -0.346963 0.300279 0.609041
v -0.351505 0.308535 0.605945
v -0.358092 0.308535 0.609041
v -0.349956 0.289743 0.609041
v -0.349956 0.289743 0.605945
v -0.359641 0.289743 0.609041
v -0.359641 0.289743 0.605945
v -0.375394 0.368985 0.604462
v -0.378343 0.368985 0.603920
v -0.375320 0.368985 0.608828
v -0.377756 0.368985 0.606332
v -0.378343 0.235015 0.575412
v -0.375529 0.235015 0.575412
v -0.375529 0.235015 0.590871
v -0.378343 0.235015 0.590871
v -0.378343 0.238618 0.575412
v -0.375529 0.238618 0.575412
v -0.375529 0.238618 0.590871
v -0.378343 0.238618 0.590871
v -0.378343 0.247771 0.587394
v -0.375529 0.247771 0.587394
v -0.375529 0.251192 0.590022
v -0.378343 0.251192 0.590022
v -0.378343 0.241533 0.587919
v -0.378343 0.246464 0.583141
v -0.375529 0.246464 0.583141
v -0.378343 0.247771 0.578889
v -0.375529 0.247771 0.578889
v -0.378343 0.251192 0.576260
v -0.375529 0.251192 0.576260
v -0.375529 0.289039 0.587394
v -0.378343 0.289039 0.587394
v -0.375529 0.285618 0.590022
v -0.378343 0.285618 0.590022
v -0.378343 0.285618 0.576260
v -0.375529 0.285618 0.576260
v -0.378343 0.289039 0.578888
v -0.375529 0.289039 0.578888
v -0.378343 0.231217 0.586438
v -0.375529 0.232101 0.587919
v -0.375529 0.231217 0.579844
v -0.378343 0.232101 0.578364
v -0.375529 0.241533 0.578364
v -0.375529 0.242416 0.586439
v -0.378343 0.242416 0.579844
v -0.334053 0.235883 0.609041
v -0.334053 0.235883 0.605946
v -0.362633 0.220734 0.609041
v -0.362633 0.220734 0.605946
v -0.346963 0.220734 0.609041
v -0.346963 0.220734 0.605946
v -0.369422 0.244565 0.609041
v -0.371370 0.240224 0.605946
v -0.340175 0.244565 0.605946
v -0.340086 0.244565 0.609041
v -0.349956 0.247067 0.605946
v -0.349956 0.247067 0.609041
v -0.346963 0.250605 0.605946
v -0.346963 0.250605 0.609041
v -0.349956 0.242075 0.609041
v -0.354798 0.245716 0.605946
v -0.354798 0.245716 0.609041
v -0.359641 0.247067 0.605946
v -0.359641 0.247067 0.609041
v -0.362633 0.250605 0.605946
v -0.362633 0.250605 0.609041
v -0.354798 0.291094 0.605945
v -0.354798 0.291094 0.609041
v -0.351989 0.230532 0.605946
v -0.349956 0.231558 0.609041
v -0.354798 0.230317 0.609041
v -0.362633 0.234808 0.605946
v -0.361803 0.233179 0.609041
v -0.362633 0.238825 0.605946
v -0.362633 0.238825 0.609041
v -0.359641 0.231558 0.605946
v -0.346963 0.238825 0.605946
v -0.346963 0.238825 0.609041
v -0.359641 0.242075 0.605946
v -0.346963 0.234808 0.605946
v -0.346963 0.234808 0.609041
v -0.351505 0.243064 0.605946
v -0.358092 0.243064 0.609041
v -0.354798 0.225623 0.605946
v -0.354798 0.225623 0.609041
v -0.349956 0.224272 0.609041
v -0.349956 0.224272 0.605946
v -0.373688 0.235883 0.609041
v -0.378343 0.169544 0.575412
v -0.375529 0.169544 0.575412
v -0.375529 0.169544 0.590871
v -0.378343 0.169544 0.590871
v -0.378343 0.173147 0.575412
v -0.375529 0.173147 0.575412
v -0.375529 0.173147 0.590871
v -0.378343 0.173147 0.590871
v -0.378343 0.182300 0.587394
v -0.375529 0.182300 0.587394
v -0.375529 0.185721 0.590022
v -0.378343 0.185721 0.590022
v -0.378343 0.176062 0.587919
v -0.378343 0.180993 0.583141
v -0.375529 0.180993 0.583141
v -0.378343 0.182300 0.578889
v -0.375529 0.183799 0.577132
v -0.378343 0.185721 0.576260
v -0.375529 0.223568 0.587394
v -0.378343 0.223568 0.587394
v -0.375529 0.220147 0.590022
v -0.378343 0.220147 0.590022
v -0.375529 0.224875 0.583141
v -0.378343 0.224875 0.583141
v -0.378343 0.222069 0.577132
v -0.375529 0.220147 0.576260
v -0.375529 0.223568 0.578889
v -0.378343 0.165746 0.586438
v -0.375529 0.166630 0.587919
v -0.375529 0.165746 0.579844
v -0.378343 0.166630 0.578364
v -0.375529 0.176062 0.578364
v -0.375529 0.176945 0.586438
v -0.378343 0.176945 0.579844
v -0.375529 0.159404 0.583141
v -0.378343 0.159404 0.583141
v -0.375529 0.158097 0.578889
v -0.378343 0.158097 0.578889
v -0.334053 0.170412 0.605946
v -0.334053 0.114135 0.609041
v -0.362633 0.155263 0.605946
v -0.362633 0.155263 0.609041
v -0.346963 0.155263 0.605946
v -0.346963 0.155263 0.609041
v -0.371370 0.174753 0.605946
v -0.369422 0.179094 0.609041
v -0.340175 0.179094 0.605946
v -0.340086 0.179094 0.609041
v -0.349956 0.181596 0.605946
v -0.349956 0.181596 0.609041
v -0.346963 0.185134 0.605946
v -0.346963 0.185134 0.609041
v -0.349956 0.176604 0.609041
v -0.354798 0.180245 0.605946
v -0.354798 0.180245 0.609041
v -0.359641 0.181596 0.605946
v -0.359641 0.181596 0.609041
v -0.362633 0.185134 0.605946
v -0.362633 0.185134 0.609041
v -0.359641 0.224272 0.605946
v -0.359641 0.224272 0.609041
v -0.349956 0.166087 0.605946
v -0.351505 0.165099 0.609041
v -0.358092 0.165099 0.605946
v -0.362633 0.169337 0.605946
v -0.362633 0.169337 0.609041
v -0.362633 0.173354 0.605946
v -0.362633 0.173354 0.609041
v -0.359641 0.166087 0.609041
v -0.346963 0.173354 0.605946
v -0.346963 0.173354 0.609041
v -0.359641 0.176604 0.605946
v -0.346963 0.169337 0.605946
v -0.346963 0.169337 0.609041
v -0.351505 0.177593 0.605946
v -0.358092 0.177593 0.609041
v -0.359641 0.158801 0.609041
v -0.359641 0.158801 0.605946
v -0.373688 0.170412 0.609041
v -0.378343 0.104073 0.575412
v -0.375529 0.104073 0.575412
v -0.375529 0.104073 0.590871
v -0.378343 0.104073 0.590871
v -0.378343 0.107676 0.575412
v -0.375529 0.107676 0.575412
v -0.375529 0.107676 0.590871
v -0.378343 0.107676 0.590871
v -0.378343 0.116829 0.587394
v -0.375529 0.118328 0.589151
v -0.378343 0.120250 0.590022
v -0.378343 0.110591 0.587919
v -0.378343 0.115736 0.580814
v -0.375529 0.115522 0.583141
v -0.375529 0.116829 0.578889
v -0.378343 0.120250 0.576260
v -0.375529 0.120250 0.576260
v -0.375529 0.158097 0.587394
v -0.378343 0.158097 0.587394
v -0.375529 0.154676 0.590022
v -0.378343 0.154676 0.590022
v -0.378343 0.154676 0.576260
v -0.375529 0.154676 0.576260
v -0.378343 0.100275 0.586438
v -0.375529 0.101159 0.587919
v -0.375529 0.100275 0.579844
v -0.378343 0.101159 0.578364
v -0.375529 0.110591 0.578364
v -0.375529 0.111474 0.586438
v -0.378343 0.111474 0.579844
v -0.375529 0.092626 0.587394
v -0.378343 0.092626 0.587394
v -0.375529 0.092626 0.578889
v -0.378343 0.091127 0.577132
v -0.362633 0.089792 0.605946
v -0.362633 0.089792 0.609041
v -0.346963 0.089792 0.609041
v -0.334053 0.098023 0.605946
v -0.369422 0.113623 0.609041
v -0.369422 0.113623 0.605946
v -0.349956 0.116125 0.605946
v -0.352060 0.115003 0.609041
v -0.346963 0.119663 0.605946
v -0.346963 0.119663 0.609041
v -0.349956 0.111133 0.609041
v -0.354798 0.114774 0.605946
v -0.359641 0.116125 0.605946
v -0.359641 0.116125 0.609041
v -0.362633 0.119663 0.605946
v -0.362633 0.119663 0.609041
v -0.349956 0.158801 0.605946
v -0.349956 0.158801 0.609041
v -0.354798 0.160152 0.605946
v -0.354798 0.160152 0.609041
v -0.349956 0.100616 0.605946
v -0.351505 0.099628 0.609041
v -0.358092 0.099628 0.605946
v -0.362633 0.103866 0.605946
v -0.362633 0.103866 0.609041
v -0.362633 0.107883 0.605946
v -0.362633 0.107883 0.609041
v -0.359641 0.100616 0.609041
v -0.346963 0.107883 0.605946
v -0.346963 0.107883 0.609041
v -0.359641 0.111133 0.605946
v -0.346963 0.103866 0.605946
v -0.346963 0.103866 0.609041
v -0.351505 0.112122 0.605946
v -0.358092 0.112122 0.609041
v -0.354798 0.094681 0.609041
v -0.354798 0.094681 0.605946
v -0.349956 0.093329 0.609041
v -0.349956 0.093330 0.605946
v -0.359641 0.093330 0.609041
v -0.359641 0.093330 0.605946
v -0.373317 0.104941 0.605946
v -0.373688 0.104941 0.609041
v -0.378343 0.040404 0.574960
v -0.375529 0.038602 0.575412
v -0.375529 0.038602 0.590871
v -0.378343 0.038602 0.590871
v -0.375529 0.042205 0.575412
v -0.375529 0.042205 0.590871
v -0.378343 0.042205 0.590871
v -0.378343 0.051358 0.587394
v -0.375529 0.051358 0.587394
v -0.375529 0.054779 0.590023
v -0.378343 0.054779 0.590023
v -0.378343 0.045120 0.587919
v -0.378343 0.050051 0.583141
v -0.375529 0.050051 0.583141
v -0.378343 0.051358 0.578889
v -0.375529 0.052857 0.577132
v -0.378343 0.054779 0.576260
v -0.375529 0.089205 0.590023
v -0.378343 0.089205 0.590023
v -0.375529 0.093933 0.583141
v -0.378343 0.093933 0.583141
v -0.375529 0.089205 0.576260
v -0.378343 0.034804 0.586438
v -0.375529 0.035688 0.587919
v -0.375529 0.034772 0.580300
v -0.378343 0.035688 0.578364
v -0.375529 0.045120 0.578364
v -0.375529 0.046003 0.586439
v -0.378343 0.046003 0.579844
v -0.375529 0.028462 0.583141
v -0.378343 0.028462 0.583141
v -0.375529 0.027155 0.587394
v -0.378343 0.027155 0.587394
v -0.334053 -0.024495 0.605946
v -0.334053 -0.018032 0.609041
v -0.362633 0.024321 0.605946
v -0.362633 0.024321 0.609041
v -0.346963 0.024321 0.609041
v -0.346963 0.024321 0.605946
v -0.369422 0.048152 0.609041
v -0.369422 0.048152 0.605946
v -0.340175 0.048152 0.605946
v -0.340086 0.048152 0.609041
v -0.349956 0.050654 0.605946
v -0.349956 0.050654 0.609041
v -0.346963 0.054192 0.605946
v -0.346963 0.054192 0.609041
v -0.349956 0.045662 0.609041
v -0.354798 0.049303 0.605946
v -0.354798 0.049303 0.609041
v -0.359640 0.050654 0.605946
v -0.359640 0.050654 0.609041
v -0.362633 0.054192 0.605946
v -0.362633 0.054192 0.609041
v -0.346963 0.089792 0.605946
v -0.349956 0.035145 0.605946
v -0.351505 0.034157 0.609041
v -0.358092 0.034157 0.605946
v -0.362633 0.038395 0.605946
v -0.362633 0.038395 0.609041
v -0.362633 0.042412 0.605946
v -0.362633 0.042412 0.609041
v -0.359640 0.035145 0.609041
v -0.346963 0.042412 0.605946
v -0.346963 0.042412 0.609041
v -0.359641 0.045662 0.605946
v -0.346963 0.038395 0.605946
v -0.346963 0.038395 0.609041
v -0.351505 0.046651 0.605946
v -0.358092 0.046651 0.609041
v -0.354798 0.029210 0.609041
v -0.354798 0.029210 0.605946
v -0.349956 0.027859 0.609041
v -0.349956 0.027859 0.605946
v -0.359641 0.027859 0.609041
v -0.359641 0.027859 0.605946
v -0.373317 0.039470 0.605946
v -0.373688 0.039470 0.609041
v -0.378343 -0.026869 0.575412
v -0.375529 -0.026869 0.575412
v -0.375529 -0.026869 0.590871
v -0.378343 -0.026869 0.590871
v -0.378343 -0.023266 0.575412
v -0.375529 -0.023266 0.575412
v -0.375529 -0.023266 0.590871
v -0.378343 -0.023266 0.590871
v -0.378343 -0.014113 0.587394
v -0.375529 -0.014113 0.587394
v -0.375529 -0.010692 0.590023
v -0.378343 -0.010692 0.590023
v -0.378343 -0.020351 0.587919
v -0.378343 -0.015420 0.583141
v -0.375529 -0.015420 0.583141
v -0.378343 -0.014113 0.578889
v -0.375529 -0.014113 0.578889
v -0.378343 -0.010692 0.576260
v -0.375529 -0.010692 0.576260
v -0.375529 0.023734 0.590023
v -0.378343 0.023734 0.590023
v -0.378343 0.023734 0.576260
v -0.375529 0.023734 0.576260
v -0.378343 0.027155 0.578889
v -0.375529 0.027155 0.578889
v -0.378343 -0.030667 0.586439
v -0.375529 -0.029783 0.587919
v -0.375529 -0.030667 0.579844
v -0.378343 -0.029783 0.578364
v -0.375529 -0.020351 0.578364
v -0.375529 -0.019468 0.586439
v -0.378343 -0.019468 0.579844
v -0.375529 -0.038316 0.587394
v -0.378343 -0.038316 0.587394
v -0.362633 -0.041150 0.605946
v -0.362633 -0.041150 0.609041
v -0.346963 -0.041150 0.609041
v -0.369422 -0.017319 0.609041
v -0.369422 -0.017319 0.605946
v -0.349956 -0.014817 0.605946
v -0.349956 -0.014817 0.609041
v -0.346963 -0.011279 0.605946
v -0.346963 -0.011279 0.609041
v -0.349956 -0.019809 0.609041
v -0.354798 -0.016168 0.605946
v -0.354798 -0.016168 0.609041
v -0.359640 -0.014817 0.605946
v -0.359640 -0.014817 0.609041
v -0.362633 -0.011279 0.605946
v -0.362633 -0.011279 0.609041
v -0.349956 -0.030326 0.605946
v -0.351505 -0.031314 0.609041
v -0.354798 -0.031567 0.605946
v -0.361803 -0.028705 0.605946
v -0.362633 -0.027076 0.609041
v -0.362633 -0.023059 0.605946
v -0.361803 -0.021430 0.609041
v -0.359640 -0.030326 0.609041
v -0.346963 -0.023059 0.605946
v -0.346963 -0.023059 0.609041
v -0.359641 -0.019809 0.605946
v -0.346963 -0.027076 0.605946
v -0.346963 -0.027076 0.609041
v -0.351505 -0.018820 0.605946
v -0.354798 -0.018567 0.609041
v -0.349956 -0.037612 0.609041
v -0.349956 -0.037612 0.605946
v -0.373317 -0.026001 0.605946
v -0.373688 -0.026001 0.609041
v -0.378343 -0.090538 0.574960
v -0.375529 -0.092340 0.575412
v -0.375529 -0.092340 0.590871
v -0.378343 -0.092340 0.590871
v -0.375529 -0.088737 0.575412
v -0.375529 -0.088737 0.590871
v -0.378343 -0.088737 0.590871
v -0.378343 -0.079584 0.587394
v -0.375529 -0.079584 0.587394
v -0.375529 -0.076163 0.590023
v -0.378343 -0.076163 0.590023
v -0.378343 -0.085822 0.587919
v -0.378343 -0.080891 0.583141
v -0.375529 -0.080891 0.583141
v -0.378343 -0.079584 0.578889
v -0.375529 -0.079584 0.578889
v -0.378343 -0.076163 0.576260
v -0.375529 -0.076163 0.576260
v -0.375529 -0.041737 0.590023
v -0.378343 -0.041737 0.590023
v -0.375529 -0.037009 0.583141
v -0.378343 -0.037009 0.583141
v -0.378343 -0.041737 0.576260
v -0.375529 -0.041737 0.576260
v -0.378343 -0.038316 0.578889
v -0.375529 -0.038316 0.578889
v -0.378343 -0.096138 0.586439
v -0.375529 -0.095254 0.587919
v -0.375529 -0.096170 0.580300
v -0.378343 -0.095254 0.578364
v -0.375529 -0.085822 0.578364
v -0.375529 -0.084939 0.586438
v -0.378343 -0.084939 0.579844
v -0.334053 -0.091472 0.605946
v -0.334053 -0.165960 0.609041
v -0.362633 -0.106621 0.605946
v -0.362633 -0.106621 0.609041
v -0.346963 -0.106621 0.605946
v -0.346963 -0.106621 0.609041
v -0.369422 -0.082790 0.609041
v -0.369422 -0.082790 0.605946
v -0.340175 -0.082790 0.605946
v -0.340086 -0.082790 0.609041
v -0.349956 -0.080288 0.605946
v -0.349956 -0.080288 0.609041
v -0.346963 -0.076750 0.605946
v -0.346963 -0.076750 0.609041
v -0.349956 -0.085280 0.609041
v -0.357536 -0.081410 0.605946
v -0.354798 -0.081639 0.609041
v -0.359640 -0.080288 0.609041
v -0.362633 -0.076750 0.605946
v -0.362633 -0.076750 0.609041
v -0.346963 -0.041150 0.605946
v -0.354798 -0.036261 0.605946
v -0.354798 -0.036261 0.609041
v -0.359641 -0.037612 0.605946
v -0.359641 -0.037612 0.609041
v -0.349956 -0.095797 0.605946
v -0.351989 -0.096823 0.609041
v -0.354798 -0.097038 0.605946
v -0.361803 -0.094176 0.605946
v -0.362633 -0.092547 0.609041
v -0.362633 -0.088530 0.605946
v -0.362633 -0.088530 0.609041
v -0.359640 -0.095797 0.609041
v -0.346963 -0.088530 0.605946
v -0.346963 -0.088530 0.609041
v -0.359640 -0.085280 0.605946
v -0.346963 -0.092547 0.605946
v -0.346963 -0.092547 0.609041
v -0.351504 -0.084291 0.605946
v -0.357607 -0.084254 0.609041
v -0.354798 -0.101732 0.609041
v -0.354798 -0.101732 0.605946
v -0.359640 -0.103083 0.609041
v -0.359640 -0.103083 0.605946
v -0.373317 -0.091472 0.605946
v -0.373688 -0.091472 0.609041
v -0.378343 -0.154208 0.575412
v -0.375529 -0.154208 0.575412
v -0.375529 -0.154208 0.590871
v -0.378343 -0.154208 0.590871
v -0.378343 -0.145055 0.587394
v -0.375529 -0.145055 0.587394
v -0.375529 -0.141634 0.590023
v -0.378343 -0.141634 0.590023
v -0.378343 -0.151293 0.587919
v -0.378343 -0.146362 0.583142
v -0.375529 -0.146362 0.583142
v -0.378343 -0.143556 0.577132
v -0.375529 -0.145055 0.578889
v -0.375529 -0.141634 0.576260
v -0.375529 -0.103787 0.587394
v -0.378343 -0.103787 0.587394
v -0.375529 -0.107208 0.590023
v -0.378343 -0.107208 0.590023
v -0.375529 -0.102480 0.583142
v -0.378343 -0.102480 0.583142
v -0.378343 -0.107208 0.576260
v -0.375529 -0.107208 0.576260
v -0.378343 -0.103787 0.578889
v -0.375529 -0.103787 0.578889
v -0.378343 -0.161609 0.586439
v -0.375529 -0.160725 0.587919
v -0.378343 -0.157811 0.575412
v -0.375529 -0.157811 0.575412
v -0.378343 -0.160725 0.578364
v -0.375529 -0.151293 0.578364
v -0.378343 -0.157811 0.590871
v -0.375529 -0.157811 0.590871
v -0.375529 -0.150410 0.586439
v -0.378343 -0.150410 0.579844
v -0.369422 -0.148261 0.609041
v -0.369422 -0.148261 0.605946
v -0.340175 -0.148261 0.605946
v -0.349956 -0.145759 0.605946
v -0.349956 -0.145759 0.609041
v -0.346963 -0.142221 0.605946
v -0.346963 -0.142221 0.609041
v -0.349956 -0.150751 0.609041
v -0.347793 -0.152372 0.605946
v -0.354798 -0.147110 0.605946
v -0.354798 -0.147110 0.609041
v -0.359640 -0.145759 0.605946
v -0.359640 -0.145759 0.609041
v -0.362633 -0.142221 0.605946
v -0.362633 -0.142221 0.609041
v -0.349956 -0.103083 0.605946
v -0.349956 -0.103083 0.609041
v -0.349956 -0.161268 0.605946
v -0.347793 -0.159647 0.609041
v -0.358092 -0.162256 0.605946
v -0.354798 -0.162509 0.609041
v -0.362633 -0.158018 0.605946
v -0.362633 -0.158018 0.609041
v -0.362633 -0.154001 0.605946
v -0.362633 -0.154001 0.609041
v -0.359640 -0.161268 0.609041
v -0.346963 -0.154001 0.609041
v -0.359640 -0.150751 0.605946
v -0.354798 -0.149509 0.605946
v -0.358092 -0.149762 0.609041
v -0.374197 0.368985 0.605801
v -0.370734 -0.322482 0.003514
v -0.370734 -0.322482 0.000000
v -0.370734 -0.362209 0.000000
v -0.370734 -0.362557 0.003615
v -0.355072 -0.336972 0.000000
v -0.355072 -0.336972 0.003514
v -0.358543 -0.347094 0.000000
v -0.357147 -0.348614 0.003514
v -0.359661 -0.341200 0.000000
v -0.359869 -0.343227 0.003514
v -0.358543 -0.339361 0.003514
v -0.370734 -0.363958 0.044991
v -0.370734 -0.367472 0.044991
v -0.355667 -0.363958 0.032080
v -0.355667 -0.367472 0.032080
v -0.355667 -0.363958 0.016410
v -0.355667 -0.367472 0.016410
v -0.359257 -0.363958 0.029088
v -0.359257 -0.367472 0.029088
v -0.360628 -0.363958 0.024245
v -0.360628 -0.367472 0.024245
v -0.359257 -0.363958 0.019403
v -0.359257 -0.367472 0.019403
v -0.370734 -0.367472 0.005264
v -0.370734 -0.363828 0.004844
v -0.370734 -0.364672 0.000660
v -0.370734 -0.366812 0.002801
v -0.301824 -0.337161 0.003514
v -0.303724 -0.336200 0.000000
v -0.305552 -0.350698 0.003514
v -0.307380 -0.336200 0.003514
v -0.308877 -0.336957 0.000000
v -0.307380 -0.350254 0.000000
v -0.318374 -0.348952 0.003514
v -0.317654 -0.348442 0.000000
v -0.310338 -0.347570 0.003514
v -0.311488 -0.345312 0.000000
v -0.315341 -0.343227 0.003514
v -0.315549 -0.341200 0.000000
v -0.317654 -0.338013 0.003514
v -0.320138 -0.336972 0.000000
v -0.355072 -0.349483 0.000000
v -0.299866 -0.346174 0.003514
v -0.301824 -0.349294 0.000000
v -0.299866 -0.340281 0.000000
v -0.311272 -0.340719 0.003514
v -0.292108 -0.347093 0.000000
v -0.293226 -0.345254 0.003514
v -0.304605 -0.363958 0.044991
v -0.304605 -0.367472 0.044991
v -0.289232 -0.367472 0.016410
v -0.289232 -0.363958 0.016410
v -0.289232 -0.363958 0.032080
v -0.289232 -0.367472 0.032080
v -0.309009 -0.367472 0.007443
v -0.309009 -0.363958 0.007674
v -0.313414 -0.367472 0.038869
v -0.313414 -0.363958 0.038869
v -0.314813 -0.367472 0.026971
v -0.315953 -0.363958 0.029088
v -0.319543 -0.367472 0.032080
v -0.319543 -0.363958 0.032080
v -0.310888 -0.363958 0.029088
v -0.310888 -0.367472 0.029088
v -0.314582 -0.363958 0.024245
v -0.315953 -0.367472 0.019403
v -0.315953 -0.363958 0.019403
v -0.319543 -0.367472 0.016410
v -0.319543 -0.363958 0.016410
v -0.300216 -0.367472 0.029088
v -0.299174 -0.363958 0.027042
v -0.299174 -0.367472 0.021448
v -0.303514 -0.367472 0.016410
v -0.303514 -0.363958 0.016410
v -0.307590 -0.367472 0.016410
v -0.307590 -0.363958 0.016410
v -0.300216 -0.363958 0.019403
v -0.307590 -0.367472 0.032080
v -0.307590 -0.363958 0.032080
v -0.310888 -0.363958 0.019403
v -0.310888 -0.367472 0.019403
v -0.303514 -0.367472 0.032080
v -0.303514 -0.363958 0.032080
v -0.312147 -0.367472 0.024245
v -0.312147 -0.363958 0.024245
v -0.292822 -0.363958 0.029088
v -0.292822 -0.367472 0.029088
v -0.237289 -0.336200 0.003514
v -0.237289 -0.336200 0.000000
v -0.237289 -0.350254 0.000000
v -0.237289 -0.350254 0.003514
v -0.240945 -0.336200 0.003514
v -0.242442 -0.336957 0.000000
v -0.240945 -0.350254 0.000000
v -0.242442 -0.349498 0.003514
v -0.251939 -0.348952 0.003514
v -0.251219 -0.348442 0.000000
v -0.245053 -0.345312 0.000000
v -0.248906 -0.343227 0.003514
v -0.249114 -0.341200 0.000000
v -0.251219 -0.338013 0.003514
v -0.253703 -0.336972 0.000000
v -0.288637 -0.349483 0.000000
v -0.288637 -0.349483 0.003514
v -0.293434 -0.343227 0.000000
v -0.288637 -0.336972 0.003514
v -0.288637 -0.336972 0.000000
v -0.292108 -0.339361 0.003514
v -0.292108 -0.339361 0.000000
v -0.233431 -0.346174 0.003514
v -0.234331 -0.347570 0.000000
v -0.233431 -0.340281 0.000000
v -0.234331 -0.338884 0.003514
v -0.245053 -0.341142 0.003514
v -0.182856 -0.367472 0.044990
v -0.182856 -0.363958 0.044990
v -0.222797 -0.367472 0.016410
v -0.222797 -0.363958 0.016410
v -0.222797 -0.367472 0.032080
v -0.222797 -0.363958 0.032080
v -0.242574 -0.363958 0.007674
v -0.242574 -0.367472 0.007443
v -0.246979 -0.367472 0.038869
v -0.246979 -0.363958 0.038869
v -0.249518 -0.367472 0.029088
v -0.249518 -0.363958 0.029088
v -0.253108 -0.367472 0.032080
v -0.253108 -0.363958 0.032080
v -0.244453 -0.363958 0.029088
v -0.244453 -0.367472 0.029088
v -0.248147 -0.367472 0.024245
v -0.248147 -0.363958 0.024245
v -0.249518 -0.367472 0.019403
v -0.249518 -0.363958 0.019403
v -0.253108 -0.367472 0.016410
v -0.253108 -0.363958 0.016410
v -0.294193 -0.367472 0.024245
v -0.293962 -0.363958 0.021520
v -0.292822 -0.367472 0.019403
v -0.233781 -0.367472 0.029088
v -0.232739 -0.363958 0.027042
v -0.232521 -0.367472 0.024245
v -0.237079 -0.367472 0.016410
v -0.237079 -0.363958 0.016410
v -0.241155 -0.367472 0.016410
v -0.241155 -0.363958 0.016410
v -0.233781 -0.367472 0.019403
v -0.233781 -0.363958 0.019403
v -0.241155 -0.367472 0.032080
v -0.241155 -0.363958 0.032080
v -0.244453 -0.363958 0.019403
v -0.244453 -0.367472 0.019403
v -0.237079 -0.367472 0.032080
v -0.237079 -0.363958 0.032080
v -0.245712 -0.367472 0.024245
v -0.245712 -0.363958 0.024245
v -0.227758 -0.363958 0.024245
v -0.227758 -0.367472 0.024245
v -0.226387 -0.363958 0.019403
v -0.226387 -0.367472 0.019403
v -0.167345 -0.322482 0.000000
v -0.167345 -0.322482 0.003514
v -0.155057 -0.336200 0.003514
v -0.170854 -0.336200 0.000000
v -0.165150 -0.360105 0.000000
v -0.165150 -0.359873 0.003514
v -0.174510 -0.336200 0.003514
v -0.176007 -0.336957 0.000000
v -0.174510 -0.350254 0.000000
v -0.172682 -0.350698 0.003514
v -0.185504 -0.348952 0.003514
v -0.184784 -0.348442 0.000000
v -0.177468 -0.347570 0.003514
v -0.178618 -0.345312 0.000000
v -0.182471 -0.343227 0.003514
v -0.182679 -0.341200 0.000000
v -0.184783 -0.338013 0.003514
v -0.187268 -0.336972 0.000000
v -0.225673 -0.347093 0.000000
v -0.224276 -0.348614 0.003514
v -0.222202 -0.349483 0.000000
v -0.226999 -0.343227 0.000000
v -0.227021 -0.341578 0.003514
v -0.222202 -0.336972 0.003514
v -0.222202 -0.336972 0.000000
v -0.225673 -0.339361 0.000000
v -0.166996 -0.346174 0.003514
v -0.168954 -0.349294 0.000000
v -0.166996 -0.340281 0.000000
v -0.168953 -0.337161 0.003514
v -0.178402 -0.340719 0.003514
v -0.170644 -0.367472 0.016410
v -0.170644 -0.363958 0.016410
v -0.170644 -0.363958 0.032080
v -0.170644 -0.367472 0.032080
v -0.173945 -0.363958 0.007674
v -0.180544 -0.367472 0.009622
v -0.180544 -0.367472 0.038869
v -0.180544 -0.363958 0.038869
v -0.181943 -0.367472 0.026971
v -0.183083 -0.363958 0.029088
v -0.186673 -0.367472 0.032080
v -0.186673 -0.363958 0.032080
v -0.178018 -0.363958 0.029088
v -0.179060 -0.367472 0.027042
v -0.181712 -0.363958 0.024245
v -0.183083 -0.367472 0.019403
v -0.183083 -0.363958 0.019403
v -0.186673 -0.367472 0.016410
v -0.186673 -0.363958 0.016410
v -0.226387 -0.367472 0.029088
v -0.226387 -0.363958 0.029088
v -0.166304 -0.367472 0.027042
v -0.167346 -0.363958 0.029088
v -0.166304 -0.363958 0.021448
v -0.174720 -0.367472 0.016410
v -0.174720 -0.363958 0.016410
v -0.167346 -0.367472 0.019403
v -0.174720 -0.367472 0.032080
v -0.174720 -0.363958 0.032080
v -0.178018 -0.363958 0.019403
v -0.178018 -0.367472 0.019403
v -0.179277 -0.363958 0.024245
v -0.159825 -0.363958 0.024245
v -0.159825 -0.367472 0.024245
v -0.167345 -0.367472 0.005263
v 0.376998 -0.322482 -0.000000
v 0.376998 -0.322482 0.003514
v 0.311816 -0.335756 0.000000
v 0.309988 -0.336200 0.003514
v 0.309988 -0.350254 -0.000000
v 0.376998 -0.362572 0.003632
v 0.376998 -0.362209 0.000000
v 0.363100 -0.337503 0.000000
v 0.361336 -0.336972 0.003514
v 0.315141 -0.336957 0.003514
v 0.314901 -0.349814 0.003514
v 0.313644 -0.350254 -0.000000
v 0.321584 -0.344877 0.000000
v 0.324328 -0.348614 0.003514
v 0.326402 -0.349483 0.000000
v 0.321584 -0.341578 0.003514
v 0.324328 -0.337841 0.000000
v 0.326402 -0.336972 0.003514
v 0.364807 -0.347093 0.003514
v 0.363821 -0.348442 0.000000
v 0.361336 -0.349483 0.003514
v 0.366155 -0.341578 0.003514
v 0.366133 -0.343227 0.000000
v 0.306130 -0.346174 0.000000
v 0.308491 -0.349498 0.003514
v 0.305880 -0.341142 0.003514
v 0.307030 -0.338884 0.000000
v 0.316601 -0.338884 0.000000
v 0.317731 -0.343227 0.003514
v 0.317536 -0.345736 0.000000
v 0.299720 -0.341578 0.003514
v 0.299698 -0.343227 0.000000
v 0.376998 -0.363958 0.044990
v 0.376998 -0.367472 0.044990
v 0.310869 -0.363958 0.044990
v 0.310869 -0.367472 0.044990
v 0.295496 -0.363958 0.016410
v 0.295496 -0.367472 0.016410
v 0.295496 -0.367472 0.032080
v 0.295496 -0.363958 0.032080
v 0.361931 -0.363958 0.032080
v 0.361931 -0.367472 0.032080
v 0.361931 -0.363958 0.016410
v 0.361931 -0.367472 0.016410
v 0.315273 -0.367472 0.007442
v 0.315273 -0.363958 0.007674
v 0.319678 -0.363958 0.038869
v 0.319678 -0.367472 0.038869
v 0.322217 -0.363958 0.029087
v 0.322217 -0.367472 0.029088
v 0.325807 -0.363958 0.032080
v 0.325807 -0.367472 0.032080
v 0.315523 -0.367472 0.031237
v 0.317152 -0.363958 0.029087
v 0.320846 -0.363958 0.024245
v 0.320846 -0.367472 0.024245
v 0.322217 -0.363958 0.019403
v 0.322217 -0.367472 0.019403
v 0.325807 -0.363958 0.016410
v 0.325807 -0.367472 0.016410
v 0.365521 -0.363958 0.029087
v 0.366661 -0.367472 0.026971
v 0.366892 -0.363958 0.024245
v 0.365521 -0.363958 0.019403
v 0.365521 -0.367472 0.019403
v 0.306480 -0.363958 0.029087
v 0.306480 -0.367472 0.029088
v 0.305220 -0.363958 0.024245
v 0.305220 -0.367472 0.024245
v 0.309778 -0.363958 0.016410
v 0.309778 -0.367472 0.016410
v 0.313854 -0.363958 0.016410
v 0.313854 -0.367472 0.016410
v 0.306480 -0.363958 0.019403
v 0.306480 -0.367472 0.019403
v 0.313854 -0.363958 0.032080
v 0.317152 -0.367472 0.019403
v 0.309778 -0.363958 0.032080
v 0.309778 -0.367472 0.032080
v 0.318194 -0.363958 0.021448
v 0.318411 -0.367472 0.024245
v 0.299086 -0.367472 0.029088
v 0.299086 -0.363958 0.029088
v 0.299086 -0.367472 0.019403
v 0.376998 -0.363791 0.004793
v 0.376998 -0.364672 0.000660
v 0.376998 -0.366813 0.002800
v 0.245381 -0.335756 0.000000
v 0.243553 -0.336200 0.003514
v 0.243553 -0.350254 0.003514
v 0.248706 -0.336957 0.003514
v 0.248466 -0.349814 0.003514
v 0.247209 -0.350254 0.000000
v 0.256496 -0.347093 0.000000
v 0.257892 -0.348614 0.003514
v 0.259967 -0.349483 0.000000
v 0.255378 -0.341200 0.000000
v 0.255170 -0.343227 0.003514
v 0.258203 -0.337503 0.003514
v 0.259967 -0.336972 0.000000
v 0.296665 -0.348952 0.003514
v 0.297385 -0.348442 0.000000
v 0.296665 -0.337503 0.000000
v 0.294901 -0.336972 0.003514
v 0.242296 -0.349814 0.000000
v 0.239661 -0.345736 0.003514
v 0.239465 -0.343227 0.000000
v 0.240595 -0.338884 0.000000
v 0.240595 -0.338884 0.003514
v 0.250166 -0.338884 0.000000
v 0.251296 -0.343227 0.003514
v 0.251101 -0.345736 0.000000
v 0.244433 -0.367472 0.044990
v 0.244433 -0.363958 0.044990
v 0.229061 -0.367472 0.016410
v 0.229061 -0.363958 0.016410
v 0.229061 -0.367472 0.032080
v 0.229061 -0.363958 0.032080
v 0.248838 -0.367472 0.007442
v 0.248838 -0.363958 0.007674
v 0.253243 -0.363958 0.038869
v 0.253243 -0.367472 0.038869
v 0.255782 -0.363958 0.029088
v 0.255782 -0.367472 0.029088
v 0.259372 -0.363958 0.032080
v 0.259372 -0.367472 0.032080
v 0.249088 -0.367472 0.031237
v 0.250717 -0.363958 0.029088
v 0.254411 -0.363958 0.024245
v 0.254411 -0.367472 0.024245
v 0.255782 -0.363958 0.019403
v 0.255782 -0.367472 0.019403
v 0.259372 -0.363958 0.016410
v 0.259372 -0.367472 0.016410
v 0.300226 -0.363958 0.021520
v 0.300457 -0.367472 0.024245
v 0.240045 -0.363958 0.029088
v 0.240045 -0.367472 0.029088
v 0.238785 -0.363958 0.024245
v 0.238785 -0.367472 0.024245
v 0.243343 -0.363958 0.016410
v 0.243343 -0.367472 0.016410
v 0.247419 -0.363958 0.016410
v 0.247419 -0.367472 0.016410
v 0.240045 -0.363958 0.019403
v 0.240045 -0.367472 0.019403
v 0.247419 -0.363958 0.032080
v 0.250717 -0.367472 0.019403
v 0.243343 -0.363958 0.032080
v 0.243343 -0.367472 0.032080
v 0.251759 -0.363958 0.021448
v 0.251976 -0.367472 0.024245
v 0.233791 -0.363958 0.021520
v 0.233791 -0.367472 0.026971
v 0.232651 -0.363958 0.029088
v 0.178946 -0.335756 0.000000
v 0.177118 -0.336200 0.003514
v 0.177118 -0.350254 0.003514
v 0.177118 -0.350254 0.000000
v 0.180774 -0.336200 0.003514
v 0.180774 -0.350254 0.003514
v 0.182270 -0.349498 0.000000
v 0.190061 -0.347093 0.000000
v 0.191457 -0.348614 0.003514
v 0.193532 -0.349483 0.000000
v 0.183731 -0.347570 0.003514
v 0.188735 -0.343227 0.000000
v 0.188735 -0.343227 0.003514
v 0.191047 -0.338013 0.000000
v 0.191768 -0.337503 0.003514
v 0.230230 -0.348952 0.003514
v 0.233284 -0.344877 0.000000
v 0.228466 -0.349483 0.000000
v 0.233263 -0.343227 0.003514
v 0.230230 -0.337503 0.000000
v 0.230950 -0.338013 0.003514
v 0.174160 -0.347570 0.000000
v 0.173226 -0.345736 0.003514
v 0.173260 -0.340281 0.000000
v 0.174160 -0.338884 0.003514
v 0.183731 -0.338884 0.000000
v 0.184666 -0.340719 0.003514
v 0.184861 -0.343227 0.000000
v 0.166828 -0.343227 0.003514
v 0.166828 -0.343227 0.000000
v 0.164515 -0.338013 0.003514
v 0.163795 -0.337503 0.000000
v 0.177998 -0.363958 0.044990
v 0.177998 -0.367472 0.044990
v 0.162626 -0.363958 0.016410
v 0.162626 -0.367472 0.016410
v 0.162626 -0.363958 0.032080
v 0.162626 -0.367472 0.032080
v 0.182403 -0.363958 0.007674
v 0.182403 -0.367472 0.007443
v 0.186808 -0.363958 0.038869
v 0.186808 -0.367472 0.038869
v 0.189347 -0.363958 0.029088
v 0.189347 -0.367472 0.029088
v 0.192937 -0.363958 0.032080
v 0.192937 -0.367472 0.032080
v 0.182653 -0.367472 0.031237
v 0.184282 -0.363958 0.029088
v 0.187976 -0.363958 0.024245
v 0.187976 -0.367472 0.024245
v 0.189347 -0.363958 0.019403
v 0.189347 -0.367472 0.019403
v 0.192937 -0.363958 0.016410
v 0.192937 -0.367472 0.016410
v 0.232651 -0.367472 0.019403
v 0.173610 -0.363958 0.029088
v 0.173610 -0.367472 0.029088
v 0.172568 -0.363958 0.021448
v 0.172350 -0.367472 0.024245
v 0.176908 -0.363958 0.016410
v 0.176908 -0.367472 0.016410
v 0.180984 -0.363958 0.016410
v 0.180984 -0.367472 0.016410
v 0.173610 -0.367472 0.019403
v 0.180984 -0.363958 0.032080
v 0.184282 -0.367472 0.019403
v 0.176908 -0.363958 0.032080
v 0.176908 -0.367472 0.032080
v 0.185324 -0.363958 0.021448
v 0.185541 -0.367472 0.024245
v 0.166216 -0.367472 0.019403
v 0.166216 -0.363958 0.019403
v 0.112511 -0.335756 0.000000
v 0.110683 -0.336200 0.003514
v 0.112511 -0.350698 0.003514
v 0.110683 -0.350254 0.000000
v 0.114339 -0.336200 0.003514
v 0.115835 -0.349498 0.000000
v 0.125333 -0.348952 0.000000
v 0.124612 -0.348442 0.003514
v 0.117296 -0.347570 0.003514
v 0.122300 -0.343227 0.000000
v 0.122300 -0.343227 0.003514
v 0.125022 -0.337841 0.000000
v 0.123626 -0.339361 0.003514
v 0.127097 -0.336972 0.003514
v 0.163795 -0.348952 0.003514
v 0.164515 -0.348442 0.000000
v 0.106791 -0.345736 0.000000
v 0.107725 -0.347570 0.003514
v 0.106575 -0.341142 0.003514
v 0.107725 -0.338884 0.000000
v 0.117296 -0.338884 0.000000
v 0.118231 -0.340719 0.003514
v 0.118426 -0.343227 0.000000
v 0.097360 -0.348952 0.003514
v 0.098080 -0.338013 0.003514
v 0.097360 -0.337503 0.000000
v 0.111563 -0.367472 0.044990
v 0.111563 -0.363958 0.044990
v 0.096191 -0.363958 0.016410
v 0.096191 -0.367472 0.016410
v 0.096191 -0.367472 0.032080
v 0.096191 -0.363958 0.032080
v 0.115968 -0.367472 0.007443
v 0.115968 -0.363958 0.007674
v 0.120373 -0.363958 0.038869
v 0.120373 -0.367472 0.038869
v 0.122912 -0.363958 0.029088
v 0.122912 -0.367472 0.029088
v 0.126502 -0.363958 0.032080
v 0.126502 -0.367472 0.032080
v 0.116218 -0.367472 0.031237
v 0.117847 -0.363958 0.029088
v 0.121541 -0.363958 0.024245
v 0.121541 -0.367472 0.024245
v 0.122912 -0.363958 0.019403
v 0.122912 -0.367472 0.019403
v 0.126502 -0.363958 0.016410
v 0.126502 -0.367472 0.016410
v 0.167356 -0.363958 0.026971
v 0.166216 -0.367472 0.029088
v 0.167587 -0.367472 0.024245
v 0.107175 -0.363958 0.029088
v 0.107175 -0.367472 0.029088
v 0.105915 -0.363958 0.024245
v 0.105915 -0.367472 0.024245
v 0.110472 -0.363958 0.016410
v 0.110472 -0.367472 0.016410
v 0.114549 -0.363958 0.016410
v 0.114549 -0.367472 0.016410
v 0.107175 -0.363958 0.019403
v 0.107175 -0.367472 0.019403
v 0.114549 -0.363958 0.032080
v 0.117847 -0.367472 0.019403
v 0.110473 -0.363958 0.032080
v 0.110473 -0.367472 0.032080
v 0.118889 -0.363958 0.021448
v 0.119106 -0.367472 0.024245
v 0.100921 -0.367472 0.026971
v 0.101152 -0.363958 0.024245
v 0.099781 -0.363958 0.029088
v 0.099781 -0.367472 0.019403
v 0.099781 -0.363958 0.019403
v 0.044248 -0.336200 0.000000
v 0.044248 -0.336200 0.003514
v 0.044248 -0.350254 0.003514
v 0.044248 -0.350254 0.000000
v 0.047904 -0.336200 0.000000
v 0.047904 -0.336200 0.003514
v 0.047904 -0.350254 0.003514
v 0.049804 -0.349294 0.000000
v 0.058898 -0.348952 0.000000
v 0.058177 -0.348442 0.003514
v 0.055865 -0.343227 0.000000
v 0.056073 -0.341200 0.003514
v 0.058587 -0.337841 0.000000
v 0.060662 -0.336972 0.003514
v 0.098080 -0.348442 0.000000
v 0.100393 -0.343227 0.003514
v 0.100393 -0.343227 0.000000
v 0.041290 -0.347570 0.000000
v 0.040390 -0.346174 0.003514
v 0.040355 -0.340719 0.000000
v 0.041290 -0.338884 0.003514
v 0.051762 -0.340281 0.000000
v 0.050861 -0.338884 0.003514
v 0.051796 -0.345736 0.003514
v 0.033958 -0.343227 0.003514
v 0.033958 -0.343227 0.000000
v 0.030925 -0.348952 0.003514
v -0.005119 -0.363958 0.044990
v 0.045128 -0.367472 0.044990
v 0.029756 -0.363958 0.016410
v 0.029756 -0.367472 0.016410
v 0.029756 -0.367472 0.032080
v 0.029756 -0.363958 0.032080
v 0.049533 -0.367472 0.007443
v 0.049533 -0.363958 0.007674
v 0.053938 -0.363958 0.038869
v 0.053938 -0.367472 0.038869
v 0.056477 -0.363958 0.029088
v 0.056477 -0.367472 0.029088
v 0.060067 -0.363958 0.032080
v 0.060067 -0.367472 0.032080
v 0.049783 -0.367472 0.031237
v 0.051412 -0.363958 0.029088
v 0.055106 -0.363958 0.024245
v 0.055106 -0.367472 0.024245
v 0.056477 -0.363958 0.019403
v 0.056477 -0.367472 0.019403
v 0.060067 -0.363958 0.016410
v 0.060067 -0.367472 0.016410
v 0.040740 -0.363958 0.029088
v 0.040740 -0.367472 0.029088
v 0.039480 -0.363958 0.024245
v 0.039480 -0.367472 0.024245
v 0.044037 -0.363958 0.016410
v 0.044037 -0.367472 0.016410
v 0.049783 -0.363958 0.017254
v 0.048114 -0.367472 0.016410
v 0.040740 -0.363958 0.019403
v 0.040740 -0.367472 0.019403
v 0.048114 -0.363958 0.032080
v 0.051412 -0.367472 0.019403
v 0.044037 -0.363958 0.032080
v 0.044037 -0.367472 0.032080
v 0.052671 -0.363958 0.024245
v 0.052671 -0.367472 0.024245
v 0.034717 -0.367472 0.024245
v 0.034717 -0.363958 0.024245
v 0.033346 -0.367472 0.029088
v 0.033346 -0.363958 0.029088
v 0.033346 -0.367472 0.019403
v 0.033346 -0.363958 0.019403
v -0.022187 -0.336200 0.000000
v -0.022187 -0.336200 0.003514
v -0.020359 -0.350698 0.003514
v -0.022187 -0.350254 0.000000
v -0.018531 -0.336200 0.000000
v -0.018531 -0.336200 0.003514
v -0.016631 -0.349294 0.000000
v -0.007537 -0.348952 0.000000
v -0.008258 -0.348442 0.003514
v -0.010570 -0.343227 0.000000
v -0.010362 -0.341200 0.003514
v -0.007848 -0.337841 0.000000
v -0.005773 -0.336972 0.003514
v 0.031645 -0.348442 0.000000
v 0.030925 -0.337503 0.000000
v 0.031645 -0.338013 0.003514
v -0.025145 -0.347570 0.000000
v -0.025145 -0.347570 0.003514
v -0.026080 -0.340719 0.000000
v -0.026275 -0.343227 0.003514
v -0.025145 -0.338884 0.003514
v -0.014673 -0.340281 0.000000
v -0.015574 -0.338884 0.003514
v -0.014673 -0.346174 0.003514
v -0.035510 -0.348952 0.003514
v -0.021307 -0.367472 0.044990
v -0.036679 -0.363958 0.016410
v -0.036679 -0.367472 0.016410
v -0.036679 -0.367472 0.032080
v -0.036679 -0.363958 0.032080
v -0.016902 -0.367472 0.007443
v -0.016902 -0.363958 0.007674
v -0.012497 -0.367472 0.038869
v -0.009958 -0.363958 0.029088
v -0.009958 -0.367472 0.029088
v -0.006368 -0.363958 0.032080
v -0.006368 -0.367472 0.032080
v -0.015023 -0.367472 0.029088
v -0.011329 -0.363958 0.024245
v -0.011329 -0.367472 0.024245
v -0.009958 -0.363958 0.019403
v -0.009958 -0.367472 0.019403
v -0.006368 -0.363958 0.016410
v -0.006368 -0.367472 0.016410
v -0.025695 -0.363958 0.029088
v -0.024067 -0.367472 0.031237
v -0.026737 -0.363958 0.021448
v -0.026955 -0.367472 0.024245
v -0.022398 -0.363958 0.016410
v -0.022398 -0.367472 0.016410
v -0.016652 -0.363958 0.017254
v -0.018321 -0.367472 0.016410
v -0.025695 -0.367472 0.019403
v -0.016652 -0.363958 0.031237
v -0.018321 -0.367472 0.032080
v -0.013982 -0.367472 0.021448
v -0.022398 -0.363958 0.032080
v -0.013764 -0.363958 0.024245
v -0.033089 -0.367472 0.029088
v -0.033089 -0.363958 0.029088
v -0.086794 -0.335756 0.000000
v -0.088622 -0.336200 0.003514
v -0.086794 -0.350698 0.003514
v -0.088622 -0.350254 0.000000
v -0.083066 -0.337161 0.003514
v -0.083066 -0.349294 0.000000
v -0.073972 -0.348952 0.000000
v -0.076797 -0.345255 0.003514
v -0.072208 -0.349483 0.003514
v -0.077005 -0.343227 0.000000
v -0.073972 -0.337503 0.000000
v -0.074693 -0.338013 0.003514
v -0.034790 -0.348442 0.000000
v -0.032456 -0.341578 0.003514
v -0.032477 -0.343227 0.000000
v -0.035200 -0.337841 0.000000
v -0.037275 -0.336972 0.003514
v -0.092730 -0.345312 0.000000
v -0.091580 -0.347570 0.003514
v -0.092515 -0.340719 0.003514
v -0.091580 -0.338884 0.000000
v -0.081108 -0.340281 0.000000
v -0.081108 -0.346174 0.003514
v -0.103114 -0.363958 0.016410
v -0.103114 -0.367472 0.016410
v -0.103114 -0.363958 0.032080
v -0.103114 -0.367472 0.032080
v -0.078932 -0.367472 0.009622
v -0.083337 -0.363958 0.007674
v -0.078932 -0.363958 0.038869
v -0.078932 -0.367472 0.038869
v -0.076393 -0.363958 0.029088
v -0.076393 -0.367472 0.029088
v -0.072803 -0.363958 0.032080
v -0.072803 -0.367472 0.032080
v -0.081458 -0.367472 0.029088
v -0.077764 -0.363958 0.024245
v -0.077764 -0.367472 0.024245
v -0.076393 -0.363958 0.019403
v -0.076393 -0.367472 0.019403
v -0.072803 -0.363958 0.016410
v -0.072803 -0.367472 0.016410
v -0.031718 -0.363958 0.024245
v -0.031949 -0.367472 0.021520
v -0.033089 -0.363958 0.019403
v -0.092130 -0.363958 0.029088
v -0.090502 -0.367472 0.031237
v -0.093390 -0.363958 0.024245
v -0.093390 -0.367472 0.024245
v -0.088833 -0.363958 0.016410
v -0.088833 -0.367472 0.016410
v -0.084756 -0.363958 0.016410
v -0.084756 -0.367472 0.016410
v -0.092130 -0.363958 0.019403
v -0.092130 -0.367472 0.019403
v -0.084756 -0.363958 0.032080
v -0.084756 -0.367472 0.032080
v -0.081458 -0.367472 0.019403
v -0.081458 -0.363958 0.019403
v -0.088833 -0.363958 0.032080
v -0.080417 -0.363958 0.027043
v -0.080199 -0.367472 0.024245
v -0.098153 -0.367472 0.024245
v -0.098384 -0.363958 0.021520
v -0.099524 -0.367472 0.019403
v -0.087742 -0.367472 0.005263
v -0.151402 -0.336200 0.000000
v -0.151401 -0.336200 0.003514
v -0.151402 -0.350254 0.003514
v -0.151401 -0.350254 0.000000
v -0.142114 -0.347093 0.000000
v -0.140718 -0.348614 0.003514
v -0.138643 -0.349483 0.000000
v -0.148444 -0.347570 0.000000
v -0.143440 -0.343227 0.000000
v -0.143462 -0.341578 0.003514
v -0.140718 -0.337841 0.000000
v -0.138643 -0.336972 0.003514
v -0.101945 -0.348952 0.003514
v -0.101225 -0.348442 0.000000
v -0.098912 -0.343227 0.003514
v -0.098912 -0.343227 0.000000
v -0.101945 -0.337503 0.000000
v -0.101225 -0.338013 0.003514
v -0.159165 -0.345312 0.000000
v -0.156554 -0.349498 0.003514
v -0.159165 -0.341142 0.003514
v -0.156554 -0.336957 0.000000
v -0.147543 -0.340281 0.000000
v -0.148444 -0.338884 0.003514
v -0.155057 -0.350254 0.000000
v -0.147543 -0.346174 0.003514
v -0.145367 -0.367472 0.009622
v -0.145367 -0.363958 0.009622
v -0.145367 -0.363958 0.038869
v -0.145367 -0.367472 0.038869
v -0.142828 -0.363958 0.029088
v -0.143968 -0.367472 0.026971
v -0.139238 -0.363958 0.032080
v -0.139238 -0.367472 0.032080
v -0.149522 -0.367472 0.031237
v -0.147894 -0.363958 0.029088
v -0.144199 -0.363958 0.024245
v -0.142828 -0.363958 0.019403
v -0.142828 -0.367472 0.019403
v -0.139238 -0.363958 0.016410
v -0.139238 -0.367472 0.016410
v -0.099524 -0.363958 0.029088
v -0.099524 -0.367472 0.029088
v -0.158565 -0.363958 0.029088
v -0.158565 -0.367472 0.029088
v -0.155268 -0.363958 0.016410
v -0.155268 -0.367472 0.016410
v -0.151191 -0.363958 0.016410
v -0.151191 -0.367472 0.016410
v -0.158565 -0.363958 0.019403
v -0.158565 -0.367472 0.019403
v -0.151191 -0.363958 0.032080
v -0.147894 -0.367472 0.019403
v -0.155268 -0.363958 0.032080
v -0.155268 -0.367472 0.032080
v -0.146852 -0.363958 0.021448
v -0.146634 -0.367472 0.024245
v 0.376998 -0.367472 0.005263
v 0.379177 -0.326043 0.000066
v 0.381291 -0.326043 0.000066
v 0.379177 -0.340721 0.070331
v 0.381291 -0.339761 0.068431
v 0.379177 -0.353815 0.068431
v 0.381291 -0.365586 0.000066
v 0.379177 -0.353043 0.017083
v 0.379177 -0.340532 0.017083
v 0.381291 -0.340532 0.017083
v 0.379177 -0.339761 0.064775
v 0.381291 -0.340517 0.063278
v 0.381291 -0.353374 0.063518
v 0.379177 -0.353815 0.064775
v 0.379177 -0.352174 0.054091
v 0.381291 -0.348437 0.056835
v 0.381291 -0.353043 0.052016
v 0.379177 -0.349296 0.060883
v 0.379177 -0.346788 0.056814
v 0.379177 -0.341573 0.054501
v 0.381291 -0.341063 0.053780
v 0.381291 -0.352174 0.015008
v 0.379177 -0.348815 0.012493
v 0.381291 -0.345138 0.012264
v 0.379177 -0.342922 0.013611
v 0.379177 -0.349734 0.072289
v 0.381291 -0.352854 0.070331
v 0.381291 -0.343841 0.072289
v 0.379177 -0.342445 0.061817
v 0.381291 -0.346788 0.060687
v 0.381291 -0.346788 0.078720
v 0.379177 -0.346788 0.078720
v 0.337701 -0.369633 0.000066
v 0.337701 -0.367519 0.000066
v 0.337701 -0.369633 0.067550
v 0.337701 -0.367519 0.061878
v 0.366281 -0.369633 0.082923
v 0.366281 -0.367519 0.082923
v 0.350611 -0.367519 0.082923
v 0.350611 -0.369633 0.082923
v 0.350611 -0.369633 0.016488
v 0.350611 -0.367519 0.016488
v 0.366281 -0.369633 0.016488
v 0.366281 -0.367519 0.016488
v 0.375017 -0.367519 0.063145
v 0.375156 -0.369633 0.063145
v 0.343822 -0.369633 0.058741
v 0.355720 -0.369633 0.057342
v 0.353603 -0.367519 0.056201
v 0.350611 -0.369633 0.052612
v 0.350611 -0.367519 0.052612
v 0.353603 -0.367519 0.061267
v 0.355649 -0.369633 0.060225
v 0.358446 -0.367519 0.057573
v 0.363288 -0.369633 0.056201
v 0.363288 -0.367519 0.056201
v 0.366281 -0.369633 0.052612
v 0.366281 -0.367519 0.052612
v 0.353603 -0.369633 0.012898
v 0.353603 -0.367519 0.012898
v 0.358446 -0.369633 0.011527
v 0.358446 -0.367519 0.011527
v 0.363288 -0.369633 0.012898
v 0.363288 -0.367519 0.012898
v 0.355649 -0.369633 0.072981
v 0.353603 -0.367519 0.071939
v 0.358446 -0.367519 0.073198
v 0.366281 -0.369633 0.068641
v 0.366281 -0.367519 0.068641
v 0.366281 -0.369633 0.064565
v 0.363288 -0.369633 0.071939
v 0.363288 -0.367519 0.071939
v 0.350611 -0.369633 0.064565
v 0.350611 -0.367519 0.064565
v 0.365437 -0.367519 0.062896
v 0.363288 -0.369633 0.061267
v 0.350611 -0.369633 0.068641
v 0.350611 -0.367519 0.068641
v 0.358446 -0.367519 0.060007
v 0.355720 -0.367519 0.078193
v 0.353603 -0.369633 0.079333
v 0.363288 -0.367519 0.079333
v 0.363288 -0.369633 0.079333
v 0.378987 -0.366266 0.000066
v 0.377869 -0.367371 0.000066
v 0.380776 -0.367508 0.000066
v 0.379177 -0.339761 0.134866
v 0.381291 -0.339761 0.134866
v 0.381291 -0.353815 0.134866
v 0.379177 -0.353815 0.134866
v 0.379177 -0.339761 0.131210
v 0.381291 -0.340721 0.129310
v 0.381291 -0.353815 0.131210
v 0.379177 -0.353815 0.131210
v 0.379177 -0.352512 0.120216
v 0.381291 -0.352002 0.120936
v 0.379177 -0.351131 0.128252
v 0.381291 -0.349734 0.127352
v 0.379177 -0.346788 0.123249
v 0.381291 -0.346788 0.123249
v 0.379177 -0.341573 0.120936
v 0.381291 -0.341063 0.120216
v 0.381291 -0.352512 0.081754
v 0.379177 -0.352002 0.081033
v 0.379177 -0.341063 0.081754
v 0.381291 -0.341573 0.081033
v 0.379177 -0.349734 0.138724
v 0.381291 -0.351131 0.137823
v 0.381291 -0.343841 0.138724
v 0.379177 -0.342445 0.137823
v 0.379177 -0.343841 0.127352
v 0.337701 -0.367519 0.120101
v 0.337701 -0.369633 0.182090
v 0.366281 -0.367519 0.149358
v 0.366281 -0.369633 0.149358
v 0.350611 -0.367519 0.149358
v 0.350611 -0.369633 0.149358
v 0.375017 -0.367519 0.129580
v 0.375156 -0.369633 0.129580
v 0.343822 -0.369633 0.125176
v 0.355720 -0.369633 0.123777
v 0.353603 -0.367519 0.122636
v 0.350611 -0.369633 0.119047
v 0.350611 -0.367519 0.119047
v 0.353603 -0.367519 0.127702
v 0.351454 -0.369633 0.129331
v 0.358446 -0.367519 0.124008
v 0.363288 -0.369633 0.122636
v 0.363288 -0.367519 0.122636
v 0.366281 -0.369633 0.119047
v 0.366281 -0.367519 0.119047
v 0.358446 -0.369633 0.077962
v 0.353603 -0.369633 0.138374
v 0.355649 -0.367519 0.139416
v 0.358446 -0.369633 0.139633
v 0.366281 -0.369633 0.135076
v 0.366281 -0.367519 0.135076
v 0.366281 -0.369633 0.131000
v 0.366281 -0.367519 0.131000
v 0.363288 -0.369633 0.138374
v 0.363288 -0.367519 0.138374
v 0.350611 -0.367519 0.131000
v 0.363288 -0.367519 0.127702
v 0.363288 -0.369633 0.127702
v 0.350611 -0.369633 0.135076
v 0.350611 -0.367519 0.135076
v 0.358446 -0.369633 0.126442
v 0.358446 -0.367519 0.126442
v 0.355721 -0.369633 0.144628
v 0.358446 -0.367519 0.144397
v 0.353603 -0.367519 0.145768
v 0.379113 -0.365909 0.602756
v 0.381291 -0.326042 0.602760
v 0.379177 -0.326042 0.602765
v 0.379177 -0.340721 0.203201
v 0.381291 -0.339761 0.201301
v 0.381291 -0.353815 0.201301
v 0.379177 -0.353815 0.201301
v 0.379177 -0.339761 0.197645
v 0.381291 -0.339761 0.197645
v 0.381291 -0.353815 0.197645
v 0.379177 -0.353815 0.197645
v 0.379177 -0.352174 0.186961
v 0.381291 -0.348437 0.189705
v 0.381291 -0.353043 0.184886
v 0.379177 -0.351131 0.194687
v 0.381291 -0.349734 0.193787
v 0.379177 -0.346788 0.189684
v 0.379177 -0.341573 0.187371
v 0.381291 -0.341063 0.186651
v 0.381291 -0.352174 0.147878
v 0.379177 -0.350654 0.146482
v 0.379177 -0.353043 0.149953
v 0.381291 -0.346788 0.145156
v 0.379177 -0.346788 0.145156
v 0.379177 -0.341063 0.148189
v 0.381291 -0.341573 0.147468
v 0.379177 -0.349734 0.205159
v 0.381291 -0.351131 0.204259
v 0.381291 -0.343841 0.205159
v 0.381291 -0.342445 0.194687
v 0.379177 -0.343841 0.193787
v 0.381291 -0.346788 0.211591
v 0.379177 -0.346788 0.211591
v 0.337701 -0.367519 0.200420
v 0.366281 -0.369633 0.215793
v 0.366281 -0.367519 0.215793
v 0.350611 -0.369633 0.215793
v 0.350611 -0.367519 0.215793
v 0.375156 -0.369633 0.196015
v 0.375017 -0.367519 0.196015
v 0.343822 -0.367519 0.191611
v 0.353603 -0.369633 0.189071
v 0.353603 -0.367519 0.189071
v 0.350611 -0.369633 0.185482
v 0.350611 -0.367519 0.185482
v 0.353603 -0.367519 0.194137
v 0.355649 -0.369633 0.193095
v 0.358446 -0.369633 0.190443
v 0.358446 -0.367519 0.190443
v 0.363288 -0.369633 0.189071
v 0.363288 -0.367519 0.189071
v 0.366281 -0.369633 0.185482
v 0.366281 -0.367519 0.185482
v 0.363288 -0.369633 0.145768
v 0.363288 -0.367519 0.145768
v 0.353603 -0.369633 0.204809
v 0.351454 -0.367519 0.203180
v 0.358446 -0.369633 0.206069
v 0.358446 -0.367519 0.206069
v 0.366281 -0.369633 0.201511
v 0.365437 -0.367519 0.203180
v 0.366281 -0.369633 0.197435
v 0.366281 -0.367519 0.197435
v 0.363288 -0.369633 0.204809
v 0.350611 -0.369633 0.197435
v 0.350611 -0.367519 0.197435
v 0.363288 -0.367519 0.194137
v 0.363288 -0.369633 0.194137
v 0.350611 -0.369633 0.201511
v 0.358446 -0.367519 0.192877
v 0.363288 -0.367519 0.212203
v 0.363288 -0.369633 0.212203
v 0.379177 -0.340721 0.269636
v 0.381291 -0.339761 0.267736
v 0.379177 -0.353815 0.267736
v 0.379177 -0.339761 0.264080
v 0.381291 -0.339761 0.264080
v 0.381291 -0.353815 0.264080
v 0.379177 -0.353815 0.264080
v 0.379177 -0.352512 0.253086
v 0.381291 -0.352002 0.253806
v 0.379177 -0.349296 0.260188
v 0.381291 -0.351131 0.261122
v 0.379177 -0.346788 0.256119
v 0.381291 -0.346788 0.256119
v 0.379177 -0.341573 0.253806
v 0.381291 -0.341063 0.253086
v 0.381291 -0.352512 0.214624
v 0.379177 -0.352002 0.213903
v 0.379177 -0.341063 0.214624
v 0.381291 -0.341573 0.213903
v 0.379177 -0.349734 0.271594
v 0.381291 -0.352854 0.269636
v 0.381291 -0.343841 0.271594
v 0.379177 -0.342445 0.261122
v 0.381291 -0.344703 0.259972
v 0.379177 -0.352002 0.280338
v 0.337701 -0.367519 0.266855
v 0.337701 -0.369633 0.266855
v 0.366281 -0.369633 0.282228
v 0.366281 -0.367519 0.282228
v 0.350611 -0.367519 0.282228
v 0.350611 -0.369633 0.282228
v 0.375017 -0.367519 0.262450
v 0.373069 -0.369633 0.258046
v 0.343822 -0.369633 0.258046
v 0.343822 -0.367519 0.258046
v 0.353603 -0.369633 0.255506
v 0.353603 -0.367519 0.255506
v 0.350611 -0.369633 0.251917
v 0.350611 -0.367519 0.251917
v 0.353603 -0.367519 0.260572
v 0.353603 -0.369633 0.260572
v 0.358446 -0.369633 0.256878
v 0.358446 -0.367519 0.256878
v 0.363288 -0.369633 0.255506
v 0.363288 -0.367519 0.255506
v 0.366281 -0.369633 0.251917
v 0.366281 -0.367519 0.251917
v 0.353603 -0.369633 0.212203
v 0.353603 -0.367519 0.212203
v 0.358446 -0.369633 0.210832
v 0.358446 -0.367519 0.210832
v 0.353603 -0.369633 0.271244
v 0.355649 -0.367519 0.272286
v 0.358446 -0.369633 0.272504
v 0.365437 -0.369633 0.269615
v 0.366281 -0.367519 0.267946
v 0.366281 -0.369633 0.263870
v 0.363288 -0.367519 0.271244
v 0.350611 -0.369633 0.263870
v 0.350611 -0.367519 0.263870
v 0.365437 -0.367519 0.262201
v 0.363288 -0.369633 0.260572
v 0.350611 -0.369633 0.267946
v 0.350611 -0.367519 0.267946
v 0.358446 -0.369633 0.259312
v 0.358446 -0.367519 0.259312
v 0.355720 -0.367519 0.277498
v 0.358446 -0.369633 0.277267
v 0.353603 -0.369633 0.278638
v 0.363288 -0.367519 0.278638
v 0.363288 -0.369633 0.278638
v 0.377243 -0.369633 0.266855
v 0.378861 -0.369335 0.602771
v 0.380776 -0.367507 0.602773
v 0.379177 -0.340721 0.336071
v 0.381291 -0.339761 0.334171
v 0.379177 -0.354259 0.332343
v 0.379177 -0.339761 0.330515
v 0.381291 -0.339761 0.330515
v 0.381291 -0.353815 0.330515
v 0.379177 -0.352512 0.319521
v 0.381291 -0.352002 0.320241
v 0.379177 -0.351131 0.327557
v 0.381291 -0.349296 0.326623
v 0.379177 -0.346788 0.322554
v 0.381291 -0.346788 0.322554
v 0.379177 -0.341573 0.320241
v 0.381291 -0.341063 0.319521
v 0.381291 -0.352512 0.281059
v 0.381291 -0.346788 0.278026
v 0.379177 -0.346788 0.278026
v 0.379177 -0.341063 0.281059
v 0.381291 -0.341573 0.280338
v 0.379177 -0.349734 0.338029
v 0.381291 -0.352854 0.336071
v 0.381291 -0.343841 0.338029
v 0.381291 -0.342445 0.327557
v 0.379177 -0.343841 0.326657
v 0.381291 -0.345138 0.344439
v 0.379177 -0.346788 0.344461
v 0.379177 -0.352002 0.346773
v 0.337701 -0.369633 0.333290
v 0.337701 -0.367519 0.333290
v 0.366281 -0.369633 0.348663
v 0.366281 -0.367519 0.348663
v 0.350611 -0.367519 0.348663
v 0.350611 -0.369633 0.348663
v 0.375017 -0.367519 0.328885
v 0.373069 -0.369633 0.324481
v 0.343822 -0.369633 0.324481
v 0.343822 -0.367519 0.324481
v 0.353603 -0.369633 0.321941
v 0.353603 -0.367519 0.321941
v 0.350611 -0.369633 0.318352
v 0.350611 -0.367519 0.318352
v 0.355649 -0.367519 0.325965
v 0.353603 -0.369633 0.327007
v 0.358446 -0.369633 0.323313
v 0.358446 -0.367519 0.323313
v 0.363288 -0.369633 0.321941
v 0.363288 -0.367519 0.321941
v 0.366281 -0.369633 0.318352
v 0.366281 -0.367519 0.318352
v 0.355649 -0.369633 0.338721
v 0.351454 -0.367519 0.336050
v 0.358446 -0.367519 0.338939
v 0.366281 -0.369633 0.334381
v 0.365437 -0.367519 0.336050
v 0.366281 -0.369633 0.330305
v 0.366281 -0.367519 0.330305
v 0.363288 -0.369633 0.337679
v 0.350611 -0.369633 0.330305
v 0.350611 -0.367519 0.330305
v 0.363288 -0.367519 0.327007
v 0.361243 -0.369633 0.325965
v 0.350611 -0.369633 0.334381
v 0.358446 -0.367519 0.343702
v 0.358446 -0.369633 0.343702
v 0.353603 -0.367519 0.345073
v 0.353603 -0.369633 0.345073
v 0.363288 -0.367519 0.345073
v 0.363288 -0.369633 0.345073
v 0.377243 -0.369633 0.333290
v 0.379177 -0.340721 0.402506
v 0.381291 -0.339761 0.400606
v 0.379177 -0.353815 0.400606
v 0.379177 -0.339761 0.396950
v 0.381291 -0.339761 0.396950
v 0.381291 -0.353815 0.396950
v 0.379177 -0.353815 0.396950
v 0.379177 -0.352512 0.385956
v 0.381291 -0.352002 0.386676
v 0.379177 -0.351131 0.393992
v 0.381291 -0.349734 0.393092
v 0.379177 -0.345138 0.389010
v 0.381291 -0.346788 0.388989
v 0.381291 -0.341401 0.386266
v 0.379177 -0.340532 0.384191
v 0.381291 -0.352512 0.347494
v 0.379177 -0.341401 0.347183
v 0.381291 -0.340532 0.349258
v 0.379177 -0.349734 0.404464
v 0.381291 -0.352854 0.402506
v 0.381291 -0.343841 0.404464
v 0.381291 -0.342445 0.393992
v 0.379177 -0.343841 0.393092
v 0.379177 -0.352002 0.413208
v 0.337701 -0.367519 0.399725
v 0.337701 -0.369633 0.399725
v 0.366281 -0.369633 0.415098
v 0.366281 -0.367519 0.415098
v 0.350611 -0.367519 0.415098
v 0.350611 -0.369633 0.415098
v 0.375017 -0.367519 0.395321
v 0.375156 -0.369633 0.395321
v 0.343822 -0.369633 0.390916
v 0.343822 -0.367519 0.390916
v 0.353603 -0.369633 0.388377
v 0.353603 -0.367519 0.388377
v 0.350611 -0.369633 0.384787
v 0.350611 -0.367519 0.384787
v 0.353604 -0.367519 0.393442
v 0.353603 -0.369633 0.393442
v 0.358446 -0.369633 0.389748
v 0.358446 -0.367519 0.389748
v 0.363288 -0.369633 0.388377
v 0.363288 -0.367519 0.388377
v 0.366281 -0.369633 0.384787
v 0.366281 -0.367519 0.384787
v 0.353603 -0.369633 0.404114
v 0.353603 -0.367519 0.404114
v 0.358446 -0.369633 0.405374
v 0.358446 -0.367519 0.405374
v 0.366281 -0.369633 0.400816
v 0.366281 -0.367519 0.400816
v 0.366281 -0.369633 0.396740
v 0.366281 -0.367519 0.396740
v 0.363288 -0.369633 0.404114
v 0.363288 -0.367519 0.404114
v 0.350611 -0.369633 0.396740
v 0.350611 -0.367519 0.396740
v 0.363288 -0.367519 0.393442
v 0.363288 -0.369633 0.393442
v 0.350611 -0.369633 0.400816
v 0.350611 -0.367519 0.400816
v 0.358446 -0.369633 0.392182
v 0.358446 -0.367519 0.392182
v 0.353603 -0.367519 0.411508
v 0.353603 -0.369633 0.411508
v 0.379177 -0.340721 0.468941
v 0.381291 -0.339761 0.467041
v 0.379177 -0.353815 0.467041
v 0.379177 -0.339761 0.463385
v 0.381291 -0.339761 0.463385
v 0.381291 -0.353815 0.463385
v 0.379177 -0.353815 0.463385
v 0.379177 -0.352512 0.452391
v 0.381291 -0.352002 0.453111
v 0.379177 -0.351131 0.460427
v 0.381291 -0.349734 0.459527
v 0.379177 -0.346788 0.455424
v 0.381291 -0.346788 0.455424
v 0.379177 -0.341573 0.453111
v 0.381291 -0.341063 0.452391
v 0.381291 -0.352512 0.413929
v 0.381291 -0.346788 0.410896
v 0.379177 -0.346788 0.410896
v 0.379177 -0.341063 0.413929
v 0.381291 -0.341573 0.413208
v 0.379177 -0.349734 0.470899
v 0.381291 -0.352854 0.468941
v 0.381291 -0.343841 0.470899
v 0.381291 -0.342445 0.460427
v 0.379177 -0.343841 0.459527
v 0.337701 -0.369633 0.524360
v 0.337701 -0.367519 0.521772
v 0.366281 -0.369633 0.481533
v 0.366281 -0.367519 0.481533
v 0.350611 -0.369633 0.481533
v 0.350611 -0.367519 0.481533
v 0.375017 -0.367519 0.461756
v 0.375156 -0.369633 0.461756
v 0.343822 -0.369633 0.457351
v 0.343822 -0.367519 0.457351
v 0.353603 -0.369633 0.454812
v 0.353603 -0.367519 0.454812
v 0.350611 -0.369633 0.451222
v 0.350611 -0.367519 0.451222
v 0.353603 -0.367519 0.459877
v 0.353603 -0.369633 0.459877
v 0.358446 -0.369633 0.456183
v 0.358446 -0.367519 0.456183
v 0.363288 -0.369633 0.454812
v 0.363288 -0.367519 0.454812
v 0.366281 -0.369633 0.451222
v 0.366281 -0.367519 0.451222
v 0.358446 -0.369633 0.410137
v 0.361171 -0.367519 0.410368
v 0.363288 -0.369633 0.411508
v 0.353603 -0.369633 0.470549
v 0.353603 -0.367519 0.470549
v 0.358446 -0.369633 0.471809
v 0.358446 -0.367519 0.471809
v 0.366281 -0.369633 0.467251
v 0.366281 -0.367519 0.467251
v 0.366281 -0.369633 0.463175
v 0.366281 -0.367519 0.463175
v 0.363288 -0.369633 0.470549
v 0.363288 -0.367519 0.470549
v 0.350611 -0.369633 0.463175
v 0.350611 -0.367519 0.463175
v 0.363288 -0.367519 0.459877
v 0.363288 -0.369633 0.459877
v 0.350611 -0.369633 0.467251
v 0.350611 -0.367519 0.467251
v 0.358446 -0.369633 0.458617
v 0.358446 -0.367519 0.458617
v 0.358446 -0.367519 0.476572
v 0.358446 -0.369633 0.476572
v 0.363288 -0.367519 0.477943
v 0.363288 -0.369633 0.477943
v 0.379177 -0.340721 0.535376
v 0.381291 -0.339761 0.533476
v 0.379177 -0.353815 0.533476
v 0.379177 -0.339761 0.529820
v 0.381291 -0.340721 0.527920
v 0.381291 -0.353815 0.529820
v 0.379177 -0.352854 0.527920
v 0.379177 -0.352512 0.518826
v 0.381291 -0.352002 0.519546
v 0.381291 -0.349734 0.525962
v 0.379177 -0.345138 0.521880
v 0.381291 -0.346788 0.521859
v 0.381291 -0.341401 0.519136
v 0.379177 -0.340532 0.517061
v 0.381291 -0.352512 0.480364
v 0.379177 -0.352002 0.479643
v 0.381291 -0.345138 0.477309
v 0.379177 -0.346788 0.477331
v 0.379177 -0.341401 0.480053
v 0.381291 -0.340532 0.482128
v 0.379177 -0.349734 0.537334
v 0.381291 -0.352854 0.535376
v 0.381291 -0.343841 0.537334
v 0.379177 -0.343841 0.525962
v 0.381291 -0.346788 0.543766
v 0.379177 -0.346788 0.543766
v 0.379177 -0.352002 0.546078
v 0.366281 -0.369633 0.547968
v 0.366281 -0.367519 0.547968
v 0.350611 -0.367519 0.547968
v 0.350611 -0.369633 0.547968
v 0.373069 -0.367519 0.523786
v 0.373069 -0.369633 0.523786
v 0.353603 -0.369633 0.521247
v 0.353603 -0.367519 0.521247
v 0.350611 -0.369633 0.517657
v 0.350611 -0.367519 0.517657
v 0.353603 -0.367519 0.526312
v 0.353603 -0.369633 0.526312
v 0.358446 -0.369633 0.522618
v 0.361171 -0.367519 0.522387
v 0.363288 -0.369633 0.521247
v 0.366281 -0.369633 0.517657
v 0.366281 -0.367519 0.517657
v 0.353603 -0.369633 0.477943
v 0.353603 -0.367519 0.477943
v 0.353603 -0.369633 0.536984
v 0.353603 -0.367519 0.536984
v 0.358446 -0.369633 0.538244
v 0.358446 -0.367519 0.538244
v 0.366281 -0.369633 0.533686
v 0.366281 -0.367519 0.533686
v 0.366281 -0.369633 0.529610
v 0.366281 -0.367519 0.529610
v 0.363288 -0.369633 0.536984
v 0.363288 -0.367519 0.536984
v 0.350611 -0.369633 0.529610
v 0.350611 -0.367519 0.529610
v 0.363288 -0.367519 0.526312
v 0.363288 -0.369633 0.526312
v 0.350611 -0.369633 0.533686
v 0.350611 -0.367519 0.533686
v 0.358446 -0.369633 0.525052
v 0.358446 -0.367519 0.525052
v 0.358446 -0.367519 0.543007
v 0.361171 -0.369633 0.543238
v 0.353603 -0.367519 0.544378
v 0.353603 -0.369633 0.544378
v 0.363288 -0.367519 0.544378
v 0.377857 -0.367371 0.602771
v -0.372581 -0.326042 0.602632
v -0.372581 -0.353058 0.536727
v -0.374695 -0.349296 0.539123
v -0.374695 -0.350654 0.586394
v -0.372581 -0.350654 0.586394
v -0.374695 -0.341063 0.546225
v -0.372581 -0.341573 0.545504
v -0.374695 -0.346788 0.543192
v -0.372581 -0.346788 0.543192
v -0.374695 -0.352002 0.545504
v -0.372581 -0.352512 0.546225
v -0.374695 -0.353815 0.535230
v 0.379177 -0.341573 0.585981
v 0.381291 -0.341063 0.585261
v 0.381291 -0.352002 0.585981
v 0.379177 -0.352512 0.585261
v 0.381291 -0.346788 0.588294
v 0.379177 -0.346788 0.588294
v 0.381291 -0.352512 0.546799
v 0.381291 -0.341573 0.546078
v 0.379177 -0.341063 0.546799
v -0.374695 -0.353043 0.582922
v -0.372581 -0.353043 0.582922
v -0.372581 -0.353815 0.531574
v -0.372581 -0.340721 0.529674
v -0.374695 -0.339761 0.531574
v 0.337701 -0.367519 0.602749
v 0.366281 -0.369633 0.584092
v 0.366281 -0.367519 0.584092
v 0.350611 -0.369633 0.584092
v 0.350611 -0.367519 0.584092
v 0.353603 -0.369633 0.587682
v 0.353603 -0.367519 0.587682
v 0.358446 -0.369633 0.589053
v 0.358446 -0.367519 0.589053
v 0.363288 -0.369633 0.587682
v 0.363288 -0.367519 0.587682
v -0.372581 -0.340201 0.536488
v -0.374695 -0.340721 0.537131
v -0.374695 -0.344760 0.587512
v -0.372581 -0.346788 0.587720
v -0.374695 -0.340532 0.582922
v -0.372581 -0.341063 0.584687
v -0.374695 -0.352854 0.529674
v -0.372581 -0.349734 0.527716
v -0.374695 -0.343841 0.527716
v -0.372581 -0.346788 0.539318
v -0.374695 -0.345138 0.521306
v -0.372581 -0.346788 0.521285
v -0.331105 -0.369633 0.602633
v -0.331105 -0.367519 0.602633
v -0.331105 -0.369633 0.541462
v -0.331105 -0.367519 0.542289
v -0.359685 -0.369633 0.517083
v -0.359685 -0.367519 0.517083
v -0.344015 -0.367519 0.517083
v -0.344015 -0.369633 0.517083
v -0.344015 -0.369633 0.583518
v -0.344015 -0.367519 0.583518
v -0.359685 -0.369633 0.583518
v -0.359685 -0.367519 0.583518
v -0.368421 -0.367519 0.536860
v -0.368560 -0.369633 0.536860
v -0.349125 -0.369633 0.542664
v -0.347007 -0.367519 0.543804
v -0.344015 -0.369633 0.547394
v -0.344015 -0.367519 0.547394
v -0.347007 -0.367519 0.538738
v -0.344858 -0.369633 0.537110
v -0.351850 -0.367519 0.542433
v -0.356692 -0.369633 0.543804
v -0.356692 -0.367519 0.543804
v -0.359685 -0.369633 0.547394
v -0.359685 -0.367519 0.547394
v -0.347007 -0.369633 0.587107
v -0.347007 -0.367519 0.587107
v -0.351850 -0.369633 0.588479
v -0.351850 -0.367519 0.588479
v -0.356692 -0.369633 0.587107
v -0.356692 -0.367519 0.587107
v -0.347007 -0.369633 0.528066
v -0.344858 -0.367519 0.529695
v -0.351850 -0.369633 0.526807
v -0.351850 -0.367519 0.526807
v -0.359685 -0.369633 0.531364
v -0.359685 -0.367519 0.531364
v -0.359685 -0.369633 0.535441
v -0.359685 -0.367519 0.535441
v -0.356692 -0.369633 0.528066
v -0.356692 -0.367519 0.528066
v -0.344015 -0.367519 0.535441
v -0.356692 -0.367519 0.538738
v -0.356692 -0.369633 0.538738
v -0.344015 -0.369633 0.531364
v -0.351850 -0.369633 0.539998
v -0.351850 -0.367519 0.539998
v -0.347008 -0.367519 0.520672
v -0.349125 -0.369633 0.521813
v -0.356692 -0.367519 0.520672
v -0.356692 -0.369633 0.520672
v -0.374180 -0.367508 0.602632
v -0.372581 -0.339761 0.465139
v -0.374695 -0.339761 0.465139
v -0.374695 -0.353815 0.465139
v -0.372581 -0.353815 0.465139
v -0.372581 -0.339761 0.468795
v -0.374695 -0.340721 0.470696
v -0.374695 -0.353815 0.468795
v -0.372581 -0.352854 0.470696
v -0.374695 -0.352002 0.479069
v -0.372581 -0.352512 0.479790
v -0.374695 -0.349734 0.472653
v -0.374695 -0.346788 0.476757
v -0.372581 -0.345138 0.476735
v -0.374695 -0.341401 0.479479
v -0.372581 -0.340532 0.481554
v -0.374695 -0.352512 0.518252
v -0.372581 -0.352002 0.518972
v -0.374695 -0.340532 0.516487
v -0.372581 -0.341401 0.518562
v -0.374695 -0.351130 0.462182
v -0.372581 -0.349734 0.461281
v -0.374695 -0.343841 0.461281
v -0.372581 -0.342445 0.462182
v -0.372581 -0.343841 0.472653
v -0.331105 -0.367519 0.475257
v -0.331105 -0.369633 0.470826
v -0.359685 -0.367519 0.450648
v -0.359685 -0.369633 0.450648
v -0.344015 -0.367519 0.450648
v -0.344015 -0.369633 0.450648
v -0.368421 -0.367519 0.470425
v -0.368560 -0.369633 0.470425
v -0.349125 -0.369633 0.476229
v -0.347008 -0.367519 0.477369
v -0.344015 -0.369633 0.480959
v -0.344015 -0.367519 0.480959
v -0.347008 -0.367519 0.472303
v -0.347007 -0.369633 0.472303
v -0.351850 -0.367519 0.475998
v -0.356692 -0.369633 0.477369
v -0.356692 -0.367519 0.477369
v -0.359685 -0.369633 0.480959
v -0.359685 -0.367519 0.480959
v -0.351850 -0.367519 0.522044
v -0.347008 -0.369633 0.461631
v -0.347008 -0.367519 0.461631
v -0.351850 -0.369633 0.460372
v -0.351850 -0.367519 0.460372
v -0.359685 -0.369633 0.464929
v -0.359685 -0.367519 0.464929
v -0.359685 -0.369633 0.469006
v -0.359685 -0.367519 0.469006
v -0.356692 -0.369633 0.461631
v -0.356692 -0.367519 0.461631
v -0.344015 -0.369633 0.469006
v -0.344015 -0.367519 0.469006
v -0.356692 -0.367519 0.472303
v -0.356692 -0.369633 0.472303
v -0.344015 -0.369633 0.464929
v -0.344015 -0.367519 0.464929
v -0.351850 -0.369633 0.473563
v -0.351850 -0.367519 0.473563
v -0.351850 -0.369633 0.455609
v -0.351850 -0.367519 0.455609
v -0.347008 -0.367519 0.454237
v -0.347008 -0.369633 0.454237
v -0.374695 -0.326043 0.000066
v -0.372581 -0.326043 0.000066
v -0.372581 -0.339317 0.400532
v -0.374695 -0.339761 0.398704
v -0.374695 -0.353815 0.398704
v -0.372581 -0.353815 0.398704
v -0.374695 -0.339761 0.402360
v -0.374695 -0.353815 0.402360
v -0.372581 -0.353815 0.402360
v -0.374695 -0.348437 0.410300
v -0.372581 -0.352174 0.413044
v -0.374695 -0.353043 0.415119
v -0.372581 -0.351131 0.405318
v -0.374695 -0.349734 0.406218
v -0.372581 -0.346788 0.410322
v -0.374695 -0.341063 0.413355
v -0.372581 -0.341573 0.412634
v -0.374695 -0.352174 0.452127
v -0.372581 -0.348437 0.454871
v -0.372581 -0.353043 0.450052
v -0.374695 -0.346788 0.454850
v -0.374695 -0.341573 0.452537
v -0.372581 -0.341063 0.451817
v -0.374695 -0.351131 0.395747
v -0.372581 -0.349734 0.394846
v -0.374695 -0.344279 0.394812
v -0.372581 -0.342445 0.395747
v -0.374695 -0.342445 0.405318
v -0.372581 -0.343841 0.406218
v -0.372581 -0.346788 0.388415
v -0.331105 -0.369633 0.399585
v -0.331105 -0.367519 0.394206
v -0.359685 -0.369633 0.384213
v -0.359685 -0.367519 0.384213
v -0.344015 -0.369633 0.384213
v -0.368560 -0.369633 0.403990
v -0.368421 -0.367519 0.403990
v -0.337226 -0.369633 0.408395
v -0.347007 -0.369633 0.410934
v -0.347007 -0.367519 0.410934
v -0.344015 -0.369633 0.414524
v -0.344015 -0.367519 0.414524
v -0.349052 -0.367519 0.406910
v -0.347007 -0.369633 0.405868
v -0.351850 -0.369633 0.409563
v -0.351850 -0.367519 0.409563
v -0.356692 -0.369633 0.410934
v -0.356692 -0.367519 0.410934
v -0.359685 -0.369633 0.414524
v -0.359685 -0.367519 0.414524
v -0.356692 -0.369633 0.454237
v -0.356692 -0.367519 0.454237
v -0.347007 -0.369633 0.395196
v -0.347007 -0.367519 0.395196
v -0.351850 -0.369633 0.393937
v -0.351850 -0.367519 0.393937
v -0.359685 -0.369633 0.398494
v -0.359685 -0.367519 0.398494
v -0.359685 -0.367519 0.402571
v -0.356692 -0.369633 0.395196
v -0.356692 -0.367519 0.395196
v -0.344015 -0.369633 0.402570
v -0.344015 -0.367519 0.402570
v -0.356692 -0.367519 0.405868
v -0.358841 -0.369633 0.404240
v -0.344015 -0.369633 0.398494
v -0.344015 -0.367519 0.398494
v -0.351850 -0.369633 0.407128
v -0.356692 -0.367519 0.387802
v -0.356692 -0.369633 0.387802
v -0.372467 -0.366125 0.000066
v -0.372581 -0.339317 0.334097
v -0.374695 -0.339761 0.332269
v -0.372581 -0.353815 0.332269
v -0.374695 -0.339761 0.335925
v -0.374695 -0.353815 0.335925
v -0.372581 -0.353815 0.335925
v -0.374695 -0.348815 0.344095
v -0.372581 -0.352512 0.346920
v -0.374695 -0.353043 0.348684
v -0.372581 -0.351131 0.338883
v -0.374695 -0.349734 0.339783
v -0.372581 -0.346788 0.343886
v -0.374695 -0.342921 0.345212
v -0.372581 -0.341401 0.346609
v -0.374695 -0.340532 0.348684
v -0.374695 -0.348815 0.388207
v -0.372581 -0.352174 0.385692
v -0.374695 -0.353043 0.383617
v -0.374695 -0.341573 0.386102
v -0.372581 -0.341063 0.385381
v -0.374695 -0.352854 0.330369
v -0.372581 -0.349734 0.328411
v -0.374695 -0.344279 0.328377
v -0.372581 -0.342445 0.329312
v -0.374695 -0.342445 0.338883
v -0.372581 -0.343841 0.339783
v -0.372581 -0.348815 0.321772
v -0.331105 -0.367519 0.337276
v -0.331105 -0.369633 0.333150
v -0.359685 -0.369633 0.317778
v -0.359685 -0.367519 0.317777
v -0.344015 -0.367519 0.317778
v -0.344015 -0.369633 0.317778
v -0.368421 -0.367519 0.337555
v -0.368560 -0.369633 0.337555
v -0.337226 -0.369633 0.341960
v -0.347007 -0.369633 0.344499
v -0.347007 -0.367519 0.344499
v -0.344015 -0.369633 0.348089
v -0.344015 -0.367519 0.348089
v -0.347007 -0.367519 0.339433
v -0.347007 -0.369633 0.339433
v -0.351850 -0.369633 0.343128
v -0.351850 -0.367519 0.343128
v -0.356692 -0.369633 0.344499
v -0.356692 -0.367519 0.344499
v -0.359685 -0.369633 0.348089
v -0.359685 -0.367519 0.348089
v -0.349124 -0.369633 0.388943
v -0.347007 -0.367519 0.387802
v -0.344015 -0.367519 0.384213
v -0.351850 -0.367519 0.389174
v -0.347007 -0.369633 0.328761
v -0.349053 -0.367519 0.327719
v -0.351850 -0.369633 0.327502
v -0.358841 -0.369633 0.330390
v -0.359685 -0.367519 0.332059
v -0.359685 -0.369633 0.336136
v -0.359685 -0.367519 0.336136
v -0.356692 -0.367519 0.328761
v -0.344015 -0.369633 0.336136
v -0.344015 -0.367519 0.336136
v -0.356692 -0.369633 0.339433
v -0.344015 -0.369633 0.332059
v -0.344015 -0.367519 0.332059
v -0.351850 -0.369633 0.340693
v -0.354647 -0.367519 0.340475
v -0.351850 -0.367519 0.322739
v -0.351850 -0.369633 0.322739
v -0.347007 -0.367519 0.321367
v -0.347007 -0.369633 0.321367
v -0.356692 -0.367519 0.321367
v -0.356692 -0.369633 0.321367
v -0.374695 -0.365586 0.000066
v -0.374180 -0.367508 0.000066
v -0.372581 -0.339317 0.267662
v -0.374695 -0.339761 0.265834
v -0.372581 -0.353815 0.265834
v -0.374695 -0.339761 0.269490
v -0.374695 -0.353815 0.269490
v -0.372581 -0.353815 0.269490
v -0.374695 -0.352174 0.280174
v -0.372581 -0.350654 0.278777
v -0.372581 -0.353043 0.282249
v -0.372581 -0.351131 0.272448
v -0.374695 -0.349734 0.273348
v -0.374695 -0.346788 0.277451
v -0.372581 -0.344760 0.277660
v -0.374695 -0.341401 0.280174
v -0.372581 -0.340532 0.282249
v -0.374695 -0.352512 0.318947
v -0.372581 -0.353043 0.317182
v -0.374695 -0.346788 0.321980
v -0.374695 -0.341063 0.318947
v -0.372581 -0.341573 0.319667
v -0.374695 -0.352854 0.263934
v -0.372581 -0.349734 0.261976
v -0.374695 -0.344279 0.261942
v -0.372581 -0.342445 0.262877
v -0.374695 -0.342445 0.272448
v -0.372581 -0.343841 0.273348
v -0.374695 -0.346788 0.255545
v -0.372581 -0.346788 0.255545
v -0.372581 -0.352002 0.253232
v -0.331105 -0.369633 0.266715
v -0.331105 -0.367519 0.278206
v -0.359685 -0.369633 0.251343
v -0.359685 -0.367519 0.251343
v -0.344015 -0.367519 0.251343
v -0.344015 -0.369633 0.251343
v -0.368421 -0.367519 0.271120
v -0.368560 -0.369633 0.271120
v -0.337226 -0.369633 0.275525
v -0.347007 -0.369633 0.278064
v -0.347007 -0.367519 0.278064
v -0.344015 -0.369633 0.281654
v -0.344015 -0.367519 0.281654
v -0.347007 -0.367519 0.272998
v -0.347007 -0.369633 0.272998
v -0.351850 -0.369633 0.276693
v -0.354575 -0.367519 0.276924
v -0.356692 -0.369633 0.278064
v -0.359685 -0.369633 0.281654
v -0.359685 -0.367519 0.281654
v -0.347008 -0.369633 0.262326
v -0.349053 -0.367519 0.261284
v -0.351850 -0.369633 0.261067
v -0.358841 -0.369633 0.263955
v -0.359685 -0.367519 0.265624
v -0.359685 -0.369633 0.269700
v -0.356692 -0.367519 0.262326
v -0.344015 -0.369633 0.269700
v -0.344015 -0.367519 0.269700
v -0.358841 -0.367519 0.271369
v -0.354647 -0.369633 0.274040
v -0.344015 -0.369633 0.265624
v -0.344015 -0.367519 0.265624
v -0.351850 -0.367519 0.274258
v -0.351850 -0.367519 0.256303
v -0.351850 -0.369633 0.256304
v -0.347008 -0.367519 0.254932
v -0.347008 -0.369633 0.254932
v -0.356692 -0.367519 0.254932
v -0.356692 -0.369633 0.254932
v -0.372581 -0.340517 0.197902
v -0.374695 -0.339317 0.201227
v -0.374695 -0.353815 0.199399
v -0.372581 -0.339761 0.203055
v -0.374695 -0.353815 0.203055
v -0.372581 -0.353815 0.203055
v -0.374695 -0.352002 0.213329
v -0.372581 -0.352512 0.214050
v -0.372581 -0.351131 0.206013
v -0.374695 -0.349734 0.206913
v -0.374695 -0.346788 0.211016
v -0.372581 -0.346788 0.211016
v -0.374695 -0.341063 0.214050
v -0.372581 -0.341573 0.213329
v -0.374695 -0.352512 0.252511
v -0.374695 -0.341573 0.253232
v -0.372581 -0.341063 0.252511
v -0.374695 -0.349296 0.195507
v -0.372581 -0.353374 0.198142
v -0.372581 -0.346788 0.195312
v -0.374695 -0.342445 0.196442
v -0.374695 -0.342445 0.206013
v -0.372581 -0.344279 0.206947
v -0.372581 -0.348815 0.188902
v -0.331105 -0.367519 0.210382
v -0.331105 -0.369633 0.137464
v -0.359685 -0.369633 0.184907
v -0.359685 -0.367519 0.184907
v -0.344015 -0.367519 0.184907
v -0.344015 -0.369633 0.184907
v -0.368421 -0.367519 0.204685
v -0.366473 -0.369633 0.209089
v -0.337226 -0.369633 0.209090
v -0.349125 -0.369633 0.210488
v -0.347008 -0.367519 0.211629
v -0.344015 -0.369633 0.215219
v -0.344015 -0.367519 0.215219
v -0.347008 -0.367519 0.206563
v -0.347008 -0.369633 0.206563
v -0.351850 -0.367519 0.210258
v -0.356692 -0.369633 0.211629
v -0.356692 -0.367519 0.211629
v -0.359685 -0.369633 0.215219
v -0.359685 -0.367519 0.215219
v -0.349053 -0.369633 0.194849
v -0.347008 -0.367519 0.195891
v -0.351850 -0.367519 0.194632
v -0.359685 -0.369633 0.199189
v -0.359685 -0.367519 0.199189
v -0.359685 -0.369633 0.203265
v -0.356692 -0.369633 0.195891
v -0.356692 -0.367519 0.195891
v -0.344015 -0.369633 0.203265
v -0.344015 -0.367519 0.203265
v -0.358841 -0.367519 0.204934
v -0.356692 -0.369633 0.206563
v -0.344015 -0.369633 0.199189
v -0.344015 -0.367519 0.199189
v -0.351850 -0.369633 0.207823
v -0.351850 -0.367519 0.207823
v -0.347008 -0.367519 0.188497
v -0.347008 -0.369633 0.188497
v -0.370648 -0.369633 0.200280
v -0.372581 -0.340517 0.131467
v -0.374695 -0.339317 0.134792
v -0.374695 -0.353815 0.132964
v -0.372581 -0.339761 0.136620
v -0.374695 -0.353815 0.136620
v -0.372581 -0.352854 0.138520
v -0.374695 -0.348815 0.144789
v -0.372581 -0.352512 0.147614
v -0.374695 -0.353043 0.149379
v -0.374695 -0.349734 0.140478
v -0.372581 -0.346788 0.144581
v -0.374695 -0.342922 0.145907
v -0.372581 -0.341401 0.147304
v -0.374695 -0.340532 0.149379
v -0.374695 -0.352512 0.186076
v -0.372581 -0.353043 0.184312
v -0.374695 -0.346788 0.189110
v -0.374695 -0.341401 0.186387
v -0.372581 -0.340532 0.184312
v -0.372581 -0.342921 0.187784
v -0.374695 -0.349296 0.129072
v -0.372581 -0.353374 0.131707
v -0.372581 -0.346788 0.128877
v -0.374695 -0.342445 0.130007
v -0.374695 -0.342445 0.139578
v -0.372581 -0.344279 0.140512
v -0.331105 -0.367519 0.134092
v -0.359685 -0.369633 0.118472
v -0.359685 -0.367519 0.118472
v -0.344015 -0.369633 0.118472
v -0.344015 -0.367519 0.118472
v -0.368421 -0.367519 0.138250
v -0.368560 -0.369633 0.138250
v -0.347008 -0.369633 0.145194
v -0.347008 -0.367519 0.145194
v -0.344015 -0.369633 0.148783
v -0.344015 -0.367519 0.148783
v -0.347008 -0.367519 0.140128
v -0.347008 -0.369633 0.140128
v -0.351850 -0.369633 0.143822
v -0.351850 -0.367519 0.143822
v -0.356692 -0.369633 0.145194
v -0.356692 -0.367519 0.145194
v -0.359685 -0.369633 0.148783
v -0.359685 -0.367519 0.148783
v -0.351850 -0.369633 0.189868
v -0.351850 -0.367519 0.189868
v -0.356692 -0.369633 0.188497
v -0.356692 -0.367519 0.188497
v -0.347007 -0.369633 0.129456
v -0.347007 -0.367519 0.129456
v -0.354647 -0.369633 0.128414
v -0.351850 -0.367519 0.128197
v -0.359685 -0.369633 0.132754
v -0.359685 -0.367519 0.132754
v -0.359685 -0.369633 0.136830
v -0.359685 -0.367519 0.136830
v -0.356692 -0.367519 0.129456
v -0.344015 -0.369633 0.136830
v -0.344015 -0.367519 0.136830
v -0.356692 -0.367519 0.140128
v -0.356692 -0.369633 0.140128
v -0.344015 -0.369633 0.132754
v -0.344015 -0.367519 0.132754
v -0.351850 -0.369633 0.141388
v -0.351850 -0.367519 0.141388
v -0.351850 -0.367519 0.123433
v -0.354575 -0.369633 0.123202
v -0.356692 -0.367519 0.122062
v -0.372581 -0.340721 0.064629
v -0.374695 -0.339761 0.066529
v -0.372581 -0.353815 0.066529
v -0.372581 -0.339761 0.070185
v -0.374695 -0.340721 0.072085
v -0.374695 -0.353815 0.070185
v -0.372581 -0.353815 0.070185
v -0.374695 -0.352174 0.080869
v -0.372581 -0.348815 0.078354
v -0.372581 -0.353043 0.082944
v -0.372581 -0.351131 0.073143
v -0.374695 -0.349734 0.074043
v -0.374695 -0.346788 0.078146
v -0.374695 -0.341063 0.081179
v -0.372581 -0.341573 0.080459
v -0.374695 -0.352512 0.119641
v -0.372581 -0.348815 0.122466
v -0.372581 -0.353043 0.117877
v -0.374695 -0.346788 0.122675
v -0.374695 -0.341401 0.119952
v -0.372581 -0.340532 0.117877
v -0.372581 -0.342922 0.121349
v -0.374695 -0.352854 0.064629
v -0.372581 -0.349734 0.062671
v -0.374695 -0.343841 0.062671
v -0.372581 -0.343841 0.074043
v -0.374695 -0.346788 0.056239
v -0.372581 -0.346788 0.056239
v -0.372581 -0.352002 0.053927
v -0.331105 -0.369633 0.000066
v -0.331105 -0.367519 0.000066
v -0.359685 -0.369633 0.052037
v -0.359685 -0.367519 0.052037
v -0.344015 -0.367519 0.052037
v -0.344015 -0.369633 0.052037
v -0.366473 -0.367519 0.076219
v -0.366473 -0.369633 0.076219
v -0.337226 -0.369633 0.076219
v -0.337226 -0.367519 0.076219
v -0.347007 -0.369633 0.078759
v -0.347007 -0.367519 0.078759
v -0.344015 -0.369633 0.082348
v -0.344015 -0.367519 0.082348
v -0.347007 -0.367519 0.073693
v -0.349053 -0.369633 0.074735
v -0.351850 -0.369633 0.077387
v -0.354575 -0.367519 0.077618
v -0.356692 -0.369633 0.078759
v -0.359685 -0.369633 0.082348
v -0.359685 -0.367519 0.082348
v -0.347007 -0.369633 0.122062
v -0.347007 -0.367519 0.122062
v -0.347007 -0.369633 0.063021
v -0.344858 -0.367519 0.064650
v -0.354647 -0.369633 0.061979
v -0.351850 -0.367519 0.061762
v -0.359685 -0.369633 0.066319
v -0.358841 -0.367519 0.064650
v -0.359685 -0.369633 0.070395
v -0.359685 -0.367519 0.070395
v -0.344015 -0.369633 0.070395
v -0.344015 -0.367519 0.070395
v -0.356692 -0.367519 0.073693
v -0.356692 -0.369633 0.073693
v -0.344015 -0.369633 0.066319
v -0.351850 -0.367519 0.074953
v -0.351850 -0.367519 0.056998
v -0.351850 -0.369633 0.056998
v -0.347007 -0.367519 0.055627
v -0.347007 -0.369633 0.055627
v -0.356692 -0.367519 0.055627
v -0.356692 -0.369633 0.055627
v -0.372208 -0.369371 0.000066
v -0.371195 -0.367403 0.000066
v -0.374695 -0.352174 0.014434
v -0.372581 -0.350654 0.013037
v -0.372581 -0.353043 0.016509
v -0.374695 -0.346788 0.011711
v -0.372581 -0.344761 0.011919
v -0.374695 -0.341063 0.014744
v -0.372581 -0.340532 0.016509
v -0.374695 -0.352512 0.053206
v -0.374695 -0.341573 0.053927
v -0.372581 -0.341063 0.053206
v -0.371302 -0.367351 0.602632
v -0.372218 -0.369376 0.602632
v -0.372491 -0.366091 0.602632
v -0.374695 -0.365586 0.602632
v -0.359685 -0.367519 0.015913
v -0.359685 -0.369633 0.015913
v -0.347008 -0.369633 0.012324
v -0.347008 -0.367519 0.012324
v -0.344015 -0.369633 0.015913
v -0.344015 -0.367519 0.015913
v -0.351850 -0.369633 0.010952
v -0.351850 -0.367519 0.010952
v -0.356692 -0.369633 0.012324
v -0.356692 -0.367519 0.012324
v 0.337701 -0.369633 0.602749
v 0.381291 -0.365585 0.602752
v -0.374695 -0.326042 0.602632
v 0.378743 -0.369420 0.000066
v -0.375468 -0.369721 0.561512
v -0.375468 -0.372535 0.561512
v -0.375468 -0.372535 0.601147
v -0.375468 -0.369621 0.601587
v -0.359606 -0.372535 0.576002
v -0.361406 -0.369721 0.576539
v -0.363122 -0.372535 0.586124
v -0.361721 -0.369721 0.587635
v -0.364255 -0.372535 0.580241
v -0.364465 -0.369721 0.582257
v -0.375468 -0.328244 0.602988
v -0.375468 -0.328244 0.605802
v -0.360209 -0.341155 0.602988
v -0.360209 -0.356825 0.602988
v -0.360209 -0.356825 0.605803
v -0.363844 -0.344147 0.602988
v -0.363844 -0.344147 0.605803
v -0.365233 -0.348990 0.602988
v -0.365233 -0.348990 0.605803
v -0.363844 -0.353832 0.602988
v -0.363844 -0.353832 0.605803
v -0.375468 -0.369612 0.605549
v -0.375468 -0.368391 0.602858
v -0.375468 -0.371947 0.603340
v -0.307603 -0.369721 0.575230
v -0.309454 -0.372535 0.574783
v -0.307603 -0.372535 0.589284
v -0.307603 -0.369721 0.589284
v -0.311305 -0.369721 0.575230
v -0.311305 -0.372535 0.589284
v -0.311305 -0.369721 0.589284
v -0.322426 -0.369721 0.587975
v -0.321699 -0.372535 0.587464
v -0.314301 -0.369721 0.586600
v -0.315213 -0.372535 0.585198
v -0.319368 -0.369721 0.582257
v -0.319368 -0.372535 0.582257
v -0.321699 -0.369721 0.577050
v -0.322426 -0.372535 0.576539
v -0.359606 -0.372535 0.588513
v -0.303695 -0.369721 0.585198
v -0.304607 -0.372535 0.586600
v -0.303695 -0.372535 0.579317
v -0.304607 -0.369721 0.577914
v -0.314301 -0.372535 0.577915
v -0.315248 -0.369721 0.579758
v -0.294850 -0.369721 0.587464
v -0.308495 -0.328244 0.602989
v -0.310029 -0.328244 0.605803
v -0.292926 -0.356825 0.605803
v -0.292926 -0.356825 0.602988
v -0.292926 -0.341155 0.602988
v -0.292926 -0.341155 0.605802
v -0.312955 -0.365746 0.605803
v -0.312955 -0.365561 0.602988
v -0.317416 -0.334366 0.602989
v -0.319988 -0.344147 0.605802
v -0.319988 -0.344147 0.602988
v -0.323624 -0.341155 0.605803
v -0.323624 -0.341155 0.602989
v -0.314858 -0.344147 0.602988
v -0.314858 -0.344147 0.605802
v -0.318599 -0.348990 0.605802
v -0.318599 -0.348990 0.602988
v -0.319988 -0.353832 0.605802
v -0.319988 -0.353832 0.602988
v -0.323624 -0.356825 0.605802
v -0.323624 -0.356825 0.602988
v -0.360209 -0.341154 0.605803
v -0.304050 -0.344147 0.605802
v -0.304050 -0.344147 0.602988
v -0.302774 -0.348990 0.605802
v -0.302774 -0.348990 0.602988
v -0.307390 -0.356825 0.605802
v -0.307390 -0.356825 0.602988
v -0.311518 -0.356825 0.605802
v -0.311518 -0.356825 0.602988
v -0.304050 -0.353832 0.605802
v -0.304050 -0.353832 0.602988
v -0.311518 -0.341155 0.605802
v -0.311518 -0.341155 0.602988
v -0.314858 -0.353832 0.602988
v -0.314858 -0.353832 0.605802
v -0.307390 -0.341155 0.605802
v -0.307390 -0.341155 0.602988
v -0.316134 -0.348990 0.605802
v -0.316134 -0.348990 0.602988
v -0.296561 -0.344147 0.602988
v -0.296561 -0.344147 0.605802
v -0.242171 -0.369721 0.574782
v -0.240320 -0.372535 0.575230
v -0.240320 -0.372535 0.589284
v -0.240320 -0.369721 0.589284
v -0.244022 -0.372535 0.575230
v -0.244022 -0.372535 0.589284
v -0.244022 -0.369721 0.589284
v -0.255143 -0.369721 0.587975
v -0.254416 -0.372535 0.587464
v -0.247018 -0.369721 0.586600
v -0.247930 -0.372535 0.585198
v -0.252085 -0.369721 0.582257
v -0.252295 -0.372535 0.580241
v -0.254416 -0.369721 0.577051
v -0.256944 -0.372535 0.576002
v -0.294123 -0.372535 0.587975
v -0.297182 -0.372535 0.582257
v -0.297182 -0.369721 0.582257
v -0.294123 -0.369721 0.576539
v -0.294850 -0.372535 0.577050
v -0.236412 -0.369721 0.585198
v -0.237324 -0.372535 0.586600
v -0.236377 -0.372535 0.579758
v -0.237324 -0.369721 0.577914
v -0.247018 -0.372535 0.577915
v -0.247930 -0.369721 0.579317
v -0.198001 -0.328244 0.602989
v -0.225643 -0.356825 0.605803
v -0.225643 -0.356825 0.602989
v -0.225643 -0.341155 0.605803
v -0.225643 -0.341155 0.602989
v -0.245672 -0.365561 0.602988
v -0.245672 -0.365746 0.605803
v -0.250133 -0.334277 0.605803
v -0.250133 -0.334366 0.602988
v -0.252705 -0.344147 0.605803
v -0.252705 -0.344147 0.602988
v -0.256341 -0.341155 0.605803
v -0.256341 -0.341155 0.602988
v -0.247575 -0.344147 0.602988
v -0.247575 -0.344147 0.605803
v -0.251316 -0.348990 0.605803
v -0.251316 -0.348990 0.602988
v -0.252705 -0.353832 0.605803
v -0.252705 -0.353832 0.602988
v -0.256341 -0.356825 0.605803
v -0.256341 -0.356825 0.602988
v -0.297950 -0.348990 0.605802
v -0.297950 -0.348990 0.602988
v -0.296561 -0.353832 0.605802
v -0.296561 -0.353832 0.602988
v -0.235711 -0.346203 0.605803
v -0.236767 -0.344147 0.602988
v -0.235491 -0.348990 0.602989
v -0.240107 -0.356825 0.605803
v -0.238402 -0.355970 0.602988
v -0.244235 -0.356825 0.605803
v -0.244235 -0.356825 0.602988
v -0.236767 -0.353832 0.605803
v -0.244235 -0.341155 0.605803
v -0.244235 -0.341155 0.602988
v -0.247575 -0.353832 0.602988
v -0.247575 -0.353832 0.605803
v -0.240107 -0.341155 0.605803
v -0.240107 -0.341155 0.602988
v -0.248851 -0.348990 0.605803
v -0.248851 -0.348990 0.602988
v -0.230667 -0.348990 0.602989
v -0.230667 -0.348990 0.605803
v -0.229278 -0.353832 0.602989
v -0.229278 -0.353832 0.605803
v -0.169483 -0.369721 0.561512
v -0.165037 -0.369721 0.567485
v -0.174888 -0.372535 0.574782
v -0.167260 -0.372535 0.599088
v -0.167260 -0.369721 0.598903
v -0.176739 -0.369721 0.575230
v -0.176739 -0.372535 0.589284
v -0.174888 -0.369721 0.589732
v -0.187860 -0.369721 0.587975
v -0.187133 -0.372535 0.587464
v -0.180647 -0.369721 0.585198
v -0.179735 -0.372535 0.586600
v -0.184802 -0.369721 0.582257
v -0.184802 -0.372535 0.582257
v -0.187133 -0.369721 0.577050
v -0.187860 -0.372535 0.576539
v -0.226840 -0.372535 0.587975
v -0.227567 -0.369721 0.587464
v -0.229899 -0.372535 0.582257
v -0.229899 -0.369721 0.582257
v -0.226840 -0.369721 0.576539
v -0.227567 -0.372535 0.577050
v -0.169129 -0.369721 0.585198
v -0.170041 -0.372535 0.586600
v -0.169129 -0.372535 0.579317
v -0.173036 -0.369721 0.575230
v -0.170041 -0.369721 0.577914
v -0.179735 -0.369721 0.577915
v -0.180647 -0.372535 0.579317
v -0.173036 -0.372535 0.589284
v -0.160946 -0.372535 0.585198
v -0.160946 -0.369721 0.579317
v -0.160034 -0.369721 0.586600
v -0.171119 -0.355970 0.605803
v -0.172824 -0.356825 0.602988
v -0.172824 -0.341155 0.602988
v -0.172824 -0.341155 0.605803
v -0.176167 -0.365561 0.602988
v -0.182850 -0.363613 0.605803
v -0.185422 -0.344147 0.605802
v -0.185422 -0.344147 0.602988
v -0.189058 -0.341155 0.605802
v -0.189058 -0.341155 0.602988
v -0.180292 -0.344147 0.602988
v -0.180292 -0.344147 0.605802
v -0.184033 -0.348990 0.605802
v -0.184033 -0.348990 0.602988
v -0.185422 -0.353832 0.605802
v -0.185422 -0.353832 0.602988
v -0.189058 -0.356825 0.605802
v -0.189058 -0.356825 0.602988
v -0.229278 -0.344147 0.605803
v -0.229278 -0.344147 0.602989
v -0.169484 -0.344147 0.605803
v -0.169484 -0.344147 0.602988
v -0.168208 -0.348990 0.605803
v -0.168208 -0.348990 0.602988
v -0.176952 -0.356825 0.605802
v -0.169484 -0.353832 0.602988
v -0.176952 -0.341155 0.605802
v -0.176952 -0.341155 0.602988
v -0.178656 -0.355970 0.602988
v -0.180292 -0.353832 0.605802
v -0.181568 -0.348990 0.605802
v -0.181568 -0.348990 0.602988
v -0.161867 -0.348990 0.602988
v -0.161647 -0.346203 0.605803
v -0.160591 -0.344147 0.602988
v -0.169483 -0.367879 0.605803
v 0.381808 -0.372535 0.561512
v 0.381808 -0.369721 0.561512
v 0.313943 -0.372535 0.575230
v 0.313943 -0.369721 0.575230
v 0.313943 -0.372535 0.589285
v 0.313943 -0.369721 0.589285
v 0.381808 -0.369603 0.601602
v 0.381808 -0.372535 0.601147
v 0.365946 -0.372535 0.576002
v 0.368061 -0.369721 0.576880
v 0.317645 -0.372535 0.575230
v 0.317645 -0.369721 0.575230
v 0.317645 -0.369721 0.589285
v 0.317645 -0.372535 0.589285
v 0.328766 -0.372535 0.587975
v 0.328040 -0.369721 0.587464
v 0.320641 -0.372535 0.586600
v 0.325708 -0.372535 0.582257
v 0.325918 -0.369721 0.580241
v 0.328040 -0.372535 0.577051
v 0.330567 -0.369721 0.576002
v 0.369462 -0.369721 0.586124
v 0.370595 -0.372535 0.584274
v 0.365946 -0.369721 0.588513
v 0.365946 -0.372535 0.588513
v 0.370805 -0.369721 0.582257
v 0.369462 -0.372535 0.578391
v 0.310035 -0.372535 0.585198
v 0.310947 -0.369721 0.586600
v 0.310035 -0.369721 0.579317
v 0.310947 -0.372535 0.577914
v 0.321553 -0.372535 0.579317
v 0.320641 -0.369721 0.577914
v 0.321553 -0.369721 0.585198
v 0.303522 -0.369721 0.582257
v 0.303522 -0.372535 0.582257
v 0.381808 -0.328245 0.602989
v 0.381808 -0.328245 0.605803
v 0.314835 -0.328245 0.602989
v 0.314835 -0.328245 0.605803
v 0.299266 -0.356825 0.602989
v 0.299266 -0.356825 0.605803
v 0.299266 -0.341155 0.605803
v 0.299266 -0.341155 0.602989
v 0.366549 -0.341155 0.602989
v 0.366549 -0.341155 0.605803
v 0.366549 -0.356825 0.602989
v 0.366549 -0.356825 0.605803
v 0.319296 -0.365746 0.605803
v 0.319296 -0.365561 0.602989
v 0.323757 -0.334366 0.602989
v 0.323757 -0.334277 0.605803
v 0.326328 -0.344147 0.602989
v 0.326328 -0.344147 0.605803
v 0.329964 -0.341155 0.602989
v 0.329964 -0.341155 0.605803
v 0.321198 -0.344147 0.605803
v 0.321198 -0.344147 0.602989
v 0.324940 -0.348990 0.602989
v 0.324940 -0.348990 0.605803
v 0.326328 -0.353832 0.602989
v 0.326328 -0.353832 0.605803
v 0.329964 -0.356825 0.602989
v 0.329964 -0.356825 0.605803
v 0.370185 -0.344147 0.602989
v 0.370185 -0.344147 0.605803
v 0.371573 -0.348990 0.602989
v 0.371573 -0.348990 0.605803
v 0.370185 -0.353832 0.602989
v 0.370185 -0.353832 0.605803
v 0.310390 -0.344147 0.602989
v 0.310390 -0.344147 0.605803
v 0.309114 -0.348990 0.602989
v 0.309114 -0.348990 0.605803
v 0.313730 -0.356825 0.602989
v 0.313730 -0.356825 0.605803
v 0.317858 -0.356825 0.602989
v 0.317858 -0.356825 0.605803
v 0.310390 -0.353832 0.602989
v 0.310390 -0.353832 0.605803
v 0.317858 -0.341155 0.602989
v 0.317858 -0.341155 0.605803
v 0.321198 -0.353832 0.605803
v 0.321198 -0.353832 0.602989
v 0.313730 -0.341155 0.602989
v 0.313730 -0.341155 0.605803
v 0.322474 -0.348990 0.602989
v 0.322474 -0.348990 0.605803
v 0.302902 -0.344147 0.605803
v 0.302902 -0.344147 0.602989
v 0.302902 -0.353832 0.605803
v 0.302902 -0.353832 0.602989
v 0.381808 -0.368442 0.602821
v 0.381808 -0.371947 0.603340
v 0.246660 -0.372535 0.575230
v 0.246660 -0.369721 0.575230
v 0.246660 -0.369721 0.589284
v 0.246660 -0.372535 0.589284
v 0.250362 -0.372535 0.575230
v 0.250362 -0.369721 0.575230
v 0.250362 -0.369721 0.589284
v 0.250362 -0.372535 0.589284
v 0.261483 -0.372535 0.587975
v 0.260756 -0.369721 0.587464
v 0.253358 -0.372535 0.586600
v 0.258425 -0.372535 0.582257
v 0.258425 -0.369721 0.582257
v 0.260756 -0.372535 0.577051
v 0.261483 -0.369721 0.576539
v 0.300463 -0.369721 0.587975
v 0.301190 -0.372535 0.587464
v 0.300463 -0.372535 0.576539
v 0.301190 -0.369721 0.577050
v 0.242752 -0.372535 0.585198
v 0.243664 -0.369721 0.586600
v 0.242752 -0.369721 0.579317
v 0.243664 -0.372535 0.577914
v 0.254270 -0.372535 0.579317
v 0.253358 -0.369721 0.577914
v 0.254270 -0.369721 0.585198
v 0.247552 -0.328245 0.605803
v 0.247552 -0.328245 0.602989
v 0.231983 -0.356825 0.605803
v 0.231983 -0.356825 0.602989
v 0.231983 -0.341155 0.605803
v 0.231983 -0.341155 0.602989
v 0.252013 -0.365746 0.605803
v 0.252013 -0.365561 0.602989
v 0.256474 -0.334366 0.602989
v 0.256474 -0.334277 0.605803
v 0.259045 -0.344147 0.602989
v 0.259045 -0.344147 0.605803
v 0.262681 -0.341155 0.602989
v 0.262681 -0.341155 0.605803
v 0.253915 -0.344147 0.605803
v 0.253915 -0.344147 0.602989
v 0.257657 -0.348990 0.602989
v 0.257657 -0.348990 0.605803
v 0.259045 -0.353832 0.602989
v 0.259045 -0.353832 0.605803
v 0.262681 -0.356825 0.602989
v 0.262681 -0.356825 0.605803
v 0.304290 -0.348990 0.602989
v 0.304290 -0.348990 0.605803
v 0.243107 -0.344147 0.602989
v 0.243107 -0.344147 0.605803
v 0.241831 -0.348990 0.602989
v 0.241831 -0.348990 0.605803
v 0.246447 -0.356825 0.602989
v 0.246447 -0.356825 0.605803
v 0.250575 -0.356825 0.602989
v 0.250575 -0.356825 0.605803
v 0.243107 -0.353832 0.602989
v 0.243107 -0.353832 0.605803
v 0.250575 -0.341155 0.602989
v 0.250575 -0.341155 0.605803
v 0.253915 -0.353832 0.605803
v 0.253915 -0.353832 0.602989
v 0.246447 -0.341155 0.602989
v 0.246447 -0.341155 0.605803
v 0.255191 -0.348990 0.602989
v 0.255191 -0.348990 0.605803
v 0.237007 -0.348990 0.602989
v 0.237007 -0.348990 0.605803
v 0.235619 -0.344147 0.605803
v 0.235619 -0.344147 0.602989
v 0.179377 -0.372535 0.575230
v 0.179377 -0.369721 0.575230
v 0.179377 -0.369721 0.589284
v 0.179377 -0.372535 0.589284
v 0.183079 -0.372535 0.575230
v 0.183079 -0.369721 0.575230
v 0.184364 -0.369721 0.588837
v 0.183079 -0.372535 0.589284
v 0.194200 -0.372535 0.587975
v 0.193473 -0.369721 0.587464
v 0.191142 -0.372535 0.582257
v 0.191142 -0.369721 0.582257
v 0.193473 -0.372535 0.577051
v 0.194200 -0.369721 0.576539
v 0.233180 -0.369721 0.587975
v 0.233907 -0.372535 0.587464
v 0.236239 -0.369721 0.582257
v 0.236239 -0.372535 0.582257
v 0.233180 -0.372535 0.576539
v 0.233907 -0.369721 0.577050
v 0.175469 -0.372535 0.585198
v 0.176381 -0.369721 0.586600
v 0.175469 -0.369721 0.579317
v 0.176381 -0.372535 0.577914
v 0.186075 -0.372535 0.577914
v 0.187240 -0.369721 0.580182
v 0.187022 -0.372535 0.584757
v 0.168746 -0.369721 0.580241
v 0.168956 -0.372535 0.582257
v 0.166212 -0.372535 0.576880
v 0.180269 -0.328245 0.602989
v 0.180269 -0.328245 0.605803
v 0.164700 -0.356825 0.602989
v 0.164700 -0.356825 0.605803
v 0.164700 -0.341155 0.602989
v 0.164700 -0.341155 0.605803
v 0.184730 -0.365561 0.602989
v 0.184730 -0.365746 0.605803
v 0.189191 -0.334366 0.602989
v 0.189191 -0.334277 0.605803
v 0.191762 -0.344147 0.602989
v 0.191762 -0.344147 0.605803
v 0.195398 -0.341155 0.602989
v 0.195398 -0.341155 0.605803
v 0.186632 -0.344147 0.605803
v 0.186632 -0.344147 0.602989
v 0.190373 -0.348990 0.602989
v 0.190373 -0.348990 0.605803
v 0.191762 -0.353832 0.602989
v 0.191762 -0.353832 0.605803
v 0.195398 -0.356825 0.602989
v 0.195398 -0.356825 0.605803
v 0.235618 -0.353832 0.602989
v 0.235618 -0.353832 0.605803
v 0.177459 -0.342009 0.602989
v 0.175824 -0.344147 0.605803
v 0.174548 -0.348990 0.602989
v 0.174768 -0.351777 0.605803
v 0.177459 -0.355970 0.602988
v 0.179164 -0.356825 0.605803
v 0.183292 -0.356825 0.602989
v 0.184997 -0.355970 0.605803
v 0.183292 -0.341155 0.602989
v 0.183292 -0.341155 0.605803
v 0.186632 -0.353832 0.602989
v 0.179164 -0.341155 0.605803
v 0.187908 -0.348990 0.602989
v 0.187908 -0.348990 0.605803
v 0.168335 -0.353832 0.605803
v 0.168335 -0.353832 0.602988
v 0.112094 -0.372535 0.575230
v 0.112094 -0.369721 0.575230
v 0.112094 -0.369721 0.589284
v 0.112094 -0.372535 0.589284
v 0.115796 -0.372535 0.575230
v 0.115796 -0.369721 0.575230
v 0.115796 -0.369721 0.589284
v 0.115796 -0.372535 0.589284
v 0.126917 -0.372535 0.587975
v 0.126190 -0.369721 0.587464
v 0.118792 -0.372535 0.586600
v 0.123859 -0.372535 0.582257
v 0.123859 -0.369721 0.582257
v 0.125202 -0.372535 0.578391
v 0.126602 -0.369721 0.576880
v 0.128718 -0.372535 0.576002
v 0.167613 -0.369721 0.586124
v 0.166212 -0.372535 0.587635
v 0.164097 -0.369721 0.588513
v 0.164097 -0.369721 0.576002
v 0.108186 -0.372535 0.585198
v 0.109098 -0.369721 0.586600
v 0.108186 -0.369721 0.579317
v 0.109098 -0.372535 0.577914
v 0.119704 -0.372535 0.579317
v 0.118792 -0.369721 0.577915
v 0.119704 -0.369721 0.585198
v 0.098614 -0.369721 0.587975
v 0.099341 -0.369721 0.577051
v 0.098614 -0.372535 0.576539
v 0.112986 -0.328245 0.605803
v 0.112986 -0.328245 0.602989
v 0.097417 -0.356825 0.602989
v 0.097417 -0.356825 0.605803
v 0.097417 -0.341155 0.605803
v 0.097417 -0.341155 0.602989
v 0.117447 -0.365746 0.605803
v 0.117447 -0.365561 0.602989
v 0.121908 -0.334366 0.602989
v 0.121908 -0.334277 0.605803
v 0.124479 -0.344147 0.602989
v 0.124479 -0.344147 0.605803
v 0.128115 -0.341155 0.602989
v 0.128115 -0.341155 0.605803
v 0.119349 -0.344147 0.605803
v 0.119349 -0.344147 0.602989
v 0.123090 -0.348990 0.602989
v 0.123090 -0.348990 0.605803
v 0.124479 -0.353832 0.602989
v 0.124479 -0.353832 0.605803
v 0.128115 -0.356825 0.602989
v 0.128115 -0.356825 0.605803
v 0.168335 -0.344147 0.602989
v 0.168335 -0.344147 0.605803
v 0.169724 -0.348990 0.602989
v 0.169724 -0.348990 0.605803
v 0.108541 -0.344147 0.602989
v 0.108541 -0.344147 0.605803
v 0.107265 -0.348990 0.602989
v 0.107265 -0.348990 0.605803
v 0.111881 -0.356825 0.602989
v 0.111881 -0.356825 0.605803
v 0.116009 -0.356825 0.602989
v 0.116009 -0.356825 0.605803
v 0.108541 -0.353832 0.602989
v 0.108541 -0.353832 0.605803
v 0.116009 -0.341155 0.602989
v 0.116009 -0.341155 0.605803
v 0.119349 -0.353832 0.605803
v 0.119349 -0.353832 0.602989
v 0.111881 -0.341155 0.602989
v 0.111881 -0.341155 0.605803
v 0.120625 -0.348990 0.602989
v 0.120625 -0.348990 0.605803
v 0.102441 -0.348990 0.605803
v 0.102441 -0.348990 0.602989
v 0.101052 -0.344147 0.605803
v 0.101052 -0.344147 0.602989
v 0.101052 -0.353832 0.605803
v 0.101052 -0.353832 0.602989
v 0.044811 -0.372535 0.575230
v 0.044811 -0.369721 0.575230
v 0.044811 -0.369721 0.589284
v 0.044811 -0.372535 0.589284
v 0.048513 -0.372535 0.575230
v 0.048513 -0.369721 0.575230
v 0.049798 -0.369721 0.588837
v 0.048513 -0.372535 0.589284
v 0.059634 -0.372535 0.587975
v 0.058907 -0.369721 0.587464
v 0.056576 -0.372535 0.582257
v 0.056576 -0.369721 0.582257
v 0.058907 -0.372535 0.577051
v 0.059634 -0.369721 0.576539
v 0.099341 -0.372535 0.587464
v 0.101673 -0.369721 0.582257
v 0.101673 -0.372535 0.582257
v 0.040903 -0.372535 0.585198
v 0.041815 -0.369721 0.586600
v 0.040903 -0.369721 0.579317
v 0.041815 -0.372535 0.577914
v 0.051509 -0.372535 0.577914
v 0.052674 -0.369721 0.580182
v 0.052456 -0.372535 0.584757
v 0.034180 -0.369721 0.580241
v 0.034390 -0.372535 0.582257
v 0.033047 -0.369721 0.586124
v 0.045703 -0.328245 0.602989
v 0.045703 -0.328245 0.605803
v 0.030134 -0.356825 0.602989
v 0.030134 -0.356825 0.605803
v 0.030134 -0.341155 0.605803
v 0.030134 -0.341155 0.602989
v 0.050163 -0.365746 0.605803
v 0.050163 -0.365561 0.602989
v 0.054624 -0.334366 0.602989
v 0.054624 -0.334277 0.605803
v 0.057196 -0.344147 0.602989
v 0.057196 -0.344147 0.605803
v 0.060832 -0.341155 0.602989
v 0.060832 -0.341155 0.605803
v 0.050431 -0.342009 0.605803
v 0.052066 -0.344147 0.602989
v 0.055807 -0.348990 0.602988
v 0.055807 -0.348990 0.605803
v 0.057196 -0.353832 0.602988
v 0.057196 -0.353832 0.605803
v 0.060832 -0.356825 0.602988
v 0.060832 -0.356825 0.605803
v 0.041258 -0.344147 0.602989
v 0.041258 -0.344147 0.605803
v 0.039982 -0.348990 0.602989
v 0.039982 -0.348990 0.605803
v 0.044598 -0.356825 0.602988
v 0.044598 -0.356825 0.605803
v 0.048726 -0.356825 0.602988
v 0.048726 -0.356825 0.605803
v 0.041258 -0.353832 0.602988
v 0.041258 -0.353832 0.605803
v 0.048726 -0.341155 0.602989
v 0.052066 -0.353832 0.605803
v 0.044598 -0.341155 0.602989
v 0.044598 -0.341155 0.605803
v 0.053122 -0.351776 0.602988
v 0.053342 -0.348990 0.605803
v 0.035158 -0.348990 0.605803
v 0.035158 -0.348990 0.602989
v 0.033769 -0.344147 0.605803
v 0.033769 -0.344147 0.602989
v 0.033769 -0.353832 0.605803
v 0.033769 -0.353832 0.602989
v -0.022473 -0.372535 0.575230
v -0.022473 -0.369721 0.575230
v -0.022472 -0.369721 0.589284
v -0.022472 -0.372535 0.589284
v -0.018770 -0.372535 0.575230
v -0.018770 -0.369721 0.575230
v -0.018770 -0.369721 0.589284
v -0.018770 -0.372535 0.589284
v -0.007649 -0.372535 0.587975
v -0.008376 -0.369721 0.587464
v -0.015774 -0.372535 0.586600
v -0.010707 -0.372535 0.582257
v -0.010707 -0.369721 0.582257
v -0.008376 -0.372535 0.577051
v -0.007649 -0.369721 0.576539
v 0.029531 -0.369721 0.588513
v 0.031646 -0.372535 0.587635
v 0.031331 -0.372535 0.576539
v 0.029531 -0.369721 0.576002
v -0.026380 -0.372535 0.585198
v -0.025468 -0.369721 0.586600
v -0.026380 -0.369721 0.579317
v -0.025468 -0.372535 0.577914
v -0.014862 -0.372535 0.579317
v -0.015774 -0.369721 0.577915
v -0.014862 -0.369721 0.585198
v -0.035952 -0.369721 0.587975
v -0.021581 -0.328245 0.605803
v -0.021581 -0.328245 0.602988
v -0.037149 -0.356825 0.602988
v -0.037149 -0.356825 0.605803
v -0.037149 -0.341155 0.605803
v -0.037149 -0.341155 0.602988
v -0.017120 -0.365746 0.605803
v -0.017120 -0.365561 0.602988
v -0.012659 -0.334366 0.602989
v -0.012659 -0.334277 0.605803
v -0.010087 -0.344147 0.602989
v -0.010087 -0.344147 0.605803
v -0.006451 -0.341155 0.602989
v -0.006451 -0.341155 0.605803
v -0.015217 -0.344147 0.605803
v -0.015217 -0.344147 0.602989
v -0.011476 -0.348990 0.602989
v -0.011476 -0.348990 0.605803
v -0.010087 -0.353832 0.602989
v -0.010087 -0.353832 0.605803
v -0.006451 -0.356825 0.602989
v -0.006451 -0.356825 0.605803
v -0.026025 -0.344147 0.602989
v -0.026025 -0.344147 0.605803
v -0.027301 -0.348990 0.602989
v -0.027301 -0.348990 0.605803
v -0.022685 -0.356825 0.602989
v -0.022685 -0.356825 0.605803
v -0.018557 -0.356825 0.602989
v -0.018557 -0.356825 0.605803
v -0.026025 -0.353832 0.602989
v -0.026025 -0.353832 0.605803
v -0.018557 -0.341155 0.602989
v -0.018557 -0.341155 0.605803
v -0.015217 -0.353832 0.605803
v -0.015217 -0.353832 0.602989
v -0.022685 -0.341155 0.602989
v -0.022685 -0.341155 0.605803
v -0.013941 -0.348990 0.602989
v -0.013941 -0.348990 0.605803
v -0.033514 -0.344147 0.605803
v -0.033514 -0.344147 0.602988
v -0.089756 -0.372535 0.575230
v -0.089756 -0.369721 0.575230
v -0.089755 -0.369721 0.589284
v -0.089755 -0.372535 0.589284
v -0.086053 -0.372535 0.575230
v -0.086053 -0.369721 0.575230
v -0.086053 -0.369721 0.589284
v -0.086053 -0.372535 0.589284
v -0.074932 -0.372535 0.587975
v -0.075659 -0.369721 0.587464
v -0.083057 -0.372535 0.586600
v -0.077990 -0.372535 0.582257
v -0.077990 -0.369721 0.582257
v -0.075659 -0.372535 0.577050
v -0.074932 -0.369721 0.576539
v -0.035225 -0.372535 0.587464
v -0.032894 -0.369721 0.582257
v -0.032894 -0.372535 0.582257
v -0.035952 -0.372535 0.576539
v -0.035225 -0.369721 0.577050
v -0.093663 -0.372535 0.585198
v -0.092751 -0.369721 0.586600
v -0.093663 -0.369721 0.579317
v -0.092751 -0.372535 0.577914
v -0.082145 -0.372535 0.579317
v -0.083057 -0.369721 0.577915
v -0.082145 -0.369721 0.585198
v -0.088864 -0.328244 0.602989
v -0.178862 -0.328244 0.605803
v -0.104432 -0.356825 0.602989
v -0.104432 -0.356825 0.605803
v -0.104432 -0.341155 0.602989
v -0.104432 -0.341155 0.605803
v -0.079942 -0.363613 0.605803
v -0.084403 -0.365561 0.602989
v -0.079942 -0.334366 0.602989
v -0.079942 -0.334277 0.605803
v -0.077370 -0.344147 0.602989
v -0.077370 -0.344147 0.605803
v -0.073734 -0.341155 0.602989
v -0.073734 -0.341155 0.605803
v -0.082500 -0.344147 0.602989
v -0.078759 -0.348990 0.602988
v -0.078759 -0.348990 0.605802
v -0.077370 -0.353832 0.602988
v -0.077370 -0.353832 0.605802
v -0.073734 -0.356825 0.602988
v -0.073734 -0.356825 0.605802
v -0.032125 -0.348990 0.602988
v -0.032125 -0.348990 0.605803
v -0.033514 -0.353832 0.602988
v -0.033514 -0.353832 0.605803
v -0.093308 -0.344147 0.602989
v -0.093308 -0.344147 0.605803
v -0.094584 -0.348990 0.602989
v -0.094584 -0.348990 0.605803
v -0.089968 -0.356825 0.602988
v -0.089968 -0.356825 0.605802
v -0.084136 -0.355970 0.602988
v -0.085840 -0.356825 0.605802
v -0.093308 -0.353832 0.602989
v -0.093308 -0.353832 0.605803
v -0.085840 -0.341155 0.602989
v -0.085840 -0.341155 0.605803
v -0.082500 -0.353832 0.605802
v -0.089968 -0.341155 0.602989
v -0.089968 -0.341155 0.605803
v -0.081224 -0.348990 0.602989
v -0.081444 -0.346203 0.605803
v -0.099408 -0.348990 0.605803
v -0.099408 -0.348990 0.602989
v -0.100797 -0.353832 0.605803
v -0.100797 -0.353832 0.602989
v -0.088864 -0.367879 0.605803
v -0.153336 -0.372535 0.575230
v -0.153336 -0.369721 0.575230
v -0.153336 -0.369721 0.589284
v -0.153336 -0.372535 0.589284
v -0.142215 -0.372535 0.587975
v -0.142942 -0.369721 0.587464
v -0.150340 -0.369721 0.586600
v -0.145273 -0.372535 0.582257
v -0.145273 -0.369721 0.582257
v -0.143930 -0.372535 0.578391
v -0.142530 -0.369721 0.576880
v -0.140414 -0.372535 0.576002
v -0.103235 -0.369721 0.587975
v -0.102508 -0.372535 0.587464
v -0.100177 -0.369721 0.582257
v -0.100177 -0.372535 0.582257
v -0.102920 -0.372535 0.576880
v -0.105035 -0.369721 0.576002
v -0.101519 -0.369721 0.578391
v -0.157039 -0.372535 0.575230
v -0.157039 -0.369721 0.575230
v -0.160034 -0.372535 0.577914
v -0.150340 -0.372535 0.577915
v -0.157039 -0.372535 0.589284
v -0.157039 -0.369721 0.589284
v -0.149393 -0.369721 0.579758
v -0.149176 -0.372535 0.584333
v -0.147225 -0.363613 0.605803
v -0.147225 -0.363613 0.602988
v -0.147225 -0.334366 0.602988
v -0.147225 -0.334277 0.605803
v -0.144653 -0.344147 0.602988
v -0.144653 -0.344147 0.605803
v -0.141017 -0.341155 0.602988
v -0.141017 -0.341155 0.605803
v -0.149783 -0.344147 0.605803
v -0.149783 -0.344147 0.602988
v -0.146042 -0.348990 0.602988
v -0.146042 -0.348990 0.605803
v -0.144653 -0.353832 0.602988
v -0.144653 -0.353832 0.605803
v -0.141017 -0.356825 0.602988
v -0.141017 -0.356825 0.605803
v -0.100797 -0.344147 0.602989
v -0.100797 -0.344147 0.605803
v -0.157251 -0.356825 0.602988
v -0.157251 -0.356825 0.605803
v -0.153123 -0.356825 0.602988
v -0.153123 -0.356825 0.605803
v -0.160591 -0.353832 0.602988
v -0.160591 -0.353832 0.605803
v -0.153123 -0.341155 0.602988
v -0.153123 -0.341155 0.605803
v -0.149783 -0.353832 0.605803
v -0.149783 -0.353832 0.602988
v -0.157251 -0.341155 0.602988
v -0.157251 -0.341155 0.605803
v -0.148507 -0.348990 0.602988
v -0.148507 -0.348990 0.605803
v 0.381808 -0.369861 0.605372
v 0.381808 -0.347779 0.605803
v -0.370734 0.322482 0.003514
v -0.370734 0.322482 0.000000
v -0.370734 0.362210 0.000000
v -0.370734 0.362634 0.003655
v -0.357557 0.338013 -0.000000
v -0.356836 0.337503 0.003514
v -0.359661 0.345255 0.000000
v -0.359869 0.343228 0.003514
v -0.370734 0.363959 0.044990
v -0.370734 0.367473 0.044990
v -0.355667 0.363959 0.032080
v -0.355667 0.367473 0.032080
v -0.355667 0.363959 0.016410
v -0.355667 0.367473 0.016410
v -0.359257 0.363959 0.029087
v -0.359257 0.367473 0.029087
v -0.360628 0.363959 0.024245
v -0.360397 0.367473 0.021520
v -0.359257 0.363959 0.019403
v -0.370734 0.367473 0.005263
v -0.370734 0.363776 0.004771
v -0.370734 0.364672 0.000660
v -0.370734 0.366813 0.002800
v -0.305552 0.335756 0.003514
v -0.303724 0.336200 -0.000000
v -0.303724 0.350255 0.003514
v -0.307380 0.336200 -0.000000
v -0.307380 0.350255 -0.000000
v -0.307380 0.350255 0.003514
v -0.315320 0.344877 0.003514
v -0.318064 0.348614 -0.000000
v -0.320138 0.349483 0.003514
v -0.310338 0.347571 0.003514
v -0.311238 0.346174 -0.000000
v -0.315341 0.343228 -0.000000
v -0.318064 0.337841 0.003514
v -0.316667 0.339361 -0.000000
v -0.320138 0.336972 -0.000000
v -0.355072 0.349483 -0.000000
v -0.357146 0.348614 0.003514
v -0.299832 0.345736 0.003514
v -0.302227 0.349498 -0.000000
v -0.299616 0.341142 -0.000000
v -0.300766 0.338885 0.003514
v -0.311238 0.340281 0.003514
v -0.310338 0.338885 -0.000000
v -0.290401 0.348952 -0.000000
v -0.293226 0.345255 0.003514
v -0.304605 0.363959 0.044990
v -0.304605 0.367473 0.044990
v -0.289232 0.367473 0.016410
v -0.289232 0.363959 0.016410
v -0.289232 0.363959 0.032080
v -0.289232 0.367473 0.032080
v -0.309009 0.367473 0.007442
v -0.309009 0.363959 0.007674
v -0.313414 0.367473 0.038869
v -0.313414 0.363959 0.038869
v -0.315953 0.367473 0.029087
v -0.315953 0.363959 0.029087
v -0.319543 0.367473 0.032080
v -0.319543 0.363959 0.032080
v -0.310888 0.363959 0.029087
v -0.310888 0.367473 0.029087
v -0.314582 0.367473 0.024245
v -0.314813 0.363959 0.021520
v -0.315953 0.367473 0.019403
v -0.319543 0.367473 0.016410
v -0.319543 0.363959 0.016410
v -0.300216 0.367473 0.029087
v -0.300216 0.363959 0.029087
v -0.299174 0.367473 0.021448
v -0.298956 0.363959 0.024245
v -0.303514 0.367473 0.016410
v -0.303514 0.363959 0.016410
v -0.307590 0.367473 0.016410
v -0.307590 0.363959 0.016410
v -0.300216 0.363959 0.019403
v -0.307590 0.367473 0.032080
v -0.307590 0.363959 0.032080
v -0.311930 0.363959 0.021448
v -0.310888 0.367473 0.019403
v -0.303514 0.367473 0.032080
v -0.303514 0.363959 0.032080
v -0.312148 0.367473 0.024245
v -0.292822 0.363959 0.029087
v -0.292822 0.367473 0.029087
v -0.239117 0.335756 0.003514
v -0.237289 0.336200 -0.000000
v -0.239117 0.350699 -0.000000
v -0.237289 0.350255 0.003514
v -0.240945 0.336200 -0.000000
v -0.240945 0.350255 0.003514
v -0.250232 0.347094 0.003514
v -0.251629 0.348614 -0.000000
v -0.253703 0.349483 0.003514
v -0.243903 0.347571 0.003514
v -0.244803 0.346174 -0.000000
v -0.248906 0.343228 0.003514
v -0.248885 0.341578 -0.000000
v -0.251629 0.337841 0.003514
v -0.253703 0.336972 -0.000000
v -0.288637 0.349483 0.003514
v -0.293434 0.343228 -0.000000
v -0.288637 0.336972 0.003514
v -0.290712 0.337841 -0.000000
v -0.292108 0.339361 0.003514
v -0.234331 0.347570 0.003514
v -0.233431 0.346174 -0.000000
v -0.233431 0.340281 0.003514
v -0.234331 0.338885 -0.000000
v -0.244803 0.340281 0.003514
v -0.243903 0.338885 -0.000000
v -0.163094 0.367473 0.044990
v -0.182856 0.363959 0.044990
v -0.222797 0.367473 0.016410
v -0.222797 0.363959 0.016410
v -0.222797 0.367473 0.032080
v -0.222797 0.363959 0.032080
v -0.242574 0.363959 0.007674
v -0.242574 0.367473 0.007442
v -0.246979 0.367473 0.038869
v -0.246979 0.363959 0.038869
v -0.249518 0.367473 0.029087
v -0.249518 0.363959 0.029087
v -0.253108 0.367473 0.032080
v -0.253108 0.363959 0.032080
v -0.242824 0.363959 0.031237
v -0.244453 0.367473 0.029087
v -0.248378 0.367473 0.021520
v -0.248147 0.363959 0.024245
v -0.249518 0.363959 0.019403
v -0.253108 0.367473 0.016410
v -0.253108 0.363959 0.016410
v -0.293962 0.367473 0.021520
v -0.294193 0.363959 0.024245
v -0.292822 0.363959 0.019403
v -0.233781 0.367473 0.029087
v -0.233781 0.363959 0.029087
v -0.232521 0.367473 0.024245
v -0.232521 0.363959 0.024245
v -0.237079 0.367473 0.016410
v -0.237079 0.363959 0.016410
v -0.241155 0.367473 0.016410
v -0.241155 0.363959 0.016410
v -0.233781 0.367473 0.019403
v -0.233781 0.363959 0.019403
v -0.241155 0.367473 0.032080
v -0.244453 0.363959 0.019403
v -0.244453 0.367473 0.019403
v -0.237079 0.367473 0.032080
v -0.237079 0.363959 0.032080
v -0.245712 0.367473 0.024245
v -0.245712 0.363959 0.024245
v -0.227758 0.363959 0.024245
v -0.226387 0.363959 0.019403
v -0.226387 0.367473 0.019403
v -0.167345 0.322482 -0.000000
v -0.167345 0.322482 0.003514
v -0.162956 0.328455 0.003514
v -0.162956 0.328455 -0.000000
v -0.165150 0.360105 -0.000000
v -0.170854 0.350255 0.003514
v -0.176007 0.336957 0.003514
v -0.174510 0.336200 -0.000000
v -0.174510 0.350255 -0.000000
v -0.174510 0.350255 0.003514
v -0.182449 0.344877 0.003514
v -0.185194 0.348614 -0.000000
v -0.187268 0.349483 0.003514
v -0.178618 0.345313 0.003514
v -0.178368 0.346174 -0.000000
v -0.182471 0.343227 -0.000000
v -0.185194 0.337841 0.003514
v -0.183797 0.339361 -0.000000
v -0.187268 0.336972 -0.000000
v -0.223966 0.348952 -0.000000
v -0.226791 0.345255 0.003514
v -0.222202 0.349483 0.003514
v -0.226999 0.343228 -0.000000
v -0.222202 0.336972 0.003514
v -0.224277 0.337841 -0.000000
v -0.225673 0.339361 0.003514
v -0.167896 0.347570 0.003514
v -0.169357 0.349498 -0.000000
v -0.166996 0.340281 0.003514
v -0.166766 0.343227 -0.000000
v -0.170854 0.336200 0.003514
v -0.169357 0.336957 -0.000000
v -0.177468 0.338885 -0.000000
v -0.158015 0.347570 -0.000000
v -0.156315 0.336641 0.003514
v -0.170644 0.367473 0.016410
v -0.170644 0.363959 0.016410
v -0.170644 0.363959 0.032080
v -0.170644 0.367473 0.032080
v -0.173945 0.363959 0.007674
v -0.180544 0.367473 0.009622
v -0.180544 0.363959 0.038869
v -0.183083 0.367473 0.029087
v -0.183083 0.363959 0.029087
v -0.186673 0.367473 0.032080
v -0.186673 0.363959 0.032080
v -0.179060 0.363959 0.027042
v -0.178018 0.367473 0.029087
v -0.181712 0.367473 0.024245
v -0.181943 0.363959 0.021520
v -0.183083 0.367473 0.019403
v -0.186673 0.367473 0.016410
v -0.186673 0.363959 0.016410
v -0.227527 0.367473 0.026970
v -0.226387 0.363959 0.029087
v -0.167346 0.367473 0.029087
v -0.167346 0.363959 0.029087
v -0.166086 0.367473 0.024245
v -0.166086 0.363959 0.024245
v -0.174720 0.363959 0.016410
v -0.167346 0.367473 0.019403
v -0.167346 0.363959 0.019403
v -0.174720 0.367473 0.032080
v -0.174720 0.363959 0.032080
v -0.178018 0.363959 0.019403
v -0.176389 0.367473 0.017253
v -0.179277 0.367473 0.024245
v -0.159607 0.367473 0.021448
v -0.167345 0.367473 0.005263
v -0.167345 0.361747 0.003514
v 0.376998 0.322482 -0.000000
v 0.376998 0.322482 0.003514
v 0.308087 0.337161 -0.000000
v 0.309988 0.336201 0.003514
v 0.311816 0.350699 -0.000000
v 0.376998 0.362443 0.003595
v 0.376998 0.362209 -0.000000
v 0.361336 0.336972 -0.000000
v 0.361336 0.336972 0.003514
v 0.313644 0.336201 -0.000000
v 0.315141 0.336957 0.003514
v 0.313644 0.350255 0.003514
v 0.324638 0.348952 -0.000000
v 0.323918 0.348442 0.003514
v 0.316601 0.347571 -0.000000
v 0.321605 0.343228 -0.000000
v 0.321605 0.343228 0.003514
v 0.323918 0.338013 -0.000000
v 0.324638 0.337503 0.003514
v 0.364807 0.347094 0.003514
v 0.363410 0.348614 -0.000000
v 0.361336 0.349483 0.003514
v 0.366133 0.343227 0.003514
v 0.366155 0.341578 -0.000000
v 0.364807 0.339361 0.003514
v 0.306130 0.346174 -0.000000
v 0.308088 0.349294 0.003514
v 0.306130 0.340281 0.003514
v 0.317752 0.345313 0.003514
v 0.317536 0.340719 -0.000000
v 0.299490 0.341200 0.003514
v 0.376998 0.363959 0.044990
v 0.376998 0.367473 0.044990
v 0.259155 0.363959 0.044990
v 0.310869 0.367473 0.044990
v 0.295496 0.363959 0.016410
v 0.295496 0.367473 0.016410
v 0.295496 0.367473 0.032080
v 0.295496 0.363959 0.032080
v 0.361931 0.363959 0.032080
v 0.361931 0.367473 0.032080
v 0.361931 0.363959 0.016410
v 0.361931 0.367473 0.016410
v 0.315273 0.367473 0.007442
v 0.315273 0.363959 0.007674
v 0.319678 0.363959 0.038868
v 0.319678 0.367473 0.038868
v 0.321077 0.363959 0.026970
v 0.322217 0.367473 0.029087
v 0.325807 0.363959 0.032080
v 0.325807 0.367473 0.032080
v 0.317152 0.367473 0.029087
v 0.317152 0.363959 0.029087
v 0.320846 0.367473 0.024245
v 0.322217 0.363959 0.019403
v 0.322217 0.367473 0.019403
v 0.325807 0.363959 0.016410
v 0.325807 0.367473 0.016410
v 0.365521 0.363959 0.029087
v 0.365521 0.367473 0.029087
v 0.366892 0.363959 0.024245
v 0.366892 0.367473 0.024245
v 0.365521 0.363959 0.019403
v 0.365521 0.367473 0.019403
v 0.305438 0.363959 0.027042
v 0.306480 0.367473 0.029087
v 0.305220 0.367473 0.024245
v 0.309778 0.363959 0.016410
v 0.308109 0.367473 0.017253
v 0.313854 0.363959 0.016410
v 0.313854 0.367473 0.016410
v 0.306480 0.363959 0.019403
v 0.313854 0.363959 0.032080
v 0.313854 0.367473 0.032080
v 0.317152 0.367473 0.019403
v 0.317152 0.363959 0.019403
v 0.309778 0.363959 0.032080
v 0.309778 0.367473 0.032080
v 0.318411 0.363959 0.024245
v 0.318411 0.367473 0.024245
v 0.299086 0.367473 0.029087
v 0.299086 0.363959 0.029087
v 0.299086 0.367473 0.019402
v 0.299086 0.363959 0.019403
v 0.376998 0.367473 0.005263
v 0.376998 0.364672 0.000660
v 0.376998 0.366813 0.002800
v 0.243553 0.336200 -0.000000
v 0.243553 0.336200 0.003514
v 0.243553 0.350255 0.003514
v 0.243553 0.350255 -0.000000
v 0.247209 0.336200 -0.000000
v 0.248706 0.336957 0.003514
v 0.247209 0.350255 0.003514
v 0.248706 0.349498 -0.000000
v 0.258203 0.348952 -0.000000
v 0.257482 0.348442 0.003514
v 0.255170 0.343228 -0.000000
v 0.255170 0.343228 0.003514
v 0.257482 0.338013 -0.000000
v 0.258203 0.337503 0.003514
v 0.298372 0.347094 0.003514
v 0.299490 0.345255 -0.000000
v 0.294901 0.349483 0.003514
v 0.294901 0.349483 -0.000000
v 0.294901 0.336972 -0.000000
v 0.294901 0.336972 0.003514
v 0.298372 0.339361 -0.000000
v 0.239695 0.346174 -0.000000
v 0.240595 0.347570 0.003514
v 0.239695 0.340281 0.003514
v 0.240595 0.338885 -0.000000
v 0.251317 0.345313 0.003514
v 0.251317 0.341142 -0.000000
v 0.244433 0.367473 0.044990
v 0.229061 0.367473 0.016410
v 0.229061 0.363959 0.016410
v 0.229061 0.367473 0.032080
v 0.229061 0.363959 0.032080
v 0.248838 0.367473 0.007442
v 0.248838 0.363959 0.007674
v 0.253243 0.367473 0.038868
v 0.254642 0.363959 0.026970
v 0.255782 0.367473 0.029087
v 0.259372 0.363959 0.032080
v 0.259372 0.367473 0.032080
v 0.250717 0.367473 0.029087
v 0.250717 0.363959 0.029087
v 0.254642 0.367473 0.021520
v 0.255782 0.363959 0.019403
v 0.259372 0.363959 0.016410
v 0.259372 0.367473 0.016410
v 0.300457 0.363959 0.024245
v 0.300457 0.367473 0.024245
v 0.239003 0.363959 0.027042
v 0.240045 0.367473 0.029087
v 0.239003 0.367473 0.021448
v 0.243343 0.363959 0.016410
v 0.243343 0.367473 0.016410
v 0.247419 0.363959 0.016410
v 0.247419 0.367473 0.016410
v 0.240045 0.363959 0.019403
v 0.247419 0.363959 0.032080
v 0.247419 0.367473 0.032080
v 0.250717 0.367473 0.019403
v 0.250717 0.363959 0.019403
v 0.243343 0.363959 0.032080
v 0.243343 0.367473 0.032080
v 0.251976 0.363959 0.024245
v 0.251976 0.367473 0.024245
v 0.234022 0.363959 0.024245
v 0.234022 0.367473 0.024245
v 0.232651 0.367473 0.029087
v 0.232651 0.363959 0.029087
v 0.177118 0.336201 -0.000000
v 0.178946 0.335756 0.003514
v 0.177118 0.350255 0.003514
v 0.177118 0.350255 -0.000000
v 0.180774 0.336201 -0.000000
v 0.180774 0.350255 0.003514
v 0.182271 0.349498 -0.000000
v 0.191768 0.348952 -0.000000
v 0.191047 0.348442 0.003514
v 0.188735 0.343228 -0.000000
v 0.188735 0.343228 0.003514
v 0.191047 0.338013 -0.000000
v 0.191768 0.337503 0.003514
v 0.231937 0.347094 0.003514
v 0.233055 0.345255 -0.000000
v 0.228466 0.349483 0.003514
v 0.228466 0.349483 -0.000000
v 0.233263 0.343228 0.003514
v 0.228466 0.336972 -0.000000
v 0.230540 0.337841 0.003514
v 0.231937 0.339361 -0.000000
v 0.173260 0.346174 -0.000000
v 0.174160 0.347570 0.003514
v 0.173260 0.340281 0.003514
v 0.174160 0.338885 -0.000000
v 0.183731 0.338885 0.003514
v 0.184666 0.345736 0.003514
v 0.184882 0.341142 -0.000000
v 0.166828 0.343228 0.003514
v 0.166620 0.341200 -0.000000
v 0.165502 0.339361 0.003514
v 0.177998 0.363959 0.044990
v 0.177998 0.367473 0.044990
v 0.162626 0.363959 0.016410
v 0.162626 0.367473 0.016410
v 0.162626 0.363959 0.032080
v 0.162626 0.367473 0.032080
v 0.186808 0.363959 0.009621
v 0.186808 0.367473 0.009621
v 0.186808 0.363959 0.038868
v 0.186808 0.367473 0.038868
v 0.189347 0.363959 0.029087
v 0.189347 0.367473 0.029087
v 0.192937 0.363959 0.032080
v 0.192937 0.367473 0.032080
v 0.184282 0.367473 0.029087
v 0.184282 0.363959 0.029087
v 0.187976 0.363959 0.024245
v 0.187976 0.367473 0.024245
v 0.189347 0.363959 0.019403
v 0.189347 0.367473 0.019403
v 0.192937 0.363959 0.016410
v 0.192937 0.367473 0.016410
v 0.232651 0.363959 0.019403
v 0.232651 0.367473 0.019403
v 0.172568 0.363959 0.027042
v 0.173610 0.367473 0.029087
v 0.172568 0.367473 0.021448
v 0.176907 0.363959 0.016410
v 0.176907 0.367473 0.016410
v 0.180984 0.363959 0.016410
v 0.180984 0.367473 0.016410
v 0.173610 0.363959 0.019403
v 0.180984 0.363959 0.032080
v 0.180984 0.367473 0.032080
v 0.184282 0.367473 0.019403
v 0.184282 0.363959 0.019403
v 0.176907 0.363959 0.032080
v 0.176907 0.367473 0.032080
v 0.185541 0.363959 0.024245
v 0.185541 0.367473 0.024245
v 0.166216 0.363959 0.019403
v 0.177998 0.363959 0.005726
v 0.177998 0.367473 0.005263
v 0.110683 0.336200 -0.000000
v 0.110683 0.336200 0.003514
v 0.110683 0.350255 0.003514
v 0.112511 0.350699 -0.000000
v 0.114339 0.336200 -0.000000
v 0.115835 0.336957 0.003514
v 0.114339 0.350255 0.003514
v 0.125333 0.348952 -0.000000
v 0.124612 0.348442 0.003514
v 0.117296 0.347570 -0.000000
v 0.122300 0.343228 -0.000000
v 0.122300 0.343228 0.003514
v 0.124612 0.338013 -0.000000
v 0.125333 0.337503 0.003514
v 0.163795 0.348952 0.003514
v 0.164515 0.348442 -0.000000
v 0.162031 0.336972 -0.000000
v 0.162031 0.336972 0.003514
v 0.106825 0.346174 -0.000000
v 0.107725 0.347570 0.003514
v 0.106825 0.340281 0.003514
v 0.107725 0.338885 -0.000000
v 0.118447 0.345312 0.003514
v 0.118231 0.340719 -0.000000
v 0.098080 0.348442 -0.000000
v 0.099067 0.339361 0.003514
v 0.111563 0.367473 0.044990
v 0.111563 0.363959 0.044990
v 0.096191 0.363959 0.016410
v 0.096191 0.367473 0.016410
v 0.096191 0.367473 0.032080
v 0.096191 0.363959 0.032080
v 0.120373 0.367473 0.009621
v 0.120373 0.363959 0.009621
v 0.120373 0.363959 0.038868
v 0.120373 0.367473 0.038868
v 0.121772 0.363959 0.026970
v 0.122912 0.367473 0.029087
v 0.126502 0.363959 0.032080
v 0.126502 0.367473 0.032080
v 0.117847 0.367473 0.029087
v 0.117847 0.363959 0.029087
v 0.121541 0.367473 0.024245
v 0.122912 0.363959 0.019403
v 0.122912 0.367473 0.019403
v 0.126502 0.363959 0.016410
v 0.126502 0.367473 0.016410
v 0.166216 0.363959 0.029087
v 0.166216 0.367473 0.029087
v 0.167587 0.363959 0.024245
v 0.167356 0.367473 0.021520
v 0.106133 0.363959 0.027042
v 0.107175 0.367473 0.029087
v 0.105915 0.367473 0.024245
v 0.110472 0.363959 0.016410
v 0.108804 0.367473 0.017253
v 0.114549 0.363959 0.016410
v 0.114549 0.367473 0.016410
v 0.107175 0.363959 0.019403
v 0.114549 0.363959 0.032080
v 0.114549 0.367473 0.032080
v 0.117847 0.367473 0.019403
v 0.117847 0.363959 0.019403
v 0.110472 0.363959 0.032080
v 0.110472 0.367473 0.032080
v 0.119106 0.363959 0.024245
v 0.119106 0.367473 0.024245
v 0.101152 0.367473 0.024245
v 0.101152 0.363959 0.024245
v 0.099781 0.367473 0.029087
v 0.099781 0.363959 0.029087
v 0.099781 0.367473 0.019403
v 0.099781 0.363959 0.019403
v 0.111563 0.363959 0.005726
v 0.111563 0.367473 0.005263
v 0.044248 0.336200 -0.000000
v 0.042990 0.336641 0.003514
v 0.046076 0.350699 0.003514
v 0.044248 0.350255 -0.000000
v 0.047904 0.336200 -0.000000
v 0.049400 0.336957 0.003514
v 0.047904 0.350255 -0.000000
v 0.058898 0.348952 -0.000000
v 0.058177 0.348442 0.003514
v 0.050861 0.347570 0.003514
v 0.055865 0.343228 -0.000000
v 0.055865 0.343228 0.003514
v 0.058177 0.338013 -0.000000
v 0.058898 0.337503 0.003514
v 0.095595 0.349483 0.003514
v 0.100185 0.345255 0.003514
v 0.100185 0.341200 -0.000000
v 0.095595 0.336972 -0.000000
v 0.095595 0.336972 0.003514
v 0.040355 0.345736 -0.000000
v 0.041290 0.347570 0.003514
v 0.040160 0.343228 0.003514
v 0.041290 0.338885 -0.000000
v 0.050861 0.338885 -0.000000
v 0.051991 0.343228 0.003514
v 0.051796 0.345736 -0.000000
v 0.033958 0.343228 0.003514
v 0.033750 0.345255 -0.000000
v 0.045128 0.363959 0.044990
v 0.045128 0.367473 0.044990
v 0.029756 0.363959 0.016410
v 0.029756 0.367473 0.016410
v 0.029756 0.367473 0.032080
v 0.029756 0.363959 0.032080
v 0.053938 0.367473 0.009621
v 0.053938 0.363959 0.009621
v 0.053938 0.363959 0.038868
v 0.053938 0.367473 0.038868
v 0.056477 0.363959 0.029087
v 0.056477 0.367473 0.029087
v 0.060067 0.363959 0.032080
v 0.060067 0.367473 0.032080
v 0.051412 0.367473 0.029087
v 0.055106 0.363959 0.024245
v 0.055337 0.367473 0.021520
v 0.056477 0.363959 0.019403
v 0.060067 0.363959 0.016410
v 0.060067 0.367473 0.016410
v 0.042369 0.363959 0.031237
v 0.039698 0.367473 0.027042
v 0.039480 0.363959 0.024245
v 0.044037 0.363959 0.016410
v 0.044037 0.367473 0.016410
v 0.048114 0.363959 0.016410
v 0.048114 0.367473 0.016410
v 0.040740 0.363959 0.019403
v 0.040740 0.367473 0.019403
v 0.048114 0.363959 0.032080
v 0.048114 0.367473 0.032080
v 0.051412 0.367473 0.019403
v 0.051412 0.363959 0.019403
v 0.044037 0.367473 0.032080
v 0.052454 0.363959 0.027042
v 0.052671 0.367473 0.024245
v 0.034717 0.367473 0.024245
v 0.034717 0.363959 0.024245
v 0.033346 0.367473 0.029087
v 0.033346 0.363959 0.029087
v 0.033346 0.367473 0.019403
v 0.033346 0.363959 0.019403
v 0.045128 0.363959 0.005726
v 0.045128 0.367473 0.005263
v -0.022187 0.336200 -0.000000
v -0.020359 0.335756 0.003514
v -0.022187 0.350254 0.003514
v -0.022187 0.350254 -0.000000
v -0.018532 0.336200 -0.000000
v -0.018531 0.350254 0.003514
v -0.017035 0.349498 -0.000000
v -0.007537 0.348952 -0.000000
v -0.008258 0.348442 0.003514
v -0.010570 0.343228 -0.000000
v -0.010570 0.343228 0.003514
v -0.008258 0.338013 -0.000000
v -0.007537 0.337503 0.003514
v 0.030925 0.348952 0.003514
v 0.029160 0.349483 -0.000000
v 0.029160 0.336972 -0.000000
v 0.031235 0.337841 0.003514
v 0.032632 0.339361 -0.000000
v -0.026080 0.345736 -0.000000
v -0.025145 0.347570 0.003514
v -0.026045 0.340281 0.003514
v -0.025145 0.338885 -0.000000
v -0.015574 0.338885 0.003514
v -0.014639 0.345736 0.003514
v -0.014424 0.341142 -0.000000
v -0.034790 0.348442 -0.000000
v -0.021307 0.367473 0.044990
v -0.021307 0.363959 0.044990
v -0.036679 0.363959 0.016410
v -0.036679 0.367473 0.016410
v -0.036679 0.367473 0.032080
v -0.036679 0.363959 0.032080
v -0.012497 0.367473 0.009622
v -0.012497 0.363959 0.009622
v -0.012497 0.363959 0.038868
v -0.012497 0.367473 0.038868
v -0.009958 0.363959 0.029087
v -0.009958 0.367473 0.029087
v -0.006368 0.363959 0.032080
v -0.006368 0.367473 0.032080
v -0.015023 0.367473 0.029087
v -0.015023 0.363959 0.029087
v -0.011329 0.363959 0.024245
v -0.011329 0.367473 0.024245
v -0.009958 0.363959 0.019403
v -0.009958 0.367473 0.019403
v -0.006368 0.363959 0.016410
v -0.006368 0.367473 0.016410
v -0.024067 0.363959 0.031237
v -0.025695 0.367473 0.029087
v -0.026955 0.363959 0.024245
v -0.026737 0.367473 0.021448
v -0.022398 0.363959 0.016410
v -0.022398 0.367473 0.016410
v -0.018321 0.363959 0.016410
v -0.018321 0.367473 0.016410
v -0.025695 0.363959 0.019403
v -0.018321 0.363959 0.032080
v -0.018321 0.367473 0.032080
v -0.015023 0.367473 0.019403
v -0.015023 0.363959 0.019403
v -0.022398 0.367473 0.032080
v -0.013764 0.363959 0.024245
v -0.013764 0.367473 0.024245
v -0.033089 0.367473 0.029087
v -0.033089 0.363959 0.029087
v -0.021307 0.363959 0.005726
v -0.021307 0.367473 0.005263
v -0.088622 0.336201 -0.000000
v -0.089880 0.336641 0.003514
v -0.088622 0.350254 0.003514
v -0.088622 0.350254 -0.000000
v -0.084966 0.336201 -0.000000
v -0.083470 0.336957 0.003514
v -0.084966 0.350254 0.003514
v -0.084966 0.350254 -0.000000
v -0.073972 0.348952 -0.000000
v -0.074693 0.348442 0.003514
v -0.082009 0.347571 0.003514
v -0.077027 0.341578 -0.000000
v -0.077005 0.343228 0.003514
v -0.074283 0.337841 0.003514
v -0.072208 0.336972 -0.000000
v -0.035510 0.348952 0.003514
v -0.032477 0.343228 0.003514
v -0.032685 0.341200 -0.000000
v -0.037275 0.336972 -0.000000
v -0.035510 0.337503 0.003514
v -0.091580 0.347570 -0.000000
v -0.092730 0.345313 0.003514
v -0.092515 0.340719 -0.000000
v -0.082009 0.338885 -0.000000
v -0.080879 0.343228 0.003514
v -0.081074 0.345736 -0.000000
v -0.103114 0.363959 0.016410
v -0.103114 0.367473 0.016410
v -0.103114 0.363959 0.032080
v -0.103114 0.367473 0.032080
v -0.078932 0.367473 0.009622
v -0.078932 0.363959 0.009622
v -0.078932 0.363959 0.038869
v -0.078932 0.367473 0.038869
v -0.076393 0.363959 0.029087
v -0.076393 0.367473 0.029087
v -0.072803 0.363959 0.032080
v -0.072803 0.367473 0.032080
v -0.081458 0.367473 0.029087
v -0.077764 0.363959 0.024245
v -0.077764 0.367473 0.024245
v -0.076393 0.363959 0.019403
v -0.076393 0.367473 0.019403
v -0.072803 0.363959 0.016410
v -0.072803 0.367473 0.016410
v -0.031718 0.363959 0.024245
v -0.031718 0.367473 0.024245
v -0.033089 0.363959 0.019403
v -0.033089 0.367473 0.019403
v -0.090502 0.363959 0.031237
v -0.092130 0.367473 0.029087
v -0.093390 0.363959 0.024245
v -0.093390 0.367473 0.024245
v -0.088833 0.363959 0.016410
v -0.088833 0.367473 0.016410
v -0.084756 0.363959 0.016410
v -0.084756 0.367473 0.016410
v -0.092130 0.363959 0.019403
v -0.092130 0.367473 0.019403
v -0.084756 0.363959 0.032080
v -0.084756 0.367473 0.032080
v -0.081458 0.367473 0.019403
v -0.081458 0.363959 0.019403
v -0.088833 0.367473 0.032080
v -0.080417 0.363959 0.027042
v -0.080199 0.367473 0.024245
v -0.098384 0.363959 0.021520
v -0.099524 0.367473 0.019403
v -0.087742 0.363959 0.005726
v -0.087742 0.367473 0.005263
v -0.151402 0.336200 -0.000000
v -0.149905 0.336957 0.003514
v -0.151402 0.350255 0.003514
v -0.151402 0.350255 -0.000000
v -0.140407 0.348952 -0.000000
v -0.141128 0.348442 0.003514
v -0.148444 0.347570 0.003514
v -0.143440 0.343227 -0.000000
v -0.143440 0.343227 0.003514
v -0.141128 0.338013 -0.000000
v -0.140407 0.337503 0.003514
v -0.100238 0.347094 0.003514
v -0.101635 0.348614 -0.000000
v -0.103710 0.349483 0.003514
v -0.099120 0.341200 0.003514
v -0.098912 0.343228 -0.000000
v -0.101945 0.337503 -0.000000
v -0.103710 0.336972 0.003514
v -0.158950 0.340719 -0.000000
v -0.159145 0.343227 0.003514
v -0.155057 0.336200 -0.000000
v -0.148444 0.338885 -0.000000
v -0.155057 0.350255 -0.000000
v -0.156554 0.349498 0.003514
v -0.147314 0.343227 0.003514
v -0.147509 0.345736 -0.000000
v -0.145367 0.367473 0.009622
v -0.145367 0.363959 0.009622
v -0.145367 0.363959 0.038869
v -0.143968 0.363959 0.026971
v -0.142828 0.367473 0.029087
v -0.139238 0.363959 0.032080
v -0.139238 0.367473 0.032080
v -0.147894 0.367473 0.029087
v -0.147894 0.363959 0.029087
v -0.143968 0.367473 0.021520
v -0.142828 0.363959 0.019403
v -0.139238 0.363959 0.016410
v -0.139238 0.367473 0.016410
v -0.099524 0.363959 0.029087
v -0.098384 0.367473 0.026970
v -0.159607 0.363959 0.027042
v -0.158565 0.367473 0.029087
v -0.155268 0.363959 0.016410
v -0.155268 0.367473 0.016410
v -0.151191 0.363959 0.016410
v -0.151191 0.367473 0.016410
v -0.158565 0.363959 0.019403
v -0.151191 0.363959 0.032080
v -0.151191 0.367473 0.032080
v -0.147894 0.367473 0.019403
v -0.147894 0.363959 0.019403
v -0.155268 0.363959 0.032080
v -0.155268 0.367473 0.032080
v -0.146634 0.363959 0.024245
v -0.146634 0.367473 0.024245
v 0.376998 0.363857 0.004893
v 0.379177 0.326043 0.000066
v 0.381291 0.326043 0.000066
v 0.379177 0.340721 0.070331
v 0.381291 0.339761 0.068430
v 0.379177 0.353815 0.068430
v 0.381291 0.365586 0.000066
v 0.379177 0.353044 0.017083
v 0.379177 0.341064 0.015318
v 0.381291 0.341573 0.014598
v 0.379177 0.339761 0.064775
v 0.381291 0.340721 0.062874
v 0.381291 0.353815 0.064775
v 0.379177 0.352855 0.062874
v 0.379177 0.352174 0.054091
v 0.381291 0.348438 0.056835
v 0.381291 0.353044 0.052016
v 0.381291 0.349735 0.060917
v 0.379177 0.346788 0.056813
v 0.379177 0.341573 0.054501
v 0.381291 0.341064 0.053780
v 0.381291 0.352174 0.015008
v 0.379177 0.348438 0.012264
v 0.381291 0.346788 0.012285
v 0.379177 0.349735 0.072289
v 0.381291 0.352855 0.070331
v 0.381291 0.343841 0.072289
v 0.379177 0.343841 0.060917
v 0.381291 0.346788 0.078720
v 0.337701 0.369633 0.000066
v 0.337701 0.367519 0.000066
v 0.337701 0.369633 0.067550
v 0.337701 0.367519 0.073244
v 0.366281 0.369633 0.082922
v 0.366281 0.367519 0.082922
v 0.350611 0.369633 0.082922
v 0.350611 0.369633 0.016487
v 0.350611 0.367519 0.016487
v 0.366281 0.369633 0.016487
v 0.366281 0.367519 0.016487
v 0.375017 0.367519 0.063145
v 0.375156 0.369633 0.063145
v 0.343822 0.369633 0.058740
v 0.353603 0.369633 0.056201
v 0.353603 0.367519 0.056201
v 0.350611 0.369633 0.052611
v 0.350611 0.367519 0.052611
v 0.353603 0.367519 0.061267
v 0.358446 0.369633 0.057572
v 0.358446 0.367519 0.057572
v 0.363288 0.369633 0.056201
v 0.363288 0.367519 0.056201
v 0.366281 0.369633 0.052611
v 0.366281 0.367519 0.052611
v 0.353603 0.369633 0.012898
v 0.353603 0.367519 0.012898
v 0.361171 0.369633 0.011757
v 0.358446 0.367519 0.011526
v 0.363288 0.367519 0.012898
v 0.353603 0.369633 0.071939
v 0.353603 0.367519 0.071939
v 0.358446 0.369633 0.073198
v 0.361243 0.367519 0.072980
v 0.366281 0.369633 0.068641
v 0.366281 0.367519 0.068641
v 0.366281 0.369633 0.064564
v 0.366281 0.367519 0.064564
v 0.363288 0.369633 0.071939
v 0.351454 0.369633 0.062895
v 0.350611 0.367519 0.064564
v 0.361243 0.367519 0.060225
v 0.363288 0.369633 0.061267
v 0.350611 0.369633 0.068641
v 0.350611 0.367519 0.068641
v 0.358446 0.369633 0.060007
v 0.353603 0.367519 0.079333
v 0.355720 0.369633 0.078192
v 0.363288 0.367519 0.079333
v 0.363288 0.369633 0.079333
v 0.379043 0.366182 0.000066
v 0.378783 0.369395 0.000066
v 0.380776 0.367508 0.000066
v 0.379177 0.339761 0.134866
v 0.381291 0.340201 0.136123
v 0.381291 0.353815 0.134866
v 0.379177 0.353815 0.134866
v 0.379177 0.340201 0.129952
v 0.381291 0.340721 0.129309
v 0.381291 0.353815 0.131210
v 0.379177 0.353059 0.129713
v 0.379177 0.352512 0.120215
v 0.381291 0.352003 0.120936
v 0.381291 0.349297 0.127317
v 0.379177 0.346788 0.123248
v 0.381291 0.346788 0.123248
v 0.379177 0.342922 0.121922
v 0.381291 0.341402 0.120526
v 0.379177 0.340532 0.118451
v 0.381291 0.352512 0.081753
v 0.379177 0.348438 0.078699
v 0.379177 0.353044 0.083518
v 0.379177 0.341402 0.081443
v 0.381291 0.340532 0.083518
v 0.381291 0.342922 0.080046
v 0.379177 0.351131 0.137823
v 0.381291 0.348873 0.138974
v 0.379177 0.344279 0.138758
v 0.379177 0.346788 0.127122
v 0.337701 0.367519 0.128421
v 0.337701 0.369633 0.133985
v 0.366281 0.367519 0.149357
v 0.366281 0.369633 0.149357
v 0.350611 0.367519 0.149357
v 0.350611 0.369633 0.149357
v 0.375017 0.367519 0.129580
v 0.375156 0.369633 0.129580
v 0.343822 0.369633 0.125175
v 0.353603 0.369633 0.122636
v 0.355721 0.367519 0.123776
v 0.350611 0.369633 0.119046
v 0.350611 0.367519 0.119046
v 0.353603 0.367519 0.127702
v 0.353603 0.369633 0.127702
v 0.358446 0.369633 0.124007
v 0.363288 0.369633 0.122636
v 0.363288 0.367519 0.122636
v 0.366281 0.369633 0.119046
v 0.366281 0.367519 0.119046
v 0.350611 0.367519 0.082922
v 0.358446 0.367519 0.077961
v 0.353603 0.369633 0.138374
v 0.353603 0.367519 0.138374
v 0.358446 0.369633 0.139633
v 0.358446 0.367519 0.139633
v 0.365437 0.369633 0.136745
v 0.366281 0.367519 0.135076
v 0.366281 0.369633 0.130999
v 0.363288 0.367519 0.138374
v 0.350611 0.369633 0.130999
v 0.350611 0.367519 0.130999
v 0.365437 0.367519 0.129330
v 0.363288 0.369633 0.127702
v 0.350611 0.369633 0.135076
v 0.350611 0.367519 0.135076
v 0.358446 0.369633 0.126442
v 0.358446 0.367519 0.126442
v 0.358446 0.369633 0.144396
v 0.358446 0.367519 0.144396
v 0.353604 0.367519 0.145768
v 0.353603 0.369633 0.145768
v 0.379177 0.339761 0.201301
v 0.381291 0.339761 0.201301
v 0.381291 0.354259 0.199473
v 0.379177 0.353815 0.201301
v 0.379177 0.340201 0.196387
v 0.381291 0.339761 0.197645
v 0.379177 0.353815 0.197645
v 0.379177 0.352174 0.186961
v 0.381291 0.348438 0.189705
v 0.381291 0.353044 0.184886
v 0.379177 0.348873 0.193537
v 0.381291 0.351131 0.194687
v 0.379177 0.346788 0.189684
v 0.379177 0.341573 0.187371
v 0.381291 0.341064 0.186650
v 0.381291 0.352174 0.147878
v 0.379177 0.350654 0.146481
v 0.379177 0.353044 0.149953
v 0.381291 0.346788 0.145155
v 0.379177 0.346788 0.145155
v 0.379177 0.341064 0.148188
v 0.381291 0.341573 0.147468
v 0.379177 0.351131 0.204258
v 0.381291 0.351131 0.204258
v 0.379177 0.344279 0.205193
v 0.381291 0.346788 0.205388
v 0.381291 0.342445 0.204258
v 0.381291 0.344279 0.193753
v 0.381291 0.345138 0.211569
v 0.379177 0.346788 0.211590
v 0.337701 0.369633 0.200420
v 0.337701 0.367519 0.200420
v 0.366281 0.369633 0.215792
v 0.366281 0.367519 0.215792
v 0.350611 0.369633 0.215792
v 0.350611 0.367519 0.215792
v 0.375156 0.369633 0.196015
v 0.373069 0.367519 0.191610
v 0.343822 0.369633 0.191610
v 0.343822 0.367519 0.191610
v 0.353603 0.369633 0.189071
v 0.353603 0.367519 0.189071
v 0.350611 0.369633 0.185481
v 0.350611 0.367519 0.185481
v 0.353603 0.367519 0.194137
v 0.353603 0.369633 0.194137
v 0.358446 0.369633 0.190442
v 0.358446 0.367519 0.190442
v 0.363288 0.369633 0.189071
v 0.363288 0.367519 0.189071
v 0.366281 0.369633 0.185481
v 0.366281 0.367519 0.185481
v 0.363288 0.369633 0.145768
v 0.363288 0.367519 0.145768
v 0.353603 0.369633 0.204809
v 0.353603 0.367519 0.204809
v 0.358446 0.369633 0.206068
v 0.358446 0.367519 0.206068
v 0.365437 0.369633 0.203180
v 0.366281 0.367519 0.201511
v 0.366281 0.369633 0.197434
v 0.363288 0.367519 0.204809
v 0.350611 0.369633 0.197434
v 0.350611 0.367519 0.197434
v 0.365437 0.367519 0.195765
v 0.363288 0.369633 0.194137
v 0.350611 0.369633 0.201511
v 0.350611 0.367519 0.201511
v 0.358446 0.369633 0.192877
v 0.358446 0.367519 0.192877
v 0.363288 0.367519 0.212203
v 0.363288 0.369633 0.212203
v 0.376965 0.367519 0.200420
v 0.377911 0.367339 0.602771
v 0.379177 0.339761 0.267736
v 0.381291 0.339761 0.267736
v 0.381291 0.353815 0.267736
v 0.379177 0.353815 0.267736
v 0.379177 0.339761 0.264080
v 0.381291 0.340518 0.262583
v 0.381291 0.353375 0.262823
v 0.379177 0.353815 0.264080
v 0.379177 0.352512 0.253085
v 0.381291 0.352003 0.253806
v 0.379177 0.349297 0.260188
v 0.379177 0.346788 0.256119
v 0.381291 0.346788 0.256119
v 0.379177 0.342922 0.254793
v 0.381291 0.341402 0.253396
v 0.379177 0.340532 0.251321
v 0.381291 0.352512 0.214623
v 0.379177 0.352003 0.213903
v 0.379177 0.341402 0.214313
v 0.381291 0.340532 0.216388
v 0.379177 0.349735 0.271594
v 0.381291 0.351131 0.270693
v 0.381291 0.343841 0.271594
v 0.379177 0.342445 0.270693
v 0.379177 0.342445 0.261122
v 0.381291 0.346788 0.259992
v 0.381291 0.352512 0.281058
v 0.337701 0.367519 0.255714
v 0.337701 0.369633 0.266855
v 0.366281 0.369633 0.282227
v 0.366281 0.367519 0.282228
v 0.350611 0.367519 0.282227
v 0.350611 0.369633 0.282227
v 0.373069 0.367519 0.258045
v 0.375156 0.369633 0.262450
v 0.343822 0.369633 0.258045
v 0.353603 0.369633 0.255506
v 0.353603 0.367519 0.255506
v 0.350611 0.369633 0.251916
v 0.350611 0.367519 0.251916
v 0.353604 0.367519 0.260572
v 0.353603 0.369633 0.260572
v 0.358446 0.369633 0.256877
v 0.358446 0.367519 0.256877
v 0.363288 0.369633 0.255506
v 0.363288 0.367519 0.255506
v 0.366281 0.369633 0.251916
v 0.366281 0.367519 0.251916
v 0.353603 0.369633 0.212203
v 0.353603 0.367519 0.212203
v 0.358446 0.369633 0.210831
v 0.358446 0.367519 0.210831
v 0.353603 0.369633 0.271244
v 0.353603 0.367519 0.271244
v 0.361243 0.369633 0.272286
v 0.358446 0.367519 0.272503
v 0.366281 0.369633 0.267946
v 0.366281 0.367519 0.267946
v 0.366281 0.369633 0.263869
v 0.366281 0.367519 0.263869
v 0.363288 0.367519 0.271244
v 0.350611 0.369633 0.263869
v 0.350611 0.367519 0.263869
v 0.363288 0.367519 0.260572
v 0.363288 0.369633 0.260572
v 0.350611 0.369633 0.267946
v 0.350611 0.367519 0.267946
v 0.358446 0.369633 0.259312
v 0.358446 0.367519 0.259312
v 0.358446 0.367519 0.277267
v 0.358446 0.369633 0.277267
v 0.353603 0.367519 0.278638
v 0.353603 0.369633 0.278638
v 0.363288 0.367519 0.278638
v 0.363288 0.369633 0.278638
v 0.376965 0.367519 0.266855
v 0.379177 0.339761 0.334171
v 0.381291 0.339761 0.334171
v 0.381291 0.353815 0.334171
v 0.379177 0.354259 0.332343
v 0.379177 0.339761 0.330515
v 0.381291 0.340721 0.328614
v 0.381291 0.353815 0.330515
v 0.379177 0.352512 0.319520
v 0.381291 0.352003 0.320241
v 0.379177 0.351131 0.327557
v 0.381291 0.349297 0.326623
v 0.379177 0.346788 0.322554
v 0.381291 0.346788 0.322554
v 0.379177 0.341573 0.320241
v 0.381291 0.341064 0.319520
v 0.379177 0.352003 0.280338
v 0.381291 0.346788 0.278025
v 0.379177 0.346788 0.278025
v 0.379177 0.341064 0.281058
v 0.381291 0.341573 0.280338
v 0.379177 0.349735 0.338029
v 0.381291 0.351131 0.337128
v 0.381291 0.343841 0.338029
v 0.379177 0.342445 0.337128
v 0.379177 0.343841 0.326657
v 0.381291 0.345138 0.344439
v 0.379177 0.346788 0.344460
v 0.381291 0.352513 0.347494
v 0.337701 0.369633 0.333290
v 0.337701 0.367519 0.331106
v 0.366281 0.369633 0.348662
v 0.366281 0.367519 0.348662
v 0.350611 0.367519 0.348662
v 0.350611 0.369633 0.348662
v 0.373069 0.367519 0.324480
v 0.375156 0.369633 0.328885
v 0.343822 0.369633 0.324480
v 0.353603 0.369633 0.321941
v 0.353603 0.367519 0.321941
v 0.350611 0.369633 0.318351
v 0.350611 0.367519 0.318351
v 0.353603 0.367519 0.327007
v 0.353603 0.369633 0.327007
v 0.358446 0.369633 0.323312
v 0.358446 0.367519 0.323312
v 0.363288 0.369633 0.321941
v 0.363288 0.367519 0.321941
v 0.366281 0.369633 0.318351
v 0.366281 0.367519 0.318351
v 0.353603 0.369633 0.337679
v 0.353603 0.367519 0.337679
v 0.361243 0.369633 0.338721
v 0.358446 0.367519 0.338938
v 0.366281 0.369633 0.334381
v 0.366281 0.367519 0.334381
v 0.366281 0.369633 0.330305
v 0.363288 0.367519 0.337679
v 0.350611 0.369633 0.330305
v 0.350611 0.367519 0.330305
v 0.365437 0.367519 0.328636
v 0.363288 0.369633 0.327007
v 0.350611 0.369633 0.334381
v 0.350611 0.367519 0.334381
v 0.358446 0.369633 0.325747
v 0.358446 0.367519 0.325747
v 0.358446 0.367519 0.343702
v 0.358446 0.369633 0.343702
v 0.353603 0.367519 0.345073
v 0.353603 0.369633 0.345073
v 0.363288 0.367519 0.345073
v 0.363288 0.369633 0.345073
v 0.376965 0.367519 0.333290
v 0.380776 0.367509 0.602772
v 0.379177 0.326043 0.602765
v 0.379177 0.340721 0.402506
v 0.381291 0.339761 0.400606
v 0.381291 0.353815 0.400606
v 0.379177 0.353815 0.400606
v 0.379177 0.339761 0.396950
v 0.381291 0.340721 0.395049
v 0.381291 0.353815 0.396950
v 0.379177 0.353815 0.396950
v 0.379177 0.352512 0.385956
v 0.381291 0.352003 0.386676
v 0.379177 0.351131 0.393992
v 0.381291 0.349735 0.393092
v 0.379177 0.346788 0.388989
v 0.381291 0.346788 0.388989
v 0.379177 0.342922 0.387663
v 0.381291 0.341402 0.386266
v 0.379177 0.340532 0.384191
v 0.379177 0.352003 0.346773
v 0.379177 0.341402 0.347183
v 0.381291 0.340532 0.349258
v 0.379177 0.349735 0.404464
v 0.381291 0.351131 0.403563
v 0.381291 0.343841 0.404464
v 0.379177 0.343841 0.393092
v 0.381291 0.352513 0.413929
v 0.337701 0.369633 0.399725
v 0.366281 0.369633 0.415098
v 0.366281 0.367519 0.415098
v 0.337701 0.367519 0.400981
v 0.350611 0.369633 0.415097
v 0.373069 0.367519 0.390915
v 0.375156 0.369633 0.395320
v 0.343822 0.369633 0.390915
v 0.353603 0.369633 0.388376
v 0.353603 0.367519 0.388376
v 0.350611 0.369633 0.384786
v 0.350611 0.367519 0.384786
v 0.353604 0.367519 0.393442
v 0.353604 0.369633 0.393442
v 0.358446 0.369633 0.389747
v 0.358446 0.367519 0.389747
v 0.363288 0.369633 0.388376
v 0.363288 0.367519 0.388376
v 0.366281 0.369633 0.384786
v 0.366281 0.367519 0.384786
v 0.353603 0.369633 0.404114
v 0.353603 0.367519 0.404114
v 0.358446 0.369633 0.405373
v 0.358446 0.367519 0.405373
v 0.366281 0.369633 0.400816
v 0.366281 0.367519 0.400816
v 0.366281 0.369633 0.396740
v 0.366281 0.367519 0.396740
v 0.363288 0.369633 0.404114
v 0.363288 0.367519 0.404114
v 0.350611 0.369633 0.396740
v 0.350611 0.367519 0.396740
v 0.363288 0.367519 0.393442
v 0.363288 0.369633 0.393442
v 0.350611 0.369633 0.400816
v 0.350611 0.367519 0.400816
v 0.358446 0.369633 0.392182
v 0.358446 0.367519 0.392182
v 0.353603 0.367519 0.411508
v 0.353603 0.369633 0.411508
v 0.376965 0.367519 0.399725
v 0.379177 0.340722 0.468941
v 0.381291 0.339761 0.467041
v 0.379177 0.353815 0.467041
v 0.379177 0.339761 0.463385
v 0.381291 0.340722 0.461484
v 0.381291 0.353815 0.463385
v 0.379177 0.353815 0.463385
v 0.379177 0.352513 0.452391
v 0.381291 0.352003 0.453111
v 0.379177 0.351131 0.460427
v 0.381291 0.349735 0.459527
v 0.379177 0.346788 0.455424
v 0.381291 0.346788 0.455424
v 0.379177 0.341573 0.453111
v 0.381291 0.341064 0.452391
v 0.379177 0.352003 0.413208
v 0.381291 0.346788 0.410895
v 0.379177 0.346788 0.410895
v 0.379177 0.341064 0.413929
v 0.381291 0.341573 0.413208
v 0.379177 0.349735 0.470899
v 0.381291 0.352855 0.468941
v 0.381291 0.343841 0.470899
v 0.379177 0.343841 0.459527
v 0.337701 0.369633 0.524363
v 0.366281 0.369633 0.481533
v 0.366281 0.367519 0.481533
v 0.350611 0.369633 0.481533
v 0.337701 0.367519 0.469861
v 0.375017 0.367519 0.461755
v 0.375156 0.369633 0.461755
v 0.343822 0.369633 0.457350
v 0.353603 0.369633 0.454811
v 0.353603 0.367519 0.454811
v 0.350611 0.369633 0.451221
v 0.350611 0.367519 0.451221
v 0.353604 0.367519 0.459877
v 0.353604 0.369633 0.459877
v 0.358446 0.369633 0.456182
v 0.358446 0.367519 0.456182
v 0.363288 0.369633 0.454811
v 0.363288 0.367519 0.454811
v 0.366281 0.369633 0.451221
v 0.366281 0.367519 0.451221
v 0.350611 0.367519 0.415098
v 0.358446 0.369633 0.410137
v 0.358446 0.367519 0.410137
v 0.363288 0.369633 0.411508
v 0.363288 0.367519 0.411508
v 0.353603 0.369633 0.470549
v 0.353603 0.367519 0.470549
v 0.358446 0.369633 0.471808
v 0.358446 0.367519 0.471808
v 0.366281 0.369633 0.467251
v 0.366281 0.367519 0.467251
v 0.366281 0.369633 0.463175
v 0.366281 0.367519 0.463175
v 0.363288 0.369633 0.470549
v 0.363288 0.367519 0.470549
v 0.350611 0.369633 0.463175
v 0.350611 0.367519 0.463175
v 0.363288 0.367519 0.459877
v 0.363288 0.369633 0.459877
v 0.350611 0.369633 0.467251
v 0.350611 0.367519 0.467251
v 0.358446 0.369633 0.458617
v 0.358446 0.367519 0.458617
v 0.358446 0.367519 0.476572
v 0.358446 0.369633 0.476572
v 0.363288 0.367519 0.477943
v 0.363288 0.369633 0.477943
v 0.381291 0.365585 0.602752
v 0.381291 0.326043 0.602760
v 0.379177 0.340722 0.535376
v 0.381291 0.339761 0.533476
v 0.379177 0.353815 0.533476
v 0.379177 0.339761 0.529820
v 0.381291 0.340722 0.527919
v 0.381291 0.353815 0.529820
v 0.379177 0.352855 0.527920
v 0.379177 0.352513 0.518826
v 0.381291 0.352003 0.519546
v 0.381291 0.349735 0.525962
v 0.379177 0.346788 0.521859
v 0.381291 0.346788 0.521859
v 0.379177 0.342922 0.520533
v 0.381291 0.341402 0.519136
v 0.379177 0.340533 0.517061
v 0.381291 0.352513 0.480364
v 0.379177 0.352003 0.479643
v 0.381291 0.346788 0.477330
v 0.379177 0.346788 0.477330
v 0.379177 0.341402 0.480053
v 0.381291 0.340533 0.482128
v 0.381291 0.342922 0.478656
v 0.379177 0.349735 0.537334
v 0.381291 0.352855 0.535376
v 0.381291 0.343841 0.537334
v 0.379177 0.343841 0.525962
v 0.381291 0.346788 0.543766
v 0.379177 0.346788 0.543766
v 0.381291 0.352513 0.546799
v 0.337701 0.367519 0.528883
v 0.366281 0.369633 0.547968
v 0.366281 0.367519 0.547968
v 0.350611 0.369633 0.547968
v 0.373069 0.367519 0.523786
v 0.373069 0.369633 0.523786
v 0.355720 0.369633 0.522386
v 0.353603 0.367519 0.521246
v 0.350611 0.369633 0.517657
v 0.350611 0.367519 0.517657
v 0.353603 0.367519 0.526312
v 0.353603 0.369633 0.526312
v 0.358446 0.367519 0.522617
v 0.363288 0.369633 0.521246
v 0.363288 0.367519 0.521246
v 0.366281 0.369633 0.517657
v 0.366281 0.367519 0.517657
v 0.353603 0.369633 0.477943
v 0.353603 0.367519 0.477943
v 0.350611 0.367519 0.481533
v 0.353603 0.369633 0.536984
v 0.353603 0.367519 0.536984
v 0.358446 0.369633 0.538243
v 0.358446 0.367519 0.538243
v 0.366281 0.369633 0.533686
v 0.366281 0.367519 0.533686
v 0.366281 0.369633 0.529610
v 0.366281 0.367519 0.529610
v 0.363288 0.369633 0.536984
v 0.363288 0.367519 0.536984
v 0.350611 0.369633 0.529610
v 0.350611 0.367519 0.529610
v 0.363288 0.367519 0.526312
v 0.363288 0.369633 0.526312
v 0.350611 0.369633 0.533686
v 0.350611 0.367519 0.533686
v 0.358446 0.369633 0.525052
v 0.358446 0.367519 0.525052
v 0.355721 0.367519 0.543238
v 0.358446 0.369633 0.543007
v 0.353603 0.369633 0.544378
v 0.363288 0.367519 0.544378
v 0.363288 0.369633 0.544378
v 0.378831 0.369355 0.602770
v -0.374695 0.326043 0.602632
v -0.372581 0.326043 0.602632
v -0.372581 0.352855 0.537130
v -0.374695 0.349735 0.539088
v -0.374695 0.350654 0.586394
v -0.374695 0.341064 0.546225
v -0.372581 0.341574 0.545504
v -0.374695 0.346788 0.543191
v -0.372581 0.346788 0.543191
v -0.374695 0.352003 0.545504
v -0.372581 0.352513 0.546225
v -0.374695 0.353815 0.535230
v 0.379177 0.341573 0.585981
v 0.381291 0.341064 0.585261
v 0.381291 0.352003 0.585981
v 0.379177 0.352513 0.585261
v 0.381291 0.346788 0.588294
v 0.379177 0.346788 0.588294
v 0.379177 0.352003 0.546078
v 0.381291 0.341574 0.546078
v 0.379177 0.341064 0.546799
v -0.374695 0.353044 0.582922
v -0.372581 0.352175 0.584997
v -0.372581 0.353815 0.531574
v -0.372581 0.340721 0.529674
v -0.374695 0.339761 0.531574
v 0.337701 0.369633 0.602749
v 0.366281 0.369633 0.584092
v 0.366281 0.367519 0.584092
v 0.350611 0.369633 0.584092
v 0.350611 0.367519 0.584092
v 0.353603 0.369633 0.587681
v 0.353603 0.367519 0.587681
v 0.358446 0.369633 0.589053
v 0.358446 0.367519 0.589053
v 0.363288 0.369633 0.587682
v 0.363288 0.367519 0.587681
v 0.350611 0.367519 0.547968
v -0.372581 0.339761 0.535230
v -0.374695 0.340722 0.537130
v -0.374695 0.344761 0.587512
v -0.372581 0.346788 0.587720
v -0.374695 0.340533 0.582922
v -0.372581 0.341064 0.584686
v -0.374695 0.352855 0.529674
v -0.372581 0.349735 0.527716
v -0.374695 0.343842 0.527716
v -0.372581 0.343842 0.539088
v -0.374695 0.346788 0.521285
v -0.372581 0.346788 0.521285
v -0.331105 0.369633 0.602632
v -0.331105 0.367519 0.602632
v -0.331105 0.369633 0.534588
v -0.331105 0.367519 0.531286
v -0.359685 0.369633 0.517082
v -0.359685 0.367519 0.517082
v -0.344015 0.369633 0.583517
v -0.344015 0.367519 0.583517
v -0.359685 0.369633 0.583517
v -0.359685 0.367519 0.583517
v -0.368421 0.367519 0.536860
v -0.368560 0.369633 0.536860
v -0.347007 0.369633 0.543804
v -0.347007 0.367519 0.543804
v -0.344015 0.369633 0.547393
v -0.344015 0.367519 0.547393
v -0.347008 0.367519 0.538738
v -0.347008 0.369633 0.538738
v -0.351850 0.369633 0.542432
v -0.354575 0.367519 0.542663
v -0.356692 0.369633 0.543804
v -0.359685 0.369633 0.547393
v -0.359685 0.367519 0.547393
v -0.347007 0.369633 0.587107
v -0.347007 0.367519 0.587107
v -0.351850 0.369633 0.588478
v -0.351850 0.367519 0.588478
v -0.356692 0.369633 0.587107
v -0.356692 0.367519 0.587107
v -0.347007 0.369633 0.528066
v -0.347007 0.367519 0.528066
v -0.351850 0.369633 0.526807
v -0.351850 0.367519 0.526807
v -0.359685 0.369633 0.531364
v -0.359685 0.367519 0.531364
v -0.359685 0.369633 0.535440
v -0.359685 0.367519 0.535440
v -0.356692 0.369633 0.528066
v -0.356692 0.367519 0.528066
v -0.344015 0.369633 0.535440
v -0.344015 0.367519 0.535440
v -0.356692 0.367519 0.538738
v -0.356692 0.369633 0.538738
v -0.344015 0.369633 0.531364
v -0.344015 0.367519 0.531364
v -0.351850 0.369633 0.539998
v -0.351850 0.367519 0.539998
v -0.347008 0.367519 0.520672
v -0.347007 0.369633 0.520672
v -0.356692 0.367519 0.520672
v -0.356692 0.369633 0.520672
v -0.374179 0.367509 0.602632
v -0.372581 0.339761 0.465139
v -0.374695 0.339761 0.465139
v -0.374695 0.353815 0.465139
v -0.372581 0.353815 0.465139
v -0.372581 0.339761 0.468795
v -0.374695 0.340722 0.470695
v -0.374695 0.353815 0.468795
v -0.372581 0.352855 0.470695
v -0.374695 0.352003 0.479069
v -0.372581 0.352513 0.479789
v -0.374695 0.349735 0.472653
v -0.374695 0.346788 0.476756
v -0.372581 0.346788 0.476756
v -0.374695 0.341064 0.479789
v -0.372581 0.341574 0.479069
v -0.374695 0.352513 0.518251
v -0.372581 0.352003 0.518972
v -0.374695 0.341574 0.518972
v -0.372581 0.341064 0.518251
v -0.374695 0.351131 0.462181
v -0.372581 0.349735 0.461281
v -0.374695 0.343841 0.461281
v -0.372581 0.342445 0.462181
v -0.372581 0.343841 0.472653
v -0.331105 0.367519 0.474036
v -0.331105 0.369633 0.473460
v -0.359685 0.367519 0.450647
v -0.359685 0.369633 0.450647
v -0.344015 0.367519 0.450647
v -0.344015 0.369633 0.450647
v -0.368421 0.367519 0.470425
v -0.368560 0.369633 0.470425
v -0.347007 0.369633 0.477369
v -0.347007 0.367519 0.477369
v -0.344015 0.369633 0.480958
v -0.344015 0.367519 0.480958
v -0.347007 0.367519 0.472303
v -0.347007 0.369633 0.472303
v -0.351850 0.369633 0.475997
v -0.351850 0.367519 0.475997
v -0.356692 0.369633 0.477369
v -0.356692 0.367519 0.477369
v -0.359685 0.369633 0.480958
v -0.359685 0.367519 0.480958
v -0.344015 0.369633 0.517082
v -0.344015 0.367519 0.517082
v -0.351850 0.369633 0.522043
v -0.351850 0.367519 0.522043
v -0.347007 0.369633 0.461631
v -0.347007 0.367519 0.461631
v -0.351850 0.369633 0.460372
v -0.351850 0.367519 0.460372
v -0.359685 0.369633 0.464929
v -0.359685 0.367519 0.464929
v -0.359685 0.369633 0.469005
v -0.359685 0.367519 0.469005
v -0.356692 0.369633 0.461631
v -0.356692 0.367519 0.461631
v -0.344015 0.369633 0.469005
v -0.344015 0.367519 0.469005
v -0.356692 0.367519 0.472303
v -0.356692 0.369633 0.472303
v -0.344015 0.369633 0.464929
v -0.344015 0.367519 0.464929
v -0.351850 0.369633 0.473563
v -0.351850 0.367519 0.473563
v -0.351850 0.369633 0.455608
v -0.351850 0.367519 0.455608
v -0.347007 0.367519 0.454237
v -0.347007 0.369633 0.454237
v -0.374695 0.326043 0.000066
v -0.372581 0.326043 0.000066
v -0.372581 0.339317 0.400532
v -0.374695 0.339761 0.398704
v -0.374695 0.353815 0.398704
v -0.372581 0.353815 0.398704
v -0.374695 0.339761 0.402360
v -0.374695 0.353815 0.402360
v -0.372581 0.352855 0.404260
v -0.374695 0.352003 0.412634
v -0.372581 0.352513 0.413354
v -0.374695 0.349735 0.406218
v -0.374695 0.346788 0.410321
v -0.372581 0.346788 0.410321
v -0.374695 0.341064 0.413354
v -0.372581 0.341573 0.412634
v -0.374695 0.352513 0.451816
v -0.372581 0.352003 0.452537
v -0.374695 0.346788 0.454849
v -0.372581 0.346788 0.454849
v -0.374695 0.341573 0.452537
v -0.372581 0.341064 0.451816
v -0.374695 0.351131 0.395746
v -0.372581 0.349735 0.394846
v -0.374695 0.344279 0.394812
v -0.372581 0.342445 0.395746
v -0.372581 0.343841 0.406218
v -0.374695 0.342445 0.405318
v -0.374695 0.346788 0.388414
v -0.372581 0.346788 0.388414
v -0.331105 0.369633 0.401097
v -0.331105 0.367519 0.402814
v -0.359685 0.369633 0.384212
v -0.359685 0.367519 0.384212
v -0.344015 0.369633 0.384212
v -0.344015 0.367519 0.384212
v -0.368560 0.369633 0.403990
v -0.368421 0.367519 0.403990
v -0.347007 0.369633 0.410934
v -0.347007 0.367519 0.410934
v -0.344015 0.369633 0.414523
v -0.344015 0.367519 0.414523
v -0.344858 0.367519 0.404239
v -0.347007 0.369633 0.405868
v -0.351850 0.369633 0.409562
v -0.351850 0.367519 0.409562
v -0.356692 0.369633 0.410934
v -0.356692 0.367519 0.410934
v -0.359685 0.369633 0.414523
v -0.359685 0.367519 0.414523
v -0.356692 0.369633 0.454237
v -0.356692 0.367519 0.454237
v -0.347007 0.369633 0.395196
v -0.347007 0.367519 0.395196
v -0.351850 0.369633 0.393936
v -0.351850 0.367519 0.393936
v -0.359685 0.369633 0.398494
v -0.359685 0.367519 0.398494
v -0.359685 0.369633 0.402570
v -0.359685 0.367519 0.402570
v -0.356692 0.369633 0.395196
v -0.356692 0.367519 0.395196
v -0.344015 0.369633 0.402570
v -0.356692 0.367519 0.405868
v -0.344015 0.369633 0.398494
v -0.344015 0.367519 0.398494
v -0.354647 0.369633 0.406910
v -0.351850 0.367519 0.407128
v -0.356692 0.367519 0.387802
v -0.356692 0.369633 0.387802
v -0.372581 0.340721 0.330369
v -0.374695 0.339761 0.332269
v -0.372581 0.353815 0.332269
v -0.372581 0.339761 0.335925
v -0.374695 0.339761 0.335925
v -0.374695 0.353815 0.335925
v -0.372581 0.352855 0.337825
v -0.374695 0.352003 0.346199
v -0.372581 0.352513 0.346919
v -0.374695 0.349735 0.339783
v -0.374695 0.346788 0.343886
v -0.372581 0.346788 0.343886
v -0.374695 0.341064 0.346919
v -0.372581 0.341573 0.346199
v -0.374695 0.352513 0.385381
v -0.372581 0.352003 0.386102
v -0.374695 0.341573 0.386102
v -0.372581 0.341064 0.385381
v -0.374695 0.352855 0.330369
v -0.372581 0.349735 0.328411
v -0.374695 0.343841 0.328411
v -0.372581 0.343841 0.339783
v -0.374695 0.342445 0.338883
v -0.374695 0.352512 0.318946
v -0.331105 0.367519 0.341476
v -0.331105 0.369633 0.340366
v -0.359685 0.369633 0.317777
v -0.359685 0.367519 0.317777
v -0.344015 0.367519 0.317777
v -0.344015 0.369633 0.317777
v -0.368421 0.367519 0.337555
v -0.368560 0.369633 0.337555
v -0.347007 0.369633 0.344498
v -0.347007 0.367519 0.344498
v -0.344015 0.369633 0.348088
v -0.344015 0.367519 0.348088
v -0.347007 0.367519 0.339433
v -0.349053 0.369633 0.340475
v -0.351850 0.369633 0.343127
v -0.351850 0.367519 0.343127
v -0.356692 0.369633 0.344498
v -0.356692 0.367519 0.344498
v -0.359685 0.369633 0.348088
v -0.359685 0.367519 0.348088
v -0.347007 0.369633 0.387802
v -0.347007 0.367519 0.387802
v -0.351850 0.369633 0.389173
v -0.351850 0.367519 0.389173
v -0.347007 0.369633 0.328761
v -0.344858 0.367519 0.330390
v -0.351850 0.369633 0.327501
v -0.351850 0.367519 0.327501
v -0.359685 0.369633 0.332059
v -0.359685 0.367519 0.332059
v -0.359685 0.369633 0.336135
v -0.359685 0.367519 0.336135
v -0.356692 0.369633 0.328761
v -0.356692 0.367519 0.328761
v -0.344015 0.369633 0.336135
v -0.344015 0.367519 0.336135
v -0.356692 0.367519 0.339433
v -0.356692 0.369633 0.339433
v -0.344015 0.369633 0.332059
v -0.351850 0.367519 0.340693
v -0.351850 0.367519 0.322738
v -0.351850 0.369633 0.322738
v -0.347007 0.367519 0.321367
v -0.347007 0.369633 0.321367
v -0.356692 0.367519 0.321367
v -0.356692 0.369633 0.321367
v -0.374695 0.365586 0.000066
v -0.372581 0.340721 0.263934
v -0.374695 0.339761 0.265834
v -0.372581 0.353815 0.265834
v -0.372581 0.339761 0.269490
v -0.374695 0.339761 0.269490
v -0.374695 0.353815 0.269490
v -0.372581 0.353815 0.269490
v -0.374695 0.352174 0.280174
v -0.372581 0.350654 0.278777
v -0.372581 0.353044 0.282249
v -0.372581 0.351131 0.272448
v -0.374695 0.349735 0.273348
v -0.374695 0.346788 0.277451
v -0.372581 0.344761 0.277659
v -0.374695 0.341402 0.280174
v -0.372581 0.340532 0.282249
v -0.372581 0.352003 0.319667
v -0.374695 0.345139 0.322001
v -0.372581 0.346788 0.321979
v -0.374695 0.340532 0.317182
v -0.372581 0.341402 0.319257
v -0.374695 0.352855 0.263934
v -0.372581 0.349735 0.261976
v -0.374695 0.343841 0.261976
v -0.372581 0.343841 0.273348
v -0.374695 0.342445 0.272448
v -0.374695 0.346788 0.255544
v -0.372581 0.346788 0.255544
v -0.374695 0.352512 0.252511
v -0.331105 0.369633 0.279387
v -0.331105 0.367519 0.263102
v -0.359685 0.369633 0.251342
v -0.359685 0.367519 0.251342
v -0.344015 0.367519 0.251342
v -0.344015 0.369633 0.251342
v -0.366473 0.367519 0.275524
v -0.368560 0.369633 0.271120
v -0.347007 0.369633 0.278063
v -0.347007 0.367519 0.278063
v -0.344015 0.369633 0.281653
v -0.344015 0.367519 0.281653
v -0.347007 0.367519 0.272998
v -0.351850 0.369633 0.276692
v -0.351850 0.367519 0.276692
v -0.356692 0.369633 0.278063
v -0.356692 0.367519 0.278063
v -0.359685 0.369633 0.281653
v -0.359685 0.367519 0.281653
v -0.347007 0.369633 0.262326
v -0.344858 0.367519 0.263955
v -0.351850 0.369633 0.261066
v -0.351850 0.367519 0.261066
v -0.359685 0.369633 0.265624
v -0.359685 0.367519 0.265624
v -0.359685 0.369633 0.269700
v -0.359685 0.367519 0.269700
v -0.356692 0.369633 0.262326
v -0.356692 0.367519 0.262326
v -0.344858 0.369633 0.271369
v -0.344015 0.367519 0.269700
v -0.356692 0.367519 0.272998
v -0.356692 0.369633 0.272998
v -0.344015 0.369633 0.265624
v -0.351850 0.369633 0.274258
v -0.351850 0.367519 0.274258
v -0.351850 0.367519 0.256303
v -0.351850 0.369633 0.256303
v -0.347007 0.367519 0.254932
v -0.347007 0.369633 0.254932
v -0.356692 0.367519 0.254932
v -0.356692 0.369633 0.254932
v -0.370369 0.367519 0.266715
v -0.372581 0.340721 0.197499
v -0.374695 0.339761 0.199399
v -0.372581 0.353815 0.199399
v -0.372581 0.339761 0.203055
v -0.374695 0.339761 0.203055
v -0.374695 0.353815 0.203055
v -0.372581 0.352855 0.204955
v -0.374695 0.352003 0.213329
v -0.372581 0.352512 0.214049
v -0.374695 0.349735 0.206913
v -0.374695 0.346788 0.211016
v -0.372581 0.346788 0.211016
v -0.374695 0.341064 0.214049
v -0.372581 0.341573 0.213329
v -0.372581 0.352003 0.253232
v -0.374695 0.341573 0.253232
v -0.372581 0.341064 0.252511
v -0.374695 0.352855 0.197499
v -0.372581 0.349735 0.195541
v -0.374695 0.343841 0.195541
v -0.372581 0.343841 0.206913
v -0.374695 0.342445 0.206013
v -0.374695 0.352512 0.186076
v -0.331105 0.367519 0.207994
v -0.331105 0.369633 0.212671
v -0.359685 0.369633 0.184907
v -0.359685 0.367519 0.184907
v -0.344015 0.367519 0.184907
v -0.344015 0.369633 0.184907
v -0.366473 0.367519 0.209089
v -0.368560 0.369633 0.204684
v -0.347007 0.369633 0.211628
v -0.347007 0.367519 0.211628
v -0.344015 0.369633 0.215218
v -0.344015 0.367519 0.215218
v -0.347007 0.367519 0.206563
v -0.351850 0.369633 0.210257
v -0.351850 0.367519 0.210257
v -0.356692 0.369633 0.211628
v -0.356692 0.367519 0.211628
v -0.359685 0.369633 0.215218
v -0.359685 0.367519 0.215218
v -0.347007 0.369633 0.195891
v -0.344858 0.367519 0.197520
v -0.354647 0.369633 0.194849
v -0.351850 0.367519 0.194631
v -0.359685 0.369633 0.199189
v -0.359685 0.367519 0.199189
v -0.359685 0.369633 0.203265
v -0.359685 0.367519 0.203265
v -0.356692 0.367519 0.195891
v -0.344858 0.369633 0.204934
v -0.344015 0.367519 0.203265
v -0.356692 0.367519 0.206563
v -0.356692 0.369633 0.206563
v -0.344015 0.369633 0.199189
v -0.351850 0.369633 0.207823
v -0.351850 0.367519 0.207823
v -0.347008 0.367519 0.188497
v -0.347007 0.369633 0.188497
v -0.370369 0.367519 0.200280
v -0.371312 0.367341 0.000066
v -0.374180 0.367508 0.000066
v -0.372581 0.340721 0.131064
v -0.374695 0.339761 0.132964
v -0.372581 0.353815 0.132964
v -0.372581 0.339761 0.136620
v -0.374695 0.339761 0.136620
v -0.374695 0.353815 0.136620
v -0.372581 0.353815 0.136620
v -0.374695 0.352003 0.146894
v -0.372581 0.352512 0.147614
v -0.372581 0.351131 0.139578
v -0.374695 0.349735 0.140478
v -0.374695 0.346788 0.144581
v -0.372581 0.346788 0.144581
v -0.374695 0.341064 0.147614
v -0.372581 0.341573 0.146894
v -0.372581 0.352003 0.186797
v -0.374695 0.346788 0.189109
v -0.372581 0.346788 0.189109
v -0.374695 0.341573 0.186797
v -0.372581 0.341064 0.186076
v -0.374695 0.352855 0.131064
v -0.372581 0.349735 0.129106
v -0.374695 0.343841 0.129106
v -0.372581 0.343841 0.140478
v -0.374695 0.342445 0.139578
v -0.331105 0.369633 0.130788
v -0.331105 0.367519 0.137206
v -0.359685 0.369633 0.118472
v -0.359685 0.367519 0.118472
v -0.344015 0.367519 0.118472
v -0.366473 0.367519 0.142654
v -0.366473 0.369633 0.142654
v -0.347007 0.369633 0.145193
v -0.347007 0.367519 0.145193
v -0.344015 0.369633 0.148783
v -0.344015 0.367519 0.148783
v -0.347008 0.367519 0.140128
v -0.347008 0.369633 0.140128
v -0.351850 0.369633 0.143822
v -0.351850 0.367519 0.143822
v -0.356692 0.369633 0.145193
v -0.356692 0.367519 0.145193
v -0.359685 0.369633 0.148783
v -0.359685 0.367519 0.148783
v -0.351850 0.369633 0.189868
v -0.351850 0.367519 0.189868
v -0.356692 0.369633 0.188497
v -0.356692 0.367519 0.188497
v -0.347007 0.369633 0.129456
v -0.349053 0.367519 0.128414
v -0.351850 0.369633 0.128196
v -0.359685 0.369633 0.132754
v -0.359685 0.367519 0.132754
v -0.359685 0.369633 0.136830
v -0.359685 0.367519 0.136830
v -0.356692 0.369633 0.129456
v -0.356692 0.367519 0.129456
v -0.344015 0.369633 0.136830
v -0.344015 0.367519 0.136830
v -0.356692 0.367519 0.140128
v -0.356692 0.369633 0.140128
v -0.344015 0.369633 0.132754
v -0.344015 0.367519 0.132754
v -0.351850 0.369633 0.141388
v -0.351850 0.367519 0.141388
v -0.354575 0.367519 0.123202
v -0.351850 0.369633 0.123433
v -0.356692 0.369633 0.122062
v -0.370647 0.369633 0.083241
v -0.372453 0.366168 0.000066
v -0.372581 0.340721 0.064629
v -0.374695 0.339761 0.066529
v -0.372581 0.353815 0.066529
v -0.372581 0.339761 0.070185
v -0.374695 0.340721 0.072085
v -0.374695 0.353815 0.070185
v -0.372581 0.352855 0.072085
v -0.374695 0.352003 0.080459
v -0.372581 0.352512 0.081179
v -0.374695 0.349735 0.074043
v -0.374695 0.346788 0.078146
v -0.372581 0.346788 0.078146
v -0.374695 0.341064 0.081179
v -0.372581 0.341573 0.080459
v -0.374695 0.352512 0.119641
v -0.372581 0.352003 0.120362
v -0.374695 0.346788 0.122674
v -0.372581 0.344761 0.122466
v -0.374695 0.341402 0.119952
v -0.372581 0.340532 0.117877
v -0.374695 0.352855 0.064629
v -0.372581 0.349735 0.062671
v -0.374695 0.343841 0.062671
v -0.372581 0.343841 0.074043
v -0.374695 0.346788 0.056239
v -0.372581 0.346788 0.056239
v -0.374695 0.352512 0.053206
v -0.331105 0.369633 0.074852
v -0.331105 0.367519 0.075048
v -0.359685 0.369633 0.052037
v -0.359685 0.367519 0.052037
v -0.344015 0.367519 0.052037
v -0.344015 0.369633 0.052037
v -0.370369 0.367519 0.084604
v -0.347007 0.369633 0.078758
v -0.347007 0.367519 0.078758
v -0.344015 0.369633 0.082348
v -0.344015 0.367519 0.082348
v -0.349053 0.367519 0.074735
v -0.347007 0.369633 0.073693
v -0.354575 0.369633 0.077618
v -0.351850 0.367519 0.077387
v -0.356692 0.367519 0.078758
v -0.359685 0.369633 0.082348
v -0.359685 0.367519 0.082348
v -0.347007 0.369633 0.122062
v -0.347007 0.367519 0.122062
v -0.344015 0.369633 0.118472
v -0.344858 0.369633 0.064650
v -0.347007 0.367519 0.063021
v -0.351850 0.369633 0.061761
v -0.354647 0.367519 0.061979
v -0.358841 0.369633 0.064650
v -0.359685 0.367519 0.066319
v -0.359685 0.369633 0.070395
v -0.359685 0.367519 0.070395
v -0.344015 0.369633 0.070395
v -0.344015 0.367519 0.070395
v -0.356692 0.367519 0.073693
v -0.356692 0.369633 0.073693
v -0.344015 0.367519 0.066319
v -0.351850 0.369633 0.074953
v -0.351850 0.367519 0.056998
v -0.351850 0.369633 0.056998
v -0.347007 0.367519 0.055627
v -0.347007 0.369633 0.055627
v -0.356692 0.367519 0.055627
v -0.356692 0.369633 0.055627
v -0.374695 0.352003 0.014024
v -0.372581 0.352512 0.014744
v -0.374695 0.346788 0.011711
v -0.372581 0.346788 0.011711
v -0.374695 0.341064 0.014744
v -0.372581 0.341573 0.014024
v -0.372581 0.352003 0.053927
v -0.374695 0.341573 0.053927
v -0.372581 0.341064 0.053206
v -0.371272 0.367373 0.602632
v -0.372218 0.369377 0.602632
v -0.372490 0.366058 0.602632
v -0.374695 0.365586 0.602632
v -0.359685 0.367519 0.015913
v -0.359685 0.369633 0.015913
v -0.349124 0.369633 0.011183
v -0.347007 0.367519 0.012323
v -0.344015 0.369633 0.015913
v -0.344015 0.367519 0.015913
v -0.351850 0.367519 0.010952
v -0.356692 0.369633 0.012323
v -0.356692 0.367519 0.012323
v 0.337701 0.367519 0.602748
v 0.379097 0.366007 0.602755
v -0.372279 0.369332 0.000066
v 0.377798 0.367417 0.000066
v -0.331105 0.367519 0.000066
v -0.331105 0.369633 0.000066
v -0.375468 0.369721 0.561512
v -0.375468 0.372535 0.561512
v -0.375468 0.372535 0.601147
v -0.375468 0.369612 0.601611
v -0.359606 0.372535 0.576002
v -0.361406 0.369721 0.576539
v -0.363122 0.372535 0.586123
v -0.364255 0.372535 0.580241
v -0.364465 0.369721 0.582257
v -0.375468 0.328245 0.602988
v -0.375468 0.328245 0.605802
v -0.360209 0.341155 0.602988
v -0.360209 0.341155 0.605802
v -0.360209 0.356825 0.602988
v -0.360209 0.356825 0.605802
v -0.363845 0.344148 0.602988
v -0.363845 0.344148 0.605802
v -0.365233 0.348990 0.602988
v -0.365233 0.348990 0.605802
v -0.363844 0.353833 0.602988
v -0.363844 0.353833 0.605802
v -0.375468 0.367880 0.605802
v -0.375468 0.368349 0.602879
v -0.375468 0.371948 0.603340
v -0.375468 0.370073 0.605215
v -0.307603 0.369721 0.575230
v -0.307603 0.372535 0.575230
v -0.307603 0.372535 0.589284
v -0.307603 0.369721 0.589284
v -0.311305 0.369721 0.575230
v -0.311305 0.372535 0.575230
v -0.311305 0.372535 0.589284
v -0.311305 0.369721 0.589284
v -0.322426 0.369721 0.587975
v -0.321699 0.372535 0.587464
v -0.314301 0.369721 0.586600
v -0.315213 0.372535 0.585197
v -0.319368 0.369721 0.582257
v -0.319368 0.372535 0.582257
v -0.321699 0.369721 0.577050
v -0.322426 0.372535 0.576539
v -0.359606 0.372535 0.588513
v -0.361721 0.369721 0.587635
v -0.304607 0.369721 0.586600
v -0.303660 0.372535 0.584757
v -0.303660 0.369721 0.579758
v -0.304607 0.372535 0.577914
v -0.315213 0.369721 0.579317
v -0.314301 0.372535 0.577914
v -0.294123 0.372535 0.587975
v -0.308495 0.328245 0.602988
v -0.308495 0.328245 0.605802
v -0.292926 0.356825 0.605802
v -0.292926 0.356825 0.602988
v -0.292926 0.341155 0.602988
v -0.292926 0.341155 0.605802
v -0.317416 0.363614 0.605802
v -0.312955 0.365562 0.602988
v -0.317417 0.334278 0.605802
v -0.317417 0.334367 0.602988
v -0.319988 0.344148 0.605802
v -0.319988 0.344148 0.602988
v -0.323624 0.341155 0.605802
v -0.323624 0.341155 0.602988
v -0.314858 0.344148 0.602988
v -0.314858 0.344148 0.605802
v -0.318599 0.348990 0.605802
v -0.318599 0.348990 0.602988
v -0.319988 0.353833 0.605802
v -0.319988 0.353833 0.602988
v -0.323624 0.356825 0.605802
v -0.323624 0.356825 0.602988
v -0.304050 0.344148 0.605802
v -0.304050 0.344148 0.602988
v -0.302774 0.348990 0.605802
v -0.302774 0.348990 0.602988
v -0.307390 0.356825 0.605802
v -0.307390 0.356825 0.602988
v -0.311518 0.356825 0.605802
v -0.311518 0.356825 0.602988
v -0.304050 0.353833 0.605802
v -0.304050 0.353833 0.602988
v -0.311518 0.341155 0.605802
v -0.311518 0.341155 0.602988
v -0.314858 0.353833 0.602988
v -0.314858 0.353833 0.605802
v -0.307390 0.341155 0.605802
v -0.307390 0.341155 0.602988
v -0.316134 0.348990 0.605802
v -0.316134 0.348990 0.602988
v -0.296561 0.344148 0.602988
v -0.296561 0.344148 0.605802
v -0.308495 0.367880 0.605802
v -0.240320 0.369721 0.575230
v -0.240320 0.372535 0.575230
v -0.240320 0.372535 0.589284
v -0.240320 0.369721 0.589284
v -0.244022 0.369721 0.575230
v -0.244022 0.372535 0.575230
v -0.244022 0.372535 0.589284
v -0.244022 0.369721 0.589284
v -0.255143 0.369721 0.587975
v -0.254416 0.372535 0.587464
v -0.247018 0.369721 0.586600
v -0.247930 0.372535 0.585197
v -0.252085 0.369721 0.582257
v -0.252085 0.372535 0.582257
v -0.254416 0.369721 0.577050
v -0.255143 0.372535 0.576539
v -0.294850 0.369721 0.587464
v -0.297182 0.372535 0.582257
v -0.297182 0.369721 0.582257
v -0.294123 0.369721 0.576539
v -0.294850 0.372535 0.577050
v -0.236412 0.369721 0.585197
v -0.237324 0.372535 0.586600
v -0.236412 0.372535 0.579317
v -0.237324 0.369721 0.577914
v -0.247930 0.369721 0.579317
v -0.247018 0.372535 0.577914
v -0.241212 0.328245 0.602988
v -0.225643 0.356825 0.605802
v -0.225643 0.356825 0.602988
v -0.225643 0.341155 0.605802
v -0.225643 0.341155 0.602988
v -0.245672 0.365562 0.602988
v -0.245672 0.365747 0.605802
v -0.250133 0.334278 0.605802
v -0.250133 0.334367 0.602988
v -0.252705 0.344148 0.605802
v -0.252705 0.344148 0.602988
v -0.256341 0.341155 0.605802
v -0.256341 0.341155 0.602988
v -0.247575 0.344148 0.602988
v -0.247575 0.344148 0.605802
v -0.251316 0.348990 0.605802
v -0.251316 0.348990 0.602988
v -0.252705 0.353833 0.605802
v -0.252705 0.353833 0.602988
v -0.256341 0.356825 0.605802
v -0.256341 0.356825 0.602988
v -0.297950 0.348990 0.605802
v -0.297950 0.348990 0.602988
v -0.296561 0.353833 0.605802
v -0.296561 0.353833 0.602988
v -0.236767 0.344148 0.605802
v -0.236767 0.344148 0.602988
v -0.235491 0.348990 0.605802
v -0.235491 0.348990 0.602988
v -0.240107 0.356825 0.605802
v -0.240107 0.356825 0.602988
v -0.244235 0.356825 0.605802
v -0.244235 0.356825 0.602988
v -0.236767 0.353833 0.605802
v -0.236767 0.353833 0.602988
v -0.244235 0.341155 0.605802
v -0.244235 0.341155 0.602988
v -0.247575 0.353833 0.602988
v -0.247575 0.353833 0.605802
v -0.240107 0.341155 0.605802
v -0.240107 0.341155 0.602988
v -0.248851 0.348990 0.605802
v -0.248851 0.348990 0.602988
v -0.230667 0.348990 0.602988
v -0.230667 0.348990 0.605802
v -0.229278 0.353833 0.602988
v -0.229278 0.353833 0.605802
v -0.162990 0.369721 0.561512
v -0.162815 0.372535 0.599088
v -0.162815 0.369721 0.598903
v -0.176739 0.369721 0.575230
v -0.176739 0.372535 0.589284
v -0.176739 0.369721 0.589284
v -0.187860 0.369721 0.587975
v -0.187133 0.372535 0.587464
v -0.179735 0.369721 0.586600
v -0.180647 0.372535 0.585197
v -0.184802 0.369721 0.582257
v -0.184802 0.372535 0.582257
v -0.187133 0.369721 0.577050
v -0.187860 0.372535 0.576539
v -0.226840 0.372535 0.587975
v -0.227567 0.369721 0.587464
v -0.229898 0.372535 0.582257
v -0.229898 0.369721 0.582257
v -0.226840 0.369721 0.576539
v -0.227567 0.372535 0.577050
v -0.169129 0.369721 0.585197
v -0.168876 0.372535 0.584333
v -0.173036 0.369721 0.575230
v -0.174888 0.372535 0.574782
v -0.170041 0.369721 0.577914
v -0.170041 0.372535 0.577914
v -0.180682 0.369721 0.579758
v -0.179735 0.372535 0.577914
v -0.173036 0.369721 0.589284
v -0.173036 0.372535 0.589284
v -0.160946 0.369721 0.579317
v -0.172824 0.356825 0.602988
v -0.172824 0.341155 0.602988
v -0.171721 0.365562 0.602988
v -0.182850 0.363614 0.605802
v -0.182850 0.334367 0.602988
v -0.185422 0.344148 0.605802
v -0.185422 0.344148 0.602988
v -0.189058 0.341155 0.605802
v -0.189058 0.341155 0.602988
v -0.180292 0.344148 0.602988
v -0.180292 0.344148 0.605802
v -0.184033 0.348990 0.605802
v -0.184033 0.348990 0.602988
v -0.185422 0.353833 0.605802
v -0.185422 0.353833 0.602988
v -0.189058 0.356825 0.605802
v -0.189058 0.356825 0.602988
v -0.229278 0.344148 0.605802
v -0.229278 0.344148 0.602988
v -0.169484 0.344148 0.605802
v -0.169484 0.344148 0.602988
v -0.168208 0.348990 0.605802
v -0.168208 0.348990 0.602988
v -0.176952 0.356825 0.605802
v -0.171119 0.355971 0.605802
v -0.169484 0.353833 0.602988
v -0.176952 0.341155 0.605802
v -0.176952 0.341155 0.602988
v -0.178656 0.355971 0.602988
v -0.180292 0.353833 0.605802
v -0.172824 0.341155 0.605802
v -0.181568 0.348990 0.605802
v -0.181568 0.348990 0.602988
v -0.161867 0.348990 0.602988
v -0.160591 0.353833 0.602988
v -0.160592 0.367880 0.605802
v 0.381808 0.372535 0.561512
v 0.381808 0.369722 0.561512
v 0.313943 0.372536 0.575230
v 0.313943 0.369722 0.575230
v 0.313943 0.372536 0.589284
v 0.313943 0.369722 0.589284
v 0.381808 0.369610 0.601584
v 0.381808 0.372536 0.601147
v 0.368061 0.372536 0.576879
v 0.365946 0.369722 0.576002
v 0.317645 0.372536 0.575230
v 0.317645 0.369722 0.575230
v 0.317645 0.369722 0.589284
v 0.317645 0.372536 0.589284
v 0.328766 0.372536 0.587975
v 0.328040 0.369722 0.587464
v 0.320641 0.372536 0.586600
v 0.325708 0.372536 0.582257
v 0.325708 0.369722 0.582257
v 0.327051 0.372536 0.578391
v 0.328451 0.369722 0.576879
v 0.330567 0.372536 0.576002
v 0.369462 0.369722 0.586123
v 0.368473 0.372536 0.587464
v 0.365946 0.369722 0.588513
v 0.370805 0.369722 0.582257
v 0.370805 0.372536 0.582257
v 0.369462 0.369722 0.578391
v 0.310035 0.372536 0.585197
v 0.310947 0.369721 0.586600
v 0.310035 0.369722 0.579317
v 0.310947 0.372536 0.577914
v 0.320641 0.369722 0.577914
v 0.321553 0.369722 0.585198
v 0.321553 0.372536 0.579317
v 0.303522 0.369722 0.582257
v 0.303522 0.372536 0.582257
v 0.381808 0.328245 0.602988
v 0.381808 0.328245 0.605802
v 0.314835 0.328245 0.602988
v 0.245790 0.328245 0.605802
v 0.299266 0.356825 0.602988
v 0.299266 0.356825 0.605802
v 0.299266 0.341155 0.605802
v 0.299266 0.341155 0.602988
v 0.366549 0.341155 0.602988
v 0.366549 0.341155 0.605802
v 0.366549 0.356825 0.602988
v 0.366549 0.356825 0.605802
v 0.319296 0.365747 0.605802
v 0.319296 0.365562 0.602988
v 0.323757 0.334367 0.602988
v 0.323757 0.334278 0.605802
v 0.326328 0.344148 0.602988
v 0.326328 0.344148 0.605802
v 0.329964 0.341155 0.602988
v 0.329964 0.341155 0.605802
v 0.321198 0.344148 0.605802
v 0.321198 0.344148 0.602988
v 0.324940 0.348990 0.602988
v 0.324940 0.348990 0.605802
v 0.326328 0.353833 0.602988
v 0.326328 0.353833 0.605802
v 0.329964 0.356825 0.602988
v 0.329964 0.356825 0.605802
v 0.370185 0.344148 0.602988
v 0.370185 0.344148 0.605802
v 0.371573 0.348990 0.602988
v 0.371573 0.348990 0.605802
v 0.370185 0.353833 0.602988
v 0.370185 0.353833 0.605802
v 0.310390 0.344148 0.602988
v 0.310390 0.344148 0.605802
v 0.309114 0.348990 0.602988
v 0.309114 0.348990 0.605802
v 0.313730 0.356825 0.602988
v 0.313730 0.356825 0.605802
v 0.317858 0.356825 0.602988
v 0.317858 0.356825 0.605802
v 0.310390 0.353833 0.602988
v 0.310390 0.353833 0.605802
v 0.317858 0.341155 0.602988
v 0.317858 0.341155 0.605802
v 0.321198 0.353833 0.605802
v 0.321198 0.353833 0.602988
v 0.313730 0.341155 0.602988
v 0.313730 0.341155 0.605802
v 0.322474 0.348990 0.602988
v 0.322474 0.348990 0.605802
v 0.302902 0.344148 0.605802
v 0.302902 0.344148 0.602988
v 0.302902 0.353833 0.605802
v 0.302902 0.353833 0.602988
v 0.381808 0.369682 0.605492
v 0.381808 0.371948 0.603340
v 0.246660 0.372535 0.575230
v 0.246660 0.369722 0.575230
v 0.246660 0.369722 0.589284
v 0.246660 0.372535 0.589284
v 0.250362 0.372535 0.575230
v 0.250362 0.369722 0.575230
v 0.250362 0.369722 0.589284
v 0.250362 0.372535 0.589284
v 0.261483 0.372535 0.587975
v 0.260756 0.369722 0.587464
v 0.253358 0.372535 0.586600
v 0.258425 0.372535 0.582257
v 0.258425 0.369722 0.582257
v 0.259768 0.372535 0.578391
v 0.261168 0.369722 0.576879
v 0.263284 0.372535 0.576002
v 0.300463 0.369722 0.587975
v 0.301190 0.372536 0.587464
v 0.300778 0.372536 0.576879
v 0.298663 0.369721 0.576002
v 0.302179 0.369722 0.578391
v 0.242752 0.372535 0.585197
v 0.243664 0.369721 0.586600
v 0.242752 0.369722 0.579317
v 0.243664 0.372535 0.577914
v 0.253358 0.369722 0.577914
v 0.254270 0.369722 0.585198
v 0.254270 0.372535 0.579317
v 0.247552 0.328245 0.602988
v 0.231983 0.356825 0.605802
v 0.231983 0.356825 0.602988
v 0.231983 0.341155 0.602988
v 0.252013 0.365747 0.605802
v 0.252013 0.365562 0.602988
v 0.256474 0.334367 0.602988
v 0.259045 0.344148 0.602988
v 0.259045 0.344148 0.605802
v 0.262681 0.341155 0.602988
v 0.262681 0.341155 0.605802
v 0.253915 0.344148 0.605802
v 0.253915 0.344148 0.602988
v 0.257657 0.348990 0.602988
v 0.257657 0.348990 0.605802
v 0.259045 0.353833 0.602988
v 0.259045 0.353833 0.605802
v 0.262681 0.356825 0.602988
v 0.262681 0.356825 0.605802
v 0.304290 0.348990 0.602988
v 0.304290 0.348990 0.605802
v 0.242051 0.346203 0.602988
v 0.243107 0.344148 0.605802
v 0.241831 0.348990 0.605802
v 0.246447 0.356825 0.602988
v 0.244742 0.355971 0.605802
v 0.250575 0.356825 0.602988
v 0.250575 0.356825 0.605802
v 0.243107 0.353833 0.602988
v 0.250575 0.341155 0.602988
v 0.250575 0.341155 0.605802
v 0.253915 0.353833 0.605802
v 0.253915 0.353833 0.602988
v 0.246447 0.341155 0.602988
v 0.246447 0.341155 0.605802
v 0.255191 0.348990 0.602988
v 0.255191 0.348990 0.605802
v 0.237007 0.348990 0.602988
v 0.237007 0.348990 0.605802
v 0.235618 0.344148 0.605802
v 0.235618 0.344148 0.602988
v 0.179377 0.372535 0.575230
v 0.179377 0.369722 0.575230
v 0.179377 0.369722 0.589284
v 0.179377 0.372535 0.589284
v 0.183079 0.372535 0.575230
v 0.183079 0.369722 0.575230
v 0.183079 0.369722 0.589284
v 0.183079 0.372535 0.589284
v 0.194200 0.372535 0.587975
v 0.193473 0.369722 0.587464
v 0.186075 0.372535 0.586600
v 0.191142 0.372535 0.582257
v 0.191142 0.369722 0.582257
v 0.193473 0.372535 0.577050
v 0.194200 0.369722 0.576539
v 0.233180 0.369722 0.587975
v 0.233907 0.372535 0.587464
v 0.236239 0.369722 0.582257
v 0.236239 0.372535 0.582257
v 0.233180 0.372535 0.576539
v 0.233907 0.369722 0.577050
v 0.175469 0.372535 0.585198
v 0.176381 0.369721 0.586600
v 0.175469 0.369722 0.579317
v 0.176381 0.372535 0.577914
v 0.186075 0.369722 0.577914
v 0.186987 0.369722 0.585197
v 0.186987 0.372535 0.579317
v 0.168956 0.369722 0.582257
v 0.168956 0.372535 0.582257
v 0.166624 0.369722 0.577050
v 0.165897 0.372535 0.576539
v 0.180269 0.328245 0.602988
v 0.180269 0.328245 0.605802
v 0.164700 0.356825 0.602988
v 0.164700 0.356825 0.605802
v 0.164700 0.341155 0.602988
v 0.164700 0.341155 0.605802
v 0.184730 0.365562 0.602988
v 0.189191 0.363614 0.605802
v 0.189190 0.334367 0.602988
v 0.189190 0.334278 0.605802
v 0.191762 0.344148 0.602988
v 0.191762 0.344148 0.605802
v 0.195398 0.341155 0.602988
v 0.195398 0.341155 0.605802
v 0.186632 0.344148 0.605802
v 0.186632 0.344148 0.602988
v 0.190373 0.348990 0.602988
v 0.190373 0.348990 0.605802
v 0.191762 0.353833 0.602988
v 0.191762 0.353833 0.605802
v 0.195398 0.356825 0.602988
v 0.195398 0.356825 0.605802
v 0.231983 0.341155 0.605802
v 0.235618 0.353833 0.602988
v 0.235618 0.353833 0.605802
v 0.175824 0.344148 0.602988
v 0.175824 0.344148 0.605802
v 0.174548 0.348990 0.602988
v 0.174548 0.348990 0.605802
v 0.177459 0.355971 0.602988
v 0.179164 0.356825 0.605802
v 0.183292 0.356825 0.602988
v 0.184997 0.355971 0.605802
v 0.175824 0.353833 0.605802
v 0.183292 0.341155 0.602988
v 0.183292 0.341155 0.605802
v 0.186632 0.353833 0.602988
v 0.179164 0.341155 0.602988
v 0.179164 0.341155 0.605802
v 0.187908 0.348990 0.602988
v 0.187908 0.348990 0.605802
v 0.168335 0.353833 0.605802
v 0.168335 0.353833 0.602988
v 0.180269 0.367880 0.605802
v 0.055175 0.372536 0.561512
v 0.112094 0.372536 0.575230
v 0.112094 0.369722 0.575230
v 0.112094 0.369722 0.589284
v 0.112094 0.372536 0.589284
v 0.115796 0.372536 0.575230
v 0.115796 0.369722 0.575230
v 0.115796 0.369722 0.589284
v 0.115796 0.372536 0.589284
v 0.126602 0.372536 0.587635
v 0.125202 0.369722 0.586123
v 0.128718 0.369722 0.588513
v 0.118792 0.372536 0.586600
v 0.123859 0.372536 0.582257
v 0.123859 0.369722 0.582257
v 0.126190 0.372536 0.577050
v 0.126917 0.369722 0.576539
v 0.166213 0.369722 0.587635
v 0.167613 0.372535 0.586123
v 0.164097 0.372535 0.588513
v 0.108186 0.372536 0.585197
v 0.109098 0.369722 0.586600
v 0.108186 0.369722 0.579317
v 0.109098 0.372536 0.577914
v 0.118792 0.369722 0.577914
v 0.119704 0.369722 0.585197
v 0.119704 0.372536 0.579317
v 0.099341 0.372536 0.587464
v 0.099341 0.369722 0.577050
v 0.035973 0.328245 0.605802
v 0.112986 0.328245 0.602988
v 0.097417 0.356825 0.602988
v 0.097417 0.356825 0.605802
v 0.097417 0.341155 0.605802
v 0.097417 0.341155 0.602988
v 0.121907 0.363614 0.605802
v 0.117447 0.365562 0.602988
v 0.121907 0.334367 0.602988
v 0.121907 0.334278 0.605802
v 0.124479 0.344148 0.602988
v 0.124479 0.344148 0.605802
v 0.128115 0.341155 0.602988
v 0.128115 0.341155 0.605802
v 0.119349 0.344148 0.605802
v 0.119349 0.344148 0.602988
v 0.123090 0.348990 0.602988
v 0.123090 0.348990 0.605802
v 0.124479 0.353833 0.602988
v 0.124479 0.353833 0.605802
v 0.128115 0.356825 0.602988
v 0.128115 0.356825 0.605802
v 0.168335 0.344148 0.602988
v 0.168335 0.344148 0.605802
v 0.169724 0.348990 0.602988
v 0.169724 0.348990 0.605802
v 0.107485 0.346204 0.602988
v 0.108541 0.344148 0.605802
v 0.107265 0.348990 0.605802
v 0.111881 0.356825 0.602988
v 0.110176 0.355971 0.605802
v 0.116009 0.356825 0.602988
v 0.116009 0.356825 0.605802
v 0.108541 0.353833 0.602988
v 0.116009 0.341155 0.602988
v 0.116009 0.341155 0.605802
v 0.119349 0.353833 0.605802
v 0.119349 0.353833 0.602988
v 0.111881 0.341155 0.602988
v 0.111881 0.341155 0.605802
v 0.120625 0.348990 0.602988
v 0.120625 0.348990 0.605802
v 0.102441 0.348990 0.605802
v 0.102441 0.348990 0.602988
v 0.101052 0.344148 0.605802
v 0.101052 0.344148 0.602988
v 0.101052 0.353833 0.605802
v 0.101052 0.353833 0.602988
v 0.112986 0.367880 0.605802
v 0.044811 0.372535 0.575230
v 0.046662 0.369721 0.574782
v 0.044811 0.369721 0.589284
v 0.044811 0.372535 0.589284
v 0.048513 0.369721 0.589284
v 0.050042 0.372535 0.588517
v 0.059634 0.372536 0.587975
v 0.058907 0.369721 0.587464
v 0.051509 0.369721 0.586600
v 0.056576 0.372536 0.582257
v 0.056576 0.369721 0.582257
v 0.058907 0.372536 0.577050
v 0.059634 0.369721 0.576539
v 0.098614 0.369721 0.587975
v 0.101673 0.369722 0.582257
v 0.101463 0.372536 0.580241
v 0.096814 0.372536 0.576001
v 0.040903 0.372535 0.585197
v 0.041815 0.369721 0.586600
v 0.040903 0.369721 0.579317
v 0.048513 0.372535 0.575230
v 0.041815 0.372535 0.577914
v 0.052421 0.369721 0.579317
v 0.052673 0.372536 0.580182
v 0.034390 0.369721 0.582257
v 0.034390 0.372535 0.582257
v 0.032058 0.372535 0.587464
v 0.045703 0.328245 0.602988
v 0.030134 0.356825 0.602988
v 0.030134 0.356825 0.605802
v 0.030134 0.341155 0.602988
v 0.054624 0.363614 0.605802
v 0.050163 0.365562 0.602988
v 0.054624 0.334367 0.602988
v 0.057196 0.344148 0.602988
v 0.057196 0.344148 0.605802
v 0.060832 0.341155 0.602988
v 0.060832 0.341155 0.605802
v 0.052066 0.344148 0.605802
v 0.052066 0.344148 0.602988
v 0.055807 0.348990 0.602988
v 0.055807 0.348990 0.605802
v 0.057196 0.353833 0.602988
v 0.057196 0.353833 0.605802
v 0.060832 0.356825 0.602988
v 0.060832 0.356825 0.605802
v 0.041258 0.344148 0.602988
v 0.041258 0.344148 0.605802
v 0.039982 0.348990 0.602988
v 0.039982 0.348990 0.605802
v 0.044598 0.356825 0.602988
v 0.044598 0.356825 0.605802
v 0.048726 0.356825 0.602988
v 0.048726 0.356825 0.605802
v 0.041258 0.353833 0.602988
v 0.041258 0.353833 0.605802
v 0.048726 0.341155 0.602988
v 0.048726 0.341155 0.605802
v 0.052066 0.353833 0.605802
v 0.052066 0.353833 0.602988
v 0.044598 0.341155 0.602988
v 0.044598 0.341155 0.605802
v 0.053342 0.348990 0.602988
v 0.053342 0.348990 0.605802
v 0.035158 0.348990 0.605802
v 0.035158 0.348990 0.602988
v 0.033769 0.344148 0.605802
v 0.033769 0.344148 0.602988
v 0.033769 0.353833 0.605802
v 0.033769 0.353833 0.602988
v 0.045703 0.367880 0.605802
v -0.102126 0.372535 0.561512
v -0.022472 0.372535 0.575230
v -0.022472 0.369721 0.575230
v -0.022472 0.369721 0.589284
v -0.022472 0.372535 0.589284
v -0.018770 0.372535 0.575230
v -0.018770 0.369721 0.575230
v -0.018770 0.369721 0.589284
v -0.018770 0.372535 0.589284
v -0.007649 0.372535 0.587975
v -0.008376 0.369721 0.587464
v -0.015774 0.372535 0.586600
v -0.010707 0.372535 0.582257
v -0.010707 0.369721 0.582257
v -0.008376 0.372535 0.577050
v -0.007649 0.369721 0.576539
v 0.031331 0.369721 0.587975
v 0.031331 0.372535 0.576539
v 0.032058 0.369721 0.577050
v -0.026380 0.372535 0.585197
v -0.025468 0.369721 0.586600
v -0.026380 0.369721 0.579317
v -0.025468 0.372535 0.577914
v -0.015774 0.369721 0.577914
v -0.014862 0.369721 0.585197
v -0.014862 0.372535 0.579317
v -0.035225 0.372535 0.587464
v -0.032176 0.328245 0.605802
v -0.021581 0.328245 0.602988
v -0.037149 0.356825 0.602988
v -0.037149 0.356825 0.605802
v -0.037149 0.341155 0.602988
v -0.012659 0.363614 0.605802
v -0.017120 0.365562 0.602988
v -0.012659 0.334367 0.602988
v -0.010087 0.344148 0.602988
v -0.010087 0.344148 0.605802
v -0.006451 0.341155 0.602988
v -0.006451 0.341155 0.605802
v -0.015217 0.344148 0.605802
v -0.015217 0.344148 0.602988
v -0.011476 0.348990 0.602988
v -0.011476 0.348990 0.605802
v -0.010087 0.353833 0.602988
v -0.010087 0.353833 0.605802
v -0.006451 0.356825 0.602988
v -0.006451 0.356825 0.605802
v 0.030134 0.341155 0.605802
v -0.024390 0.342010 0.602988
v -0.026025 0.344148 0.605802
v -0.027301 0.348990 0.602988
v -0.027081 0.351777 0.605802
v -0.022685 0.356825 0.602988
v -0.022685 0.356825 0.605802
v -0.018557 0.356825 0.602988
v -0.018557 0.356825 0.605802
v -0.026025 0.353833 0.602988
v -0.018557 0.341155 0.602988
v -0.018557 0.341155 0.605802
v -0.015217 0.353833 0.605802
v -0.015217 0.353833 0.602988
v -0.022685 0.341155 0.605802
v -0.013941 0.348990 0.602988
v -0.013941 0.348990 0.605802
v -0.033514 0.344148 0.605802
v -0.033514 0.344148 0.602988
v -0.021581 0.367880 0.605802
v -0.089755 0.372535 0.575230
v -0.089755 0.369721 0.575230
v -0.089755 0.369721 0.589284
v -0.089755 0.372535 0.589284
v -0.086053 0.372535 0.575230
v -0.086053 0.369721 0.575230
v -0.086053 0.369721 0.589284
v -0.086053 0.372535 0.589284
v -0.076647 0.372535 0.586123
v -0.075247 0.369721 0.587635
v -0.073131 0.372535 0.588513
v -0.083057 0.372535 0.586600
v -0.077781 0.372535 0.580241
v -0.077990 0.369721 0.582257
v -0.074932 0.369721 0.576539
v -0.073131 0.372535 0.576002
v -0.035952 0.369721 0.587975
v -0.032894 0.369721 0.582257
v -0.032894 0.372535 0.582257
v -0.035952 0.372535 0.576539
v -0.035225 0.369721 0.577050
v -0.093663 0.372535 0.585197
v -0.092751 0.369721 0.586600
v -0.093663 0.369721 0.579317
v -0.092751 0.372535 0.577914
v -0.083057 0.369721 0.577914
v -0.082145 0.369721 0.585197
v -0.082145 0.372535 0.579317
v -0.124728 0.328245 0.602988
v -0.182631 0.328245 0.605802
v -0.104432 0.356825 0.602988
v -0.104432 0.356825 0.605802
v -0.104432 0.341155 0.602988
v -0.104432 0.341155 0.605802
v -0.079942 0.363614 0.605802
v -0.084403 0.365562 0.602988
v -0.079942 0.334367 0.602988
v -0.079942 0.334278 0.605802
v -0.077370 0.344148 0.602988
v -0.077370 0.344148 0.605802
v -0.073734 0.341155 0.602988
v -0.073734 0.341155 0.605802
v -0.082500 0.344148 0.605802
v -0.082500 0.344148 0.602988
v -0.078759 0.348990 0.602988
v -0.078759 0.348990 0.605802
v -0.077370 0.353833 0.602988
v -0.077370 0.353833 0.605802
v -0.073734 0.356825 0.602988
v -0.073734 0.356825 0.605802
v -0.037149 0.341155 0.605802
v -0.032125 0.348990 0.602988
v -0.032125 0.348990 0.605802
v -0.033514 0.353833 0.602988
v -0.033514 0.353833 0.605802
v -0.093308 0.344148 0.602988
v -0.093308 0.344148 0.605802
v -0.094584 0.348990 0.602988
v -0.094584 0.348990 0.605802
v -0.089968 0.356825 0.602988
v -0.089968 0.356825 0.605802
v -0.085840 0.356825 0.602988
v -0.085840 0.356825 0.605802
v -0.093308 0.353832 0.602988
v -0.093308 0.353832 0.605802
v -0.085840 0.341155 0.602988
v -0.085840 0.341155 0.605802
v -0.082500 0.353833 0.605802
v -0.082500 0.353833 0.602988
v -0.089968 0.341155 0.602988
v -0.089968 0.341155 0.605802
v -0.081224 0.348990 0.602988
v -0.081224 0.348990 0.605802
v -0.099408 0.348990 0.605802
v -0.099408 0.348990 0.602988
v -0.100797 0.353833 0.605802
v -0.100797 0.353833 0.602988
v -0.088864 0.367880 0.605802
v -0.153336 0.372535 0.575230
v -0.153336 0.369721 0.575230
v -0.153336 0.369721 0.589284
v -0.153336 0.372535 0.589284
v -0.142530 0.372535 0.587635
v -0.143930 0.369721 0.586123
v -0.140414 0.369721 0.588513
v -0.150340 0.372535 0.586600
v -0.145273 0.372535 0.582257
v -0.145273 0.369721 0.582257
v -0.142942 0.372535 0.577050
v -0.142215 0.369721 0.576539
v -0.102920 0.369721 0.587635
v -0.101519 0.372535 0.586123
v -0.105035 0.372535 0.588513
v -0.100177 0.369721 0.582257
v -0.100177 0.372535 0.582257
v -0.103235 0.372535 0.576539
v -0.102508 0.369721 0.577050
v -0.160946 0.372535 0.585197
v -0.160034 0.369721 0.586600
v -0.157039 0.372535 0.575230
v -0.157039 0.369721 0.575230
v -0.160034 0.372535 0.577914
v -0.150340 0.369721 0.577914
v -0.157039 0.372535 0.589284
v -0.157039 0.369721 0.589284
v -0.149428 0.369721 0.585197
v -0.149428 0.372535 0.579317
v -0.147225 0.363614 0.605802
v -0.147225 0.363614 0.602988
v -0.147225 0.334367 0.602988
v -0.147225 0.334278 0.605802
v -0.144653 0.344148 0.602988
v -0.144653 0.344148 0.605802
v -0.141017 0.341155 0.602988
v -0.141017 0.341155 0.605802
v -0.149783 0.344148 0.605802
v -0.149783 0.344148 0.602988
v -0.146042 0.348990 0.602988
v -0.146042 0.348990 0.605802
v -0.144653 0.353833 0.602988
v -0.144653 0.353833 0.605802
v -0.141017 0.356825 0.602988
v -0.141017 0.356825 0.605802
v -0.100797 0.344148 0.602988
v -0.100797 0.344148 0.605802
v -0.160591 0.344148 0.602988
v -0.161647 0.346204 0.605802
v -0.157251 0.356825 0.602988
v -0.157251 0.356825 0.605802
v -0.153123 0.356825 0.602988
v -0.153123 0.356825 0.605802
v -0.160591 0.353833 0.605802
v -0.153123 0.341155 0.602988
v -0.153123 0.341155 0.605802
v -0.149783 0.353833 0.605802
v -0.149783 0.353833 0.602988
v -0.157251 0.341155 0.602988
v -0.157251 0.341155 0.605802
v -0.148507 0.348990 0.602988
v -0.148507 0.348990 0.605802
v 0.381808 0.368460 0.602808
v 0.381808 0.350201 0.605802
s 1
f 18 8 4
f 15 21 16
f 1 10 2
f 14 24 23
f 12 8 9
f 16 25 11
f 12 24 13
f 7 14 15
f 9 11 12
f 10 19 18
f 4 10 18
f 2 17 3
f 18 19 5
f 17 10 4
f 10 1 19
f 6 11 5
f 14 20 15
f 6 15 16
f 8 14 3
f 11 22 12
f 20 25 21
f 20 24 22
f 23 24 20
f 20 22 25
f 2 6 1
f 29 33 30
f 47 39 40
f 48 35 36
f 38 29 28
f 33 37 36
f 45 38 39
f 50 36 37
f 33 35 31
f 35 26 31
f 44 30 31
f 30 43 29
f 34 42 43
f 27 41 26
f 42 27 28
f 43 30 34
f 34 44 41
f 34 30 44
f 29 42 28
f 26 44 31
f 41 27 34
f 34 27 42
f 49 37 38
f 40 32 26
f 46 40 35
f 38 32 39
f 45 48 50
f 45 47 46
f 46 48 45
f 261 256 255
f 45 50 49
f 26 32 27
f 54 58 55
f 72 64 65
f 73 60 61
f 63 54 53
f 58 62 61
f 70 63 64
f 75 61 62
f 58 60 56
f 60 51 56
f 69 55 56
f 55 68 54
f 59 67 68
f 52 66 51
f 67 52 53
f 68 55 59
f 59 69 66
f 59 55 69
f 54 67 53
f 51 69 56
f 66 52 59
f 59 52 67
f 74 62 63
f 65 57 51
f 71 65 60
f 63 57 64
f 70 73 75
f 70 72 71
f 71 73 70
f 70 75 74
f 51 57 52
f 93 83 79
f 90 96 91
f 76 85 77
f 88 98 89
f 87 83 84
f 91 100 86
f 87 99 88
f 82 89 90
f 84 86 87
f 85 94 93
f 79 85 93
f 77 92 78
f 93 94 80
f 92 85 79
f 85 76 94
f 81 86 80
f 89 95 90
f 81 90 91
f 83 89 78
f 86 97 87
f 95 100 96
f 95 99 97
f 98 99 95
f 95 97 100
f 77 81 76
f 108 118 104
f 107 103 102
f 116 120 115
f 109 105 118
f 110 101 102
f 123 113 114
f 108 112 109
f 125 116 111
f 113 122 112
f 107 114 103
f 109 111 105
f 110 118 119
f 104 118 110
f 117 102 103
f 119 118 105
f 110 117 104
f 117 110 102
f 119 101 110
f 111 106 105
f 120 114 115
f 106 115 107
f 114 108 103
f 122 111 112
f 121 125 120
f 120 122 124
f 120 124 123
f 120 125 122
f 106 102 101
f 143 133 129
f 140 146 141
f 126 135 127
f 138 148 139
f 137 133 134
f 141 150 136
f 137 149 138
f 132 139 140
f 134 136 137
f 135 144 143
f 129 135 143
f 127 142 128
f 143 144 130
f 142 135 129
f 135 126 144
f 131 136 130
f 140 148 145
f 131 140 141
f 133 139 128
f 136 147 137
f 145 150 146
f 145 149 147
f 148 149 145
f 207 206 201
f 145 147 150
f 127 131 126
f 161 174 162
f 155 158 154
f 157 164 165
f 158 163 153
f 155 160 161
f 164 171 165
f 161 158 155
f 157 160 156
f 152 163 164
f 159 169 168
f 154 168 155
f 159 154 167
f 151 159 166
f 159 167 166
f 154 159 168
f 159 151 169
f 152 167 153
f 155 169 156
f 151 166 152
f 162 173 163
f 163 172 164
f 165 170 160
f 160 175 161
f 174 175 170
f 172 170 171
f 170 172 173
f 170 173 174
f 183 193 179
f 182 178 177
f 196 190 191
f 184 180 193
f 185 176 177
f 198 188 189
f 183 187 184
f 200 191 186
f 199 187 188
f 182 189 178
f 184 186 180
f 185 193 194
f 179 193 185
f 192 177 178
f 194 193 180
f 185 192 179
f 192 185 177
f 194 176 185
f 186 181 180
f 195 189 190
f 181 190 182
f 189 183 178
f 197 186 187
f 196 200 195
f 195 197 199
f 195 199 198
f 152 157 151
f 195 200 197
f 181 177 176
f 215 227 216
f 207 202 208
f 208 203 209
f 203 210 209
f 207 214 212
f 211 206 212
f 205 210 204
f 210 217 209
f 201 222 213
f 211 214 215
f 219 224 214
f 207 218 219
f 215 210 211
f 208 217 218
f 213 222 221
f 213 221 220
f 201 220 202
f 204 220 221
f 205 222 206
f 216 226 217
f 217 225 218
f 218 223 219
f 214 228 215
f 227 228 223
f 223 225 226
f 223 228 224
f 223 226 227
f 237 233 232
f 236 231 230
f 250 244 245
f 238 234 233
f 239 229 230
f 252 242 243
f 237 241 238
f 254 245 240
f 253 241 242
f 236 243 231
f 238 240 234
f 239 247 248
f 246 230 231
f 248 233 234
f 239 246 247
f 247 232 233
f 246 239 230
f 248 247 233
f 240 235 234
f 249 243 244
f 235 244 236
f 243 237 231
f 251 240 241
f 250 254 249
f 249 251 253
f 249 253 252
f 249 254 251
f 235 230 229
f 279 266 278
f 261 268 256
f 267 262 257
f 259 264 260
f 268 275 276
f 265 262 266
f 264 261 260
f 256 267 257
f 263 272 273
f 272 258 259
f 263 271 258
f 255 270 263
f 263 270 271
f 258 272 263
f 263 273 255
f 271 256 257
f 258 271 257
f 273 259 260
f 255 273 260
f 270 255 256
f 277 266 267
f 276 267 268
f 274 269 264
f 279 264 265
f 274 279 278
f 274 276 275
f 274 277 276
f 274 278 277
f 290 303 291
f 293 301 294
f 286 293 294
f 280 295 281
f 287 292 282
f 284 289 290
f 290 287 284
f 286 289 285
f 281 292 293
f 288 298 297
f 283 297 284
f 288 283 296
f 280 288 295
f 288 296 295
f 288 280 298
f 281 296 282
f 303 304 299
f 284 298 285
f 283 288 297
f 291 302 292
f 292 299 293
f 294 300 289
f 289 304 290
f 299 300 301
f 284 287 283
f 299 304 300
f 299 302 303
f 313 309 308
f 312 307 306
f 327 320 321
f 314 310 309
f 322 305 306
f 319 330 318
f 313 317 314
f 331 321 316
f 330 317 318
f 312 319 307
f 314 316 310
f 315 324 325
f 315 322 323
f 323 306 307
f 325 309 310
f 315 323 324
f 324 308 309
f 323 322 306
f 325 324 309
f 316 311 310
f 320 329 319
f 311 320 312
f 319 313 307
f 328 316 317
f 327 331 326
f 326 328 330
f 326 330 329
f 326 331 328
f 311 306 305
f 335 342 341
f 337 342 336
f 334 341 340
f 348 355 349
f 344 356 345
f 333 350 343
f 341 347 340
f 342 346 341
f 347 353 348
f 345 358 346
f 342 344 345
f 338 344 337
f 336 352 337
f 343 350 352
f 351 343 352
f 335 343 351
f 352 350 332
f 346 357 347
f 333 343 334
f 339 349 338
f 349 354 344
f 347 339 340
f 353 358 356
f 353 354 355
f 353 356 354
f 390 385 384
f 353 357 358
f 332 339 338
f 369 382 370
f 363 366 362
f 365 372 373
f 366 371 361
f 363 368 369
f 372 379 373
f 369 366 363
f 365 368 364
f 360 371 372
f 367 377 376
f 362 376 363
f 367 362 375
f 359 367 374
f 367 375 374
f 362 367 376
f 367 359 377
f 360 375 361
f 363 377 364
f 359 374 360
f 370 381 371
f 371 380 372
f 373 378 368
f 368 383 369
f 382 383 378
f 380 378 379
f 378 380 381
f 378 381 382
f 408 395 407
f 390 397 385
f 396 391 386
f 388 393 389
f 397 404 405
f 394 391 395
f 393 390 389
f 385 396 386
f 392 401 402
f 401 387 388
f 392 400 387
f 384 399 392
f 392 399 400
f 387 401 392
f 392 402 384
f 400 385 386
f 387 400 386
f 402 388 389
f 384 402 389
f 399 384 385
f 406 395 396
f 405 396 397
f 403 398 393
f 408 393 394
f 403 408 407
f 403 405 404
f 360 365 359
f 403 406 405
f 403 407 406
f 281 286 280
f 334 339 333
f 434 424 441
f 422 426 431
f 437 419 435
f 447 424 423
f 443 422 432
f 429 435 425
f 417 425 418
f 426 441 431
f 444 438 428
f 446 420 438
f 447 432 440
f 421 428 417
f 417 422 421
f 419 423 424
f 426 418 427
f 418 425 427
f 432 422 433
f 422 431 433
f 438 420 439
f 420 437 439
f 447 423 448
f 423 446 448
f 426 436 434
f 427 435 436
f 438 430 428
f 439 429 430
f 440 433 442
f 433 441 442
f 443 448 445
f 448 444 445
f 466 456 473
f 450 463 454
f 469 451 467
f 479 456 455
f 475 454 464
f 461 467 457
f 450 461 457
f 458 473 463
f 476 470 460
f 478 452 470
f 479 464 472
f 449 476 460
f 449 454 453
f 452 456 451
f 458 450 459
f 450 457 459
f 464 454 465
f 454 463 465
f 470 452 471
f 452 469 471
f 479 455 480
f 455 478 480
f 458 468 466
f 459 467 468
f 470 462 460
f 471 461 462
f 472 465 474
f 474 463 473
f 475 480 477
f 477 478 476
f 497 414 409
f 415 487 411
f 493 414 491
f 503 409 410
f 499 411 488
f 485 491 481
f 415 485 481
f 482 497 487
f 500 494 484
f 502 413 494
f 503 488 496
f 412 484 416
f 412 415 411
f 414 410 409
f 482 415 483
f 415 481 483
f 488 411 489
f 411 487 489
f 494 413 495
f 413 493 495
f 503 410 504
f 410 502 504
f 482 492 490
f 483 491 492
f 494 486 484
f 495 485 486
f 496 489 498
f 489 497 498
f 499 504 501
f 501 502 500
f 541 536 535
f 542 538 537
f 542 544 538
f 511 514 512
f 545 537 539
f 510 513 509
f 530 534 531
f 549 548 546
f 532 535 536
f 539 537 538
f 550 540 541
f 531 549 530
f 543 509 544
f 567 584 583
f 562 569 568
f 568 571 570
f 570 573 572
f 523 520 521
f 574 565 564
f 519 524 525
f 575 576 577
f 578 581 580
f 525 522 523
f 583 587 586
f 564 563 562
f 580 588 585
f 585 588 567
f 586 576 575
f 577 579 578
f 521 517 574
f 572 518 519
f 602 598 597
f 603 600 599
f 605 606 604
f 609 551 607
f 607 599 600
f 591 596 592
f 609 610 551
f 615 614 612
f 594 597 598
f 595 616 596
f 616 595 601
f 601 602 616
f 593 612 613
f 592 615 591
f 608 607 551
f 605 611 606
f 617 552 553
f 632 652 651
f 627 634 633
f 633 636 635
f 635 638 637
f 639 589 590
f 557 630 629
f 554 642 641
f 643 644 645
f 646 649 648
f 641 640 639
f 651 655 654
f 629 628 627
f 648 656 653
f 653 656 632
f 654 644 643
f 645 647 646
f 590 556 557
f 637 555 554
f 674 672 671
f 676 677 675
f 680 679 678
f 678 671 672
f 682 684 683
f 688 668 689
f 684 681 680
f 690 687 685
f 691 669 670
f 692 667 673
f 689 690 688
f 676 683 677
f 1192 618 617
f 707 725 724
f 702 709 708
f 708 711 710
f 710 713 712
f 658 715 714
f 621 705 704
f 619 659 660
f 716 717 718
f 719 722 721
f 660 657 658
f 724 696 697
f 704 703 702
f 721 727 726
f 726 727 707
f 697 717 716
f 718 720 719
f 714 622 621
f 712 620 619
f 662 506 505
f 553 515 516
f 505 507 508
f 516 527 526
f 508 529 527
f 508 507 528
f 758 741 740
f 744 743 742
f 746 745 744
f 753 750 749
f 751 742 743
f 738 732 731
f 753 736 750
f 731 756 754
f 733 740 741
f 739 757 758
f 741 758 757
f 752 749 750
f 748 737 747
f 763 762 761
f 808 803 802
f 777 783 782
f 782 785 784
f 784 787 786
f 790 789 788
f 769 780 779
f 771 793 792
f 794 795 796
f 797 800 799
f 792 791 790
f 802 807 806
f 779 778 777
f 799 804 805
f 805 804 808
f 806 795 794
f 796 798 797
f 788 770 769
f 786 772 771
f 838 821 820
f 825 823 822
f 825 827 823
f 759 829 828
f 828 822 824
f 834 833 832
f 815 819 816
f 832 820 821
f 824 822 823
f 818 837 819
f 837 836 838
f 821 838 836
f 817 832 833
f 826 831 827
f 876 871 870
f 849 855 854
f 854 857 856
f 856 859 858
f 860 809 810
f 768 852 851
f 765 811 812
f 862 863 864
f 865 868 867
f 812 861 860
f 870 875 874
f 851 850 849
f 867 872 873
f 873 872 876
f 874 863 862
f 864 866 865
f 810 767 768
f 858 766 765
f 909 889 888
f 892 891 890
f 894 893 892
f 899 898 897
f 897 890 891
f 901 903 902
f 886 883 882
f 903 900 899
f 907 906 904
f 885 888 889
f 887 908 909
f 889 909 908
f 884 904 905
f 883 907 882
f 896 902 895
f 914 839 840
f 951 946 945
f 924 930 929
f 929 932 931
f 931 934 933
f 877 879 880
f 844 927 926
f 842 936 935
f 937 938 939
f 940 943 942
f 935 878 877
f 945 950 949
f 926 925 924
f 942 947 948
f 948 947 951
f 949 938 937
f 939 941 940
f 880 843 844
f 933 841 842
f 979 962 961
f 965 964 963
f 967 966 965
f 910 971 970
f 970 963 964
f 913 912 972
f 955 960 956
f 912 911 910
f 976 975 973
f 958 961 962
f 959 978 960
f 978 977 979
f 962 979 977
f 957 973 974
f 956 976 955
f 969 972 968
f 1022 1017 1016
f 993 999 998
f 998 1001 1000
f 1000 1003 1002
f 1006 1005 1004
f 918 996 995
f 916 952 953
f 1008 1009 1010
f 1011 1014 1013
f 953 1007 1006
f 1016 1021 1020
f 995 994 993
f 1013 1018 1019
f 1019 1018 1022
f 1020 1009 1008
f 1010 1012 1011
f 1004 919 918
f 916 1003 917
f 1042 1041 1038
f 1044 1043 1042
f 1046 1045 980
f 980 1040 1039
f 982 981 1048
f 1051 1050 1049
f 1034 1031 1030
f 981 1047 1046
f 1051 1052 1050
f 1037 1032 1036
f 1039 1040 1038
f 1054 1053 1055
f 1032 1049 1050
f 1052 1030 1031
f 1044 1048 1043
f 1059 983 984
f 1094 1089 1088
f 1069 1075 1074
f 1074 1077 1076
f 1076 1079 1078
f 1024 1025 1026
f 988 1072 1071
f 985 1027 1028
f 1080 1081 1082
f 1083 1086 1085
f 1028 1023 1024
f 1088 1093 1092
f 1071 1070 1069
f 1085 1090 1091
f 1091 1090 1094
f 1092 1081 1080
f 1082 1084 1083
f 1026 987 988
f 1078 986 985
f 1125 1108 1107
f 1112 1110 1109
f 1112 1114 1110
f 1113 1115 1114
f 1056 1116 1058
f 1058 1109 1111
f 1106 1103 1102
f 1118 1057 1056
f 1122 1121 1119
f 1105 1107 1108
f 1111 1109 1110
f 1106 1124 1103
f 1124 1123 1125
f 1108 1125 1123
f 1104 1119 1120
f 1121 1102 1103
f 1117 1115 1113
f 1143 1142 1144
f 1143 1146 1145
f 1096 1097 1098
f 1064 1140 1139
f 1061 1099 1100
f 1147 1148 1149
f 1150 1153 1152
f 1100 1095 1096
f 1159 1156 1160
f 1139 1138 1137
f 1152 1157 1158
f 1158 1157 1161
f 1161 1141 1155
f 1147 1160 1148
f 1149 1151 1150
f 1098 1063 1064
f 1145 1062 1061
f 1191 1172 1171
f 1176 1174 1173
f 1178 1179 1177
f 1181 1182 1126
f 1175 1180 1173
f 1187 1186 1185
f 1165 1170 1166
f 1184 1182 1181
f 1168 1171 1172
f 1175 1173 1174
f 1169 1190 1170
f 1190 1189 1191
f 1172 1191 1189
f 1167 1185 1186
f 1166 1187 1165
f 1180 1126 1182
f 1183 1179 1178
f 618 1127 1128
f 1230 1225 1224
f 1201 1207 1206
f 1206 1209 1208
f 1208 1211 1210
f 1212 1162 1163
f 1132 1204 1203
f 1129 1215 1214
f 1216 1217 1218
f 1219 1222 1221
f 1214 1213 1212
f 1224 1229 1228
f 1203 1202 1201
f 1221 1226 1227
f 1227 1226 1230
f 1228 1217 1216
f 1218 1220 1219
f 1163 1131 1132
f 1210 1130 1129
f 1260 1239 1238
f 1242 1241 1240
f 1244 1245 1243
f 1249 1247 1246
f 1246 1240 1241
f 1252 1251 1250
f 1254 1237 1255
f 1249 1252 1247
f 1256 693 1253
f 665 1238 1239
f 1236 1258 1237
f 1258 1257 1260
f 1239 1260 1257
f 1255 1256 1254
f 1248 1246 1247
f 1250 1245 1244
f 1288 1283 1282
f 1264 1270 1269
f 1272 1271 1273
f 1232 1275 1274
f 1195 1267 1266
f 1193 1233 1234
f 1276 1277 1278
f 695 1280 1279
f 1234 1231 1232
f 1282 1287 1286
f 1266 1265 1264
f 1279 1284 1285
f 1285 1284 1288
f 1286 1277 1276
f 1278 694 695
f 1274 1196 1195
f 1272 1194 1193
f 840 764 763
f 914 983 915
f 1128 1060 1059
f 729 662 730
f 729 734 735
f 761 1289 813
f 814 813 1289
f 735 734 814
f 506 534 509
f 533 505 510
f 539 541 535
f 506 531 534
f 550 544 534
f 540 542 537
f 533 510 543
f 545 535 507
f 512 536 537
f 511 545 507
f 610 530 549
f 532 551 546
f 548 607 547
f 548 611 609
f 546 610 549
f 516 560 553
f 515 561 517
f 586 560 583
f 587 561 556
f 562 560 564
f 561 563 565
f 580 585 558
f 570 558 585
f 559 571 588
f 568 567 562
f 566 569 563
f 559 518 573
f 574 560 516
f 517 561 565
f 516 521 574
f 558 578 580
f 559 579 555
f 577 554 641
f 555 582 642
f 575 557 586
f 556 576 587
f 577 590 575
f 577 641 639
f 576 642 582
f 526 558 519
f 559 527 518
f 506 596 531
f 595 505 530
f 600 602 597
f 506 592 596
f 616 602 604
f 616 606 596
f 604 602 600
f 601 603 599
f 596 611 531
f 595 610 605
f 607 597 547
f 608 598 599
f 608 551 532
f 682 591 615
f 594 679 612
f 614 678 613
f 614 684 680
f 612 682 615
f 553 625 617
f 552 626 556
f 654 625 651
f 655 626 622
f 508 598 532
f 627 625 629
f 626 628 630
f 648 653 624
f 635 624 653
f 623 636 656
f 633 632 627
f 631 634 628
f 623 555 638
f 556 626 630
f 624 646 648
f 623 647 620
f 645 619 660
f 620 650 659
f 643 621 654
f 622 644 655
f 645 714 643
f 645 660 658
f 644 659 650
f 558 624 554
f 623 559 555
f 728 694 699
f 691 670 666
f 506 668 592
f 667 505 591
f 661 664 668
f 692 669 675
f 675 669 672
f 673 674 671
f 668 683 592
f 667 682 676
f 678 669 593
f 679 670 671
f 667 688 663
f 687 689 664
f 691 1259 685
f 617 700 1192
f 618 701 622
f 697 700 724
f 507 669 735
f 508 670 594
f 702 700 704
f 701 703 705
f 721 726 699
f 710 699 726
f 698 711 727
f 708 707 702
f 706 709 703
f 698 620 713
f 622 701 705
f 699 719 721
f 698 720 695
f 735 528 507
f 624 699 619
f 698 623 620
f 521 516 526
f 515 520 527
f 527 520 522
f 527 522 524
f 527 524 518
f 506 513 507
f 505 514 510
f 731 729 738
f 741 757 744
f 748 757 738
f 739 758 745
f 744 757 746
f 739 745 747
f 737 739 747
f 741 752 735
f 740 751 743
f 732 759 756
f 754 829 760
f 828 756 759
f 830 754 760
f 776 762 764
f 775 761 769
f 776 807 803
f 775 806 768
f 778 776 781
f 775 777 808
f 735 733 741
f 755 734 740
f 804 800 773
f 781 804 783
f 785 773 787
f 774 784 786
f 805 808 782
f 783 804 785
f 805 782 784
f 803 781 776
f 808 802 775
f 771 774 786
f 775 769 779
f 798 773 800
f 797 774 765
f 801 766 798
f 765 796 797
f 795 767 809
f 768 794 810
f 795 809 861
f 810 796 860
f 811 795 861
f 764 767 776
f 768 763 775
f 841 881 845
f 838 824 823
f 815 729 818
f 821 836 825
f 826 836 818
f 837 838 823
f 825 836 826
f 837 823 827
f 830 818 731
f 831 819 827
f 821 829 733
f 820 828 824
f 831 759 732
f 816 903 835
f 897 817 833
f 834 898 900
f 897 835 899
f 901 834 900
f 848 764 839
f 847 763 768
f 848 875 871
f 847 874 844
f 820 734 755
f 850 848 853
f 847 849 876
f 735 832 821
f 817 734 820
f 872 868 845
f 853 872 855
f 857 845 859
f 846 856 858
f 873 876 854
f 855 872 857
f 873 854 856
f 871 853 848
f 876 870 847
f 765 846 858
f 847 768 851
f 866 845 868
f 865 846 842
f 869 841 866
f 842 864 865
f 863 843 879
f 844 862 880
f 863 879 878
f 880 864 877
f 936 863 878
f 839 843 848
f 844 840 847
f 881 1289 773
f 813 846 774
f 773 845 881
f 917 954 921
f 882 729 886
f 889 908 892
f 896 908 886
f 887 909 893
f 892 908 894
f 887 893 895
f 901 886 815
f 902 887 895
f 889 898 832
f 888 897 891
f 902 903 816
f 883 912 906
f 970 884 905
f 904 971 911
f 970 906 910
f 913 904 911
f 843 915 923
f 914 844 922
f 923 950 946
f 922 949 918
f 888 734 817
f 925 923 928
f 922 924 951
f 735 885 889
f 884 734 888
f 947 943 921
f 928 947 930
f 932 921 934
f 920 931 933
f 948 951 929
f 930 947 932
f 948 929 931
f 946 928 923
f 951 945 922
f 842 920 933
f 922 844 926
f 941 921 943
f 940 920 916
f 944 917 941
f 916 939 940
f 938 919 1005
f 918 937 1004
f 938 1005 1007
f 1004 939 1006
f 952 938 1007
f 915 919 923
f 918 914 922
f 813 920 846
f 881 921 954
f 986 1029 989
f 955 729 959
f 962 977 965
f 969 977 959
f 978 979 966
f 965 977 967
f 978 966 968
f 913 959 882
f 972 960 968
f 962 971 885
f 961 970 964
f 972 912 883
f 956 981 975
f 980 957 974
f 973 1045 1047
f 980 975 1046
f 982 973 1047
f 992 915 983
f 991 914 918
f 992 1021 1017
f 991 1020 988
f 961 734 884
f 994 992 997
f 991 993 1022
f 735 958 962
f 957 734 961
f 1018 1014 989
f 997 1018 999
f 1001 989 1003
f 990 1000 1002
f 1019 1022 998
f 999 1018 1001
f 1019 998 1000
f 1017 997 992
f 1022 1016 991
f 916 990 1002
f 991 918 995
f 1012 989 1014
f 1011 990 985
f 1015 986 1012
f 985 1010 1011
f 1009 987 1025
f 988 1008 1026
f 1009 1025 1023
f 1026 1010 1024
f 1027 1009 1023
f 983 987 992
f 988 984 991
f 920 813 990
f 954 989 1029
f 1062 1101 1065
f 1055 1040 1037
f 1030 729 1034
f 1044 1053 1034
f 1055 1053 1038
f 1035 1054 1041
f 1038 1053 1042
f 1035 1041 1043
f 982 1034 955
f 1048 1035 1043
f 1037 1045 958
f 1036 980 1039
f 1048 981 956
f 1031 1118 1052
f 1058 1032 1050
f 1051 1116 1057
f 1058 1050 1056
f 1117 1051 1057
f 1118 1050 1052
f 1068 983 1060
f 1067 984 988
f 1068 1093 1089
f 1067 1092 1064
f 1036 734 957
f 1070 1068 1073
f 1067 1069 1094
f 735 1033 1037
f 1032 734 1036
f 1090 1086 1065
f 1073 1090 1075
f 1077 1065 1079
f 1066 1076 1078
f 1091 1094 1074
f 1075 1090 1077
f 1091 1074 1076
f 1089 1073 1068
f 1094 1088 1067
f 985 1066 1078
f 1067 988 1071
f 1084 1065 1086
f 1083 1066 1061
f 1087 1062 1084
f 1061 1082 1083
f 1081 1063 1097
f 1064 1080 1098
f 1081 1097 1095
f 1098 1082 1096
f 1099 1081 1095
f 1060 1063 1068
f 1064 1059 1067
f 990 813 1066
f 1029 1065 1101
f 1130 1164 1133
f 1125 1111 1110
f 1102 729 1106
f 1108 1123 1112
f 1113 1123 1106
f 1115 1124 1114
f 1124 1125 1110
f 1112 1123 1113
f 1124 1110 1114
f 1117 1106 1030
f 1118 1103 1115
f 1108 1116 1033
f 1107 1058 1111
f 1103 1184 1121
f 1126 1104 1120
f 1126 1121 1181
f 1183 1119 1182
f 1136 1060 1127
f 1135 1059 1064
f 1136 1160 1156
f 1135 1159 1132
f 1107 734 1032
f 1138 1136 1141
f 1135 1137 1155
f 735 1105 1108
f 1104 734 1107
f 1157 1153 1133
f 1141 1157 1142
f 1144 1133 1146
f 1134 1143 1145
f 1158 1161 1137
f 1142 1157 1144
f 1158 1137 1143
f 1156 1141 1136
f 1061 1134 1145
f 1135 1064 1139
f 1151 1133 1153
f 1150 1134 1129
f 1154 1130 1151
f 1129 1149 1150
f 1148 1131 1162
f 1132 1147 1163
f 1148 1162 1213
f 1163 1149 1212
f 1215 1148 1213
f 1127 1131 1136
f 1132 1128 1135
f 813 1134 1066
f 528 735 814
f 1101 1133 1164
f 1194 1235 1197
f 1191 1175 1174
f 1165 729 1169
f 1172 1189 1176
f 1178 1189 1169
f 1179 1190 1177
f 1190 1191 1177
f 1176 1189 1178
f 1183 1169 1102
f 1184 1170 1179
f 1172 1180 1105
f 1171 1126 1175
f 1166 1251 1188
f 1246 1167 1186
f 1246 1188 1249
f 1252 1187 1247
f 1200 1127 1192
f 1199 1128 1132
f 1200 1229 1225
f 1199 1228 1195
f 1171 734 1104
f 1202 1200 1205
f 1199 1201 1230
f 735 1168 1172
f 1167 734 1171
f 1226 1222 1197
f 1205 1226 1207
f 1209 1197 1211
f 1198 1208 1210
f 1227 1230 1206
f 1207 1226 1209
f 1227 1206 1208
f 1225 1205 1200
f 1230 1224 1199
f 1129 1198 1210
f 1199 1132 1203
f 1220 1197 1222
f 1219 1198 1193
f 1223 1194 1220
f 1193 1218 1219
f 1217 1196 1275
f 1195 1216 1274
f 1217 1275 1231
f 1274 1218 1232
f 1233 1217 1231
f 1192 1196 1200
f 1195 618 1199
f 813 1198 1134
f 1164 1197 1235
f 694 728 1261
f 1238 1259 666
f 729 1236 661
f 1237 730 662
f 664 661 1236
f 1239 1257 1242
f 1244 1257 1236
f 1245 1258 1243
f 1258 1260 1243
f 1242 1257 1244
f 1250 1236 1165
f 1251 1237 1245
f 1239 1248 1168
f 1238 1246 1241
f 1255 1237 663
f 1254 687 664
f 1255 690 693
f 1253 686 687
f 1263 1287 1283
f 618 1286 696
f 1238 734 1167
f 1265 1263 1268
f 618 1264 1288
f 735 665 1239
f 1284 1280 1261
f 1268 1284 1270
f 1271 1261 1273
f 1262 1269 1272
f 1285 1288 1269
f 1270 1284 1271
f 1283 1268 1263
f 1288 1282 618
f 1193 1262 1272
f 618 1195 1266
f 694 1261 1280
f 1277 697 716
f 696 1276 717
f 1277 716 718
f 1192 697 1263
f 728 529 1235
f 813 698 1198
f 734 527 813
f 1235 1261 728
f 1262 1198 698
f 789 762 770
f 761 788 769
f 791 1289 789
f 813 790 788
f 730 753 749
f 793 1289 791
f 813 792 790
f 736 729 750
f 730 737 753
f 772 1289 793
f 813 771 792
f 1329 1323 1322
f 1330 1325 1324
f 1332 1331 1330
f 1334 1333 1332
f 1296 1299 1297
f 1336 1327 1326
f 1300 1294 1295
f 1320 1317 1316
f 1340 1339 1337
f 1319 1322 1323
f 1326 1324 1325
f 1342 1321 1320
f 1341 1342 1329
f 1328 1329 1342
f 1318 1337 1338
f 1339 1316 1317
f 1295 1335 1334
f 1360 1376 1375
f 1355 1362 1361
f 1361 1364 1363
f 1363 1366 1365
f 1310 1307 1308
f 1304 1358 1357
f 1306 1311 1312
f 1367 1368 1369
f 1370 1373 1372
f 1312 1309 1310
f 1375 1379 1378
f 1357 1356 1355
f 1372 1380 1377
f 1377 1380 1360
f 1378 1368 1367
f 1369 1371 1370
f 1308 1303 1304
f 1365 1305 1306
f 1396 1390 1389
f 1397 1392 1391
f 1399 1398 1397
f 1401 1400 1399
f 1405 1344 1343
f 1403 1394 1393
f 1409 1408 1407
f 1387 1384 1383
f 1410 1406 1405
f 1414 1413 1411
f 1386 1389 1390
f 1393 1391 1392
f 1416 1388 1387
f 1415 1416 1396
f 1395 1396 1416
f 1385 1411 1412
f 1413 1383 1384
f 1404 1343 1344
f 1407 1402 1401
f 2055 1345 1346
f 1431 1450 1449
f 1426 1433 1432
f 1432 1435 1434
f 1434 1437 1436
f 1350 1429 1428
f 1347 1440 1439
f 1441 1442 1443
f 1444 1447 1446
f 1439 1438 1382
f 1449 1453 1452
f 1428 1427 1426
f 1446 1454 1451
f 1451 1454 1431
f 1452 1442 1441
f 1443 1445 1444
f 1350 1381 1349
f 1436 1348 1347
f 1474 1468 1467
f 1475 1470 1469
f 1477 1476 1475
f 1479 1478 1477
f 1485 1482 1481
f 1483 1472 1471
f 1489 1488 1487
f 1465 1495 1494
f 1490 1486 1485
f 1496 1493 1491
f 1498 1467 1468
f 1471 1469 1470
f 1500 1466 1465
f 1497 1500 1474
f 1473 1474 1500
f 1499 1491 1492
f 1493 1494 1495
f 1484 1481 1482
f 1487 1480 1479
f 1513 1530 1529
f 1508 1515 1514
f 1514 1517 1516
f 1516 1519 1518
f 1456 1521 1520
f 1510 1421 1511
f 1418 1457 1458
f 1522 1523 1524
f 1527 1526 1531
f 1458 1455 1456
f 1524 1528 1525
f 1529 1534 1533
f 1510 1509 1508
f 1527 1531 1532
f 1532 1535 1513
f 1533 1523 1522
f 1520 1421 1420
f 1518 1419 1418
f 1460 1291 1290
f 1346 1301 1302
f 1290 1292 1293
f 1302 1314 1313
f 1314 1315 1313
f 1293 1292 1315
f 1578 1554 1553
f 1560 1556 1555
f 1562 1561 1560
f 1564 1563 1562
f 1568 1567 1566
f 1547 1558 1557
f 1570 1550 1549
f 1551 1544 1543
f 1571 1569 1568
f 1575 1574 1572
f 1545 1553 1554
f 1557 1555 1556
f 1576 1552 1551
f 1577 1576 1578
f 1559 1578 1576
f 1546 1572 1573
f 1574 1543 1544
f 1548 1566 1567
f 1549 1565 1564
f 1583 1582 1581
f 1628 1623 1622
f 1597 1603 1602
f 1602 1605 1604
f 1604 1607 1606
f 1610 1609 1608
f 1589 1600 1599
f 1591 1613 1612
f 1614 1615 1616
f 1617 1620 1619
f 1612 1611 1610
f 1622 1627 1626
f 1599 1598 1597
f 1619 1624 1625
f 1625 1624 1628
f 1626 1615 1614
f 1616 1618 1617
f 1608 1590 1589
f 1606 1592 1591
f 1671 1645 1644
f 1651 1647 1646
f 1653 1652 1651
f 1655 1654 1653
f 1579 1658 1657
f 1659 1649 1648
f 1663 1662 1661
f 1642 1639 1638
f 1664 1580 1579
f 1668 1667 1665
f 1641 1644 1645
f 1648 1646 1647
f 1669 1643 1642
f 1670 1669 1671
f 1650 1671 1669
f 1640 1665 1666
f 1667 1638 1639
f 1660 1657 1658
f 1661 1656 1655
f 1707 1702 1701
f 1680 1686 1685
f 1685 1688 1687
f 1687 1690 1689
f 1691 1629 1630
f 1682 1587 1683
f 1585 1631 1632
f 1696 1699 1698
f 1632 1692 1691
f 1700 1695 1697
f 1701 1706 1705
f 1682 1681 1680
f 1698 1703 1704
f 1704 1703 1707
f 1705 1694 1693
f 1700 1697 1696
f 1630 1587 1588
f 1689 1586 1585
f 1747 1719 1718
f 1725 1721 1720
f 1727 1726 1725
f 1729 1728 1727
f 1735 1732 1731
f 1733 1723 1722
f 1739 1738 1737
f 1716 1713 1712
f 1740 1736 1735
f 1744 1743 1741
f 1715 1718 1719
f 1722 1720 1721
f 1745 1717 1716
f 1746 1745 1747
f 1724 1747 1745
f 1714 1741 1742
f 1743 1712 1713
f 1734 1731 1732
f 1737 1730 1729
f 1752 1584 1672
f 1789 1784 1783
f 1762 1768 1767
f 1767 1770 1769
f 1769 1772 1771
f 1708 1710 1711
f 1676 1765 1764
f 1674 1774 1773
f 1775 1776 1777
f 1778 1781 1780
f 1773 1709 1708
f 1783 1788 1787
f 1764 1763 1762
f 1780 1785 1786
f 1786 1785 1789
f 1787 1776 1775
f 1777 1779 1778
f 1711 1675 1676
f 1771 1673 1674
f 1823 1799 1798
f 1805 1801 1800
f 1807 1806 1805
f 1809 1808 1807
f 1748 1812 1811
f 1813 1803 1802
f 1751 1816 1815
f 1796 1793 1792
f 1750 1749 1748
f 1820 1819 1817
f 1795 1798 1799
f 1802 1800 1801
f 1821 1797 1796
f 1822 1821 1823
f 1804 1823 1821
f 1794 1817 1818
f 1819 1792 1793
f 1814 1811 1812
f 1815 1810 1809
f 1863 1858 1857
f 1835 1836 1840
f 1840 1842 1841
f 1841 1844 1843
f 1847 1846 1845
f 1756 1838 1837
f 1754 1790 1791
f 1849 1850 1851
f 1852 1855 1854
f 1791 1848 1847
f 1857 1862 1861
f 1835 1838 1836
f 1854 1859 1860
f 1860 1859 1863
f 1861 1850 1849
f 1851 1853 1852
f 1845 1757 1756
f 1843 1755 1754
f 1900 1876 1875
f 1882 1878 1877
f 1884 1883 1882
f 1886 1885 1884
f 1890 1825 1824
f 1888 1880 1879
f 1827 1893 1892
f 1826 1891 1890
f 1897 1896 1894
f 1873 1875 1876
f 1879 1877 1878
f 1898 1874 1870
f 1899 1898 1900
f 1881 1900 1898
f 1872 1894 1895
f 1871 1897 1870
f 1889 1824 1825
f 1892 1887 1886
f 1828 1906 1753
f 1941 1936 1935
f 1915 1921 1920
f 1920 1923 1922
f 1922 1925 1924
f 1865 1866 1867
f 1831 1918 1917
f 1829 1868 1869
f 1927 1928 1929
f 1930 1933 1932
f 1869 1864 1865
f 1935 1940 1939
f 1917 1916 1915
f 1932 1937 1938
f 1938 1937 1941
f 1939 1928 1927
f 1929 1931 1930
f 1867 1926 1831
f 1924 1830 1829
f 1980 1957 1956
f 1963 1959 1958
f 1965 1964 1963
f 1965 1967 1964
f 1901 1904 1903
f 1968 1961 1960
f 1972 1971 1970
f 1954 1951 1950
f 1973 1902 1901
f 1977 1976 1974
f 1953 1956 1957
f 1960 1958 1959
f 1978 1955 1954
f 1979 1978 1980
f 1962 1980 1978
f 1952 1974 1975
f 1976 1950 1951
f 1969 1903 1904
f 1970 1967 1966
f 2014 2010 2009
f 1990 1996 1995
f 1995 1998 1997
f 1997 2000 1999
f 1943 1944 1945
f 1992 1909 1993
f 1907 1946 1947
f 2001 2002 2003
f 2006 2005 2007
f 1947 1942 1943
f 2003 2008 2004
f 2009 2013 2012
f 1992 1991 1990
f 2006 2007 2011
f 2011 2015 2014
f 2012 2002 2001
f 1945 1909 1910
f 1999 1908 1907
f 2053 2027 2026
f 2033 2029 2028
f 2035 2034 2033
f 2037 2036 2035
f 2041 1982 1981
f 2039 2031 2030
f 2045 2044 2043
f 2024 2021 2020
f 2046 2042 2041
f 2050 2049 2047
f 2023 2026 2027
f 2030 2028 2029
f 2051 2025 2024
f 2052 2051 2053
f 2032 2053 2051
f 2022 2047 2048
f 2049 2020 2021
f 2040 1981 1982
f 2043 2038 2037
f 1905 2055 1983
f 2093 2088 2087
f 2070 2069 2071
f 2070 2073 2072
f 2075 2016 2017
f 2066 1986 2067
f 1984 2078 2077
f 2079 2080 2081
f 2082 2085 2084
f 2077 2076 2075
f 2087 2092 2091
f 2066 2065 2064
f 2084 2089 2090
f 2090 2089 2093
f 2079 2092 2080
f 2081 2083 2082
f 2017 1986 2074
f 2072 1985 1984
f 2132 2103 2102
f 2109 2105 2104
f 2111 2110 2109
f 2113 2112 2111
f 2118 2115 2114
f 2116 2107 2106
f 2100 2126 2125
f 2122 2119 2118
f 2127 1501 2123
f 2130 2102 2103
f 2106 2104 2105
f 2128 2101 2100
f 2129 2128 2132
f 2108 2132 2128
f 2131 2123 2124
f 1501 2125 2126
f 2117 2114 2115
f 2113 2121 2112
f 1417 2055 2054
f 2136 2142 2141
f 2141 2144 2143
f 2143 2146 2145
f 2095 2148 2147
f 2058 2139 2138
f 2056 2096 2097
f 1538 1537 1536
f 1503 2150 2149
f 2097 2094 2095
f 1504 2152 1505
f 2138 2137 2136
f 2149 2153 2154
f 2154 2153 2155
f 2155 2140 2151
f 1504 1505 1538
f 1536 1502 1503
f 2147 2059 2058
f 2145 2057 2056
f 1672 1584 1583
f 1828 1753 1752
f 1459 1542 1541
f 1541 1633 1634
f 1635 1582 2156
f 1636 1635 1637
f 1634 1633 1636
f 1291 1321 1294
f 1320 1290 1295
f 1326 1329 1322
f 1327 1328 1324
f 1291 1317 1321
f 1341 1335 1321
f 1342 1334 1332
f 1331 1333 1341
f 1325 1331 1329
f 1320 1295 1334
f 1336 1322 1292
f 1297 1323 1327
f 1296 1336 1292
f 1409 1316 1340
f 1319 1344 1337
f 1339 1343 1338
f 1339 1410 1405
f 1337 1409 1340
f 1302 1353 1346
f 1301 1354 1303
f 1378 1353 1375
f 1379 1354 1349
f 1355 1353 1357
f 1354 1356 1358
f 1372 1377 1351
f 1363 1351 1377
f 1352 1364 1380
f 1361 1360 1355
f 1359 1362 1356
f 1352 1305 1366
f 1303 1354 1358
f 1351 1370 1372
f 1352 1371 1348
f 1369 1347 1439
f 1348 1374 1440
f 1367 1350 1378
f 1349 1368 1379
f 1369 1382 1367
f 1369 1439 1382
f 1368 1440 1374
f 1313 1351 1306
f 1352 1314 1305
f 2099 1418 1423
f 1291 1388 1317
f 1387 1290 1316
f 1393 1396 1389
f 1394 1395 1391
f 1291 1384 1388
f 1415 1402 1388
f 1416 1401 1399
f 1398 1400 1415
f 1392 1398 1396
f 1388 1408 1317
f 1387 1407 1401
f 1403 1389 1318
f 1404 1390 1394
f 1343 1403 1318
f 1404 1344 1319
f 1409 1407 1316
f 1489 1383 1414
f 1386 1482 1411
f 1413 1481 1412
f 1413 1490 1485
f 1411 1489 1414
f 1346 1424 2055
f 1345 1425 1349
f 1452 1424 1449
f 1453 1425 1421
f 1293 1390 1319
f 1426 1424 1428
f 1425 1427 1429
f 1446 1451 1423
f 1434 1423 1451
f 1422 1435 1454
f 1432 1431 1426
f 1430 1433 1427
f 1422 1348 1437
f 1349 1425 1429
f 1423 1444 1446
f 1422 1445 1419
f 1443 1418 1458
f 1419 1448 1457
f 1441 1420 1452
f 1421 1442 1453
f 1443 1520 1441
f 1443 1458 1456
f 1442 1457 1448
f 1314 1352 1422
f 1351 1423 1347
f 1422 1352 1348
f 1498 1468 1464
f 1291 1466 1384
f 1465 1290 1383
f 1471 1474 1467
f 1472 1473 1469
f 1459 1462 1466
f 1497 1480 1466
f 1500 1479 1477
f 1476 1478 1497
f 1470 1476 1474
f 1466 1488 1384
f 1465 1487 1479
f 1483 1467 1385
f 1484 1468 1472
f 1481 1483 1385
f 1484 1482 1386
f 1489 1487 1383
f 1465 1494 1461
f 1493 1495 1462
f 1499 1492 1463
f 1417 1507 1421
f 1533 2055 1529
f 1534 1507 1504
f 1292 1467 1463
f 1293 1468 1386
f 1508 2055 1510
f 1507 1509 1511
f 1527 1532 2099
f 1516 2099 1532
f 1506 1517 1531
f 1514 1513 1508
f 1512 1515 1509
f 1506 1419 1519
f 1421 1507 1511
f 2099 1525 1527
f 1506 1526 1503
f 1525 1502 1539
f 1503 1528 1536
f 1522 1505 1533
f 1504 1523 1534
f 1524 1505 1522
f 1524 1539 1537
f 1523 1536 1528
f 1315 1292 1463
f 1506 1422 1419
f 1301 1307 1314
f 1314 1307 1309
f 1314 1309 1311
f 1313 1312 1302
f 1314 1311 1305
f 1291 1298 1292
f 1290 1300 1295
f 1559 1558 1554
f 1578 1557 1556
f 1543 1541 1551
f 1559 1576 1560
f 1564 1576 1551
f 1565 1577 1563
f 1577 1578 1561
f 1562 1560 1576
f 1560 1555 1559
f 1550 1552 1565
f 1553 1547 1557
f 1544 1664 1574
f 1657 1546 1573
f 1572 1658 1580
f 1657 1574 1579
f 1663 1572 1580
f 1596 1582 1584
f 1595 1581 1589
f 1596 1627 1623
f 1595 1626 1588
f 1553 1633 1547
f 1598 1596 1601
f 1595 1597 1628
f 1634 1545 1554
f 1546 1633 1553
f 1624 1620 1593
f 1601 1624 1603
f 1605 1593 1607
f 1594 1604 1606
f 1625 1628 1602
f 1603 1624 1605
f 1625 1602 1604
f 1623 1601 1596
f 1628 1622 1595
f 1591 1594 1606
f 1595 1589 1599
f 1618 1593 1620
f 1617 1594 1585
f 1621 1586 1618
f 1585 1616 1617
f 1615 1587 1629
f 1588 1614 1630
f 1615 1629 1692
f 1630 1616 1691
f 1631 1615 1692
f 1584 1587 1596
f 1588 1583 1595
f 1593 1637 2156
f 1650 1649 1645
f 1671 1648 1647
f 1638 1541 1642
f 1650 1669 1651
f 1655 1669 1642
f 1656 1670 1654
f 1670 1671 1652
f 1653 1651 1669
f 1651 1646 1650
f 1661 1642 1543
f 1662 1643 1656
f 1645 1660 1545
f 1644 1659 1648
f 1662 1664 1544
f 1639 1740 1667
f 1731 1640 1666
f 1665 1732 1736
f 1731 1667 1735
f 1739 1665 1736
f 1679 1583 1588
f 1584 1706 1702
f 1679 1705 1676
f 1644 1633 1546
f 1681 1584 1684
f 1679 1680 1707
f 1634 1641 1645
f 1640 1633 1644
f 1703 1699 1677
f 1684 1703 1686
f 1688 1677 1690
f 1678 1687 1689
f 1704 1707 1685
f 1686 1703 1688
f 1704 1685 1687
f 1702 1684 1584
f 1707 1701 1679
f 1585 1678 1689
f 1679 1588 1682
f 1697 1677 1699
f 1696 1678 1674
f 1674 1700 1696
f 1694 1675 1710
f 1676 1693 1711
f 1695 1710 1709
f 1711 1693 1708
f 1774 1695 1709
f 1773 1693 1700
f 1676 1672 1679
f 1677 1637 1593
f 1635 1678 1594
f 1724 1723 1719
f 1747 1722 1721
f 1712 1541 1716
f 1724 1745 1725
f 1729 1745 1716
f 1730 1746 1728
f 1746 1747 1726
f 1727 1725 1745
f 1725 1720 1724
f 1737 1716 1638
f 1738 1717 1730
f 1719 1734 1641
f 1718 1733 1722
f 1738 1740 1639
f 1713 1750 1743
f 1811 1714 1742
f 1741 1812 1749
f 1811 1743 1748
f 1751 1741 1749
f 1761 1584 1753
f 1752 1676 1760
f 1761 1788 1784
f 1760 1787 1756
f 1718 1633 1640
f 1763 1761 1766
f 1760 1762 1789
f 1634 1715 1719
f 1714 1633 1718
f 1785 1781 1759
f 1766 1785 1768
f 1770 1759 1772
f 1758 1769 1771
f 1786 1789 1767
f 1768 1785 1770
f 1786 1767 1769
f 1784 1766 1761
f 1789 1783 1760
f 1674 1758 1771
f 1760 1676 1764
f 1779 1759 1781
f 1778 1758 1754
f 1782 1755 1779
f 1754 1777 1778
f 1776 1757 1846
f 1756 1775 1845
f 1776 1846 1848
f 1845 1777 1847
f 1790 1776 1848
f 1753 1757 1761
f 1756 1752 1760
f 1635 1758 1678
f 1804 1803 1799
f 1823 1802 1801
f 1792 1541 1796
f 1804 1821 1805
f 1809 1821 1796
f 1810 1822 1808
f 1822 1823 1806
f 1807 1805 1821
f 1805 1800 1804
f 1815 1796 1712
f 1816 1797 1810
f 1799 1814 1715
f 1798 1813 1802
f 1816 1750 1713
f 1793 1826 1819
f 1824 1794 1818
f 1817 1825 1891
f 1824 1819 1890
f 1827 1817 1891
f 1834 1752 1756
f 1753 1862 1858
f 1834 1861 1831
f 1798 1633 1714
f 1836 1753 1839
f 1834 1835 1863
f 1634 1795 1799
f 1794 1633 1798
f 1859 1855 1832
f 1839 1859 1836
f 1842 1832 1844
f 1833 1841 1843
f 1860 1863 1840
f 1836 1859 1842
f 1860 1840 1841
f 1858 1839 1753
f 1863 1857 1834
f 1754 1833 1843
f 1834 1756 1837
f 1853 1832 1855
f 1852 1833 1829
f 1856 1830 1853
f 1829 1851 1852
f 1850 1753 1866
f 1831 1849 1867
f 1850 1866 1864
f 1867 1851 1865
f 1868 1850 1864
f 1831 1828 1834
f 1758 1635 1833
f 1908 1949 1911
f 1881 1880 1876
f 1900 1879 1878
f 1881 1898 1882
f 1886 1898 1870
f 1887 1899 1885
f 1899 1900 1883
f 1884 1882 1898
f 1882 1877 1881
f 1892 1870 1792
f 1893 1874 1887
f 1876 1889 1795
f 1875 1888 1879
f 1893 1826 1793
f 1871 1973 1896
f 1903 1872 1895
f 1894 1904 1902
f 1903 1896 1901
f 1972 1894 1902
f 1914 1753 1906
f 1913 1828 1831
f 1914 1940 1936
f 1913 1939 1910
f 1875 1633 1794
f 1916 1914 1919
f 1913 1915 1941
f 1634 1873 1876
f 1872 1633 1875
f 1937 1933 1911
f 1919 1937 1921
f 1923 1911 1925
f 1912 1922 1924
f 1938 1941 1920
f 1921 1937 1923
f 1938 1920 1922
f 1936 1919 1914
f 1941 1935 1913
f 1829 1912 1924
f 1914 1926 1753
f 1913 1831 1917
f 1866 1753 1926
f 1931 1911 1933
f 1930 1912 1907
f 1934 1908 1931
f 1907 1929 1930
f 1928 1909 1944
f 1910 1927 1945
f 1928 1944 1942
f 1945 1929 1943
f 1946 1928 1942
f 1906 1909 1914
f 1910 1905 1913
f 1949 1637 1832
f 1635 1948 1833
f 1313 1636 1637
f 1633 1314 1635
f 1832 1911 1949
f 1912 1833 1948
f 1985 2019 1987
f 1962 1961 1957
f 1980 1960 1959
f 1950 1541 1954
f 1962 1978 1963
f 1966 1978 1954
f 1967 1979 1964
f 1979 1980 1964
f 1965 1963 1978
f 1963 1958 1962
f 1970 1954 1870
f 1971 1955 1967
f 1957 1969 1873
f 1956 1968 1960
f 1971 1973 1871
f 1951 2046 1976
f 1981 1952 1975
f 1974 1982 2042
f 1981 1976 2041
f 2045 1974 2042
f 1989 1906 1983
f 1989 2013 2010
f 1956 1633 1872
f 1991 1989 1994
f 1905 1990 2014
f 1634 1953 1957
f 1952 1633 1956
f 1994 2015 1996
f 1998 1987 2000
f 1988 1997 1999
f 2015 2007 1996
f 2011 2014 1995
f 1996 2007 1998
f 2011 1995 1997
f 2010 1994 1989
f 2014 2009 1905
f 1907 1988 1999
f 1905 1910 1992
f 2005 1987 2007
f 2004 1988 1984
f 2008 1985 2005
f 2002 1986 2016
f 1905 2001 2017
f 2002 2016 2076
f 2017 2003 2075
f 2078 2002 2076
f 2077 2003 2004
f 1983 1986 1989
f 2019 1313 1949
f 1314 2018 1948
f 1949 1987 2019
f 1988 1948 2018
f 2057 2099 2060
f 2032 2031 2027
f 2053 2030 2029
f 2020 1541 2024
f 2032 2051 2033
f 2037 2051 2024
f 2038 2052 2036
f 2052 2053 2034
f 2035 2033 2051
f 2033 2028 2032
f 2043 2024 1950
f 2044 2025 2038
f 2027 2040 1953
f 2026 2039 2030
f 2044 2046 1951
f 2021 2122 2049
f 2114 2022 2048
f 2047 2115 2119
f 2114 2049 2118
f 2120 2047 2119
f 2063 1983 2055
f 2063 2092 2088
f 2062 2091 2058
f 2026 1633 1952
f 2065 2063 2068
f 2062 2064 2093
f 1634 2023 2027
f 2022 1633 2026
f 2089 2085 2060
f 2068 2089 2069
f 2071 2060 2073
f 2061 2070 2072
f 2090 2093 2064
f 2069 2089 2071
f 2090 2064 2070
f 2088 2068 2063
f 2093 2087 2062
f 1984 2061 2072
f 2062 2074 2066
f 2083 2060 2085
f 2082 2061 2056
f 2086 2057 2083
f 2056 2081 2082
f 2080 2059 2148
f 2058 2079 2147
f 2080 2148 2094
f 2147 2081 2095
f 2096 2080 2094
f 2055 2059 2063
f 2058 2054 2062
f 2099 1313 2019
f 1314 2098 2018
f 2019 2060 2099
f 2061 2018 2098
f 1502 2099 2133
f 2102 2131 1464
f 1541 2100 1459
f 2101 1542 1460
f 2108 2107 2103
f 2132 2106 2105
f 1462 1459 2100
f 2108 2128 2109
f 2113 2128 2100
f 2129 2132 2110
f 2111 2109 2128
f 2109 2104 2108
f 2120 2100 2020
f 2121 2101 2112
f 2103 2117 2023
f 2102 2116 2106
f 2121 2122 2021
f 2126 2101 1461
f 2125 1493 1462
f 2126 1496 1501
f 1492 2130 1463
f 1491 2131 2124
f 2135 2054 2058
f 2055 1505 2152
f 2103 1634 1463
f 2102 1633 2022
f 2137 2055 2140
f 2135 2136 2151
f 2153 2150 2133
f 2140 2153 2142
f 2144 2133 2146
f 2134 2143 2145
f 2154 2155 2141
f 2142 2153 2144
f 2154 2141 2143
f 2152 2140 2055
f 2056 2134 2145
f 2135 2058 2138
f 1502 2133 2150
f 1504 1417 2135
f 1314 1540 2098
f 1315 1634 1636
f 2134 2098 1540
f 1609 1582 1590
f 1581 1608 1589
f 1567 1634 1548
f 1633 1566 1547
f 1611 2156 1609
f 1635 1610 1608
f 1569 1541 1567
f 1542 1568 1566
f 1613 2156 1611
f 1635 1612 1610
f 1570 1541 1569
f 1542 1571 1568
f 1592 2156 1613
f 1635 1591 1612
f 1549 1541 1570
f 1542 1550 1571
f 2185 2188 2184
f 2187 2189 2186
f 2190 2191 2189
f 2191 2192 2193
f 2163 2165 2164
f 2186 2194 2187
f 2197 2198 2196
f 2181 2183 2180
f 2198 2199 2180
f 2184 2196 2185
f 2183 2201 2200
f 2200 2201 2188
f 2188 2185 2200
f 2196 2182 2197
f 2180 2199 2181
f 2193 2161 2162
f 2236 2219 2235
f 2221 2214 2220
f 2223 2220 2222
f 2225 2222 2224
f 2171 2174 2172
f 2217 2168 2216
f 2175 2170 2176
f 2228 2227 2229
f 2233 2230 2232
f 2173 2176 2174
f 2240 2235 2239
f 2215 2216 2214
f 2237 2232 2238
f 2237 2238 2219
f 2228 2239 2227
f 2231 2229 2230
f 2226 2172 2168
f 2169 2224 2170
f 2250 2253 2249
f 2252 2254 2251
f 2255 2256 2254
f 2256 2257 2258
f 2203 2260 2202
f 2251 2202 2252
f 2243 2248 2247
f 2260 2261 2262
f 2265 2266 2263
f 2249 2246 2250
f 2247 2268 2267
f 2267 2268 2253
f 2253 2250 2267
f 2263 2245 2264
f 2244 2266 2265
f 2202 2259 2203
f 2258 2262 2261
f 2204 2269 2205
f 2304 2284 2303
f 2286 2279 2285
f 2288 2285 2287
f 2290 2287 2289
f 2241 2291 2242
f 2282 2209 2281
f 2294 2206 2293
f 2296 2295 2297
f 2301 2298 2300
f 2292 2293 2291
f 2308 2303 2307
f 2280 2281 2279
f 2305 2300 2306
f 2305 2306 2284
f 2296 2307 2295
f 2299 2297 2298
f 2208 2242 2209
f 2207 2289 2206
f 2323 2325 2322
f 2325 2327 2326
f 2329 2330 2328
f 2322 2328 2324
f 2337 2319 2318
f 2331 2334 2330
f 2336 2339 2335
f 2320 2341 2321
f 2322 2324 2323
f 2318 2319 2340
f 2343 2340 2319
f 2343 2321 2340
f 2335 2342 2336
f 2326 2333 2332
f 2376 2358 2375
f 2360 2353 2359
f 2362 2359 2361
f 2364 2361 2363
f 2366 2310 2365
f 2356 2273 2355
f 2311 2271 2312
f 2368 2367 2369
f 2373 2370 2372
f 2309 2312 2310
f 2380 2375 2379
f 2354 2355 2353
f 2377 2372 2378
f 2377 2378 2358
f 2368 2379 2367
f 2371 2369 2370
f 2274 2365 2273
f 2272 2363 2271
f 2158 2313 2157
f 2166 2205 2167
f 2159 2157 2160
f 2178 2167 2177
f 2178 2179 2160
f 2398 2399 2397
f 2400 2401 2399
f 2401 2402 2403
f 2405 2408 2404
f 2397 2406 2398
f 2410 2411 2409
f 2387 2393 2386
f 2408 2391 2392
f 2411 2412 2386
f 2395 2409 2396
f 2393 2394 2413
f 2414 2413 2394
f 2409 2388 2410
f 2386 2412 2387
f 2404 2407 2405
f 2403 2392 2391
f 2419 2420 2418
f 2460 2464 2459
f 2440 2434 2439
f 2442 2439 2441
f 2444 2441 2443
f 2446 2447 2445
f 2437 2426 2436
f 2450 2428 2449
f 2452 2451 2453
f 2457 2454 2456
f 2448 2449 2447
f 2463 2459 2462
f 2435 2436 2434
f 2465 2456 2461
f 2465 2461 2464
f 2452 2462 2451
f 2455 2453 2454
f 2427 2445 2426
f 2429 2443 2428
f 2479 2496 2478
f 2481 2483 2480
f 2483 2485 2484
f 2487 2416 2486
f 2480 2486 2482
f 2492 2493 2491
f 2473 2477 2476
f 2417 2490 2416
f 2493 2494 2473
f 2478 2491 2479
f 2480 2482 2481
f 2476 2495 2497
f 2497 2495 2496
f 2496 2479 2497
f 2491 2475 2492
f 2474 2473 2494
f 2484 2489 2488
f 2530 2534 2529
f 2514 2508 2513
f 2516 2513 2515
f 2518 2515 2517
f 2466 2519 2467
f 2511 2425 2510
f 2468 2422 2469
f 2522 2521 2523
f 2527 2524 2526
f 2520 2469 2519
f 2533 2529 2532
f 2509 2510 2508
f 2535 2526 2531
f 2535 2531 2534
f 2522 2532 2521
f 2525 2523 2524
f 2424 2467 2425
f 2423 2517 2422
f 2547 2565 2546
f 2549 2551 2548
f 2551 2553 2552
f 2555 2556 2554
f 2548 2554 2550
f 2562 2563 2561
f 2541 2544 2540
f 2557 2560 2556
f 2546 2543 2547
f 2548 2550 2549
f 2544 2545 2566
f 2566 2545 2565
f 2565 2547 2566
f 2561 2542 2562
f 2541 2563 2564
f 2552 2559 2558
f 2498 2570 2499
f 2600 2604 2599
f 2584 2578 2583
f 2586 2583 2585
f 2588 2585 2587
f 2538 2536 2539
f 2581 2503 2580
f 2590 2501 2589
f 2592 2591 2593
f 2596 2595 2594
f 2537 2589 2536
f 2598 2593 2594
f 2603 2599 2602
f 2579 2580 2578
f 2597 2596 2601
f 2605 2601 2604
f 2592 2602 2591
f 2502 2539 2503
f 2500 2587 2501
f 2616 2631 2615
f 2618 2619 2617
f 2619 2620 2621
f 2624 2567 2623
f 2617 2623 2618
f 2625 2569 2568
f 2609 2614 2613
f 2568 2569 2567
f 2627 2629 2609
f 2615 2612 2616
f 2632 2630 2631
f 2627 2611 2628
f 2610 2609 2629
f 2621 2626 2625
f 2667 2671 2666
f 2650 2644 2649
f 2652 2651 2649
f 2655 2656 2654
f 2646 2574 2573
f 2606 2571 2607
f 2659 2658 2660
f 2664 2661 2663
f 2657 2607 2656
f 2670 2666 2669
f 2645 2646 2644
f 2672 2663 2668
f 2672 2668 2671
f 2659 2669 2658
f 2662 2660 2661
f 2574 2654 2573
f 2572 2652 2571
f 2686 2690 2704
f 2688 2691 2687
f 2691 2693 2692
f 2633 2696 2695
f 2687 2695 2689
f 2698 2634 2697
f 2681 2684 2680
f 2696 2697 2634
f 2699 2702 2701
f 2687 2689 2688
f 2684 2703 2705
f 2705 2703 2704
f 2704 2690 2705
f 2699 2682 2700
f 2681 2701 2702
f 2694 2698 2692
f 2635 2709 2636
f 2739 2743 2738
f 2725 2719 2724
f 2727 2724 2726
f 2729 2726 2728
f 2675 2674 2676
f 2722 2640 2721
f 2677 2637 2678
f 2731 2730 2732
f 2736 2733 2735
f 2673 2678 2674
f 2742 2738 2741
f 2720 2721 2719
f 2744 2735 2740
f 2744 2740 2743
f 2731 2741 2730
f 2734 2732 2733
f 2639 2676 2640
f 2638 2728 2637
f 2759 2774 2758
f 2761 2762 2760
f 2763 2764 2762
f 2708 2706 2766
f 2760 2766 2761
f 2767 2768 2707
f 2753 2756 2752
f 2707 2768 2706
f 2771 2772 2769
f 2758 2755 2759
f 2756 2773 2775
f 2775 2773 2774
f 2774 2759 2775
f 2769 2754 2770
f 2753 2772 2771
f 2765 2767 2764
f 2795 2788 2794
f 2797 2794 2796
f 2799 2796 2798
f 2747 2746 2748
f 2791 2714 2790
f 2749 2711 2750
f 2801 2800 2802
f 2806 2803 2805
f 2745 2750 2746
f 2810 2808 2793
f 2789 2790 2788
f 2813 2805 2809
f 2813 2809 2812
f 2792 2812 2793
f 2800 2811 2810
f 2804 2802 2803
f 2713 2748 2714
f 2712 2798 2711
f 2824 2841 2823
f 2826 2827 2825
f 2827 2828 2829
f 2776 2833 2832
f 2825 2831 2826
f 2837 2838 2836
f 2817 2822 2821
f 2823 2820 2824
f 2821 2840 2842
f 2842 2840 2841
f 2841 2824 2842
f 2836 2819 2837
f 2818 2838 2839
f 2830 2834 2829
f 2778 2270 2779
f 2875 2879 2874
f 2857 2851 2856
f 2858 2857 2856
f 2861 2858 2860
f 2814 2862 2815
f 2853 2782 2783
f 2865 2780 2864
f 2867 2866 2868
f 2872 2869 2871
f 2863 2864 2862
f 2878 2874 2877
f 2851 2854 2853
f 2880 2871 2876
f 2880 2876 2879
f 2866 2878 2877
f 2870 2868 2869
f 2782 2815 2783
f 2781 2860 2780
f 2888 2908 2887
f 2890 2892 2889
f 2892 2894 2893
f 2897 2899 2896
f 2889 2896 2891
f 2901 2902 2900
f 2905 2885 2315
f 2899 2902 2901
f 2344 2315 2903
f 2887 2907 2888
f 2889 2891 2890
f 2885 2906 2909
f 2909 2906 2908
f 2908 2888 2909
f 2905 2315 2344
f 2896 2898 2897
f 2895 2900 2893
f 2930 2932 2929
f 2913 2912 2917
f 2919 2917 2918
f 2921 2918 2920
f 2922 2881 2882
f 2915 2845 2914
f 2883 2843 2882
f 2925 2924 2381
f 2926 2345 2346
f 2928 2381 2346
f 2348 2929 2347
f 2912 2915 2914
f 2927 2926 2931
f 2933 2931 2932
f 2925 2347 2924
f 2846 2922 2845
f 2843 2921 2920
f 2421 2499 2420
f 2498 2636 2570
f 2710 2779 2709
f 2385 2158 2384
f 2389 2384 2390
f 2470 2418 2934
f 2470 2934 2472
f 2934 2471 2472
f 2389 2390 2471
f 2181 2158 2161
f 2157 2183 2162
f 2157 2180 2183
f 2200 2185 2189
f 2200 2193 2183
f 2188 2190 2187
f 2189 2185 2186
f 2181 2161 2192
f 2194 2184 2187
f 2195 2185 2160
f 2194 2163 2159
f 2262 2181 2199
f 2182 2202 2197
f 2198 2203 2196
f 2197 2262 2199
f 2198 2261 2203
f 2167 2212 2168
f 2166 2213 2204
f 2239 2212 2209
f 2240 2213 2236
f 2212 2214 2216
f 2215 2213 2217
f 2233 2237 2211
f 2237 2218 2221
f 2210 2222 2238
f 2223 2211 2237
f 2219 2220 2214
f 2221 2218 2215
f 2210 2170 2224
f 2168 2212 2216
f 2226 2213 2166
f 2166 2171 2226
f 2210 2230 2206
f 2211 2231 2233
f 2206 2229 2293
f 2234 2207 2294
f 2209 2227 2239
f 2228 2208 2240
f 2242 2229 2227
f 2228 2294 2292
f 2210 2177 2170
f 2178 2211 2169
f 2248 2158 2181
f 2157 2247 2180
f 2157 2243 2247
f 2267 2250 2254
f 2267 2258 2247
f 2253 2255 2252
f 2254 2250 2251
f 2248 2262 2257
f 2247 2261 2180
f 2202 2249 2252
f 2259 2250 2196
f 2203 2259 2196
f 2334 2244 2265
f 2245 2328 2264
f 2328 2265 2264
f 2263 2332 2331
f 2205 2277 2209
f 2204 2278 2270
f 2307 2277 2273
f 2308 2278 2304
f 2159 2249 2182
f 2277 2279 2281
f 2280 2278 2282
f 2301 2305 2275
f 2305 2283 2286
f 2276 2287 2306
f 2288 2275 2305
f 2284 2285 2279
f 2286 2283 2280
f 2276 2206 2289
f 2209 2277 2281
f 2276 2298 2271
f 2275 2299 2301
f 2271 2297 2312
f 2302 2272 2311
f 2273 2295 2307
f 2296 2274 2308
f 2365 2297 2295
f 2296 2311 2309
f 2276 2210 2206
f 2211 2275 2207
f 2911 2346 2349
f 2342 2320 2316
f 2319 2158 2244
f 2157 2318 2243
f 2324 2320 2323
f 2313 2314 2318
f 2340 2321 2325
f 2340 2326 2318
f 2325 2321 2322
f 2319 2333 2327
f 2318 2332 2243
f 2328 2320 2324
f 2329 2321 2246
f 2334 2333 2244
f 2319 2338 2315
f 2339 2337 2314
f 2341 2335 2317
f 2335 2339 2344
f 2269 2351 2273
f 2379 2351 2348
f 2380 2352 2376
f 2159 2320 2245
f 2160 2321 2317
f 2351 2353 2355
f 2354 2352 2356
f 2373 2377 2349
f 2377 2357 2360
f 2350 2361 2378
f 2362 2349 2377
f 2358 2359 2353
f 2360 2357 2354
f 2350 2271 2363
f 2273 2351 2355
f 2350 2370 2345
f 2349 2371 2373
f 2348 2367 2379
f 2368 2347 2380
f 2368 2374 2381
f 2177 2382 2472
f 2179 2472 2471
f 2383 2179 2471
f 2350 2276 2271
f 2275 2349 2272
f 2167 2172 2177
f 2171 2166 2178
f 2177 2172 2174
f 2177 2174 2176
f 2177 2176 2170
f 2158 2164 2161
f 2157 2162 2160
f 2387 2385 2394
f 2395 2414 2400
f 2403 2413 2401
f 2413 2415 2399
f 2414 2394 2400
f 2413 2399 2401
f 2400 2394 2402
f 2391 2393 2403
f 2396 2407 2397
f 2395 2406 2389
f 2487 2411 2417
f 2410 2486 2416
f 2488 2411 2386
f 2490 2410 2416
f 2433 2419 2427
f 2432 2418 2420
f 2433 2463 2424
f 2432 2462 2459
f 2433 2435 2438
f 2434 2432 2464
f 2409 2390 2396
f 2389 2388 2395
f 2461 2456 2431
f 2430 2442 2444
f 2441 2431 2443
f 2464 2461 2439
f 2465 2440 2442
f 2439 2461 2441
f 2438 2460 2433
f 2459 2464 2432
f 2429 2430 2444
f 2433 2427 2437
f 2455 2430 2423
f 2454 2431 2456
f 2423 2458 2455
f 2453 2422 2454
f 2424 2452 2466
f 2451 2425 2467
f 2466 2452 2520
f 2453 2467 2519
f 2468 2452 2458
f 2469 2453 2519
f 2424 2421 2433
f 2420 2425 2432
f 2472 2430 2470
f 2496 2482 2478
f 2474 2385 2477
f 2485 2495 2477
f 2496 2495 2481
f 2497 2483 2484
f 2481 2495 2485
f 2488 2476 2484
f 2489 2477 2387
f 2479 2487 2480
f 2478 2486 2388
f 2555 2493 2557
f 2494 2554 2556
f 2558 2493 2473
f 2560 2494 2556
f 2507 2421 2424
f 2506 2420 2499
f 2507 2533 2502
f 2506 2532 2529
f 2479 2390 2409
f 2507 2509 2512
f 2508 2506 2534
f 2491 2390 2479
f 2389 2475 2478
f 2531 2526 2505
f 2504 2516 2518
f 2515 2505 2517
f 2534 2531 2513
f 2535 2514 2516
f 2513 2531 2515
f 2512 2530 2507
f 2529 2534 2506
f 2423 2504 2518
f 2507 2424 2511
f 2525 2504 2500
f 2524 2505 2526
f 2500 2528 2525
f 2523 2501 2524
f 2502 2522 2538
f 2521 2503 2539
f 2538 2522 2537
f 2523 2539 2536
f 2590 2522 2528
f 2589 2523 2536
f 2502 2498 2507
f 2499 2503 2506
f 2430 2472 2504
f 2505 2934 2431
f 2571 2608 2575
f 2565 2550 2546
f 2541 2385 2545
f 2565 2545 2549
f 2566 2551 2552
f 2549 2545 2553
f 2558 2544 2552
f 2559 2545 2474
f 2547 2555 2548
f 2546 2554 2475
f 2540 2568 2563
f 2624 2543 2561
f 2624 2563 2568
f 2564 2623 2567
f 2569 2564 2567
f 2503 2570 2577
f 2498 2603 2574
f 2577 2602 2599
f 2547 2390 2491
f 2498 2579 2582
f 2578 2577 2604
f 2543 2390 2547
f 2389 2542 2546
f 2601 2596 2575
f 2576 2586 2588
f 2585 2575 2587
f 2597 2605 2584
f 2604 2601 2583
f 2597 2584 2586
f 2583 2601 2585
f 2582 2600 2498
f 2599 2604 2577
f 2500 2576 2588
f 2498 2502 2581
f 2595 2576 2572
f 2594 2575 2596
f 2572 2598 2595
f 2574 2592 2655
f 2591 2573 2654
f 2655 2592 2657
f 2593 2654 2656
f 2606 2592 2598
f 2607 2593 2656
f 2570 2573 2577
f 2504 2472 2576
f 2608 2934 2505
f 2178 2389 2934
f 2505 2575 2608
f 2637 2679 2642
f 2631 2618 2615
f 2610 2385 2614
f 2622 2630 2614
f 2613 2632 2619
f 2631 2630 2620
f 2613 2619 2621
f 2625 2613 2621
f 2626 2614 2541
f 2616 2624 2617
f 2615 2623 2542
f 2625 2568 2540
f 2633 2612 2627
f 2633 2627 2697
f 2629 2695 2696
f 2697 2627 2609
f 2634 2629 2696
f 2643 2498 2574
f 2643 2670 2639
f 2636 2669 2666
f 2616 2390 2543
f 2643 2645 2648
f 2644 2636 2671
f 2612 2390 2616
f 2389 2611 2615
f 2668 2663 2642
f 2641 2651 2653
f 2649 2642 2652
f 2671 2668 2649
f 2672 2650 2651
f 2648 2667 2643
f 2666 2671 2636
f 2572 2641 2653
f 2643 2574 2647
f 2662 2641 2638
f 2661 2642 2663
f 2638 2665 2662
f 2660 2637 2661
f 2639 2659 2675
f 2658 2640 2676
f 2675 2659 2673
f 2660 2676 2674
f 2677 2659 2665
f 2678 2660 2674
f 2639 2635 2643
f 2576 2472 2641
f 2679 2178 2608
f 2608 2642 2679
f 2711 2751 2716
f 2704 2689 2686
f 2681 2385 2685
f 2694 2703 2685
f 2704 2703 2688
f 2705 2691 2692
f 2688 2703 2693
f 2698 2684 2692
f 2634 2685 2610
f 2683 2633 2687
f 2686 2695 2611
f 2698 2697 2609
f 2680 2707 2701
f 2708 2683 2699
f 2708 2699 2707
f 2700 2766 2706
f 2707 2699 2701
f 2768 2700 2706
f 2718 2635 2639
f 2717 2636 2709
f 2718 2742 2713
f 2717 2741 2738
f 2683 2390 2612
f 2718 2720 2723
f 2719 2717 2743
f 2389 2682 2686
f 2740 2735 2716
f 2715 2727 2729
f 2726 2716 2728
f 2743 2740 2724
f 2744 2725 2727
f 2724 2740 2726
f 2723 2739 2718
f 2738 2743 2717
f 2638 2715 2729
f 2718 2639 2722
f 2734 2715 2712
f 2733 2716 2735
f 2712 2737 2734
f 2732 2711 2733
f 2713 2731 2747
f 2730 2714 2748
f 2747 2731 2745
f 2732 2748 2746
f 2749 2731 2737
f 2750 2732 2746
f 2713 2710 2718
f 2709 2714 2717
f 2641 2472 2715
f 2751 2178 2679
f 2679 2716 2751
f 2780 2816 2785
f 2774 2761 2758
f 2753 2385 2757
f 2765 2773 2757
f 2774 2773 2763
f 2775 2762 2764
f 2767 2756 2764
f 2768 2757 2681
f 2759 2708 2760
f 2758 2766 2682
f 2767 2707 2680
f 2752 2834 2772
f 2777 2755 2769
f 2777 2769 2833
f 2771 2776 2832
f 2834 2769 2772
f 2787 2710 2713
f 2786 2709 2779
f 2787 2811 2782
f 2786 2810 2793
f 2759 2390 2683
f 2787 2789 2792
f 2788 2786 2793
f 2755 2390 2759
f 2389 2754 2758
f 2809 2805 2785
f 2793 2812 2794
f 2784 2797 2799
f 2796 2785 2798
f 2812 2809 2794
f 2813 2795 2797
f 2794 2809 2796
f 2792 2808 2787
f 2712 2784 2799
f 2787 2713 2791
f 2804 2784 2781
f 2803 2785 2805
f 2781 2807 2804
f 2802 2780 2803
f 2782 2801 2814
f 2800 2783 2815
f 2814 2801 2863
f 2802 2815 2862
f 2865 2801 2807
f 2864 2802 2862
f 2782 2778 2787
f 2779 2783 2786
f 2472 2784 2715
f 2816 2178 2751
f 2751 2785 2816
f 2843 2884 2848
f 2841 2826 2823
f 2818 2385 2822
f 2830 2840 2822
f 2841 2840 2828
f 2842 2827 2829
f 2834 2821 2829
f 2835 2822 2753
f 2824 2777 2825
f 2823 2831 2754
f 2817 2902 2838
f 2897 2820 2836
f 2839 2896 2899
f 2901 2839 2899
f 2850 2778 2782
f 2849 2779 2270
f 2850 2878 2846
f 2849 2877 2874
f 2824 2390 2755
f 2850 2852 2855
f 2851 2849 2879
f 2820 2390 2824
f 2389 2819 2823
f 2876 2871 2848
f 2847 2859 2861
f 2858 2848 2860
f 2879 2876 2856
f 2880 2857 2859
f 2856 2876 2858
f 2855 2875 2850
f 2874 2879 2849
f 2781 2847 2861
f 2850 2782 2854
f 2870 2847 2844
f 2869 2848 2871
f 2844 2873 2870
f 2868 2843 2869
f 2846 2867 2923
f 2866 2845 2922
f 2923 2867 2881
f 2868 2922 2882
f 2883 2867 2873
f 2846 2269 2850
f 2270 2845 2849
f 2472 2847 2784
f 2884 2178 2816
f 2816 2848 2884
f 2888 2907 2316
f 2885 2384 2158
f 2385 2886 2313
f 2908 2891 2887
f 2314 2313 2886
f 2895 2906 2886
f 2908 2906 2890
f 2909 2892 2893
f 2890 2906 2894
f 2900 2885 2893
f 2901 2886 2818
f 2888 2898 2889
f 2887 2896 2819
f 2900 2902 2817
f 2905 2339 2314
f 2336 2907 2903
f 2335 2904 2317
f 2338 2903 2315
f 2270 2347 2929
f 2888 2390 2820
f 2887 2389 2317
f 2269 2913 2916
f 2912 2270 2932
f 2316 2383 2888
f 2931 2926 2911
f 2910 2919 2921
f 2918 2911 2920
f 2927 2933 2913
f 2932 2931 2917
f 2927 2913 2919
f 2917 2931 2918
f 2916 2930 2269
f 2929 2932 2270
f 2844 2910 2921
f 2269 2846 2915
f 2346 2911 2926
f 2348 2925 2367
f 2924 2347 2368
f 2369 2925 2928
f 2472 2382 2847
f 2911 2178 2884
f 2160 2317 2389
f 2910 2847 2382
f 2419 2446 2427
f 2445 2418 2426
f 2470 2448 2446
f 2447 2934 2445
f 2408 2385 2404
f 2470 2450 2448
f 2449 2934 2447
f 2384 2391 2405
f 2392 2385 2408
f 2470 2429 2450
f 2428 2934 2449
f 2967 2973 2966
f 2969 2974 2968
f 2975 2976 2974
f 2977 2978 2976
f 2941 2943 2942
f 2971 2980 2970
f 2939 2944 2940
f 2961 2964 2960
f 2984 2985 2982
f 2966 2963 2967
f 2968 2970 2969
f 2965 2986 2964
f 2986 2987 2973
f 2973 2972 2986
f 2982 2962 2983
f 2960 2984 2961
f 2979 2940 2978
f 3019 3003 3018
f 3005 2998 3004
f 3007 3004 3006
f 3009 3006 3008
f 2951 2954 2952
f 3001 2948 3000
f 2955 2950 2956
f 3011 3010 3012
f 3016 3013 3015
f 2953 2956 2954
f 3023 3018 3022
f 2999 3000 2998
f 3020 3015 3021
f 3020 3021 3003
f 3011 3022 3010
f 3014 3012 3013
f 2947 2952 2948
f 2949 3008 2950
f 3033 3039 3032
f 3035 3040 3034
f 3041 3042 3040
f 3043 3044 3042
f 2989 3047 2988
f 3037 3045 3036
f 3027 3030 3026
f 3048 3051 3047
f 3054 3055 3052
f 3032 3029 3033
f 3034 3036 3035
f 3031 3056 3030
f 3056 3057 3039
f 3039 3038 3056
f 3052 3028 3053
f 3026 3054 3027
f 2988 3046 2989
f 3044 3050 3049
f 2991 3058 3685
f 3092 3072 3091
f 3074 3067 3073
f 3076 3073 3075
f 3078 3075 3077
f 3070 3079 3069
f 3082 2992 3081
f 3084 3083 3085
f 3089 3086 3088
f 3080 3081 3025
f 3096 3091 3095
f 3068 3069 3067
f 3093 3088 3094
f 3093 3094 3072
f 3084 3095 3083
f 3087 3085 3086
f 3079 3024 3025
f 2993 3077 2992
f 3110 3116 3117
f 3113 3118 3112
f 3119 3120 3118
f 3121 3122 3120
f 3125 3128 3124
f 3115 3126 3114
f 3131 3132 3130
f 3138 3108 3137
f 3129 3133 3128
f 3136 3139 3134
f 3112 3114 3113
f 3109 3140 3108
f 3140 3141 3117
f 3117 3116 3140
f 3134 3142 3135
f 3137 3136 3138
f 3124 3127 3125
f 3123 3130 3122
f 3169 3153 3168
f 3155 3148 3154
f 3157 3154 3156
f 3159 3156 3158
f 3161 3098 3160
f 3150 3062 3061
f 3099 3059 3100
f 3163 3162 3164
f 3165 3144 3166
f 3097 3100 3098
f 3167 3164 3166
f 3173 3168 3172
f 3149 3150 3148
f 3170 3165 3171
f 3174 3171 3153
f 3163 3172 3162
f 3062 3160 3061
f 3060 3158 3059
f 2936 3103 2935
f 2945 2991 2946
f 2937 2935 2938
f 2958 2946 2957
f 2958 2959 2938
f 3190 3211 3189
f 3192 3196 3191
f 3197 3198 3196
f 3199 3200 3198
f 3202 3203 3201
f 3194 3183 3193
f 3180 3187 3179
f 3204 3205 3203
f 3208 3209 3206
f 3189 3181 3190
f 3191 3193 3192
f 3188 3212 3187
f 3212 3210 3211
f 3211 3195 3212
f 3206 3182 3207
f 3179 3208 3180
f 3201 3184 3202
f 3200 3186 3185
f 3216 3217 3215
f 3257 3261 3256
f 3237 3231 3236
f 3239 3236 3238
f 3241 3238 3240
f 3243 3244 3242
f 3234 3223 3233
f 3247 3225 3246
f 3249 3248 3250
f 3254 3251 3253
f 3245 3246 3244
f 3260 3256 3259
f 3232 3233 3231
f 3262 3253 3258
f 3262 3258 3261
f 3249 3259 3248
f 3252 3250 3251
f 3224 3242 3223
f 3226 3240 3225
f 3278 3303 3277
f 3280 3284 3279
f 3285 3286 3284
f 3287 3288 3286
f 3291 3213 3290
f 3282 3292 3281
f 3295 3296 3294
f 3272 3275 3271
f 3214 3297 3213
f 3300 3301 3298
f 3277 3274 3278
f 3279 3281 3280
f 3276 3304 3275
f 3304 3302 3303
f 3303 3283 3304
f 3298 3273 3299
f 3271 3300 3272
f 3290 3293 3291
f 3289 3294 3288
f 3337 3341 3336
f 3321 3315 3320
f 3323 3320 3322
f 3325 3322 3324
f 3263 3326 3264
f 3317 3221 3222
f 3265 3219 3266
f 3334 3331 3333
f 3327 3266 3326
f 3335 3330 3328
f 3340 3336 3339
f 3316 3317 3315
f 3342 3333 3338
f 3342 3338 3341
f 3329 3339 3328
f 3332 3335 3331
f 3221 3264 3222
f 3220 3324 3219
f 3355 3380 3354
f 3357 3361 3356
f 3362 3363 3361
f 3364 3365 3363
f 3367 3370 3366
f 3359 3368 3358
f 3349 3352 3348
f 3371 3374 3370
f 3377 3378 3375
f 3354 3351 3355
f 3356 3358 3357
f 3353 3381 3352
f 3381 3379 3380
f 3380 3360 3381
f 3375 3350 3376
f 3348 3377 3349
f 3366 3369 3367
f 3365 3373 3372
f 3305 3386 3306
f 3418 3422 3417
f 3402 3396 3401
f 3404 3401 3403
f 3406 3403 3405
f 3345 3343 3346
f 3399 3310 3398
f 3408 3308 3407
f 3410 3409 3411
f 3415 3412 3414
f 3344 3407 3343
f 3421 3417 3420
f 3397 3398 3396
f 3423 3414 3419
f 3423 3419 3422
f 3410 3420 3409
f 3413 3411 3412
f 3309 3346 3310
f 3307 3405 3308
f 3434 3455 3433
f 3435 3440 3439
f 3441 3442 3439
f 3445 3382 3444
f 3437 3446 3436
f 3449 3385 3448
f 3428 3431 3427
f 3383 3384 3382
f 3452 3453 3450
f 3433 3430 3434
f 3432 3456 3431
f 3456 3454 3455
f 3455 3438 3456
f 3450 3429 3451
f 3427 3452 3428
f 3444 3447 3445
f 3443 3448 3442
f 3490 3494 3489
f 3468 3467 3472
f 3474 3472 3473
f 3476 3473 3475
f 3478 3479 3477
f 3470 3390 3469
f 3424 3388 3425
f 3482 3481 3483
f 3487 3484 3486
f 3480 3425 3479
f 3493 3489 3492
f 3467 3470 3469
f 3495 3486 3491
f 3495 3491 3494
f 3482 3492 3481
f 3485 3483 3484
f 3391 3477 3390
f 3389 3475 3388
f 3510 3531 3509
f 3512 3516 3511
f 3517 3518 3516
f 3519 3520 3518
f 3458 3523 3457
f 3514 3521 3513
f 3524 3459 3523
f 3528 3529 3526
f 3509 3507 3510
f 3511 3513 3512
f 3508 3532 3504
f 3532 3530 3531
f 3531 3515 3532
f 3526 3506 3527
f 3505 3529 3528
f 3457 3522 3458
f 3520 3525 3460
f 3464 3538 3537
f 3568 3572 3567
f 3553 3547 3552
f 3555 3552 3554
f 3557 3554 3556
f 3498 3497 3499
f 3550 3558 3549
f 3500 3461 3501
f 3560 3559 3561
f 3565 3562 3564
f 3496 3501 3497
f 3571 3567 3570
f 3548 3549 3547
f 3573 3564 3569
f 3573 3569 3572
f 3560 3570 3559
f 3563 3561 3562
f 3463 3499 3558
f 3462 3556 3461
f 3589 3612 3588
f 3591 3595 3590
f 3596 3597 3595
f 3598 3599 3597
f 3536 3533 3535
f 3593 3601 3592
f 3604 3605 3603
f 3583 3586 3582
f 3534 3606 3533
f 3609 3610 3607
f 3588 3585 3589
f 3590 3592 3591
f 3587 3613 3586
f 3613 3611 3612
f 3612 3594 3613
f 3607 3584 3608
f 3582 3609 3583
f 3535 3602 3536
f 3600 3603 3599
f 3641 3645 3640
f 3627 3621 3626
f 3629 3626 3628
f 3631 3628 3630
f 3576 3575 3577
f 3623 3541 3542
f 3578 3539 3579
f 3633 3632 3634
f 3637 3636 3635
f 3574 3579 3575
f 3639 3634 3635
f 3644 3640 3643
f 3622 3623 3621
f 3638 3637 3642
f 3646 3642 3645
f 3633 3643 3632
f 3541 3577 3542
f 3540 3630 3539
f 3657 3682 3656
f 3659 3663 3658
f 3664 3665 3663
f 3666 3667 3665
f 3615 3671 3614
f 3661 3669 3660
f 3674 3675 3673
f 3672 3676 3671
f 3679 3680 3677
f 3656 3654 3657
f 3658 3660 3659
f 3655 3683 3651
f 3683 3681 3682
f 3682 3662 3683
f 3677 3653 3678
f 3652 3680 3679
f 3614 3670 3615
f 3668 3673 3667
f 3538 3684 3537
f 3718 3722 3717
f 3700 3694 3699
f 3702 3701 3699
f 3647 3705 3648
f 3696 3618 3704
f 3708 3616 3707
f 3710 3709 3711
f 3714 3713 3712
f 3706 3707 3705
f 3716 3711 3712
f 3721 3717 3720
f 3695 3696 3694
f 3719 3715 3714
f 3723 3719 3722
f 3709 3721 3720
f 3618 3648 3704
f 3616 3703 3702
f 3733 3762 3732
f 3735 3739 3734
f 3739 3742 3741
f 3745 3748 3744
f 3737 3746 3736
f 3751 3752 3750
f 3757 3730 3756
f 3749 3753 3748
f 3143 3758 3754
f 3732 3760 3733
f 3735 3737 3736
f 3731 3763 3730
f 3763 3759 3762
f 3762 3738 3763
f 3754 3761 3755
f 3756 3143 3757
f 3744 3747 3745
f 3743 3750 3741
f 3685 3058 3684
f 3774 3767 3773
f 3776 3773 3775
f 3778 3775 3777
f 3780 3725 3779
f 3770 3688 3769
f 3726 3686 3727
f 3784 3781 3783
f 3788 3785 3787
f 3724 3727 3725
f 3145 3790 3772
f 3768 3769 3767
f 3793 3787 3791
f 3793 3791 3792
f 3771 3792 3772
f 3782 3145 3781
f 3786 3783 3785
f 3689 3779 3688
f 3687 3777 3686
f 3218 3306 3217
f 3387 3464 3386
f 3177 3103 3102
f 3267 3177 3268
f 3794 3216 3215
f 3794 3270 3269
f 3267 3268 3270
f 2965 2936 2939
f 2935 2964 2940
f 2970 2973 2969
f 2971 2972 2967
f 2935 2960 2964
f 2986 2972 2974
f 2987 2979 2977
f 2986 2978 2964
f 2974 2976 2986
f 2968 2974 2972
f 2965 2939 2979
f 2980 2966 2970
f 2981 2967 2938
f 2980 2941 2937
f 3051 2961 2984
f 2962 2988 2983
f 2988 2984 2983
f 2982 3049 3048
f 2946 2991 2948
f 2945 2997 2990
f 3023 2997 3019
f 2991 2998 3000
f 2999 2997 3001
f 3016 3020 2996
f 3020 3002 3005
f 2995 3006 3021
f 3007 2996 3020
f 3003 3004 2998
f 3005 3002 2999
f 2995 2950 3008
f 2948 2991 3000
f 2995 3013 2992
f 2996 3014 3016
f 2992 3012 3081
f 3017 2993 3082
f 2991 3010 3022
f 3011 2994 3023
f 3025 3012 3010
f 3011 3082 3080
f 2995 2957 2950
f 2958 2996 2949
f 3031 2936 2961
f 2935 3030 2960
f 3036 3039 3035
f 3037 3038 3033
f 2935 3026 3030
f 3056 3038 3040
f 3056 3044 3030
f 3040 3042 3056
f 3034 3040 3038
f 3031 3050 3043
f 3030 3049 2960
f 3045 3032 3036
f 3046 3033 2963
f 3045 2988 2962
f 2989 3046 2963
f 3051 3050 2961
f 3133 3027 3054
f 3028 3124 3053
f 3124 3054 3053
f 3052 3132 3129
f 2990 3066 3058
f 3095 3065 3061
f 3096 3066 3092
f 2937 3032 2962
f 3065 3067 3069
f 3068 3066 3070
f 3089 3093 3063
f 3093 3071 3074
f 3064 3075 3094
f 3076 3063 3093
f 3072 3073 3067
f 3074 3071 3068
f 3064 2992 3077
f 3079 3065 3069
f 3064 3086 3059
f 3063 3087 3089
f 3059 3085 3100
f 3090 3060 3099
f 3061 3083 3095
f 3084 3062 3096
f 3160 3085 3083
f 3084 3099 3097
f 3064 2995 2992
f 2996 3063 2993
f 3175 3144 3146
f 3142 3110 3106
f 3109 2936 3027
f 2935 3108 3026
f 3114 3117 3113
f 3115 3116 3111
f 3103 3104 3108
f 3140 3116 3118
f 3141 3123 3121
f 3140 3122 3108
f 3118 3120 3140
f 3112 3118 3116
f 3109 3131 3123
f 3108 3130 3026
f 3126 3110 3114
f 3127 3111 3029
f 3126 3124 3028
f 3125 3127 3029
f 3133 3131 3027
f 3109 3138 3105
f 3139 3137 3104
f 3111 3134 3107
f 3134 3139 3143
f 3173 3147 3169
f 2937 3110 3028
f 2938 3111 3107
f 3685 3148 3150
f 3149 3147 3151
f 3174 3152 3155
f 3101 3156 3171
f 3157 3146 3170
f 3153 3154 3148
f 3155 3152 3149
f 3101 3059 3158
f 3061 3685 3150
f 3146 3144 3170
f 3167 3144 3783
f 3685 3162 3172
f 3163 3145 3173
f 2958 2938 3267
f 2937 2959 3176
f 3267 2938 3107
f 3063 3146 3060
f 2946 2948 2952
f 2951 2945 2958
f 2946 2952 2954
f 2946 2954 2956
f 2957 2956 2950
f 2936 2942 2939
f 2935 2944 2938
f 3195 3194 3191
f 3211 3193 3189
f 3180 3178 3188
f 3200 3212 3198
f 3199 3210 3188
f 3211 3210 3197
f 3199 3197 3210
f 3197 3192 3211
f 3185 3187 3200
f 3190 3184 3194
f 3179 3296 3209
f 3291 3181 3206
f 3291 3206 3214
f 3208 3290 3213
f 3296 3206 3209
f 3297 3208 3213
f 3230 3216 3224
f 3229 3215 3217
f 3230 3260 3221
f 3229 3259 3256
f 3190 3268 3184
f 3230 3232 3235
f 3231 3229 3261
f 3181 3268 3190
f 3267 3182 3189
f 3258 3253 3228
f 3227 3239 3241
f 3238 3228 3240
f 3261 3258 3236
f 3262 3237 3239
f 3236 3258 3238
f 3235 3257 3230
f 3256 3261 3229
f 3226 3227 3241
f 3230 3224 3234
f 3252 3227 3220
f 3251 3228 3253
f 3220 3255 3252
f 3250 3219 3251
f 3221 3249 3263
f 3248 3222 3264
f 3263 3249 3327
f 3250 3264 3326
f 3265 3249 3255
f 3266 3250 3326
f 3221 3218 3230
f 3217 3222 3229
f 3283 3282 3279
f 3303 3281 3277
f 3272 3178 3276
f 3288 3304 3286
f 3289 3302 3276
f 3303 3302 3285
f 3287 3285 3302
f 3285 3280 3303
f 3294 3275 3288
f 3295 3276 3180
f 3278 3293 3282
f 3277 3292 3182
f 3294 3296 3179
f 3271 3372 3301
f 3367 3274 3298
f 3367 3298 3371
f 3300 3366 3370
f 3372 3298 3301
f 3374 3300 3370
f 3314 3218 3221
f 3313 3217 3306
f 3314 3340 3309
f 3313 3339 3336
f 3278 3268 3181
f 3314 3316 3319
f 3315 3313 3341
f 3274 3268 3278
f 3267 3273 3277
f 3338 3333 3312
f 3311 3323 3325
f 3322 3312 3324
f 3341 3338 3320
f 3342 3321 3323
f 3320 3338 3322
f 3319 3337 3314
f 3336 3341 3313
f 3220 3311 3325
f 3314 3221 3318
f 3332 3311 3307
f 3331 3312 3333
f 3335 3308 3331
f 3309 3329 3345
f 3328 3310 3346
f 3345 3330 3344
f 3328 3346 3343
f 3408 3330 3332
f 3407 3328 3343
f 3309 3305 3314
f 3306 3310 3313
f 3227 3269 3347
f 3311 3227 3347
f 3360 3359 3356
f 3380 3358 3354
f 3349 3178 3353
f 3365 3381 3363
f 3364 3379 3353
f 3380 3379 3362
f 3364 3362 3379
f 3362 3357 3380
f 3372 3352 3365
f 3373 3353 3272
f 3355 3369 3359
f 3354 3368 3273
f 3348 3385 3378
f 3445 3351 3375
f 3445 3375 3383
f 3377 3444 3382
f 3385 3375 3378
f 3384 3377 3382
f 3395 3305 3309
f 3310 3386 3394
f 3395 3421 3391
f 3394 3420 3417
f 3355 3268 3274
f 3395 3397 3400
f 3396 3394 3422
f 3351 3268 3355
f 3267 3350 3354
f 3419 3414 3392
f 3393 3404 3406
f 3403 3392 3405
f 3422 3419 3401
f 3423 3402 3404
f 3401 3419 3403
f 3400 3418 3395
f 3417 3422 3394
f 3307 3393 3406
f 3395 3309 3399
f 3413 3393 3389
f 3412 3392 3414
f 3389 3416 3413
f 3411 3388 3412
f 3391 3410 3478
f 3409 3390 3477
f 3478 3410 3480
f 3411 3477 3479
f 3424 3410 3416
f 3425 3411 3479
f 3391 3387 3395
f 3386 3390 3394
f 3347 2957 3426
f 3392 3794 3312
f 3270 2957 3269
f 3393 3347 3426
f 3461 3502 3466
f 3438 3437 3435
f 3455 3436 3433
f 3428 3178 3432
f 3442 3456 3439
f 3443 3454 3432
f 3455 3454 3440
f 3441 3440 3454
f 3440 3436 3455
f 3448 3431 3442
f 3449 3432 3349
f 3434 3447 3437
f 3433 3446 3350
f 3448 3385 3348
f 3427 3460 3453
f 3458 3430 3450
f 3458 3450 3524
f 3452 3457 3523
f 3460 3450 3453
f 3459 3452 3523
f 3387 3493 3463
f 3464 3492 3489
f 3434 3268 3351
f 3387 3468 3471
f 3467 3464 3494
f 3430 3268 3434
f 3267 3429 3433
f 3491 3486 3466
f 3465 3474 3476
f 3473 3466 3475
f 3494 3491 3472
f 3495 3468 3474
f 3472 3491 3473
f 3471 3490 3387
f 3489 3494 3464
f 3389 3465 3476
f 3387 3391 3470
f 3485 3465 3462
f 3484 3466 3486
f 3462 3488 3485
f 3483 3461 3484
f 3463 3482 3498
f 3481 3464 3499
f 3498 3482 3496
f 3483 3499 3497
f 3500 3482 3488
f 3501 3483 3497
f 2957 3503 3426
f 3502 3794 3392
f 3465 3426 3503
f 3392 3466 3502
f 3539 3580 3544
f 3515 3514 3511
f 3531 3513 3509
f 3505 3178 3508
f 3520 3532 3518
f 3519 3530 3508
f 3531 3530 3517
f 3519 3517 3530
f 3517 3512 3531
f 3460 3504 3520
f 3525 3508 3428
f 3510 3522 3514
f 3509 3521 3429
f 3504 3605 3529
f 3536 3507 3526
f 3536 3526 3534
f 3528 3535 3533
f 3605 3526 3529
f 3606 3528 3533
f 3546 3387 3463
f 3545 3464 3537
f 3546 3571 3541
f 3545 3570 3567
f 3510 3268 3430
f 3546 3548 3551
f 3547 3545 3572
f 3507 3268 3510
f 3267 3506 3509
f 3569 3564 3544
f 3543 3555 3557
f 3554 3544 3556
f 3572 3569 3552
f 3573 3553 3555
f 3552 3569 3554
f 3551 3568 3546
f 3567 3572 3545
f 3462 3543 3557
f 3546 3463 3550
f 3545 3558 3464
f 3499 3464 3558
f 3563 3543 3540
f 3562 3544 3564
f 3540 3566 3563
f 3561 3539 3562
f 3541 3560 3576
f 3559 3542 3577
f 3576 3560 3574
f 3561 3577 3575
f 3578 3560 3566
f 3579 3561 3575
f 3541 3538 3546
f 3537 3542 3545
f 2957 3581 3503
f 3502 2958 3794
f 3543 3503 3581
f 3502 3544 3580
f 3616 3649 3620
f 3594 3593 3590
f 3612 3592 3588
f 3583 3178 3587
f 3599 3613 3597
f 3600 3611 3587
f 3612 3611 3596
f 3598 3596 3611
f 3596 3591 3612
f 3603 3586 3599
f 3604 3587 3505
f 3589 3602 3593
f 3588 3601 3506
f 3603 3605 3504
f 3582 3675 3610
f 3615 3585 3607
f 3615 3607 3672
f 3609 3614 3671
f 3675 3607 3610
f 3676 3609 3671
f 3538 3644 3618
f 3537 3643 3640
f 3589 3268 3507
f 3538 3622 3625
f 3621 3537 3645
f 3585 3268 3589
f 3267 3584 3588
f 3642 3637 3620
f 3619 3629 3631
f 3628 3620 3630
f 3638 3646 3627
f 3645 3642 3626
f 3638 3627 3629
f 3626 3642 3628
f 3625 3641 3538
f 3640 3645 3537
f 3540 3619 3631
f 3538 3541 3624
f 3636 3619 3617
f 3635 3620 3637
f 3617 3639 3636
f 3618 3633 3647
f 3632 3537 3648
f 3647 3633 3706
f 3634 3648 3705
f 3708 3633 3639
f 3707 3634 3705
f 3581 2957 3650
f 3619 3581 3650
f 3580 3620 3649
f 3686 3728 3691
f 3662 3661 3658
f 3682 3660 3656
f 3652 3178 3655
f 3667 3683 3665
f 3668 3681 3655
f 3682 3681 3664
f 3666 3664 3681
f 3664 3659 3682
f 3673 3651 3667
f 3674 3655 3583
f 3657 3670 3661
f 3656 3669 3584
f 3673 3675 3582
f 3651 3752 3680
f 3745 3654 3677
f 3745 3677 3749
f 3679 3744 3748
f 3752 3677 3680
f 3753 3679 3748
f 3693 3538 3618
f 3692 3537 3684
f 3693 3721 3689
f 3692 3720 3717
f 3657 3268 3585
f 3693 3695 3698
f 3694 3692 3722
f 3654 3268 3657
f 3267 3653 3656
f 3719 3714 3691
f 3690 3701 3703
f 3699 3691 3702
f 3722 3719 3699
f 3723 3700 3701
f 3698 3718 3693
f 3717 3722 3692
f 3617 3690 3703
f 3693 3618 3697
f 3692 3704 3537
f 3648 3537 3704
f 3713 3690 3687
f 3712 3691 3714
f 3687 3716 3713
f 3689 3710 3780
f 3709 3688 3779
f 3780 3710 3724
f 3711 3779 3725
f 3726 3710 3716
f 3727 3711 3725
f 3689 3685 3693
f 3684 3688 3692
f 2957 3729 3650
f 3690 3650 3729
f 3649 3691 3728
f 3144 3175 3765
f 3733 3760 3106
f 3730 3177 3102
f 3178 3731 3103
f 3738 3737 3734
f 3762 3736 3732
f 3104 3103 3731
f 3743 3759 3731
f 3762 3759 3740
f 3742 3740 3759
f 3740 3735 3762
f 3750 3730 3741
f 3751 3731 3652
f 3733 3747 3737
f 3732 3746 3653
f 3750 3752 3651
f 3756 3730 3105
f 3756 3136 3758
f 3757 3139 3104
f 3135 3760 3754
f 3134 3761 3107
f 3136 3754 3758
f 3766 3684 3058
f 3766 3145 3772
f 3733 3268 3654
f 3732 3267 3107
f 3685 3768 3771
f 3767 3766 3772
f 3106 3176 3733
f 3791 3787 3765
f 3772 3792 3773
f 3764 3776 3778
f 3775 3765 3777
f 3792 3791 3773
f 3793 3774 3776
f 3773 3791 3775
f 3771 3790 3685
f 3687 3764 3778
f 3685 3689 3770
f 3786 3764 3166
f 3785 3765 3787
f 3166 3789 3786
f 3783 3144 3785
f 3685 3782 3162
f 3781 3145 3163
f 3162 3784 3164
f 3166 3784 3789
f 3058 3145 3766
f 2957 3101 3729
f 3175 2958 3728
f 3270 3176 2959
f 3764 3729 3101
f 3728 3765 3175
f 3216 3243 3224
f 3242 3215 3223
f 3268 3202 3184
f 3201 3267 3183
f 3269 3245 3243
f 3244 3794 3242
f 3177 3204 3202
f 3203 3178 3201
f 3269 3247 3245
f 3246 3794 3244
f 3177 3185 3204
f 3205 3178 3203
f 3269 3226 3247
f 3225 3794 3246
f 3186 3178 3205
f 3827 3830 3824
f 3832 3829 3828
f 3834 3833 3832
f 3834 3835 3833
f 3801 3804 3802
f 3836 3828 3829
f 3805 3799 3800
f 3825 3823 3822
f 3803 3805 3804
f 3822 3839 3837
f 3830 3831 3840
f 3839 3822 3823
f 3802 3836 3801
f 3800 3835 3834
f 3858 3873 3872
f 3860 3859 3861
f 3860 3863 3862
f 3815 3812 3813
f 3809 3856 3855
f 3811 3816 3817
f 3864 3865 3866
f 3867 3870 3869
f 3817 3814 3815
f 3872 3877 3876
f 3855 3854 3853
f 3869 3874 3875
f 3875 3879 3878
f 3878 3857 3858
f 3864 3877 3865
f 3867 3871 3868
f 3813 3808 3809
f 3862 3810 3811
f 3893 3891 3890
f 3895 3894 3893
f 3895 3896 3894
f 3897 3890 3891
f 3900 3903 3901
f 3886 3883 3882
f 3899 3902 3842
f 3907 3906 3904
f 3885 3888 3889
f 3884 3904 3905
f 3906 3882 3883
f 3898 3841 3842
f 3900 3896 3895
f 3909 3843 3844
f 3924 3944 3943
f 3919 3926 3925
f 3927 3926 3928
f 3927 3930 3929
f 3931 3880 3881
f 3848 3922 3921
f 3933 3846 3932
f 3934 3935 3936
f 3937 3940 3939
f 3933 3932 3931
f 3936 3942 3941
f 3943 3948 3947
f 3919 3922 3920
f 3939 3945 3946
f 3946 3950 3949
f 3949 3923 3924
f 3934 3948 3935
f 3941 3938 3937
f 3881 3847 3848
f 3929 3846 3845
f 3963 3967 3964
f 3969 3966 3965
f 3971 3970 3969
f 3971 3972 3970
f 3973 3977 3974
f 3975 3965 3966
f 3978 3980 3979
f 3961 3958 3984
f 3984 3983 3981
f 3967 3968 3985
f 3983 3984 3958
f 3978 3972 3971
f 4013 3998 4014
f 4001 4000 4002
f 4001 4004 4003
f 3952 4006 4005
f 3913 3997 3996
f 3911 3953 3954
f 4007 4008 4009
f 3986 4011 4010
f 3954 3951 3952
f 4013 3988 3989
f 3996 3995 3994
f 4010 4015 4016
f 4016 4017 3999
f 3989 4008 4007
f 4012 3987 3986
f 4005 3914 3913
f 4003 3912 3911
f 3956 3796 3795
f 3844 3806 3807
f 3798 3796 3797
f 3807 3819 3818
f 3819 3820 3821
f 3798 3797 3820
f 4033 4036 4034
f 4037 4038 4036
f 4042 4040 4039
f 4041 4035 4034
f 4044 4046 4045
f 4047 4046 4044
f 4025 4031 4032
f 4034 4035 4033
f 4048 4030 4023
f 4049 4048 4050
f 4024 4047 4023
f 4028 4038 4037
f 4055 4054 4053
f 4069 4076 4075
f 4075 4078 4077
f 4077 4080 4079
f 4083 4082 4081
f 4061 4072 4071
f 4063 4085 4084
f 4086 4089 4088
f 4090 4093 4092
f 4083 4085 4082
f 4088 4095 4094
f 4096 4099 4098
f 4071 4070 4069
f 4092 4097 4100
f 4100 4097 4101
f 4074 4101 4073
f 4098 4087 4086
f 4094 4091 4090
f 4081 4062 4061
f 4079 4064 4063
f 4114 4118 4115
f 4120 4119 4117
f 4051 4122 4121
f 4121 4116 4115
f 4127 4126 4125
f 4127 4129 4126
f 4125 4112 4113
f 4115 4116 4114
f 4130 4111 4108
f 4131 4130 4132
f 4110 4125 4126
f 4109 4128 4108
f 4123 4119 4120
f 4143 4150 4149
f 4149 4152 4151
f 4151 4154 4153
f 4103 4156 4102
f 4060 4146 4145
f 4057 4104 4155
f 4157 4160 4159
f 4161 4164 4163
f 4159 4166 4165
f 4167 4170 4169
f 4145 4144 4143
f 4163 4168 4171
f 4171 4168 4172
f 4148 4172 4147
f 4169 4158 4157
f 4165 4162 4161
f 4060 4102 4059
f 4153 4058 4057
f 4186 4182 4181
f 4183 4188 4184
f 4189 4188 4187
f 4194 4192 4191
f 4191 4185 4184
f 4196 4192 4194
f 4199 4200 4198
f 4179 4181 4182
f 4201 4180 4176
f 4203 4186 4202
f 4178 4197 4198
f 4177 4199 4176
f 4193 4191 4192
f 4195 4190 4189
f 4208 4133 4134
f 4218 4225 4224
f 4224 4227 4226
f 4226 4229 4228
f 4138 4221 4220
f 4136 4230 4173
f 4231 4234 4233
f 4235 4238 4237
f 4173 4230 4174
f 4240 4243 4242
f 4220 4219 4218
f 4237 4241 4244
f 4244 4241 4245
f 4223 4245 4222
f 4242 4232 4231
f 4235 4239 4236
f 4175 4137 4138
f 4228 4135 4136
f 4256 4253 4250
f 4257 4255 4254
f 4257 4260 4258
f 4204 4263 4262
f 4262 4254 4255
f 4264 4266 4265
f 4206 4205 4204
f 4267 4266 4264
f 4251 4250 4253
f 4268 4252 4248
f 4270 4256 4269
f 4265 4251 4264
f 4249 4267 4248
f 4207 4261 4259
f 4284 4291 4290
f 4290 4293 4292
f 4292 4295 4294
f 4296 4298 4297
f 4212 4287 4286
f 4247 4211 4246
f 4299 4302 4301
f 4303 4306 4305
f 4247 4298 4296
f 4301 4308 4307
f 4309 4312 4311
f 4286 4285 4284
f 4305 4310 4313
f 4313 4310 4314
f 4289 4314 4288
f 4311 4300 4299
f 4307 4304 4303
f 4212 4297 4213
f 4294 4211 4210
f 4330 4329 4328
f 4332 4333 4331
f 4335 4334 4271
f 4271 4328 4329
f 4324 4321 4320
f 4272 4336 4335
f 4339 4340 4338
f 4323 4326 4327
f 4341 4325 4324
f 4342 4341 4343
f 4327 4343 4341
f 4338 4323 4337
f 4340 4320 4321
f 4273 4333 4332
f 4347 4274 4275
f 4357 4364 4363
f 4363 4366 4365
f 4365 4368 4367
f 4279 4360 4359
f 4319 4277 4318
f 4369 4372 4371
f 4373 4376 4375
f 4316 4318 4315
f 4371 4378 4377
f 4379 4382 4381
f 4359 4358 4357
f 4375 4376 4380
f 4383 4380 4384
f 4362 4384 4361
f 4381 4370 4369
f 4377 4374 4373
f 4317 4278 4279
f 4367 4277 4276
f 4414 4397 4393
f 4400 4399 4398
f 4402 4403 4401
f 4344 4404 4346
f 4346 4398 4399
f 4407 4410 4408
f 4395 4392 4391
f 4406 4345 4344
f 4394 4393 4397
f 4412 4396 4395
f 4413 4412 4414
f 4397 4414 4412
f 4408 4394 4407
f 4411 4391 4392
f 4405 4403 4402
f 4444 4428 4445
f 4424 4430 4429
f 4429 4432 4431
f 4431 4434 4433
f 4388 4385 4387
f 4352 4427 4426
f 4390 4350 4389
f 4435 4438 4437
f 4439 4442 4441
f 4386 4389 4385
f 4447 4445 4436
f 4426 4425 4424
f 4441 4442 4446
f 4448 4428 4444
f 4447 4436 4435
f 4439 4443 4440
f 4352 4387 4351
f 4433 4350 4349
f 4473 4456 4453
f 4460 4458 4457
f 4460 4462 4458
f 4464 4463 4415
f 4415 4457 4459
f 4454 4453 4456
f 4459 4457 4458
f 4472 4455 4451
f 4455 4472 4473
f 4456 4473 4472
f 4469 4454 4468
f 4452 4471 4451
f 4461 4467 4462
f 3910 4416 4347
f 4506 4486 4507
f 4482 4488 4487
f 4487 4490 4489
f 4489 4492 4491
f 4493 4449 4450
f 4484 4419 4485
f 4495 4418 4494
f 4496 4499 4498
f 4500 4503 4502
f 4498 4505 4504
f 4510 4507 4497
f 4484 4483 4482
f 4502 4508 4509
f 4509 4512 4511
f 4511 4512 4486
f 4510 4497 4496
f 4504 4501 4500
f 4420 4449 4419
f 4491 4418 4417
f 4542 4520 4519
f 4521 4526 4522
f 4527 4528 4526
f 4531 4530 4529
f 4529 4523 4522
f 4535 4537 4536
f 4517 3957 4538
f 4534 4532 4531
f 4541 4519 4520
f 4539 4518 4517
f 4540 4539 4542
f 4524 4542 4539
f 4536 4541 4535
f 4533 4528 4527
f 4547 4548 4553
f 4553 4555 4554
f 4554 4557 4556
f 4558 4513 4559
f 4476 4550 4549
f 4474 4515 4514
f 4560 4019 4018
f 4562 4565 4564
f 4514 4515 4513
f 4018 4567 4566
f 4568 4571 4570
f 4547 4550 4548
f 4564 4569 4572
f 4572 4569 4573
f 4552 4573 4551
f 4570 4561 4560
f 4566 4563 4562
f 4476 4559 4477
f 4556 4475 4474
f 4134 4056 4055
f 4275 4209 4208
f 3955 4022 4021
f 4027 4022 4026
f 4053 4574 4105
f 4106 4105 4107
f 4027 4026 4106
f 3796 3826 3799
f 3825 3795 3800
f 3829 3831 3827
f 3796 3823 3826
f 3833 3831 3829
f 3830 3832 3828
f 3825 3800 3834
f 3836 3827 3797
f 3802 3824 3828
f 3801 3836 3797
f 3824 3842 3837
f 3839 3841 3838
f 3839 3903 3899
f 3837 3902 3822
f 3807 3851 3844
f 3806 3852 3808
f 3876 3851 3872
f 3877 3852 3847
f 3853 3851 3855
f 3852 3854 3856
f 3869 3875 3849
f 3878 3858 3853
f 3860 3849 3875
f 3850 3861 3874
f 3857 3859 3854
f 3850 3810 3863
f 3808 3852 3856
f 3849 3867 3869
f 3850 3868 3846
f 3866 3845 3933
f 3846 3871 3932
f 3864 3848 3876
f 3847 3865 3877
f 3866 3881 3864
f 3866 3933 3931
f 3865 3932 3871
f 3818 3849 3811
f 3850 3819 3810
f 3796 3887 3823
f 3886 3795 3822
f 3891 3892 3888
f 3796 3883 3887
f 3894 3892 3891
f 3889 3893 3890
f 3887 3901 3823
f 3886 3900 3895
f 3897 3888 3838
f 3898 3889 3890
f 3841 3897 3838
f 3898 3842 3824
f 3902 3900 3822
f 3977 3882 3907
f 3885 3974 3904
f 3906 3973 3905
f 3906 3980 3976
f 3904 3977 3907
f 3844 3917 3909
f 3843 3918 3847
f 3947 3917 3943
f 3948 3918 3914
f 3798 3889 3824
f 3919 3917 3921
f 3918 3920 3922
f 3939 3946 3916
f 3949 3924 3925
f 3927 3916 3946
f 3915 3928 3945
f 3925 3924 3919
f 3923 3926 3920
f 3915 3846 3930
f 3847 3918 3922
f 3916 3937 3939
f 3915 3938 3912
f 3941 3911 3954
f 3912 3942 3953
f 3934 3913 3947
f 3914 3935 3948
f 3936 4005 3934
f 3936 3954 3952
f 3935 3953 3942
f 3849 3916 3845
f 3915 3850 3846
f 4020 3986 3991
f 3796 3962 3883
f 3961 3795 3882
f 3966 3968 3963
f 3955 3958 3962
f 3970 3968 3966
f 3967 3969 3965
f 3962 3979 3883
f 3961 3978 3971
f 3975 3963 3884
f 3974 3964 3965
f 3973 3975 3884
f 3977 3978 3882
f 3961 3984 3957
f 3910 3993 3914
f 3989 3992 4013
f 3797 3963 3959
f 3798 3964 3885
f 3994 3992 3996
f 3993 3995 3997
f 4010 4016 3991
f 4001 3991 4016
f 3990 4002 4015
f 3998 4000 3995
f 3990 3912 4004
f 3914 3993 3997
f 3991 3986 4010
f 4007 4012 4019
f 3820 3797 3959
f 3916 3991 3911
f 3990 3915 3912
f 3813 3807 3818
f 3806 3812 3819
f 3819 3812 3814
f 3819 3814 3816
f 3819 3816 3810
f 3796 3803 3797
f 3795 3805 3800
f 4050 4035 4032
f 4037 4048 4023
f 4038 4030 4036
f 4050 4048 4033
f 4030 4049 4036
f 4033 4048 4037
f 4029 4030 4038
f 4032 4040 4027
f 4031 4041 4034
f 4024 4051 4046
f 4044 4122 4052
f 4121 4046 4051
f 4123 4044 4052
f 4068 4054 4056
f 4067 4053 4061
f 4068 4099 4073
f 4067 4098 4060
f 4070 4068 4073
f 4067 4069 4074
f 4027 4025 4032
f 4045 4026 4031
f 4097 4093 4065
f 4073 4101 4076
f 4078 4065 4080
f 4066 4077 4079
f 4101 4097 4076
f 4076 4097 4078
f 4100 4075 4077
f 4074 4096 4067
f 4063 4066 4079
f 4067 4061 4071
f 4091 4065 4093
f 4090 4066 4057
f 4095 4058 4091
f 4057 4094 4090
f 4087 4059 4102
f 4060 4086 4103
f 4089 4102 4156
f 4103 4088 4155
f 4104 4089 4156
f 4155 4088 4094
f 4056 4059 4068
f 4060 4055 4067
f 4132 4116 4113
f 4120 4130 4108
f 4132 4130 4117
f 4111 4131 4118
f 4111 4118 4119
f 4123 4108 4023
f 4124 4111 4119
f 4113 4122 4025
f 4112 4121 4115
f 4124 4051 4024
f 4109 4196 4129
f 4191 4110 4126
f 4191 4126 4194
f 4195 4127 4192
f 4196 4126 4129
f 4142 4056 4133
f 4141 4055 4060
f 4142 4170 4147
f 4141 4169 4138
f 4112 4026 4045
f 4144 4142 4147
f 4141 4143 4148
f 4027 4125 4113
f 4110 4026 4112
f 4168 4164 4139
f 4147 4172 4150
f 4152 4139 4154
f 4140 4151 4153
f 4172 4168 4150
f 4150 4168 4152
f 4171 4149 4151
f 4148 4167 4141
f 4057 4140 4153
f 4141 4060 4145
f 4162 4139 4164
f 4161 4140 4136
f 4166 4135 4162
f 4136 4165 4161
f 4158 4137 4174
f 4138 4157 4175
f 4175 4159 4173
f 4230 4160 4174
f 4173 4159 4165
f 4133 4137 4142
f 4138 4134 4141
f 4105 4140 4066
f 4182 4203 4187
f 4189 4201 4176
f 4203 4201 4187
f 4187 4201 4189
f 4202 4188 4190
f 4195 4176 4108
f 4196 4180 4190
f 4182 4193 4125
f 4181 4191 4184
f 4177 4206 4200
f 4262 4178 4198
f 4199 4263 4205
f 4262 4198 4204
f 4207 4199 4205
f 4206 4198 4200
f 4137 4209 4217
f 4208 4138 4216
f 4217 4243 4222
f 4216 4242 4212
f 4181 4026 4110
f 4219 4217 4222
f 4216 4218 4223
f 4027 4179 4182
f 4178 4026 4181
f 4241 4238 4215
f 4222 4245 4225
f 4227 4215 4229
f 4214 4226 4228
f 4245 4241 4225
f 4225 4241 4227
f 4244 4224 4226
f 4223 4240 4216
f 4136 4214 4228
f 4216 4138 4220
f 4236 4215 4238
f 4235 4214 4210
f 4239 4211 4236
f 4210 4233 4235
f 4232 4213 4297
f 4212 4231 4296
f 4234 4297 4298
f 4246 4234 4298
f 4209 4213 4217
f 4212 4208 4216
f 4105 4214 4140
f 4253 4270 4257
f 4259 4268 4248
f 4261 4269 4260
f 4270 4268 4257
f 4257 4268 4259
f 4269 4258 4260
f 4207 4248 4176
f 4206 4252 4261
f 4253 4263 4179
f 4250 4262 4255
f 4249 4272 4266
f 4271 4250 4265
f 4264 4334 4336
f 4271 4266 4335
f 4273 4264 4336
f 4283 4209 4274
f 4282 4208 4212
f 4283 4312 4288
f 4282 4311 4279
f 4250 4026 4178
f 4285 4283 4288
f 4282 4284 4289
f 4027 4251 4253
f 4310 4306 4280
f 4288 4314 4291
f 4293 4280 4295
f 4281 4292 4294
f 4314 4310 4291
f 4291 4310 4293
f 4313 4290 4292
f 4289 4309 4282
f 4210 4281 4294
f 4282 4212 4286
f 4304 4280 4306
f 4303 4281 4276
f 4308 4277 4304
f 4276 4307 4303
f 4300 4278 4315
f 4279 4299 4317
f 4317 4301 4316
f 4318 4302 4315
f 4319 4301 4307
f 4274 4278 4283
f 4279 4275 4282
f 4105 4281 4214
f 4320 4021 4324
f 4327 4341 4330
f 4332 4341 4324
f 4333 4342 4331
f 4342 4343 4331
f 4330 4341 4332
f 4273 4324 4248
f 4272 4325 4333
f 4327 4334 4251
f 4326 4271 4329
f 4321 4406 4340
f 4346 4322 4338
f 4339 4404 4345
f 4346 4338 4344
f 4405 4339 4345
f 4406 4338 4340
f 4356 4274 4348
f 4355 4275 4279
f 4356 4382 4361
f 4355 4381 4352
f 4326 4026 4250
f 4358 4356 4361
f 4355 4357 4362
f 4027 4323 4327
f 4322 4026 4326
f 4380 4376 4353
f 4361 4384 4364
f 4366 4353 4368
f 4354 4365 4367
f 4384 4380 4364
f 4375 4383 4363
f 4364 4380 4366
f 4375 4363 4365
f 4362 4379 4355
f 4276 4354 4367
f 4355 4279 4359
f 4374 4353 4376
f 4373 4354 4349
f 4378 4350 4374
f 4349 4377 4373
f 4370 4351 4387
f 4352 4369 4388
f 4372 4387 4385
f 4388 4371 4386
f 4389 4372 4385
f 4390 4371 4377
f 4348 4351 4356
f 4352 4347 4355
f 4353 4107 4280
f 4105 4354 4281
f 4391 4021 4395
f 4397 4412 4400
f 4402 4412 4395
f 4403 4413 4401
f 4413 4414 4401
f 4400 4412 4402
f 4405 4395 4320
f 4406 4396 4403
f 4397 4404 4323
f 4393 4346 4399
f 4392 4464 4411
f 4415 4393 4408
f 4409 4463 4465
f 4415 4410 4464
f 4466 4409 4465
f 4464 4410 4411
f 4423 4348 4416
f 4423 4436 4445
f 4347 4447 4420
f 4393 4026 4322
f 4425 4423 4428
f 4347 4424 4444
f 4027 4394 4397
f 4446 4442 4421
f 4428 4446 4430
f 4432 4421 4434
f 4422 4431 4433
f 4441 4448 4429
f 4430 4446 4432
f 4441 4429 4431
f 4445 4428 4423
f 4349 4422 4433
f 4347 4352 4426
f 4440 4421 4442
f 4439 4422 4417
f 4443 4418 4440
f 4417 4437 4439
f 4436 4419 4449
f 4420 4435 4450
f 4438 4449 4494
f 4450 4437 4493
f 4416 4419 4423
f 4421 4107 4353
f 4105 4422 4354
f 4475 4516 4478
f 4473 4459 4458
f 4456 4472 4460
f 4461 4472 4451
f 4455 4473 4458
f 4460 4472 4461
f 4455 4458 4462
f 4466 4451 4391
f 4467 4455 4462
f 4456 4463 4394
f 4453 4415 4459
f 4467 4464 4392
f 4452 4534 4470
f 4529 4453 4469
f 4468 4530 4532
f 4529 4470 4531
f 4533 4468 4532
f 4481 4416 3909
f 4480 4347 4420
f 4481 4497 4507
f 4480 4510 4476
f 4453 4026 4393
f 4483 4481 4486
f 4480 4482 4511
f 4027 4454 4456
f 4508 4503 4478
f 4486 4512 4488
f 4490 4478 4492
f 4479 4489 4491
f 4512 4508 4488
f 4509 4511 4487
f 4488 4508 4490
f 4509 4487 4489
f 4507 4486 4481
f 4511 4506 4480
f 4417 4479 4491
f 4480 4420 4484
f 4501 4478 4503
f 4500 4479 4474
f 4505 4475 4501
f 4474 4504 4500
f 4497 4477 4559
f 4476 4496 4558
f 4499 4559 4513
f 4558 4498 4514
f 4515 4499 4513
f 4514 4498 4504
f 3909 4477 4481
f 4476 3910 4480
f 4105 4479 4422
f 4421 4478 4516
f 3986 4020 4543
f 4519 4536 3960
f 4021 4517 3955
f 4518 4022 3956
f 4524 4523 4520
f 3958 3955 4517
f 4524 4539 4525
f 4527 4539 4517
f 4528 4540 4526
f 4540 4542 4526
f 4525 4539 4527
f 4533 4517 4451
f 4534 4518 4528
f 4520 4530 4454
f 4519 4529 4522
f 4538 3983 3958
f 3957 3984 4537
f 3982 4541 3959
f 4535 3982 3983
f 4545 3910 4476
f 4546 4571 4551
f 4545 4570 3988
f 4520 4027 3959
f 4519 4026 4453
f 4548 4546 4551
f 4545 4547 4552
f 4569 4565 4543
f 4551 4573 4548
f 4555 4543 4557
f 4544 4554 4556
f 4573 4569 4548
f 4548 4569 4555
f 4572 4553 4554
f 4552 4568 4545
f 4474 4544 4556
f 4545 4476 4549
f 4563 4543 4565
f 4562 4544 3987
f 4567 3986 4563
f 3987 4566 4562
f 4561 3989 4007
f 3988 4560 4008
f 4009 4018 4566
f 3909 3989 4546
f 3988 3910 4545
f 4516 3821 4107
f 4105 3990 4479
f 4107 3820 4106
f 4026 3819 4105
f 3820 4027 4106
f 4516 4543 4020
f 4544 4479 3990
f 4082 4054 4062
f 4053 4081 4061
f 4105 4083 4081
f 4043 4021 4040
f 4022 4042 4039
f 4085 4574 4082
f 4105 4084 4083
f 4028 4021 4043
f 4064 4574 4085
f 4105 4063 4084
f 4022 4029 4042
f 4592 4589 4588
f 4593 4589 4592
f 4597 4596 4595
f 4590 4581 4588
f 4598 4583 4582
f 4584 4578 4577
f 4597 4598 4596
f 4577 4601 4599
f 4579 4586 4587
f 4590 4588 4589
f 4602 4585 4584
f 4603 4602 4591
f 4601 4577 4578
f 4581 4595 4596
f 4582 4594 4593
f 4608 4607 4606
f 4646 4625 4647
f 4628 4627 4629
f 4628 4631 4630
f 4634 4633 4632
f 4614 4624 4623
f 4616 4637 4636
f 4638 4639 4640
f 4643 4642 4648
f 4636 4635 4634
f 4644 4640 4645
f 4646 4651 4650
f 4623 4622 4621
f 4643 4648 4649
f 4649 4652 4626
f 4650 4639 4638
f 4641 4645 4642
f 4632 4615 4614
f 4630 4617 4616
f 4671 4667 4666
f 4672 4669 4668
f 4674 4673 4672
f 4604 4677 4676
f 4676 4668 4669
f 4664 4661 4660
f 4679 4605 4604
f 4683 4682 4680
f 4663 4666 4667
f 4684 4665 4664
f 4665 4684 4671
f 4670 4671 4684
f 4662 4680 4681
f 4682 4660 4661
f 4678 4675 4674
f 4701 4700 4702
f 4703 4702 4704
f 4705 4653 4654
f 4613 4697 4696
f 4610 4655 4656
f 4706 4707 4708
f 4709 4712 4711
f 4705 4655 4653
f 4708 4714 4713
f 4718 4715 4719
f 4696 4695 4694
f 4711 4716 4717
f 4717 4721 4720
f 4720 4698 4699
f 4706 4719 4707
f 4713 4710 4709
f 4654 4612 4613
f 4610 4704 4611
f 4740 4735 4734
f 4741 4737 4736
f 4742 4737 4741
f 4747 4745 4744
f 4738 4746 4736
f 4732 4729 4728
f 4750 4748 4747
f 4728 4753 4751
f 4731 4734 4735
f 4738 4736 4737
f 4755 4733 4732
f 4754 4755 4740
f 4739 4740 4755
f 4730 4751 4752
f 4753 4728 4729
f 4746 4744 4745
f 4749 4743 4742
f 4686 4758 4685
f 4789 4770 4790
f 4766 4773 4772
f 4772 4775 4774
f 4774 4777 4776
f 4768 4689 4769
f 4688 4779 4778
f 4780 4783 4782
f 4784 4787 4786
f 4778 4723 4722
f 4788 4783 4785
f 4793 4790 4781
f 4768 4767 4766
f 4786 4791 4792
f 4792 4794 4771
f 4788 4785 4784
f 4690 4724 4689
f 4776 4687 4688
f 4807 4803 4802
f 4808 4805 4804
f 4810 4809 4808
f 4756 4813 4812
f 4812 4804 4805
f 4800 4798 4797
f 4815 4757 4756
f 4797 4818 4816
f 4799 4802 4803
f 4819 4801 4800
f 4820 4819 4806
f 4818 4797 4798
f 4814 4811 4810
f 4837 4856 4855
f 4832 4839 4838
f 4838 4841 4840
f 4840 4843 4842
f 4846 4845 4844
f 4834 4762 4835
f 4759 4795 4796
f 4848 4849 4850
f 4853 4852 4857
f 4796 4847 4846
f 4850 4854 4851
f 4855 4860 4859
f 4834 4833 4832
f 4853 4857 4858
f 4858 4862 4861
f 4861 4836 4837
f 4848 4860 4849
f 4844 4762 4761
f 4842 4760 4759
f 4876 4879 4873
f 4881 4878 4877
f 4883 4882 4881
f 4886 4821 4885
f 4885 4877 4878
f 4874 4872 4871
f 4889 4887 4886
f 4871 4892 4890
f 4894 4875 4874
f 4893 4894 4880
f 4879 4880 4894
f 4892 4871 4872
f 4888 4884 4883
f 4898 4822 4823
f 4913 4929 4928
f 4908 4915 4914
f 4914 4917 4916
f 4916 4919 4918
f 4864 4863 4865
f 4827 4911 4910
f 4867 4825 4866
f 4923 4926 4925
f 4864 4866 4863
f 4927 4922 4924
f 4932 4929 4921
f 4910 4909 4908
f 4925 4930 4931
f 4931 4930 4912
f 4932 4921 4920
f 4927 4924 4923
f 4865 4826 4827
f 4918 4825 4824
f 4950 4946 4945
f 4951 4948 4947
f 4954 4953 4951
f 4895 4897 4955
f 4955 4947 4948
f 4943 4941 4940
f 4940 4960 4958
f 4942 4945 4946
f 4962 4944 4943
f 4961 4962 4950
f 4949 4950 4962
f 4960 4940 4941
f 4954 4957 4953
f 4979 4997 4996
f 4974 4981 4980
f 4980 4983 4982
f 4982 4985 4984
f 4934 4935 4936
f 4903 4977 4976
f 4900 4937 4938
f 4986 4989 4988
f 4990 4993 4992
f 4938 4933 4934
f 4988 4995 4994
f 4996 5001 5000
f 4976 4975 4974
f 4992 4998 4999
f 4999 5003 5002
f 5002 4978 4979
f 5000 4987 4986
f 4994 4991 4990
f 4936 4902 4903
f 4984 4901 4900
f 5016 5012 5011
f 5017 5014 5013
f 5019 5018 5017
f 5022 4963 5021
f 5021 5013 5014
f 5009 5007 5006
f 5025 5023 5022
f 5006 5028 5026
f 5008 5011 5012
f 5030 5010 5009
f 5029 5030 5016
f 5015 5016 5030
f 5028 5006 5007
f 5024 5020 5019
f 5031 4964 4965
f 5046 5067 5066
f 5041 5048 5047
f 5047 5050 5049
f 5049 5052 5051
f 5053 5004 5005
f 5043 4968 5044
f 5055 4967 5054
f 5056 5059 5058
f 5060 5063 5062
f 5055 5054 5053
f 5058 5065 5064
f 5066 5071 5070
f 5043 5042 5041
f 5062 5068 5069
f 5069 5073 5072
f 5072 5045 5046
f 5070 5057 5056
f 5064 5061 5060
f 5005 4968 4969
f 5051 4967 4966
f 5087 5084 5083
f 5088 5086 5085
f 5091 5090 5088
f 5094 5093 5092
f 5092 5085 5086
f 5081 5079 5078
f 5078 5100 5098
f 5080 5083 5084
f 5101 5082 5081
f 5082 5101 5087
f 5084 5087 5101
f 5100 5078 5079
f 5091 5097 5090
f 5116 5135 5134
f 5117 5112 5118
f 5117 5118 5119
f 5119 5121 5120
f 5075 5123 5122
f 5035 5114 5113
f 5033 5076 5077
f 5124 5127 5126
f 5128 5131 5130
f 5077 5074 5075
f 5126 5133 5132
f 5134 5139 5138
f 5113 5112 5111
f 5130 5136 5137
f 5137 5141 5140
f 5140 5115 5116
f 5138 5125 5124
f 5132 5129 5128
f 5122 5036 5035
f 5033 5121 5034
f 4686 4609 4608
f 4575 4726 4576
f 4823 4758 4686
f 4965 4899 4898
f 5151 5188 5152
f 5173 5185 5186
f 5162 5165 5164
f 5164 5160 5161
f 5102 5104 5166
f 5166 5163 5162
f 5167 5103 5102
f 5161 5168 5167
f 5159 5171 5191
f 5189 5190 5187
f 5155 5154 5153
f 5169 5158 5157
f 5179 5182 5181
f 5181 5184 5183
f 5183 5176 5175
f 5145 5142 5144
f 5108 5178 5177
f 5105 5146 5143
f 5177 5180 5179
f 5145 5107 5108
f 5105 5176 5106
f 5191 5192 5193
f 5157 5156 5155
f 5760 5032 5031
f 5186 5194 5150
f 5150 5194 5149
f 5193 5172 5173
f 5169 5152 5170
f 5153 5190 5189
f 5197 5200 5198
f 5218 5217 5219
f 5218 5221 5220
f 5224 5223 5222
f 5205 5214 5213
f 5207 5227 5226
f 5228 5231 5230
f 5232 5235 5234
f 5226 5225 5224
f 5230 5237 5236
f 5241 5238 5229
f 5213 5212 5211
f 5234 5239 5240
f 5240 5243 5242
f 5242 5215 5216
f 5241 5229 5228
f 5236 5233 5232
f 5222 5206 5205
f 5220 5208 5207
f 5259 5256 5255
f 5257 5261 5260
f 5260 5261 5262
f 5195 5265 5264
f 5264 5258 5257
f 5266 5267 5195
f 5268 5269 5270
f 5250 5253 5254
f 5255 5252 5251
f 5254 5272 5259
f 5251 5269 5268
f 5270 5249 5250
f 5266 5263 5267
f 5286 5304 5303
f 5288 5287 5289
f 5288 5291 5290
f 5204 5284 5283
f 5201 5246 5247
f 5293 5296 5295
f 5297 5300 5299
f 5247 5292 5245
f 5295 5302 5301
f 5303 5308 5307
f 5283 5282 5281
f 5299 5305 5306
f 5306 5310 5309
f 5309 5285 5286
f 5307 5294 5293
f 5301 5298 5297
f 5204 5244 5203
f 5290 5202 5201
f 5328 5323 5322
f 5324 5331 5330
f 5335 5333 5332
f 5326 5334 5325
f 5338 5339 5340
f 5318 5317 5321
f 5336 5333 5335
f 5322 5320 5319
f 5326 5325 5324
f 5321 5343 5342
f 5342 5343 5328
f 5319 5339 5338
f 5318 5341 5317
f 5330 5337 5336
f 5345 5273 5274
f 5358 5377 5376
f 5353 5360 5359
f 5359 5362 5361
f 5361 5364 5363
f 5311 5313 5314
f 5278 5356 5355
f 5276 5366 5365
f 5367 5370 5369
f 5371 5373 5379
f 5365 5312 5311
f 5369 5375 5374
f 5376 5381 5380
f 5355 5354 5353
f 5382 5378 5357
f 5382 5357 5358
f 5380 5368 5367
f 5374 5372 5371
f 5314 5277 5278
f 5276 5364 5275
f 5396 5391 5390
f 5398 5397 5399
f 5401 5344 5402
f 5403 5393 5394
f 5406 5407 5408
f 5387 5386 5389
f 5404 5344 5401
f 5390 5388 5406
f 5394 5393 5392
f 5389 5411 5410
f 5410 5411 5396
f 5387 5409 5386
f 5400 5405 5404
f 5427 5447 5446
f 5422 5429 5428
f 5428 5431 5430
f 5430 5433 5432
f 5424 5436 5425
f 5347 5383 5384
f 5438 5439 5440
f 5443 5442 5444
f 5384 5437 5434
f 5440 5445 5441
f 5446 5450 5449
f 5424 5423 5422
f 5448 5444 5452
f 5448 5452 5451
f 5451 5426 5427
f 5438 5450 5439
f 5349 5435 5436
f 5432 5348 5347
f 5471 5466 5465
f 5472 5468 5473
f 5472 5473 5474
f 5478 5412 5476
f 5476 5469 5467
f 5481 5482 5483
f 5462 5461 5464
f 5478 5480 5412
f 5465 5463 5481
f 5464 5486 5485
f 5485 5486 5471
f 5462 5484 5461
f 5479 5475 5480
f 5490 5413 5414
f 5517 5503 5518
f 5505 5500 5506
f 5505 5506 5507
f 5507 5509 5508
f 5454 5455 5456
f 5418 5502 5501
f 5415 5457 5458
f 5510 5511 5512
f 5515 5514 5519
f 5458 5453 5454
f 5512 5516 5513
f 5521 5518 5522
f 5499 5502 5500
f 5515 5519 5520
f 5504 5523 5503
f 5510 5522 5511
f 5456 5417 5418
f 5508 5416 5415
f 5539 5535 5534
f 5536 5541 5540
f 5540 5543 5542
f 5487 5489 5544
f 5544 5537 5536
f 5545 5488 5487
f 5550 5549 5530
f 5534 5548 5532
f 5551 5533 5552
f 5551 5552 5539
f 5532 5548 5547
f 5550 5530 5531
f 5542 5546 5545
f 5568 5583 5582
f 5570 5569 5571
f 5570 5573 5572
f 5525 5526 5527
f 5495 5566 5565
f 5492 5528 5529
f 5579 5578 5584
f 5529 5524 5525
f 5580 5576 5581
f 5582 5587 5586
f 5565 5564 5563
f 5579 5584 5585
f 5585 5589 5588
f 5588 5567 5568
f 5586 5575 5574
f 5580 5578 5577
f 5527 5494 5495
f 5492 5573 5493
f 5602 5598 5597
f 5604 5603 5605
f 5604 5605 5606
f 5609 5553 5607
f 5607 5600 5601
f 5610 5611 5612
f 5609 5612 5553
f 5616 5615 5593
f 5597 5614 5595
f 5601 5600 5599
f 5617 5596 5618
f 5617 5618 5602
f 5595 5614 5613
f 5616 5593 5594
f 5606 5611 5610
f 5631 5652 5651
f 5626 5633 5632
f 5632 5635 5634
f 5634 5637 5636
f 5638 5590 5591
f 5628 5558 5629
f 5556 5641 5640
f 5642 5645 5644
f 5646 5649 5648
f 5640 5639 5638
f 5651 5656 5655
f 5628 5627 5626
f 5648 5653 5654
f 5654 5658 5657
f 5657 5630 5631
f 5655 5643 5642
f 5646 5650 5647
f 5591 5558 5559
f 5636 5557 5556
f 5673 5668 5667
f 5674 5676 5675
f 5680 5678 5677
f 5677 5671 5669
f 5684 5685 5686
f 5663 5665 5666
f 5680 5683 5678
f 5667 5664 5684
f 5669 5671 5670
f 5666 5687 5673
f 5686 5662 5663
f 5675 5682 5681
f 5691 5619 5555
f 5722 5705 5723
f 5707 5702 5708
f 5707 5708 5709
f 5709 5711 5710
f 5712 5659 5713
f 5703 5623 5704
f 5620 5661 5660
f 5714 5717 5716
f 5718 5721 5720
f 5716 5717 5719
f 5726 5723 5715
f 5703 5702 5701
f 5720 5724 5725
f 5725 5727 5706
f 5622 5713 5623
f 5710 5621 5620
f 5274 5200 5199
f 5315 5148 5316
f 5414 5346 5345
f 5555 5491 5490
f 5739 5737 5740
f 5739 5740 5741
f 5688 5690 5743
f 5743 5738 5736
f 5744 5689 5688
f 5736 5738 5737
f 5741 5745 5744
f 5752 5757 5756
f 5758 5757 5759
f 5758 5750 5751
f 5729 5730 5731
f 5696 5755 5754
f 5693 5732 5733
f 5733 5728 5729
f 5752 5755 5753
f 5731 5695 5696
f 5693 5750 5694
f 5747 5748 5248
f 5197 5746 5747
f 5749 5148 5762
f 4725 4869 4870
f 5174 4869 5147
f 4725 4726 4727
f 4575 4580 4657
f 4606 4658 5763
f 4657 5763 4658
f 4657 4580 4659
f 5385 5734 5460
f 5692 5734 5735
f 5385 5315 5316
f 4576 4585 4583
f 4584 4575 4582
f 4576 4578 4585
f 4603 4586 4589
f 4591 4592 4588
f 4584 4582 4593
f 4595 4586 4580
f 4581 4587 4588
f 4579 4677 4599
f 4601 4676 4600
f 4601 4679 4604
f 4599 4678 4577
f 4606 4620 4608
f 4607 4609 4615
f 4650 4620 4646
f 4651 4609 4612
f 4657 4587 4581
f 4621 4620 4623
f 4609 4622 4624
f 4643 4649 4619
f 4628 4619 4649
f 4618 4629 4648
f 4625 4627 4622
f 4618 4617 4631
f 4615 4609 4624
f 4619 4641 4643
f 4618 4642 4611
f 4644 4610 4656
f 4611 4645 4655
f 4638 4613 4650
f 4612 4639 4651
f 4653 4640 4639
f 4638 4656 4705
f 4640 4655 4645
f 5763 4619 4616
f 4618 4658 4617
f 4576 4665 4578
f 4664 4575 4577
f 4669 4671 4666
f 4576 4661 4665
f 4673 4671 4669
f 4670 4672 4668
f 4665 4679 4578
f 4664 4678 4674
f 4676 4666 4600
f 4677 4667 4668
f 4749 4660 4683
f 4663 4745 4680
f 4682 4744 4681
f 4682 4750 4747
f 4680 4749 4683
f 4608 4693 4686
f 4609 4685 4612
f 4718 4693 4699
f 4719 4685 4689
f 4657 4667 4579
f 4694 4693 4696
f 4685 4695 4697
f 4711 4717 4692
f 4720 4699 4694
f 4701 4692 4717
f 4691 4702 4716
f 4698 4700 4695
f 4691 4611 4704
f 4612 4685 4697
f 4692 4709 4711
f 4691 4710 4687
f 4713 4688 4778
f 4687 4714 4779
f 4706 4690 4718
f 4689 4707 4719
f 4708 4722 4706
f 4708 4778 4722
f 4707 4779 4714
f 4619 4692 4610
f 4691 4618 4611
f 4576 4733 4661
f 4732 4575 4660
f 4738 4740 4734
f 4726 4729 4733
f 4754 4743 4733
f 4739 4741 4736
f 4733 4750 4661
f 4732 4749 4742
f 4744 4734 4662
f 4746 4735 4736
f 4746 4745 4663
f 4731 4813 4751
f 4753 4812 4752
f 4753 4815 4756
f 4751 4814 4728
f 4758 4689 4685
f 4793 4686 4789
f 4781 4765 4762
f 4725 4735 4663
f 4766 4686 4768
f 4765 4767 4769
f 4786 4792 4763
f 4774 4763 4792
f 4764 4775 4791
f 4772 4771 4766
f 4770 4773 4767
f 4764 4687 4777
f 4689 4765 4769
f 4763 4784 4786
f 4764 4785 4760
f 4788 4759 4796
f 4760 4785 4795
f 4780 4761 4793
f 4782 4844 4780
f 4845 4783 4781
f 4782 4796 4846
f 4783 4795 4785
f 4692 4763 4688
f 4764 4691 4687
f 4868 4824 4829
f 4726 4801 4729
f 4800 4727 4728
f 4805 4807 4802
f 4726 4798 4801
f 4820 4807 4809
f 4820 4811 4801
f 4809 4807 4805
f 4806 4808 4804
f 4801 4815 4729
f 4800 4814 4810
f 4812 4802 4730
f 4813 4803 4804
f 4799 4821 4816
f 4818 4885 4817
f 4818 4889 4886
f 4816 4888 4797
f 4686 4830 4823
f 4758 4831 4762
f 4859 4830 4855
f 4860 4831 4826
f 4580 4802 5761
f 4725 4803 4731
f 4832 4830 4834
f 4831 4833 4835
f 4853 4858 4829
f 4861 4837 4838
f 4840 4829 4858
f 4828 4841 4857
f 4838 4837 4832
f 4836 4839 4833
f 4828 4760 4843
f 4762 4831 4835
f 4829 4851 4853
f 4828 4852 4825
f 4851 4824 4867
f 4825 4854 4866
f 4848 4827 4859
f 4826 4849 4860
f 4850 4865 4848
f 4850 4867 4864
f 4849 4866 4854
f 4868 5763 4869
f 4869 4659 4870
f 4870 4580 5761
f 4763 4829 4759
f 4828 4764 4760
f 4939 4900 4905
f 4726 4875 4798
f 4874 4727 4797
f 4878 4880 4876
f 4726 4872 4875
f 4893 4884 4875
f 4882 4880 4878
f 4879 4881 4877
f 4875 4889 4798
f 4874 4888 4883
f 4885 4876 4817
f 4821 4873 4877
f 4873 4897 4890
f 4892 4955 4891
f 4890 4956 4871
f 4823 4906 4898
f 4822 4907 4826
f 4932 4906 4928
f 4921 4907 4902
f 4725 4873 4799
f 4908 4906 4910
f 4907 4909 4911
f 4925 4931 4905
f 4931 4913 4914
f 4916 4905 4931
f 4904 4917 4930
f 4914 4913 4908
f 4912 4915 4909
f 4904 4825 4919
f 4826 4907 4911
f 4905 4923 4925
f 4904 4924 4901
f 4927 4900 4938
f 4901 4924 4937
f 4920 4903 4932
f 4935 4922 4921
f 4920 4938 4934
f 4922 4937 4924
f 4868 4905 4824
f 4904 4828 4825
f 4726 4944 4872
f 4943 4727 4871
f 4948 4950 4945
f 4726 4941 4944
f 4961 4953 4944
f 4962 4954 4951
f 4952 4950 4948
f 4949 4951 4947
f 4944 4957 4872
f 4943 4956 4954
f 4955 4945 4891
f 4897 4946 4947
f 4942 4963 4958
f 4960 5021 4959
f 4960 5025 5022
f 4958 5024 4940
f 4898 4972 4965
f 4899 4973 4902
f 5000 4972 4996
f 5001 4973 4968
f 4725 4946 4873
f 4974 4972 4976
f 4973 4975 4977
f 4992 4999 4971
f 5002 4979 4980
f 4982 4971 4999
f 4970 4983 4998
f 4980 4979 4974
f 4978 4981 4975
f 4970 4901 4985
f 4902 4973 4977
f 4971 4990 4992
f 4970 4991 4967
f 4994 4966 5055
f 4967 4995 5054
f 4986 4969 5000
f 4968 4987 5001
f 4988 5005 4986
f 5004 4989 4987
f 4988 5055 5053
f 4989 5054 4995
f 4658 4970 5147
f 4939 4971 4900
f 4970 4904 4901
f 4726 5010 4941
f 5009 4727 4940
f 5014 5016 5011
f 4726 5007 5010
f 5029 5020 5010
f 5018 5016 5014
f 5015 5017 5013
f 5010 5025 4941
f 5009 5024 5019
f 5021 5011 4959
f 4963 5012 5013
f 5008 5093 5026
f 5028 5092 5027
f 5026 5096 5006
f 4965 5039 5031
f 4964 5040 4968
f 5070 5039 5066
f 5071 5040 5036
f 4725 5012 4942
f 5041 5039 5043
f 5040 5042 5044
f 5062 5069 5038
f 5072 5046 5047
f 5049 5038 5069
f 5037 5050 5068
f 5047 5046 5041
f 5045 5048 5042
f 5037 4967 5052
f 4968 5040 5044
f 5038 5060 5062
f 5037 5061 5034
f 5064 5033 5077
f 5034 5065 5076
f 5056 5035 5070
f 5036 5057 5071
f 5058 5122 5056
f 5123 5059 5057
f 5058 5077 5075
f 5059 5076 5065
f 4971 5038 4966
f 5037 4970 4967
f 4869 5105 5110
f 4726 5082 5007
f 5081 4727 5006
f 5086 5087 5083
f 4726 5079 5082
f 5101 5091 5088
f 5089 5087 5086
f 5084 5088 5085
f 5082 5097 5007
f 5081 5096 5091
f 5092 5083 5027
f 5093 5084 5085
f 5080 5104 5098
f 5100 5166 5099
f 5100 5167 5102
f 5098 5168 5078
f 5138 5031 5134
f 5139 5032 5107
f 4725 5084 5008
f 5111 5031 5113
f 5032 5112 5114
f 5130 5137 5110
f 5140 5116 5117
f 5119 5110 5137
f 5109 5118 5136
f 5117 5116 5111
f 5115 5118 5112
f 5109 5034 5121
f 5036 5032 5114
f 5110 5128 5130
f 5109 5129 5106
f 5132 5105 5143
f 5106 5133 5146
f 5124 5108 5138
f 5107 5125 5139
f 5126 5145 5124
f 5144 5127 5125
f 5127 5146 5133
f 4657 5147 4725
f 5038 5110 5033
f 5109 5037 5034
f 4726 5161 5079
f 5160 4727 5078
f 5161 5167 5079
f 5166 5162 5099
f 5031 5177 5760
f 5032 5178 5107
f 4725 5163 5080
f 4725 5160 5165
f 4869 5175 5105
f 5176 5147 5106
f 5157 5150 5159
f 5762 5173 5186
f 5155 5150 5157
f 5149 5156 5158
f 5186 5189 5762
f 5185 5190 5154
f 5170 5149 5158
f 5171 5265 5192
f 5193 5264 5191
f 5192 5267 5172
f 5198 5200 5206
f 5241 5199 5216
f 5229 5200 5203
f 5748 5149 5170
f 5211 5199 5213
f 5200 5212 5214
f 5234 5240 5210
f 5242 5216 5211
f 5218 5210 5240
f 5209 5219 5239
f 5215 5217 5212
f 5209 5208 5221
f 5206 5200 5214
f 5210 5232 5234
f 5209 5233 5202
f 5236 5201 5247
f 5202 5237 5246
f 5228 5204 5241
f 5230 5245 5228
f 5244 5231 5229
f 5230 5247 5245
f 5231 5246 5237
f 5747 5210 5207
f 5209 5746 5208
f 5762 5254 5173
f 5253 5148 5172
f 5257 5259 5255
f 5762 5250 5254
f 5272 5263 5261
f 5260 5259 5257
f 5256 5261 5258
f 5254 5266 5173
f 5253 5267 5263
f 5264 5255 5191
f 5265 5256 5258
f 5337 5249 5271
f 5252 5333 5269
f 5270 5332 5268
f 5270 5336 5335
f 5269 5337 5271
f 5200 5273 5203
f 5307 5274 5303
f 5308 5273 5277
f 5748 5256 5171
f 5281 5274 5283
f 5273 5282 5284
f 5299 5306 5280
f 5309 5286 5281
f 5288 5280 5306
f 5279 5289 5305
f 5285 5287 5282
f 5279 5202 5291
f 5203 5273 5284
f 5280 5297 5299
f 5279 5298 5275
f 5301 5276 5365
f 5275 5302 5366
f 5293 5278 5307
f 5277 5294 5308
f 5295 5314 5293
f 5313 5296 5294
f 5295 5365 5311
f 5296 5366 5302
f 5210 5280 5201
f 5279 5209 5202
f 5762 5321 5250
f 5317 5148 5249
f 5326 5328 5322
f 5315 5318 5321
f 5342 5330 5321
f 5327 5329 5325
f 5321 5336 5250
f 5317 5337 5331
f 5332 5322 5251
f 5334 5323 5325
f 5334 5333 5252
f 5405 5317 5341
f 5320 5402 5339
f 5340 5401 5338
f 5340 5404 5401
f 5339 5405 5341
f 5274 5352 5345
f 5273 5346 5277
f 5380 5352 5376
f 5748 5323 5252
f 5353 5352 5355
f 5346 5354 5356
f 5382 5358 5359
f 5361 5350 5379
f 5351 5362 5378
f 5359 5358 5353
f 5357 5360 5354
f 5351 5275 5364
f 5277 5346 5356
f 5350 5371 5379
f 5351 5372 5348
f 5374 5347 5384
f 5348 5375 5383
f 5367 5349 5380
f 5346 5368 5381
f 5369 5434 5367
f 5435 5370 5368
f 5369 5384 5434
f 5370 5383 5375
f 5748 5746 5385
f 5280 5350 5276
f 5351 5279 5275
f 5315 5389 5318
f 5386 5316 5317
f 5394 5396 5390
f 5315 5387 5389
f 5410 5400 5389
f 5395 5397 5393
f 5389 5404 5318
f 5386 5405 5399
f 5403 5390 5319
f 5402 5391 5393
f 5401 5403 5319
f 5480 5386 5409
f 5388 5412 5407
f 5408 5476 5406
f 5408 5479 5478
f 5407 5480 5409
f 5345 5421 5414
f 5449 5421 5446
f 5450 5413 5417
f 5749 5390 5459
f 5385 5391 5320
f 5422 5421 5424
f 5413 5423 5425
f 5443 5448 5420
f 5451 5427 5428
f 5430 5420 5448
f 5419 5431 5452
f 5428 5427 5422
f 5426 5429 5423
f 5419 5348 5433
f 5436 5413 5425
f 5420 5441 5443
f 5419 5442 5416
f 5441 5415 5458
f 5416 5445 5457
f 5438 5418 5449
f 5417 5439 5450
f 5440 5456 5438
f 5440 5458 5454
f 5439 5457 5445
f 5746 5351 5419
f 5747 5248 5460
f 5460 5749 5459
f 5350 5420 5347
f 5419 5351 5348
f 5315 5464 5387
f 5461 5316 5386
f 5467 5471 5465
f 5469 5470 5468
f 5315 5462 5464
f 5485 5474 5464
f 5486 5475 5473
f 5472 5471 5467
f 5470 5473 5468
f 5464 5479 5387
f 5461 5480 5475
f 5476 5465 5406
f 5477 5466 5469
f 5477 5412 5388
f 5546 5461 5484
f 5463 5489 5482
f 5483 5544 5481
f 5483 5545 5487
f 5482 5546 5484
f 5414 5498 5490
f 5413 5491 5417
f 5521 5498 5517
f 5522 5491 5494
f 5385 5466 5388
f 5499 5498 5501
f 5491 5500 5502
f 5515 5520 5497
f 5520 5504 5505
f 5507 5497 5520
f 5496 5506 5519
f 5505 5504 5499
f 5503 5506 5500
f 5496 5416 5509
f 5417 5491 5502
f 5497 5513 5515
f 5496 5514 5493
f 5513 5492 5529
f 5493 5516 5528
f 5510 5495 5521
f 5494 5511 5522
f 5512 5527 5510
f 5512 5529 5525
f 5511 5528 5516
f 5420 5497 5415
f 5496 5419 5416
f 5592 5556 5561
f 5315 5531 5462
f 5533 5316 5461
f 5536 5539 5534
f 5551 5542 5531
f 5540 5539 5536
f 5538 5541 5537
f 5531 5545 5462
f 5533 5546 5543
f 5544 5534 5481
f 5489 5535 5537
f 5553 5549 5548
f 5547 5610 5609
f 5549 5612 5530
f 5490 5562 5555
f 5491 5554 5494
f 5586 5562 5582
f 5587 5554 5558
f 5385 5535 5463
f 5563 5562 5565
f 5554 5564 5566
f 5579 5585 5561
f 5588 5568 5563
f 5570 5561 5585
f 5560 5571 5584
f 5567 5569 5564
f 5560 5493 5573
f 5494 5554 5566
f 5561 5577 5579
f 5560 5578 5557
f 5580 5556 5640
f 5557 5581 5641
f 5574 5559 5586
f 5558 5575 5587
f 5590 5576 5575
f 5574 5640 5638
f 5576 5641 5581
f 5592 5747 5734
f 5497 5561 5492
f 5560 5496 5493
f 5315 5594 5531
f 5596 5316 5530
f 5601 5602 5597
f 5617 5606 5594
f 5598 5603 5600
f 5594 5610 5531
f 5596 5611 5605
f 5607 5597 5532
f 5608 5598 5600
f 5608 5553 5548
f 5612 5611 5530
f 5678 5615 5614
f 5613 5681 5680
f 5615 5683 5593
f 5554 5619 5558
f 5655 5555 5651
f 5656 5619 5623
f 5385 5598 5548
f 5626 5555 5628
f 5619 5627 5629
f 5648 5654 5625
f 5657 5631 5632
f 5634 5625 5654
f 5624 5635 5653
f 5632 5631 5626
f 5630 5633 5627
f 5624 5557 5637
f 5558 5619 5629
f 5625 5646 5648
f 5624 5647 5621
f 5644 5620 5660
f 5621 5650 5661
f 5642 5622 5655
f 5623 5643 5656
f 5644 5712 5642
f 5713 5645 5643
f 5645 5661 5650
f 5592 5625 5556
f 5624 5560 5557
f 5734 5693 5698
f 5315 5666 5594
f 5665 5316 5593
f 5669 5673 5667
f 5671 5672 5670
f 5315 5663 5666
f 5674 5673 5669
f 5666 5681 5594
f 5665 5682 5676
f 5677 5667 5595
f 5679 5668 5671
f 5679 5678 5614
f 5683 5682 5593
f 5664 5690 5685
f 5686 5743 5684
f 5686 5744 5688
f 5685 5745 5662
f 5555 5699 5691
f 5619 5700 5623
f 5726 5699 5722
f 5715 5700 5695
f 5385 5668 5614
f 5701 5699 5703
f 5700 5702 5704
f 5720 5725 5698
f 5709 5698 5725
f 5697 5708 5724
f 5707 5706 5701
f 5705 5708 5702
f 5697 5621 5711
f 5623 5700 5704
f 5698 5718 5720
f 5697 5719 5694
f 5716 5693 5733
f 5694 5719 5732
f 5714 5696 5726
f 5716 5731 5714
f 5730 5717 5715
f 5716 5733 5729
f 5717 5732 5719
f 5625 5698 5620
f 5697 5624 5621
f 5663 5315 5741
f 5222 5197 5747
f 5198 5223 5746
f 5741 5744 5663
f 5743 5736 5684
f 5161 4726 5761
f 4727 5160 4725
f 4725 5165 5163
f 5183 4869 5760
f 5147 5184 5174
f 5762 5187 5749
f 5748 5170 5152
f 5693 5734 5751
f 5758 5734 5691
f 5735 5759 5692
f 4632 4606 5763
f 4607 4633 4658
f 5741 5315 5459
f 5316 5740 5385
f 4657 4596 4575
f 5385 5740 5737
f 4575 4596 4598
f 4576 4597 4580
f 5385 5737 5738
f 5798 5794 5793
f 5799 5796 5795
f 5801 5800 5799
f 5770 5773 5771
f 5803 5795 5796
f 5792 5789 5788
f 5807 5806 5804
f 5791 5793 5794
f 5792 5808 5789
f 5808 5809 5798
f 5797 5798 5809
f 5790 5804 5805
f 5806 5788 5789
f 5771 5803 5770
f 5769 5802 5801
f 5825 5844 5843
f 5820 5827 5826
f 5826 5829 5828
f 5828 5831 5830
f 5782 5779 5780
f 5832 5823 5822
f 5784 5777 5783
f 5833 5836 5835
f 5837 5840 5839
f 5782 5783 5781
f 5835 5842 5841
f 5843 5848 5847
f 5820 5823 5821
f 5839 5845 5846
f 5846 5850 5849
f 5849 5824 5825
f 5847 5834 5833
f 5841 5838 5837
f 5780 5776 5832
f 5830 5777 5778
f 5863 5859 5858
f 5864 5861 5860
f 5866 5865 5864
f 5866 5867 5865
f 5869 5810 5868
f 5868 5860 5861
f 5872 5870 5869
f 5876 5875 5873
f 5856 5858 5859
f 5878 5857 5853
f 5877 5878 5863
f 5862 5863 5878
f 5855 5873 5874
f 5854 5876 5853
f 5871 5867 5866
f 6477 5811 5812
f 5893 5913 5912
f 5888 5895 5894
f 5894 5897 5896
f 5896 5899 5898
f 5900 5851 5852
f 5816 5891 5890
f 5813 5903 5902
f 5907 5910 5909
f 5902 5901 5900
f 5911 5906 5908
f 5912 5917 5916
f 5890 5889 5888
f 5909 5914 5915
f 5915 5919 5918
f 5918 5892 5893
f 5916 5905 5904
f 5911 5908 5907
f 5852 5815 5816
f 5813 5899 5814
f 5930 5934 5931
f 5936 5933 5932
f 5938 5937 5936
f 5942 5941 5940
f 5940 5932 5933
f 5929 5926 5949
f 5945 5943 5942
f 5950 5948 5946
f 5929 5952 5926
f 5952 5951 5934
f 5934 5935 5952
f 5953 5946 5947
f 5948 5949 5926
f 5944 5939 5938
f 5968 5984 5983
f 5963 5970 5969
f 5969 5972 5971
f 5971 5974 5973
f 5975 5920 5976
f 5965 5883 5966
f 5880 5922 5923
f 5977 5980 5979
f 5981 5958 5985
f 5921 5922 5920
f 5979 5982 5957
f 5983 5959 5960
f 5965 5964 5963
f 5981 5985 5986
f 5986 5988 5987
f 5987 5967 5968
f 5960 5978 5977
f 5975 5883 5882
f 5973 5881 5880
f 5924 5765 5764
f 5812 5774 5775
f 5767 5765 5766
f 5775 5786 5785
f 5767 5785 5786
f 5767 5766 5787
f 6026 6006 6005
f 6010 6008 6007
f 6012 6011 6010
f 6012 6013 6011
f 6018 6015 6014
f 6016 6007 6008
f 6019 6002 6001
f 6003 5996 5995
f 6018 6019 6015
f 6023 6022 6020
f 5997 6005 6006
f 6024 6004 6003
f 6025 6024 6026
f 6009 6026 6024
f 5998 6020 6021
f 6022 5995 5996
f 6017 6014 6015
f 6001 6013 6012
f 6031 6030 6029
f 6050 6074 6073
f 6045 6052 6051
f 6051 6054 6053
f 6053 6056 6055
f 6059 6058 6057
f 6037 6048 6047
f 6039 6062 6061
f 6063 6066 6065
f 6067 6070 6069
f 6061 6060 6059
f 6065 6072 6071
f 6073 6078 6077
f 6047 6046 6045
f 6069 6075 6076
f 6076 6080 6079
f 6079 6049 6050
f 6077 6064 6063
f 6071 6068 6067
f 6057 6038 6037
f 6055 6040 6039
f 6112 6094 6093
f 6098 6096 6095
f 6100 6099 6098
f 6027 6103 6102
f 6102 6095 6096
f 6091 6088 6087
f 6105 6028 6027
f 6109 6108 6106
f 6090 6093 6094
f 6110 6092 6091
f 6111 6110 6112
f 6097 6112 6110
f 6089 6106 6107
f 6108 6087 6088
f 6104 6101 6100
f 6128 6148 6147
f 6123 6130 6129
f 6129 6132 6131
f 6131 6134 6133
f 6135 6081 6082
f 6036 6126 6125
f 6033 6083 6084
f 6137 6140 6139
f 6141 6144 6143
f 6084 6136 6135
f 6139 6146 6145
f 6147 6152 6151
f 6125 6124 6123
f 6143 6149 6150
f 6150 6154 6153
f 6153 6127 6128
f 6151 6138 6137
f 6145 6142 6141
f 6082 6035 6036
f 6133 6034 6033
f 6169 6168 6167
f 6171 6170 6169
f 6175 6174 6173
f 6173 6167 6168
f 6163 6160 6159
f 6178 6176 6175
f 6182 6181 6179
f 6162 6165 6166
f 6183 6164 6163
f 6184 6183 6185
f 6161 6179 6180
f 6181 6159 6160
f 6177 6172 6171
f 6189 6113 6114
f 6204 6222 6221
f 6205 6200 6206
f 6205 6208 6207
f 6207 6210 6209
f 6155 6157 6158
f 6118 6202 6201
f 6116 6212 6211
f 6215 6214 6216
f 6219 6218 6220
f 6211 6156 6155
f 6215 6216 6217
f 6221 6224 6213
f 6199 6202 6200
f 6219 6220 6223
f 6223 6226 6225
f 6225 6203 6204
f 6213 6224 6214
f 6158 6117 6118
f 6209 6115 6116
f 6255 6236 6235
f 6240 6238 6237
f 6242 6241 6240
f 6244 6243 6242
f 6245 6187 6246
f 6247 6237 6238
f 6233 6230 6229
f 6252 6251 6249
f 6232 6235 6236
f 6253 6234 6233
f 6254 6253 6255
f 6239 6255 6253
f 6231 6249 6250
f 6251 6229 6230
f 6244 6248 6243
f 6274 6296 6295
f 6269 6276 6275
f 6275 6278 6277
f 6277 6280 6279
f 6283 6282 6281
f 6193 6272 6271
f 6228 6192 6227
f 6285 6288 6287
f 6289 6292 6291
f 6228 6284 6283
f 6287 6294 6293
f 6295 6300 6299
f 6271 6270 6269
f 6291 6297 6298
f 6298 6302 6301
f 6301 6273 6274
f 6299 6286 6285
f 6293 6290 6289
f 6281 6194 6193
f 6279 6192 6191
f 6319 6318 6317
f 6321 6320 6319
f 6324 6323 6256
f 6256 6317 6318
f 6313 6310 6309
f 6257 6325 6324
f 6329 6328 6326
f 6312 6315 6316
f 6330 6314 6313
f 6331 6330 6332
f 6311 6326 6327
f 6328 6309 6310
f 6258 6322 6321
f 6336 6259 6260
f 6351 6350 6368
f 6346 6353 6352
f 6352 6355 6354
f 6354 6357 6356
f 6304 6305 6306
f 6264 6349 6348
f 6261 6307 6308
f 6358 6361 6360
f 6362 6365 6364
f 6308 6303 6304
f 6360 6367 6366
f 6368 6371 6370
f 6348 6347 6346
f 6364 6369 6372
f 6351 6373 6350
f 6370 6359 6358
f 6366 6363 6362
f 6306 6263 6264
f 6261 6357 6262
f 6405 6387 6386
f 6391 6389 6388
f 6393 6392 6391
f 6335 6334 6396
f 6395 6388 6389
f 6384 6381 6380
f 6402 6401 6399
f 6383 6386 6387
f 6403 6385 6384
f 6404 6403 6405
f 6390 6405 6403
f 6382 6399 6400
f 6401 6380 6381
f 6397 6394 6393
f 6422 6440 6439
f 6417 6424 6423
f 6423 6426 6425
f 6425 6428 6427
f 6375 6376 6377
f 6341 6420 6419
f 6338 6378 6379
f 6429 6432 6431
f 6433 6436 6435
f 6379 6374 6375
f 6431 6438 6437
f 6439 6444 6443
f 6419 6418 6417
f 6435 6441 6442
f 6442 6446 6445
f 6445 6421 6422
f 6443 6430 6429
f 6437 6434 6433
f 6377 6340 6341
f 6427 6339 6338
f 6475 6456 6455
f 6460 6458 6457
f 6462 6461 6460
f 6465 6464 6406
f 6406 6457 6458
f 6453 6450 6449
f 6468 6466 6465
f 6472 6471 6469
f 6452 6455 6456
f 6473 6454 6453
f 6474 6473 6475
f 6459 6475 6473
f 6451 6469 6470
f 6471 6449 6450
f 6467 6463 6462
f 6476 6407 6408
f 6490 6512 6511
f 6486 6492 6491
f 6491 6494 6493
f 6493 6496 6495
f 6497 6447 6448
f 6488 6411 6489
f 6409 6500 6499
f 6501 6504 6503
f 6505 6508 6507
f 6499 6498 6497
f 6503 6510 6509
f 6511 6515 6514
f 6488 6487 6486
f 6516 6513 6517
f 6516 6517 6490
f 6514 6502 6501
f 6509 6506 6505
f 6448 6411 6412
f 6409 6496 6410
f 6529 6526 6525
f 6530 6528 6527
f 6532 6531 6530
f 6534 6533 6532
f 6537 6536 6535
f 6535 6527 6528
f 6523 6543 6542
f 6541 6538 6537
f 6544 5955 5954
f 6546 6525 6526
f 6545 6524 6523
f 6549 6529 6548
f 6547 5954 5956
f 5955 6542 6543
f 6534 6540 6533
f 5879 6477 6476
f 6559 6575 6574
f 6554 6561 6560
f 6560 6563 6562
f 6562 6565 6564
f 6519 6567 6566
f 6480 6557 6556
f 6478 6520 6521
f 5991 5990 5989
f 6568 6571 6570
f 6521 6518 6519
f 5989 6573 6572
f 6574 6579 6578
f 6556 6555 6554
f 6570 6576 6577
f 6577 6581 6580
f 6580 6558 6559
f 5991 6579 5990
f 6572 6569 6568
f 6566 6481 6480
f 6564 6479 6478
f 6114 6032 6031
f 6260 6190 6189
f 6408 6337 6336
f 5765 5994 5993
f 5993 5999 6000
f 6085 6030 6583
f 6582 5999 6085
f 6000 5999 6086
f 5765 5789 5768
f 5792 5764 5769
f 5796 5798 5793
f 5808 5802 5789
f 5800 5798 5796
f 5797 5799 5795
f 5792 5769 5801
f 5803 5793 5766
f 5771 5794 5795
f 5770 5803 5766
f 5871 5788 5807
f 5791 5810 5804
f 5806 5868 5805
f 5806 5872 5869
f 5804 5871 5807
f 5774 5819 5776
f 5847 5812 5843
f 5848 5819 5815
f 5820 5812 5822
f 5819 5821 5823
f 5839 5846 5817
f 5849 5825 5826
f 5828 5817 5846
f 5818 5829 5845
f 5826 5825 5820
f 5824 5827 5821
f 5818 5777 5831
f 5832 5812 5775
f 5776 5819 5823
f 5775 5780 5832
f 5817 5837 5839
f 5818 5838 5814
f 5841 5813 5902
f 5814 5842 5903
f 5833 5816 5847
f 5815 5834 5848
f 5835 5852 5833
f 5851 5836 5834
f 5835 5902 5900
f 5836 5903 5842
f 5785 5817 5778
f 5818 5786 5777
f 5765 5857 5789
f 5853 5764 5788
f 5861 5863 5858
f 5765 5854 5857
f 5877 5867 5857
f 5865 5863 5861
f 5862 5864 5860
f 5857 5872 5789
f 5853 5871 5866
f 5868 5858 5790
f 5810 5859 5860
f 5944 5853 5876
f 5856 5941 5873
f 5875 5940 5874
f 5875 5945 5942
f 5873 5944 5876
f 5812 5886 6477
f 5811 5887 5815
f 5916 5886 5912
f 5917 5887 5883
f 5767 5859 5791
f 5888 5886 5890
f 5887 5889 5891
f 5909 5915 5885
f 5918 5893 5894
f 5896 5885 5915
f 5884 5897 5914
f 5894 5893 5888
f 5892 5895 5889
f 5884 5814 5899
f 5815 5887 5891
f 5885 5907 5909
f 5884 5908 5881
f 5911 5880 5923
f 5881 5908 5922
f 5904 5882 5916
f 5883 5905 5917
f 5976 5906 5905
f 5904 5923 5921
f 5906 5922 5908
f 5817 5885 5813
f 5884 5818 5814
f 5992 5957 5962
f 5765 5926 5854
f 5929 5764 5853
f 5933 5935 5930
f 5952 5935 5937
f 5952 5939 5926
f 5937 5935 5933
f 5934 5936 5932
f 5926 5945 5854
f 5929 5944 5938
f 5940 5930 5855
f 5941 5931 5932
f 5929 5949 5925
f 5953 5954 5927
f 5931 5956 5946
f 5948 5954 5947
f 5960 6477 5983
f 5766 5930 5927
f 5767 5931 5856
f 5963 6477 5965
f 5879 5964 5966
f 5981 5986 5962
f 5987 5968 5969
f 5971 5962 5986
f 5961 5972 5985
f 5969 5968 5963
f 5967 5970 5964
f 5961 5881 5974
f 5883 5879 5966
f 5962 5957 5981
f 5979 5990 5977
f 5991 5980 5978
f 5979 5957 5990
f 5787 5766 5927
f 5885 5962 5880
f 5961 5884 5881
f 5774 5779 5786
f 5786 5779 5781
f 5786 5781 5783
f 5786 5783 5777
f 5765 5772 5766
f 6009 6007 6006
f 5995 5993 6003
f 6009 6024 6010
f 6012 6024 6003
f 6013 6025 6011
f 6025 6026 6011
f 6010 6024 6012
f 6002 6004 6013
f 6006 6017 6000
f 6005 6016 6008
f 5996 6105 6022
f 6102 5998 6021
f 6020 6103 6028
f 6102 6022 6027
f 6104 6020 6028
f 6044 6030 6032
f 6043 6029 6037
f 6044 6078 6074
f 6043 6077 6036
f 6046 6044 6049
f 6043 6045 6050
f 6000 5997 6006
f 5998 5999 6005
f 6075 6070 6041
f 6049 6080 6052
f 6054 6041 6056
f 6042 6053 6055
f 6080 6075 6052
f 6076 6079 6051
f 6052 6075 6054
f 6076 6051 6053
f 6074 6049 6044
f 6050 6073 6043
f 6039 6042 6055
f 6043 6037 6047
f 6068 6041 6070
f 6067 6042 6033
f 6072 6034 6068
f 6033 6071 6067
f 6064 6035 6081
f 6036 6063 6082
f 6066 6081 6136
f 6082 6065 6135
f 6083 6066 6136
f 6084 6065 6071
f 6032 6035 6044
f 6036 6031 6043
f 6097 6095 6094
f 6087 5993 6091
f 6097 6110 6098
f 6100 6110 6091
f 6111 6112 6099
f 6098 6110 6100
f 6111 6099 6101
f 6104 6091 5995
f 6105 6092 6101
f 6094 6103 5997
f 6093 6102 6096
f 6088 6178 6108
f 6173 6089 6107
f 6106 6174 6176
f 6173 6108 6175
f 6177 6106 6176
f 6122 6032 6113
f 6121 6031 6036
f 6122 6152 6148
f 6121 6151 6118
f 6093 5999 5998
f 6124 6122 6127
f 6121 6123 6128
f 6000 6090 6094
f 6089 5999 6093
f 6149 6144 6119
f 6127 6154 6130
f 6132 6119 6134
f 6120 6131 6133
f 6154 6149 6130
f 6150 6153 6129
f 6130 6149 6132
f 6150 6129 6131
f 6148 6127 6122
f 6128 6147 6121
f 6033 6120 6133
f 6121 6036 6125
f 6142 6119 6144
f 6141 6120 6116
f 6146 6115 6142
f 6116 6145 6141
f 6138 6117 6157
f 6118 6137 6158
f 6140 6157 6156
f 6158 6139 6155
f 6212 6140 6156
f 6211 6139 6145
f 6113 6117 6122
f 6118 6114 6121
f 6119 6582 6041
f 6042 6085 6120
f 6185 6167 6166
f 6159 5993 6163
f 6171 6183 6163
f 6185 6183 6169
f 6169 6183 6171
f 6184 6170 6172
f 6177 6163 6087
f 6178 6164 6172
f 6166 6174 6090
f 6165 6173 6168
f 6160 6186 6181
f 6245 6161 6180
f 6179 6246 6187
f 6245 6181 6186
f 6188 6179 6187
f 6198 6113 6190
f 6189 6118 6197
f 6198 6224 6222
f 6197 6213 6193
f 6165 5999 6089
f 6200 6198 6203
f 6197 6199 6204
f 6000 6162 6166
f 6161 5999 6165
f 6203 6226 6206
f 6208 6196 6210
f 6195 6207 6209
f 6226 6220 6206
f 6223 6225 6205
f 6206 6220 6208
f 6223 6205 6207
f 6222 6203 6198
f 6204 6221 6197
f 6116 6195 6209
f 6197 6118 6201
f 6218 6196 6220
f 6217 6195 6191
f 6216 6192 6218
f 6214 6194 6282
f 6193 6213 6281
f 6216 6282 6284
f 6281 6215 6283
f 6227 6216 6284
f 6228 6215 6217
f 6190 6194 6198
f 6193 6189 6197
f 6120 6085 6195
f 6239 6237 6236
f 6229 5993 6233
f 6239 6253 6240
f 6244 6253 6233
f 6254 6255 6241
f 6240 6253 6242
f 6254 6241 6243
f 6188 6233 6159
f 6248 6234 6243
f 6236 6246 6162
f 6235 6247 6238
f 6248 6186 6160
f 6230 6257 6251
f 6256 6231 6250
f 6249 6323 6325
f 6256 6251 6324
f 6258 6249 6325
f 6268 6190 6259
f 6267 6189 6193
f 6268 6300 6296
f 6267 6299 6264
f 6235 5999 6161
f 6270 6268 6273
f 6267 6269 6274
f 6000 6232 6236
f 6231 5999 6235
f 6297 6292 6265
f 6273 6302 6276
f 6278 6265 6280
f 6266 6277 6279
f 6302 6297 6276
f 6298 6301 6275
f 6276 6297 6278
f 6298 6275 6277
f 6296 6273 6268
f 6274 6295 6267
f 6191 6266 6279
f 6267 6193 6271
f 6290 6265 6292
f 6289 6266 6261
f 6294 6262 6290
f 6261 6293 6289
f 6286 6263 6305
f 6264 6285 6306
f 6288 6305 6303
f 6306 6287 6304
f 6307 6288 6303
f 6308 6287 6293
f 6259 6263 6268
f 6264 6260 6267
f 6265 6582 6196
f 6085 6266 6195
f 6332 6317 6316
f 6309 5993 6313
f 6321 6330 6313
f 6332 6330 6319
f 6319 6330 6321
f 6331 6320 6322
f 6258 6313 6229
f 6257 6314 6322
f 6316 6323 6232
f 6315 6256 6318
f 6310 6333 6328
f 6335 6311 6327
f 6326 6396 6334
f 6335 6328 6333
f 6397 6326 6334
f 6345 6259 6337
f 6344 6260 6264
f 6345 6371 6350
f 6344 6370 6341
f 6315 5999 6231
f 6347 6345 6350
f 6344 6346 6351
f 6000 6312 6316
f 6311 5999 6315
f 6369 6365 6342
f 6350 6373 6353
f 6355 6342 6357
f 6343 6354 6356
f 6373 6369 6353
f 6353 6369 6355
f 6372 6352 6354
f 6351 6368 6344
f 6261 6343 6356
f 6344 6264 6348
f 6363 6342 6365
f 6362 6343 6338
f 6367 6339 6363
f 6338 6366 6362
f 6359 6340 6376
f 6341 6358 6377
f 6361 6376 6374
f 6377 6360 6375
f 6378 6361 6374
f 6379 6360 6366
f 6337 6340 6345
f 6341 6336 6344
f 6342 6582 6265
f 6085 6343 6266
f 6390 6388 6387
f 6380 5993 6384
f 6390 6403 6391
f 6393 6403 6384
f 6404 6405 6392
f 6391 6403 6393
f 6404 6392 6394
f 6397 6384 6309
f 6398 6385 6394
f 6387 6396 6312
f 6386 6395 6389
f 6398 6333 6310
f 6381 6468 6401
f 6406 6382 6400
f 6399 6464 6466
f 6406 6401 6465
f 6467 6399 6466
f 6416 6337 6407
f 6415 6336 6341
f 6416 6444 6440
f 6415 6443 6412
f 6386 5999 6311
f 6418 6416 6421
f 6415 6417 6422
f 6000 6383 6387
f 6382 5999 6386
f 6441 6436 6413
f 6421 6446 6424
f 6426 6413 6428
f 6414 6425 6427
f 6446 6441 6424
f 6442 6445 6423
f 6424 6441 6426
f 6442 6423 6425
f 6440 6421 6416
f 6422 6439 6415
f 6338 6414 6427
f 6415 6341 6419
f 6434 6413 6436
f 6433 6414 6409
f 6438 6410 6434
f 6409 6437 6433
f 6430 6411 6447
f 6412 6429 6448
f 6432 6447 6498
f 6448 6431 6497
f 6500 6432 6498
f 6499 6431 6437
f 6407 6411 6416
f 6412 6408 6415
f 6413 6582 6342
f 6085 6414 6343
f 6479 6522 6482
f 6459 6457 6456
f 6449 5993 6453
f 6459 6473 6460
f 6462 6473 6453
f 6474 6475 6461
f 6460 6473 6462
f 6474 6461 6463
f 6467 6453 6380
f 6468 6454 6463
f 6456 6464 6383
f 6455 6406 6458
f 6450 6541 6471
f 6535 6451 6470
f 6469 6536 6538
f 6535 6471 6537
f 6539 6469 6538
f 6485 6407 6477
f 6484 6408 6412
f 6485 6515 6512
f 6484 6514 6480
f 6455 5999 6382
f 6487 6485 6517
f 6484 6486 6490
f 6000 6452 6456
f 6451 5999 6455
f 6513 6508 6482
f 6494 6482 6496
f 6483 6493 6495
f 6517 6513 6492
f 6507 6516 6491
f 6492 6513 6494
f 6507 6491 6493
f 6512 6517 6485
f 6490 6511 6484
f 6409 6483 6495
f 6484 6412 6488
f 6506 6482 6508
f 6505 6483 6478
f 6510 6479 6506
f 6478 6509 6505
f 6502 6481 6567
f 6480 6501 6566
f 6504 6567 6518
f 6566 6503 6519
f 6520 6504 6518
f 6521 6503 6509
f 6477 6481 6485
f 6480 6476 6484
f 6522 6582 6413
f 6085 6483 6414
f 6413 6482 6522
f 5957 5992 6550
f 6525 6547 5928
f 5993 6523 5765
f 6524 5994 5924
f 6549 6527 6526
f 5926 5765 6523
f 6534 6545 6523
f 6549 6545 6530
f 6530 6545 6532
f 6548 6531 6533
f 6539 6523 6449
f 6540 6524 6533
f 6526 6536 6452
f 6525 6535 6528
f 6540 6541 6450
f 6543 6524 5925
f 6542 5948 5926
f 6543 5950 5955
f 5954 6546 5927
f 6552 6476 6480
f 6553 6579 6575
f 6552 6578 5959
f 6526 6000 5927
f 6525 5999 6451
f 6555 6553 6558
f 6552 6554 6559
f 6576 6571 6550
f 6558 6581 6561
f 6563 6550 6565
f 6551 6562 6564
f 6581 6576 6561
f 6577 6580 6560
f 6561 6576 6563
f 6577 6560 6562
f 6575 6558 6553
f 6559 6574 6552
f 6478 6551 6564
f 6552 6480 6556
f 6569 6550 6571
f 6568 6551 5958
f 6573 5957 6569
f 5958 6572 6568
f 5982 5989 6572
f 6477 5960 6553
f 5959 5879 6552
f 6522 5785 6582
f 6085 5961 6483
f 6582 5787 6086
f 5999 5786 6085
f 5787 6000 6086
f 6522 6550 5992
f 6551 6483 5961
f 6038 6583 6030
f 6029 6057 6037
f 6060 6583 6058
f 6085 6059 6057
f 5994 6018 6014
f 6062 6583 6060
f 6085 6061 6059
f 6019 5993 6015
f 5994 6002 6018
f 6040 6583 6062
f 6085 6039 6061
f 6001 5993 6019
f 6612 6617 6611
f 6613 6620 6619
f 6615 6622 6614
f 6591 6588 6590
f 6626 6627 6624
f 6611 6609 6612
f 6610 6628 6607
f 6628 6629 6617
f 6617 6616 6628
f 6608 6627 6626
f 6621 6589 6619
f 6663 6647 6662
f 6648 6643 6642
f 6650 6649 6648
f 6652 6650 6651
f 6599 6600 6601
f 6645 6595 6644
f 6602 6597 6601
f 6656 6653 6655
f 6660 6657 6659
f 6667 6662 6666
f 6642 6645 6644
f 6665 6660 6659
f 6664 6665 6668
f 6646 6668 6647
f 6654 6666 6653
f 6657 6661 6655
f 6594 6599 6595
f 6596 6651 6597
f 6676 6681 6673
f 6677 6683 6682
f 6682 6683 6684
f 6631 6687 6630
f 6679 6630 6678
f 6689 6690 6688
f 6691 6692 6693
f 6687 6690 6689
f 6673 6674 6676
f 6675 6695 6671
f 6695 6696 6681
f 6681 6680 6695
f 6692 6674 6673
f 6672 6693 6694
f 6630 6686 6631
f 6685 6688 6684
f 6632 6697 6633
f 6711 6712 6731
f 6714 6707 6713
f 6716 6715 6713
f 6670 6719 6718
f 6710 6637 6709
f 6720 6634 6718
f 6724 6721 6723
f 6728 6725 6727
f 6730 6723 6729
f 6735 6731 6734
f 6707 6710 6709
f 6733 6728 6727
f 6737 6733 6736
f 6712 6737 6736
f 6722 6734 6721
f 6726 6729 6725
f 6636 6670 6637
f 6635 6716 6634
f 6750 6755 6749
f 6751 6758 6757
f 6761 6763 6760
f 6753 6760 6752
f 6765 6766 6764
f 6767 6770 6769
f 6771 6748 6747
f 6763 6766 6765
f 6749 6746 6750
f 6754 6773 6755
f 6760 6762 6761
f 6759 6764 6757
f 6804 6788 6803
f 6789 6784 6783
f 6791 6790 6789
f 6793 6791 6792
f 6786 6701 6785
f 6739 6699 6740
f 6799 6796 6798
f 6800 6776 6806
f 6738 6740 6794
f 6802 6798 6801
f 6778 6803 6779
f 6783 6786 6785
f 6807 6805 6806
f 6788 6787 6807
f 6797 6779 6796
f 6777 6801 6776
f 6701 6795 6794
f 6699 6793 6792
f 6585 6742 6584
f 6592 6633 6593
f 6586 6584 6587
f 6604 6593 6603
f 6604 6605 6587
f 6822 6825 6839
f 6824 6826 6823
f 6827 6828 6826
f 6830 6834 6833
f 6823 6832 6824
f 6818 6835 6834
f 6814 6820 6813
f 6833 6834 6835
f 6838 6813 6836
f 6820 6821 6840
f 6839 6840 6821
f 6839 6825 6840
f 6813 6838 6814
f 6829 6818 6828
f 6843 6844 6842
f 6884 6863 6883
f 6865 6864 6858
f 6867 6866 6865
f 6870 6871 6869
f 6861 6850 6860
f 6874 6852 6873
f 6881 6878 6880
f 6872 6873 6871
f 6882 6877 6875
f 6888 6883 6887
f 6859 6860 6858
f 6885 6880 6886
f 6890 6886 6889
f 6862 6889 6863
f 6876 6887 6875
f 6878 6879 6882
f 6851 6869 6850
f 6852 6868 6867
f 6904 6905 6923
f 6907 6908 6906
f 6909 6910 6908
f 6912 6913 6841
f 6906 6914 6907
f 6917 6918 6916
f 6899 6902 6898
f 6921 6922 6919
f 6904 6901 6905
f 6902 6903 6924
f 6923 6924 6903
f 6924 6923 6905
f 6919 6900 6920
f 6898 6921 6899
f 6912 6915 6913
f 6911 6916 6910
f 6954 6938 6953
f 6940 6939 6933
f 6942 6940 6941
f 6891 6943 6892
f 6936 6849 6935
f 6893 6846 6894
f 6951 6948 6950
f 6944 6894 6943
f 6952 6947 6945
f 6958 6953 6957
f 6934 6935 6933
f 6955 6950 6956
f 6960 6956 6959
f 6937 6959 6938
f 6946 6957 6945
f 6949 6952 6948
f 6848 6892 6849
f 6847 6941 6846
f 6970 6971 6991
f 6973 6974 6972
f 6975 6976 6974
f 6978 6979 6982
f 6972 6980 6973
f 6983 6984 6985
f 6966 6969 6965
f 6982 6985 6984
f 6988 6989 6986
f 6970 6968 6971
f 6969 6990 6992
f 6992 6990 6991
f 6992 6991 6971
f 6986 6967 6987
f 6965 6988 6966
f 6978 6981 6979
f 6977 6983 6976
f 6925 6996 6844
f 7029 7011 7028
f 7013 7006 7012
f 7014 7013 7012
f 7017 7014 7016
f 6963 6961 6964
f 7009 6929 7008
f 7019 6927 7018
f 7026 7023 7025
f 6962 7018 6961
f 7027 7022 7020
f 7033 7028 7032
f 7006 7009 7008
f 7030 7025 7031
f 7035 7031 7034
f 7010 7034 7011
f 7021 7032 7020
f 7024 7027 7023
f 6928 6964 6929
f 6926 7016 6927
f 7045 7048 7061
f 7047 7049 7046
f 7050 7051 7049
f 7054 6993 7053
f 7046 7053 7047
f 7055 6995 6994
f 7040 7043 7039
f 6993 6994 6995
f 7059 7060 7057
f 7043 7044 7062
f 7061 7062 7044
f 7061 7048 7062
f 7057 7041 7058
f 7039 7059 7040
f 7052 7055 7051
f 7099 7080 7098
f 7082 7081 7075
f 7084 7083 7082
f 7087 7088 7086
f 7077 7001 7000
f 7036 6999 6998
f 7096 7093 7095
f 7089 7036 7088
f 7097 7092 7090
f 7103 7098 7102
f 7076 7077 7075
f 7100 7095 7101
f 7105 7101 7104
f 7079 7104 7080
f 7091 7102 7090
f 7093 7094 7097
f 7001 7086 7000
f 6999 7084 6998
f 7120 7123 7116
f 7122 7124 7121
f 7125 7126 7124
f 7121 7128 7122
f 7131 7064 7130
f 7115 7118 7114
f 7130 7064 7129
f 7135 7136 7133
f 7116 7117 7120
f 7118 7119 7137
f 7138 7137 7119
f 7134 7117 7116
f 7127 7131 7126
f 7065 7142 7066
f 7171 7156 7176
f 7157 7153 7152
f 7159 7158 7157
f 7161 7159 7160
f 7108 7107 7109
f 7155 7070 7154
f 7110 7067 7111
f 7164 7163 7162
f 7168 7165 7167
f 7106 7111 7107
f 7170 7164 7169
f 7175 7171 7162
f 7152 7155 7154
f 7173 7167 7174
f 7177 7174 7176
f 7166 7169 7165
f 7069 7109 7070
f 7068 7160 7067
f 7191 7192 7209
f 7194 7195 7193
f 7196 7197 7195
f 7141 7140 7199
f 7193 7199 7194
f 7202 7203 7201
f 7187 7190 7186
f 7140 7203 7202
f 7206 7207 7204
f 7191 7189 7192
f 7190 7208 7210
f 7210 7208 7209
f 7210 7209 7192
f 7205 7189 7188
f 7186 7206 7187
f 7199 7200 7141
f 7198 7201 7197
f 7244 7227 7243
f 7228 7223 7222
f 7230 7229 7228
f 7232 7231 7230
f 7180 7179 7181
f 7225 7147 7224
f 7182 7144 7183
f 7236 7235 7234
f 7241 7238 7240
f 7178 7183 7179
f 7242 7237 7236
f 7247 7243 7234
f 7222 7225 7224
f 7245 7240 7246
f 7249 7246 7248
f 7226 7248 7227
f 7239 7242 7238
f 7146 7181 7147
f 7145 7232 7144
f 7261 7264 7260
f 7263 7265 7262
f 7267 7268 7265
f 7211 7270 7269
f 7262 7269 7263
f 7272 7273 7271
f 7274 7275 7276
f 7255 7258 7254
f 7270 7271 7273
f 7260 7257 7261
f 7258 7259 7277
f 7278 7277 7259
f 7274 7256 7275
f 7268 7273 7272
f 7212 6698 7213
f 7313 7292 7318
f 7293 7289 7288
f 7296 7293 7295
f 7297 7296 7295
f 7250 7299 7251
f 7291 7217 7290
f 7302 7214 7301
f 7305 7304 7303
f 7310 7307 7309
f 7300 7301 7299
f 7312 7305 7311
f 7317 7313 7303
f 7289 7290 7288
f 7315 7309 7316
f 7319 7316 7318
f 7307 7312 7311
f 7216 7251 7217
f 7215 7297 7214
f 7327 7330 7326
f 7329 7331 7328
f 7332 7333 7331
f 7335 7339 7338
f 7328 7337 7329
f 6774 7343 7342
f 6775 7324 7344
f 7326 7346 7327
f 7324 7325 7345
f 7348 7345 7325
f 7334 7340 7333
f 7373 7358 7372
f 7360 7359 7353
f 7362 7360 7361
f 7363 7364 7320
f 7355 7283 7282
f 7321 7280 7320
f 7370 7367 7369
f 7371 6808 7365
f 7377 7372 7376
f 7354 7355 7353
f 7374 7369 7375
f 7379 7375 7378
f 7357 7378 7358
f 7366 7376 7365
f 7368 7371 7367
f 7283 7363 7282
f 7281 7361 7280
f 6996 7065 7066
f 7143 7213 7142
f 6812 6741 6811
f 6816 6811 6817
f 7380 6843 6842
f 6895 7380 6897
f 6897 6816 6896
f 6816 6817 6896
f 6610 6585 6588
f 6584 6607 6589
f 6615 6616 6612
f 6628 6616 6613
f 6629 6621 6620
f 6628 6619 6607
f 6617 6618 6614
f 6610 6588 6621
f 6622 6611 6614
f 6623 6612 6587
f 6622 6590 6586
f 6689 6608 6626
f 6630 6626 6625
f 6624 6690 6631
f 6593 6640 6595
f 6592 6641 6632
f 6666 6640 6637
f 6667 6641 6663
f 6640 6642 6644
f 6643 6641 6645
f 6660 6664 6639
f 6664 6646 6649
f 6638 6650 6665
f 6649 6639 6664
f 6647 6648 6642
f 6649 6646 6643
f 6638 6597 6651
f 6595 6640 6644
f 6638 6657 6634
f 6639 6658 6660
f 6634 6655 6718
f 6661 6635 6720
f 6637 6653 6666
f 6654 6636 6667
f 6670 6655 6653
f 6656 6669 6654
f 6656 6720 6719
f 6638 6603 6597
f 6604 6639 6596
f 6675 6585 6608
f 6584 6671 6607
f 6679 6680 6676
f 6695 6680 6682
f 6696 6685 6683
f 6695 6684 6671
f 6681 6683 6678
f 6682 6680 6677
f 6675 6689 6685
f 6671 6688 6607
f 6630 6673 6678
f 6686 6676 6609
f 6631 6686 6609
f 6765 6672 6694
f 6673 6760 6692
f 6693 6761 6691
f 6692 6765 6694
f 6693 6766 6761
f 6633 6705 6637
f 6632 6706 6698
f 6734 6705 6701
f 6735 6706 6711
f 6586 6673 6625
f 6705 6707 6709
f 6708 6706 6710
f 6728 6732 6703
f 6737 6711 6714
f 6704 6713 6733
f 6715 6703 6732
f 6712 6713 6707
f 6714 6711 6708
f 6704 6634 6716
f 6637 6705 6709
f 6704 6725 6699
f 6703 6726 6728
f 6699 6729 6740
f 6730 6700 6739
f 6701 6721 6734
f 6722 6702 6735
f 6794 6723 6721
f 6724 6795 6722
f 6723 6740 6729
f 6724 6739 6738
f 6704 6638 6634
f 6639 6703 6635
f 6768 6749 6745
f 6748 6585 6672
f 6584 6747 6671
f 6753 6754 6750
f 6742 6743 6747
f 6773 6759 6758
f 6755 6756 6752
f 6748 6765 6759
f 6747 6764 6671
f 6760 6749 6752
f 6762 6750 6674
f 6761 6762 6674
f 6748 6772 6744
f 6775 6771 6743
f 6774 6770 6768
f 6769 7347 6767
f 6770 7342 6772
f 6778 6782 6804
f 6586 6749 6673
f 6587 6750 6810
f 6697 6783 6785
f 6784 6782 6786
f 6800 6805 6780
f 6781 6791 6806
f 6790 6780 6805
f 6788 6789 6783
f 6790 6787 6784
f 6781 6699 6792
f 6701 6697 6785
f 6780 6777 6800
f 6799 6802 7365
f 6586 6896 6745
f 6781 6704 6699
f 6703 6780 6700
f 6593 6599 6603
f 6598 6592 6604
f 6603 6599 6601
f 6603 6601 6597
f 6584 6589 6587
f 6839 6824 6822
f 6814 6812 6821
f 6839 6821 6827
f 6840 6826 6828
f 6827 6821 6829
f 6818 6820 6828
f 6815 6831 6823
f 6822 6832 6816
f 6913 6815 6836
f 6838 6912 6841
f 6918 6836 6813
f 6857 6843 6851
f 6856 6842 6844
f 6857 6888 6848
f 6856 6887 6883
f 6857 6859 6862
f 6858 6856 6863
f 6816 6837 6822
f 6886 6880 6855
f 6863 6889 6858
f 6854 6866 6868
f 6865 6855 6867
f 6885 6890 6864
f 6889 6886 6858
f 6885 6864 6866
f 6858 6886 6865
f 6862 6884 6857
f 6883 6863 6856
f 6853 6854 6868
f 6857 6851 6861
f 6879 6854 6847
f 6878 6855 6880
f 6882 6846 6878
f 6848 6876 6891
f 6875 6849 6892
f 6891 6877 6944
f 6875 6892 6943
f 6893 6877 6879
f 6894 6875 6943
f 6848 6845 6857
f 6844 6849 6856
f 6895 6897 6854
f 6923 6907 6904
f 6899 6812 6903
f 6923 6903 6909
f 6924 6908 6910
f 6909 6903 6911
f 6916 6902 6910
f 6917 6903 6814
f 6905 6915 6906
f 6904 6914 6837
f 6916 6918 6813
f 6898 6985 6922
f 6979 6901 6919
f 6921 6978 6982
f 6985 6919 6922
f 6984 6921 6982
f 6932 6845 6848
f 6932 6958 6928
f 6844 6957 6953
f 6905 6817 6815
f 6932 6934 6937
f 6933 6844 6938
f 6901 6817 6905
f 6816 6900 6904
f 6956 6950 6931
f 6938 6959 6933
f 6930 6939 6942
f 6940 6931 6941
f 6955 6960 6939
f 6959 6956 6933
f 6933 6956 6940
f 6937 6954 6932
f 6953 6938 6844
f 6847 6930 6942
f 6932 6848 6936
f 6949 6930 6926
f 6948 6931 6950
f 6926 6947 6949
f 6952 6927 6948
f 6928 6946 6963
f 6945 6929 6964
f 6963 6947 6962
f 6945 6964 6961
f 7018 6945 6961
f 6928 6925 6932
f 6897 6930 6854
f 6931 7380 6855
f 6998 7037 7002
f 6991 6973 6970
f 6977 6990 6966
f 6991 6990 6975
f 6992 6974 6976
f 6975 6990 6977
f 6983 6969 6976
f 6984 6966 6899
f 6971 6981 6972
f 6970 6980 6900
f 6983 6985 6898
f 6965 6994 6989
f 7054 6968 6986
f 7054 6986 6994
f 6988 7053 6993
f 6994 6986 6989
f 6995 6988 6993
f 6997 6928 7005
f 6929 6996 7004
f 7005 7033 7001
f 7004 7032 7028
f 6971 6817 6901
f 7005 7007 7010
f 7006 7004 7011
f 6968 6817 6971
f 6816 6967 6970
f 7031 7025 7002
f 7011 7034 7012
f 7003 7015 7017
f 7014 7002 7016
f 7030 7035 7013
f 7034 7031 7012
f 7030 7013 7015
f 7012 7031 7014
f 7010 7029 7005
f 7028 7011 7004
f 6926 7003 7017
f 7005 6928 7009
f 7024 7003 6999
f 7023 7002 7025
f 6999 7022 7024
f 7027 6998 7023
f 7001 7021 7087
f 7020 7000 7086
f 7087 7022 7089
f 7020 7086 7088
f 7036 7020 7088
f 7001 6997 7005
f 6996 7000 7004
f 6897 7038 6930
f 7037 7380 6931
f 6896 6606 6897
f 6604 6816 7380
f 7003 6930 7038
f 6931 7002 7037
f 7067 7112 7072
f 7061 7047 7045
f 7040 6812 7044
f 7061 7044 7050
f 7062 7049 7051
f 7050 7044 7052
f 7055 7043 7051
f 7056 7044 6966
f 7042 7054 7046
f 7045 7053 6967
f 7055 6994 6965
f 7039 7130 7060
f 7063 7042 7057
f 7063 7057 7130
f 7130 7057 7060
f 7064 7059 7129
f 7074 6997 7001
f 7073 6996 7066
f 7074 7103 7069
f 7073 7102 7098
f 7042 6817 6968
f 7074 7076 7079
f 7075 7073 7080
f 6816 7041 7045
f 7101 7095 7072
f 7080 7104 7075
f 7071 7083 7085
f 7082 7072 7084
f 7100 7105 7081
f 7104 7101 7075
f 7100 7081 7083
f 7075 7101 7082
f 7079 7099 7074
f 7098 7080 7073
f 6999 7071 7085
f 7074 7001 7078
f 7094 7071 7068
f 7093 7072 7095
f 7097 7067 7093
f 7069 7091 7108
f 7090 7070 7109
f 7108 7092 7106
f 7090 7109 7107
f 7110 7092 7094
f 7111 7090 7107
f 7069 7065 7074
f 7066 7070 7073
f 6606 7113 7038
f 7112 6604 7037
f 7071 7038 7113
f 7037 7072 7112
f 7144 7184 7149
f 7123 7122 7116
f 7115 6812 7119
f 7123 7138 7125
f 7137 7139 7124
f 7138 7119 7125
f 7137 7124 7126
f 7125 7119 7127
f 7131 7118 7126
f 7132 7119 7040
f 7120 7063 7121
f 7116 7128 7041
f 7131 7130 7039
f 7114 7203 7136
f 7141 7117 7133
f 7135 7199 7140
f 7203 7133 7136
f 7202 7135 7140
f 7151 7065 7069
f 7150 7066 7142
f 7151 7175 7146
f 7150 7162 7171
f 7120 6817 7042
f 7151 7153 7156
f 7152 7150 7176
f 7117 6817 7120
f 7174 7167 7149
f 7148 7158 7161
f 7159 7149 7160
f 7173 7177 7158
f 7176 7174 7157
f 7157 7174 7159
f 7156 7172 7151
f 7171 7176 7150
f 7068 7148 7161
f 7151 7069 7155
f 7166 7148 7145
f 7165 7149 7167
f 7145 7170 7166
f 7169 7144 7165
f 7146 7163 7180
f 7162 7147 7181
f 7180 7163 7178
f 7164 7181 7179
f 7182 7163 7170
f 7183 7164 7179
f 7146 7143 7151
f 7142 7147 7150
f 7113 6606 7185
f 7184 6604 7112
f 7148 7113 7185
f 7112 7149 7184
f 7214 7252 7219
f 7209 7194 7191
f 7198 7208 7187
f 7209 7208 7196
f 7210 7195 7197
f 7196 7208 7198
f 7201 7190 7197
f 7202 7187 7115
f 7192 7200 7193
f 7191 7199 7116
f 7201 7203 7114
f 7186 7271 7207
f 7211 7189 7204
f 7211 7204 7271
f 7206 7269 7270
f 7271 7204 7207
f 7273 7206 7270
f 7221 7143 7146
f 7220 7142 7213
f 7221 7247 7216
f 7220 7234 7243
f 7192 6817 7117
f 7221 7223 7226
f 7222 7220 7227
f 7189 6817 7192
f 6816 7188 7191
f 7246 7240 7219
f 7227 7248 7228
f 7218 7231 7233
f 7230 7219 7232
f 7245 7249 7229
f 7248 7246 7228
f 7245 7229 7231
f 7228 7246 7230
f 7226 7244 7221
f 7243 7227 7220
f 7145 7218 7233
f 7221 7146 7225
f 7239 7218 7215
f 7238 7219 7240
f 7215 7237 7239
f 7242 7214 7238
f 7216 7235 7250
f 7234 7217 7251
f 7250 7237 7300
f 7236 7251 7299
f 7301 7236 7299
f 7216 7212 7221
f 7213 7217 7220
f 6606 7253 7185
f 7252 6604 7184
f 7218 7185 7253
f 7184 7219 7252
f 7280 7322 7285
f 7264 7263 7260
f 7255 6812 7259
f 7264 7278 7266
f 7268 7277 7265
f 7277 7279 7265
f 7278 7259 7266
f 7266 7259 7267
f 7272 7258 7268
f 7273 7259 7187
f 7261 7211 7262
f 7260 7269 7188
f 7272 7271 7186
f 7254 7340 7276
f 7336 7257 7274
f 7336 7276 7339
f 7275 7335 7338
f 7287 7212 7216
f 7286 7213 6698
f 7287 7317 7283
f 7286 7303 7313
f 7261 6817 7189
f 7287 7289 7292
f 7288 7286 7318
f 7257 6817 7261
f 6816 7256 7260
f 7316 7309 7285
f 7284 7296 7298
f 7295 7285 7297
f 7315 7319 7294
f 7318 7316 7293
f 7315 7294 7296
f 7293 7316 7295
f 7292 7314 7287
f 7313 7318 7286
f 7215 7284 7298
f 7287 7216 7291
f 7308 7284 7281
f 7307 7285 7309
f 7281 7312 7308
f 7311 7280 7307
f 7283 7304 7364
f 7303 7282 7363
f 7305 7363 7320
f 7321 7306 7312
f 7283 6697 7287
f 6698 7282 7286
f 6606 7323 7253
f 7322 6604 7252
f 7284 7253 7323
f 7252 7285 7322
f 6777 6780 7351
f 7327 7346 6745
f 7324 6811 6741
f 6812 7325 6742
f 7330 7329 7326
f 6743 6742 7325
f 7330 7348 7332
f 7345 7349 7331
f 7348 7325 7332
f 7345 7331 7333
f 7332 7325 7334
f 7340 7324 7333
f 7341 7325 7255
f 7327 7336 7328
f 7326 7337 7256
f 7344 7324 6744
f 6774 7342 6770
f 7343 7347 6769
f 6775 7343 6769
f 6697 7377 6779
f 7352 7376 7372
f 7327 6817 7257
f 7326 6816 6810
f 6697 7354 7357
f 7353 7352 7358
f 6810 6746 7326
f 7375 7369 7351
f 7358 7378 7353
f 7350 7359 7362
f 7360 7351 7361
f 7374 7379 7359
f 7378 7375 7353
f 7353 7375 7360
f 7357 7373 6697
f 7372 7358 7352
f 7281 7350 7362
f 6697 7283 7356
f 7368 7350 6776
f 7367 7351 7369
f 6776 6808 7368
f 7371 6777 7367
f 6779 7366 6796
f 7365 6778 6797
f 6698 6778 7352
f 6606 6809 7323
f 6780 6604 7322
f 7350 7323 6809
f 7322 7351 6780
f 6843 6870 6851
f 6869 6842 6850
f 6895 6872 6870
f 6871 7380 6869
f 6811 6834 6831
f 6833 6812 6830
f 6895 6874 6872
f 6873 7380 6871
f 6835 6812 6833
f 6895 6853 6874
f 6852 7380 6873
f 6811 6818 6834
f 6819 6812 6835
f 7393 7397 7392
f 7395 7398 7394
f 7395 7399 7398
f 7402 7403 7401
f 7396 7387 7401
f 7384 7390 7383
f 7402 7389 7403
f 7406 7383 7404
f 7392 7385 7393
f 7394 7396 7395
f 7391 7407 7390
f 7407 7391 7397
f 7397 7393 7407
f 7383 7406 7384
f 7401 7387 7402
f 7400 7388 7399
f 7409 7412 7411
f 7429 7423 7428
f 7431 7428 7430
f 7433 7430 7432
f 7434 7437 7436
f 7426 7416 7425
f 7438 7418 7436
f 7441 7440 7439
f 7446 7443 7445
f 7442 7441 7447
f 7452 7449 7448
f 7424 7425 7423
f 7451 7446 7445
f 7450 7451 7454
f 7427 7454 7448
f 7440 7452 7439
f 7444 7447 7443
f 7417 7434 7416
f 7419 7432 7418
f 7468 7469 7472
f 7471 7473 7470
f 7474 7475 7473
f 7476 7477 7475
f 7479 7408 7478
f 7470 7478 7471
f 7484 7485 7486
f 7463 7466 7462
f 7479 7483 7408
f 7468 7465 7469
f 7487 7467 7472
f 7487 7472 7469
f 7484 7464 7485
f 7478 7480 7479
f 7477 7482 7481
f 7519 7502 7518
f 7503 7498 7497
f 7505 7503 7504
f 7507 7504 7506
f 7499 7508 7415
f 7457 7413 7458
f 7513 7510 7512
f 7516 7515 7514
f 7509 7458 7456
f 7517 7512 7514
f 7523 7518 7522
f 7497 7500 7499
f 7520 7516 7521
f 7525 7521 7524
f 7501 7524 7502
f 7511 7522 7510
f 7415 7455 7456
f 7414 7506 7413
f 7536 7541 7532
f 7538 7542 7537
f 7538 7543 7542
f 7546 7548 7545
f 7539 7547 7545
f 7552 7555 7554
f 7531 7534 7530
f 7549 7551 7548
f 7532 7533 7536
f 7537 7539 7538
f 7553 7533 7532
f 7530 7556 7531
f 7545 7547 7546
f 7544 7550 7543
f 7488 7560 7489
f 7593 7575 7592
f 7577 7570 7576
f 7579 7576 7578
f 7581 7578 7580
f 7528 7526 7529
f 7573 7493 7572
f 7583 7491 7582
f 7587 7584 7586
f 7590 7589 7588
f 7527 7582 7526
f 7591 7586 7588
f 7597 7592 7596
f 7571 7572 7570
f 7594 7590 7595
f 7599 7595 7598
f 7574 7598 7575
f 7585 7596 7584
f 7492 7529 7493
f 7490 7580 7491
f 7613 7615 7612
f 7616 7617 7615
f 7618 7619 7617
f 7621 7558 7620
f 7612 7620 7613
f 7605 7608 7604
f 7626 7627 7624
f 7610 7607 7611
f 7609 7628 7608
f 7629 7628 7609
f 7624 7606 7625
f 7604 7626 7605
f 7619 7623 7622
f 7666 7645 7665
f 7647 7640 7646
f 7649 7646 7648
f 7651 7648 7650
f 7653 7654 7652
f 7642 7565 7564
f 7600 7562 7601
f 7659 7656 7658
f 7663 7660 7662
f 7655 7601 7654
f 7670 7665 7669
f 7641 7642 7640
f 7667 7662 7668
f 7672 7668 7671
f 7644 7671 7645
f 7657 7669 7656
f 7660 7664 7658
f 7565 7652 7564
f 7563 7650 7562
f 7686 7689 7690
f 7688 7691 7687
f 7692 7693 7691
f 7695 7696 7630
f 7687 7630 7688
f 7681 7684 7680
f 7697 7699 7696
f 7702 7703 7700
f 7685 7704 7684
f 7704 7685 7690
f 7690 7689 7704
f 7700 7682 7701
f 7680 7702 7681
f 7694 7698 7693
f 7631 7708 7632
f 7738 7722 7737
f 7724 7717 7723
f 7726 7723 7725
f 7728 7725 7727
f 7675 7674 7676
f 7720 7636 7719
f 7677 7633 7678
f 7732 7729 7731
f 7735 7734 7733
f 7673 7678 7674
f 7742 7737 7741
f 7718 7719 7717
f 7739 7735 7740
f 7744 7740 7743
f 7721 7743 7722
f 7730 7741 7729
f 7733 7736 7731
f 7635 7676 7636
f 7634 7727 7633
f 7382 7753 7381
f 7761 7765 7760
f 7763 7766 7762
f 7767 7768 7766
f 7769 7770 7768
f 7771 7705 7707
f 7762 7707 7763
f 7755 7758 7754
f 7776 7754 7774
f 7760 7757 7761
f 7759 7777 7758
f 7777 7759 7765
f 7765 7764 7777
f 7774 7756 7775
f 7754 7776 7755
f 7770 7773 7772
f 7810 7792 7809
f 7794 7787 7793
f 7796 7793 7795
f 7798 7795 7797
f 7747 7746 7748
f 7789 7712 7713
f 7749 7710 7750
f 7802 7799 7801
f 7806 7803 7805
f 7745 7750 7746
f 7808 7801 7807
f 7814 7809 7813
f 7788 7789 7787
f 7811 7805 7812
f 7816 7812 7815
f 7791 7815 7792
f 7800 7813 7799
f 7804 7807 7803
f 7712 7748 7713
f 7711 7797 7710
f 7826 7830 7825
f 7828 7831 7827
f 7832 7833 7831
f 7835 7836 7778
f 7827 7778 7828
f 7821 7823 7820
f 7837 7839 7836
f 7842 7820 7840
f 7825 7822 7826
f 7824 7843 7823
f 7843 7824 7830
f 7830 7829 7843
f 7820 7842 7821
f 7834 7838 7833
f 7779 7848 7844
f 7880 7857 7879
f 7859 7852 7858
f 7861 7858 7860
f 7863 7860 7862
f 7817 7865 7818
f 7855 7783 7854
f 7868 7780 7867
f 7872 7869 7871
f 7876 7873 7875
f 7866 7867 7865
f 7878 7871 7877
f 7884 7879 7883
f 7853 7854 7852
f 7881 7875 7882
f 7886 7882 7885
f 7856 7885 7857
f 7870 7883 7869
f 7874 7877 7873
f 7864 7818 7783
f 7780 7863 7862
f 7899 7902 7898
f 7901 7903 7900
f 7904 7905 7903
f 7906 7907 7905
f 7909 7910 7908
f 7900 7908 7901
f 7894 7896 7893
f 7911 7914 7910
f 7917 7893 7915
f 7898 7895 7899
f 7897 7918 7896
f 7918 7897 7902
f 7902 7899 7918
f 7893 7917 7894
f 7907 7913 7912
f 7953 7933 7952
f 7935 7934 7928
f 7938 7935 7937
f 7940 7888 7939
f 7931 7847 7930
f 7889 7845 7890
f 7945 7942 7944
f 7949 7946 7948
f 7887 7890 7888
f 7951 7944 7950
f 7957 7952 7956
f 7929 7930 7928
f 7954 7948 7955
f 7959 7955 7958
f 7932 7958 7933
f 7943 7956 7942
f 7947 7950 7946
f 7941 7939 7847
f 7846 7937 7845
f 7412 7489 7411
f 7561 7632 7560
f 7709 7779 7708
f 7970 8007 8006
f 8004 7991 8005
f 7983 7980 7982
f 7978 7982 7979
f 7984 7919 7921
f 7981 7921 7980
f 7920 7985 7919
f 7986 7979 7985
f 7989 7977 8010
f 8009 8008 8006
f 7972 7973 7971
f 7976 7987 7975
f 8000 7997 7999
f 8002 7999 8001
f 7994 8001 7993
f 7960 7961 7962
f 7996 7925 7995
f 7963 7923 7964
f 7961 7963 7964
f 7998 7995 7997
f 8003 7962 7925
f 7924 7993 7923
f 8011 8010 8012
f 7974 7975 7973
f 7968 7969 7977
f 7844 8574 7992
f 8013 8005 7969
f 7990 8012 7991
f 7987 7988 7970
f 8009 7971 8008
f 8017 8018 8016
f 8056 8033 8055
f 8034 8029 8028
f 8035 8034 8036
f 8038 8036 8037
f 8040 8041 8039
f 8031 8022 8030
f 8044 8024 8043
f 8048 8045 8047
f 8052 8049 8051
f 8042 8043 8041
f 8054 8047 8053
f 8060 8055 8059
f 8029 8030 8028
f 8057 8051 8058
f 8062 8058 8061
f 8032 8061 8033
f 8046 8059 8045
f 8050 8053 8049
f 8023 8039 8022
f 8025 8037 8024
f 8075 8078 8074
f 8080 8076 8079
f 8082 8079 8081
f 8084 8014 8083
f 8077 8083 8076
f 8088 8087 8089
f 8072 8069 8073
f 8015 8085 8014
f 8071 8074 8070
f 8091 8073 8078
f 8088 8070 8087
f 8068 8089 8069
f 8086 8081 8085
f 8127 8105 8126
f 8107 8100 8106
f 8109 8106 8108
f 8111 8108 8110
f 8063 8114 8064
f 8103 8112 8102
f 8065 8020 8066
f 8119 8116 8118
f 8123 8120 8122
f 8115 8066 8114
f 8125 8118 8124
f 8131 8126 8130
f 8101 8102 8100
f 8128 8122 8129
f 8133 8129 8132
f 8104 8132 8105
f 8117 8130 8116
f 8121 8124 8120
f 8113 8064 8112
f 8021 8110 8020
f 8146 8149 8145
f 8151 8147 8150
f 8153 8150 8152
f 8155 8156 8154
f 8148 8154 8147
f 8161 8160 8162
f 8140 8141 8144
f 8157 8158 8156
f 8143 8145 8142
f 8164 8144 8165
f 8164 8165 8149
f 8161 8142 8160
f 8141 8163 8162
f 8159 8152 8158
f 8092 8168 8093
f 8180 8181 8200
f 8183 8176 8182
f 8185 8182 8184
f 8187 8184 8186
f 8136 8134 8137
f 8178 8096 8097
f 8189 8095 8188
f 8193 8190 8192
f 8197 8194 8196
f 8135 8188 8134
f 8199 8192 8198
f 8203 8200 8202
f 8177 8178 8176
f 8201 8196 8204
f 8181 8205 8204
f 8191 8202 8190
f 8195 8198 8194
f 8096 8137 8097
f 8094 8186 8095
f 8214 8217 8213
f 8219 8215 8218
f 8221 8218 8220
f 8223 8166 8222
f 8216 8222 8215
f 8227 8226 8228
f 8211 8209 8212
f 8167 8224 8166
f 8210 8213 8226
f 8229 8212 8230
f 8229 8230 8217
f 8208 8228 8209
f 8225 8220 8224
f 8266 8244 8245
f 8247 8240 8246
f 8249 8246 8248
f 8251 8248 8250
f 8253 8254 8252
f 8243 8172 8242
f 8206 8170 8207
f 8259 8256 8258
f 8263 8260 8262
f 8255 8207 8254
f 8265 8258 8264
f 8270 8267 8266
f 8241 8242 8240
f 8268 8262 8269
f 8271 8269 8245
f 8257 8270 8256
f 8261 8264 8260
f 8173 8252 8172
f 8170 8251 8250
f 8285 8290 8284
f 8291 8287 8286
f 8292 8291 8293
f 8295 8296 8231
f 8288 8231 8286
f 8299 8298 8296
f 8301 8300 8302
f 8282 8280 8283
f 8281 8284 8300
f 8303 8283 8304
f 8303 8304 8290
f 8279 8302 8280
f 8298 8294 8293
f 8232 8308 8233
f 8322 8316 8321
f 8324 8321 8323
f 8326 8323 8325
f 8274 8273 8275
f 8319 8237 8318
f 8276 8234 8277
f 8330 8327 8329
f 8334 8331 8333
f 8272 8277 8273
f 8336 8329 8335
f 8341 8338 8337
f 8317 8318 8316
f 8339 8333 8340
f 8343 8340 8342
f 8320 8342 8337
f 8328 8341 8327
f 8332 8335 8331
f 8236 8275 8237
f 8235 8325 8234
f 8357 8360 8356
f 8362 8358 8361
f 8364 8361 8363
f 8365 8305 8307
f 8359 8307 8358
f 8369 8368 8370
f 8354 8352 8355
f 8306 8366 8305
f 8353 8356 8368
f 8371 8355 8372
f 8371 8372 8360
f 8351 8370 8352
f 8367 8363 8366
f 8388 8382 8387
f 8390 8387 8389
f 8392 8389 8391
f 8346 8345 8347
f 8385 8313 8384
f 8348 8310 8349
f 8396 8393 8395
f 8400 8397 8399
f 8344 8349 8345
f 8406 8403 8402
f 8383 8384 8382
f 8404 8399 8405
f 8408 8405 8407
f 8386 8407 8402
f 8394 8406 8393
f 8397 8401 8395
f 8312 8347 8313
f 8310 8392 8391
f 8420 8424 8419
f 8426 8421 8425
f 8428 8425 8427
f 8429 8430 8373
f 8422 8373 8421
f 8435 8434 8436
f 8417 8415 8418
f 8431 8432 8430
f 8416 8419 8434
f 8437 8418 8438
f 8437 8438 8424
f 8414 8436 8415
f 8433 8427 8432
f 8374 8439 8375
f 8472 8451 8471
f 8453 8446 8452
f 8455 8452 8454
f 8457 8454 8456
f 8409 8458 8410
f 8449 8379 8448
f 8461 8376 8460
f 8463 8462 8464
f 8468 8465 8467
f 8459 8460 8458
f 8470 8464 8469
f 8476 8471 8475
f 8447 8448 8446
f 8473 8467 8474
f 8478 8474 8477
f 8450 8477 8451
f 8462 8476 8475
f 8466 8469 8465
f 8378 8410 8379
f 8377 8456 8376
f 8490 8493 8489
f 8495 8491 8494
f 8497 8494 8496
f 8499 8500 8498
f 8492 8498 8491
f 8505 8504 8506
f 8487 8485 8488
f 8500 8501 8502
f 8486 8489 8504
f 8507 8488 8493
f 8484 8506 8485
f 8503 8496 8502
f 8439 8512 8511
f 8541 8523 8540
f 8525 8518 8524
f 8527 8526 8524
f 8530 8480 8529
f 8521 8531 8520
f 8481 8442 8441
f 8534 8533 8532
f 8538 8537 8536
f 8480 8479 8481
f 8535 8534 8536
f 8544 8540 8532
f 8519 8520 8518
f 8542 8538 8543
f 8545 8542 8543
f 8522 8545 8523
f 8443 8529 8531
f 8441 8528 8527
f 8019 8093 8018
f 8138 7967 7966
f 8168 8232 8233
f 8308 8374 8375
f 8555 8552 8554
f 8557 8554 8556
f 8558 8508 8510
f 8553 8510 8552
f 8509 8559 8508
f 8560 8556 8559
f 8572 8571 8567
f 8565 8572 8566
f 8548 8547 8549
f 8569 8515 8516
f 8550 8513 8551
f 8546 8551 8547
f 8568 8569 8567
f 8515 8549 8516
f 8514 8566 8513
f 8564 8563 8067
f 8563 8562 8067
f 8561 8016 8562
f 7967 8564 7966
f 8512 8579 8511
f 8575 7965 7603
f 7965 8574 7603
f 7892 8575 7753
f 7382 7381 7459
f 8577 7409 7460
f 7460 7459 8577
f 8483 8576 8412
f 8576 8578 8412
f 8138 8483 8139
f 7391 7382 7389
f 7381 7390 7388
f 7396 7397 7395
f 7381 7383 7390
f 7407 7393 7398
f 7407 7399 7390
f 7398 7393 7394
f 7391 7389 7400
f 7401 7392 7396
f 7483 7384 7406
f 7478 7406 7405
f 7404 7481 7479
f 7409 7422 7416
f 7452 7422 7415
f 7453 7412 7449
f 7422 7423 7425
f 7424 7412 7426
f 7446 7450 7420
f 7450 7427 7429
f 7421 7430 7451
f 7431 7420 7450
f 7448 7428 7423
f 7429 7427 7424
f 7421 7418 7432
f 7416 7422 7425
f 7421 7443 7413
f 7420 7444 7446
f 7413 7447 7458
f 7442 7414 7457
f 7415 7439 7452
f 7440 7412 7453
f 7456 7441 7439
f 7442 7455 7440
f 7441 7458 7447
f 7442 7457 7509
f 7421 7460 7418
f 8577 7420 7419
f 7467 7382 7384
f 7381 7466 7383
f 7381 7462 7466
f 7487 7469 7473
f 7472 7474 7471
f 7473 7469 7470
f 7467 7482 7476
f 7466 7481 7383
f 7478 7468 7471
f 7480 7469 7385
f 7479 7480 7385
f 7483 7482 7384
f 7464 7545 7485
f 7486 7546 7484
f 7485 7551 7463
f 7486 7550 7549
f 7411 7496 7415
f 7522 7496 7493
f 7523 7488 7519
f 7386 7468 7405
f 7496 7497 7499
f 7498 7488 7500
f 7525 7501 7498
f 7495 7504 7521
f 7505 7494 7520
f 7502 7503 7497
f 7495 7413 7506
f 7415 7496 7499
f 7508 7488 7412
f 7412 7455 7508
f 7495 7514 7491
f 7494 7515 7520
f 7491 7514 7582
f 7517 7490 7583
f 7493 7510 7522
f 7511 7492 7523
f 7529 7512 7510
f 7513 7528 7511
f 7512 7582 7514
f 7513 7583 7527
f 7495 7421 7413
f 7420 7494 7414
f 7602 7563 7567
f 7535 7382 7463
f 7381 7534 7462
f 7539 7541 7538
f 7537 7540 7536
f 7381 7530 7534
f 7542 7540 7537
f 7535 7551 7544
f 7534 7550 7462
f 7545 7532 7539
f 7547 7536 7465
f 7546 7547 7465
f 7558 7531 7556
f 7532 7620 7553
f 7620 7555 7553
f 7554 7621 7552
f 7555 7558 7556
f 7554 7622 7559
f 7560 7493 7489
f 7492 7561 7488
f 7596 7568 7564
f 7597 7569 7593
f 7386 7532 7464
f 7459 7536 8575
f 7568 7570 7572
f 7571 7569 7573
f 7599 7574 7577
f 7566 7578 7595
f 7579 7567 7594
f 7575 7576 7570
f 7577 7574 7571
f 7566 7491 7580
f 7493 7568 7572
f 7566 7588 7562
f 7567 7589 7594
f 7562 7588 7601
f 7591 7563 7600
f 7564 7584 7596
f 7585 7565 7597
f 7652 7586 7584
f 7587 7653 7585
f 7586 7601 7588
f 7587 7600 7655
f 7460 7495 7566
f 7602 8577 7603
f 7566 7495 7491
f 7494 7567 7490
f 7679 7634 7637
f 7609 7382 7531
f 7381 7608 7530
f 7612 7614 7611
f 7381 7604 7608
f 7628 7619 7608
f 7610 7616 7613
f 7615 7614 7612
f 7609 7623 7618
f 7608 7622 7530
f 7620 7610 7613
f 7621 7611 7533
f 7558 7623 7531
f 7699 7605 7626
f 7606 7630 7625
f 7630 7626 7625
f 7624 7698 7697
f 7560 7639 7564
f 7669 7639 7636
f 7670 7631 7666
f 7386 7610 7532
f 7639 7640 7642
f 7641 7631 7643
f 7663 7667 7637
f 7672 7644 7647
f 7638 7648 7668
f 7649 7637 7667
f 7645 7646 7640
f 7647 7644 7641
f 7638 7562 7650
f 7564 7639 7642
f 7638 7660 7633
f 7637 7661 7663
f 7633 7658 7678
f 7664 7634 7677
f 7636 7656 7669
f 7657 7635 7670
f 7676 7658 7656
f 7659 7675 7657
f 7659 7677 7673
f 7638 7566 7562
f 7602 7637 7563
f 7751 7711 7714
f 7685 7382 7605
f 7381 7684 7604
f 7687 7689 7683
f 7381 7680 7684
f 7704 7689 7691
f 7704 7693 7684
f 7690 7692 7688
f 7691 7689 7687
f 7685 7699 7694
f 7684 7698 7604
f 7630 7686 7688
f 7695 7683 7607
f 7705 7681 7702
f 7682 7707 7701
f 7707 7702 7701
f 7700 7772 7706
f 7632 7716 7636
f 7741 7716 7713
f 7742 7709 7738
f 7386 7686 7606
f 7716 7717 7719
f 7718 7709 7720
f 7744 7721 7724
f 7715 7725 7740
f 7726 7714 7739
f 7722 7723 7717
f 7724 7721 7718
f 7715 7633 7727
f 7636 7716 7719
f 7715 7733 7710
f 7714 7734 7739
f 7710 7731 7750
f 7736 7711 7749
f 7713 7729 7741
f 7730 7712 7742
f 7748 7731 7729
f 7732 7747 7730
f 7732 7749 7745
f 7460 7715 7965
f 7461 7965 7752
f 7715 7638 7633
f 7679 7714 7634
f 7819 7781 7784
f 7759 7382 7681
f 7381 7758 7680
f 7762 7764 7761
f 7753 7754 7758
f 7777 7764 7766
f 7777 7770 7758
f 7765 7767 7763
f 7766 7764 7762
f 7759 7773 7769
f 7758 7772 7680
f 7707 7760 7763
f 7771 7761 7683
f 7705 7773 7681
f 7839 7755 7776
f 7756 7778 7775
f 7778 7776 7775
f 7774 7838 7837
f 7708 7786 7713
f 7813 7786 7783
f 7814 7782 7810
f 7386 7760 7682
f 7786 7787 7789
f 7788 7782 7790
f 7806 7811 7784
f 7816 7791 7794
f 7785 7795 7812
f 7796 7784 7811
f 7792 7793 7787
f 7794 7791 7788
f 7785 7710 7797
f 7713 7786 7789
f 7785 7803 7780
f 7784 7804 7806
f 7780 7807 7867
f 7808 7781 7868
f 7783 7799 7813
f 7800 7782 7814
f 7818 7801 7799
f 7802 7817 7800
f 7801 7867 7807
f 7802 7868 7866
f 7785 7715 7710
f 7751 7784 7711
f 7824 7382 7755
f 7753 7823 7754
f 7827 7829 7826
f 7753 7820 7823
f 7843 7829 7831
f 7843 7833 7823
f 7830 7832 7828
f 7831 7829 7827
f 7824 7839 7834
f 7823 7838 7754
f 7778 7825 7828
f 7835 7826 7757
f 7914 7821 7842
f 7908 7842 7841
f 7840 7912 7911
f 7779 7851 7783
f 7883 7851 7847
f 7884 7848 7880
f 7386 7825 7756
f 7851 7852 7854
f 7853 7848 7855
f 7876 7881 7849
f 7886 7856 7859
f 7850 7860 7882
f 7861 7849 7881
f 7857 7858 7852
f 7859 7856 7853
f 7850 7780 7862
f 7783 7851 7854
f 7864 7848 7782
f 7782 7817 7864
f 7850 7873 7845
f 7849 7874 7876
f 7845 7877 7890
f 7878 7846 7889
f 7847 7869 7883
f 7870 7848 7884
f 7939 7871 7869
f 7872 7940 7870
f 7871 7890 7877
f 7872 7889 7887
f 7965 7785 7850
f 7603 7459 8575
f 7850 7785 7780
f 7819 7849 7781
f 7603 7924 7926
f 7897 7382 7821
f 7753 7896 7820
f 7753 7893 7896
f 7918 7899 7903
f 7918 7907 7896
f 7902 7904 7901
f 7903 7899 7900
f 7897 7913 7906
f 7896 7912 7820
f 7908 7898 7901
f 7909 7899 7822
f 7914 7913 7821
f 7985 7894 7917
f 7921 7917 7916
f 7915 7986 7920
f 7956 7844 7925
f 7957 7922 7953
f 7891 7898 7841
f 7844 7928 7930
f 7929 7922 7931
f 7949 7954 7926
f 7959 7932 7934
f 7927 7935 7955
f 7936 7926 7954
f 7934 7932 7929
f 7927 7845 7937
f 7847 7844 7930
f 7941 7922 7848
f 7848 7940 7941
f 7927 7946 7923
f 7926 7947 7949
f 7923 7950 7964
f 7951 7924 7963
f 7925 7942 7956
f 7943 7922 7957
f 7962 7944 7942
f 7945 7960 7943
f 7944 7964 7950
f 7945 7963 7960
f 7927 7850 7845
f 7849 7926 7846
f 7979 7892 7894
f 7753 7978 7893
f 7978 7986 7893
f 7984 7981 7895
f 7844 7995 7925
f 7922 7996 8574
f 7891 7980 7916
f 8003 7996 7922
f 7922 7960 8003
f 7993 7965 7923
f 7603 7994 7924
f 7967 7990 8004
f 8013 7968 7974
f 8013 7972 8004
f 7969 7973 7975
f 7974 7968 7976
f 8005 8008 7971
f 8004 8009 7967
f 7987 7977 7975
f 8006 8008 7966
f 8085 7991 8012
f 8083 8012 8010
f 8011 8086 8015
f 8016 8018 8022
f 8060 8019 8056
f 8564 7977 7987
f 8018 8028 8030
f 8029 8019 8031
f 8052 8057 8026
f 8062 8032 8035
f 8027 8036 8058
f 8035 8026 8057
f 8033 8034 8028
f 8035 8032 8029
f 8027 8024 8037
f 8022 8018 8030
f 8027 8049 8020
f 8026 8050 8052
f 8020 8053 8066
f 8054 8021 8065
f 8018 8045 8059
f 8046 8019 8060
f 8064 8047 8045
f 8048 8063 8046
f 8047 8066 8053
f 8048 8065 8115
f 8027 8562 8024
f 8561 8026 8025
f 8073 7966 7991
f 7967 8072 7990
f 7967 8068 8072
f 8091 8075 8080
f 8091 8082 8072
f 8078 8079 8076
f 8080 8075 8077
f 8073 8085 8081
f 8072 8086 7990
f 8083 8074 8076
f 8084 8075 7989
f 8158 8069 8089
f 8070 8154 8087
f 8154 8089 8087
f 8088 8159 8157
f 8130 8093 8097
f 8131 8092 8127
f 8564 8074 8010
f 8093 8100 8102
f 8101 8092 8103
f 8123 8128 8098
f 8133 8104 8107
f 8099 8108 8129
f 8109 8098 8128
f 8105 8106 8100
f 8107 8104 8101
f 8099 8020 8110
f 8112 8093 8102
f 8113 8092 8019
f 8019 8063 8113
f 8099 8120 8095
f 8098 8121 8123
f 8095 8124 8188
f 8125 8094 8189
f 8097 8116 8130
f 8117 8096 8131
f 8137 8118 8116
f 8119 8136 8117
f 8118 8188 8124
f 8119 8189 8135
f 8099 8027 8020
f 8026 8098 8021
f 8144 7966 8069
f 7967 8140 8068
f 8164 8146 8151
f 8164 8153 8140
f 8149 8150 8147
f 8151 8146 8148
f 8144 8158 8152
f 8140 8159 8068
f 8154 8145 8147
f 8155 8146 8071
f 8224 8141 8162
f 8142 8222 8160
f 8222 8162 8160
f 8161 8225 8167
f 8093 8168 8097
f 8202 8168 8172
f 8203 8169 8180
f 8564 8145 8070
f 8168 8176 8178
f 8177 8169 8179
f 8197 8201 8175
f 8205 8180 8183
f 8174 8184 8204
f 8185 8175 8201
f 8181 8182 8176
f 8183 8180 8177
f 8174 8095 8186
f 8097 8168 8178
f 8174 8194 8170
f 8175 8195 8197
f 8170 8198 8207
f 8199 8171 8206
f 8172 8190 8202
f 8191 8173 8203
f 8252 8192 8190
f 8193 8253 8191
f 8192 8207 8198
f 8193 8206 8255
f 8174 8099 8095
f 8098 8175 8094
f 8212 8138 8141
f 8139 8211 8140
f 8139 8208 8211
f 8229 8214 8219
f 8229 8221 8211
f 8217 8218 8215
f 8219 8214 8216
f 8212 8224 8220
f 8211 8225 8140
f 8222 8213 8215
f 8223 8214 8143
f 8296 8209 8228
f 8231 8228 8226
f 8227 8299 8297
f 8168 8233 8172
f 8270 8233 8237
f 8257 8232 8267
f 8564 8213 8142
f 8233 8240 8242
f 8241 8232 8243
f 8263 8268 8238
f 8271 8244 8247
f 8239 8248 8269
f 8249 8238 8268
f 8245 8246 8240
f 8247 8244 8241
f 8239 8170 8250
f 8172 8233 8242
f 8239 8260 8234
f 8238 8261 8263
f 8234 8264 8277
f 8265 8235 8276
f 8237 8256 8270
f 8275 8258 8256
f 8259 8274 8257
f 8258 8277 8264
f 8259 8276 8272
f 8561 8563 8483
f 8239 8174 8170
f 8175 8238 8171
f 8350 8311 8314
f 8283 8138 8209
f 8139 8282 8208
f 8288 8289 8285
f 8139 8279 8282
f 8303 8289 8292
f 8303 8294 8282
f 8290 8291 8286
f 8292 8289 8287
f 8283 8298 8293
f 8282 8299 8208
f 8231 8284 8286
f 8295 8285 8210
f 8296 8298 8209
f 8366 8280 8302
f 8307 8302 8300
f 8301 8367 8306
f 8233 8308 8237
f 8341 8308 8313
f 8328 8309 8338
f 8278 8284 8226
f 8308 8316 8318
f 8317 8309 8319
f 8334 8339 8314
f 8343 8320 8322
f 8315 8323 8340
f 8324 8314 8339
f 8337 8321 8316
f 8322 8320 8317
f 8315 8234 8325
f 8237 8308 8318
f 8315 8331 8310
f 8314 8332 8334
f 8310 8335 8349
f 8336 8311 8348
f 8313 8327 8341
f 8347 8329 8327
f 8330 8346 8328
f 8329 8349 8335
f 8330 8348 8344
f 8562 8239 8315
f 8315 8239 8234
f 8238 8314 8235
f 8411 8377 8380
f 8355 8138 8280
f 8139 8354 8279
f 8139 8351 8354
f 8371 8357 8362
f 8371 8364 8354
f 8360 8361 8358
f 8362 8357 8359
f 8355 8366 8363
f 8354 8367 8279
f 8307 8356 8358
f 8365 8357 8281
f 8432 8352 8370
f 8373 8370 8368
f 8369 8433 8431
f 8308 8375 8313
f 8406 8375 8379
f 8394 8374 8403
f 8278 8356 8300
f 8375 8382 8384
f 8383 8374 8385
f 8400 8404 8380
f 8408 8386 8388
f 8381 8389 8405
f 8390 8380 8404
f 8402 8387 8382
f 8388 8386 8383
f 8381 8310 8391
f 8313 8375 8384
f 8381 8397 8376
f 8380 8398 8400
f 8376 8395 8460
f 8401 8377 8461
f 8379 8393 8406
f 8410 8395 8393
f 8396 8409 8394
f 8396 8461 8459
f 8562 8381 8576
f 8412 8350 8561
f 8067 8576 8413
f 8278 8067 8413
f 8381 8315 8310
f 8350 8380 8311
f 8517 8442 8444
f 8418 8138 8352
f 8139 8417 8351
f 8422 8423 8420
f 8139 8414 8417
f 8437 8423 8426
f 8437 8428 8417
f 8424 8425 8421
f 8426 8423 8422
f 8418 8432 8427
f 8417 8433 8351
f 8373 8419 8421
f 8429 8420 8353
f 8502 8415 8436
f 8498 8436 8434
f 8375 8439 8379
f 8476 8440 8472
f 8278 8419 8368
f 8563 8420 8483
f 8439 8446 8448
f 8447 8440 8449
f 8468 8473 8444
f 8478 8450 8453
f 8445 8454 8474
f 8455 8444 8473
f 8451 8452 8446
f 8453 8450 8447
f 8445 8376 8456
f 8379 8439 8448
f 8445 8465 8441
f 8444 8466 8468
f 8441 8469 8481
f 8470 8442 8479
f 8439 8462 8475
f 8463 8443 8476
f 8529 8464 8462
f 8464 8481 8469
f 8445 8381 8376
f 8411 8444 8377
f 8488 8138 8415
f 8139 8487 8414
f 8139 8484 8487
f 8507 8490 8495
f 8507 8497 8487
f 8493 8494 8491
f 8495 8490 8492
f 8488 8502 8496
f 8487 8503 8414
f 8498 8489 8491
f 8499 8490 8416
f 8559 8485 8506
f 8510 8506 8504
f 8505 8560 8509
f 8532 8511 8516
f 8544 8512 8541
f 8278 8489 8434
f 8511 8518 8520
f 8519 8512 8521
f 8539 8542 8517
f 8482 8524 8543
f 8526 8517 8542
f 8523 8524 8518
f 8525 8522 8519
f 8482 8441 8527
f 8531 8511 8520
f 8482 8536 8513
f 8517 8537 8539
f 8513 8536 8551
f 8535 8514 8550
f 8533 8515 8544
f 8549 8534 8532
f 8535 8548 8533
f 8534 8551 8536
f 8535 8550 8546
f 8484 8139 8557
f 8016 8039 8562
f 8040 8017 8561
f 8557 8560 8484
f 8558 8553 8486
f 8579 8516 8511
f 8515 8578 8512
f 7892 7979 7891
f 7978 7753 8575
f 7965 8001 7992
f 8002 7603 8574
f 7967 8009 8563
f 8564 7970 8006
f 8513 8576 8482
f 8514 8412 8565
f 8576 8572 8579
f 8573 8412 8578
f 7409 7434 7460
f 7435 7410 8577
f 8138 8556 8278
f 8557 8139 8483
f 7382 7386 7401
f 7382 7401 7403
f 7382 7403 7389
f 7381 7388 7459
f 8612 8616 8611
f 8614 8617 8613
f 8618 8619 8617
f 8586 8588 8587
f 8613 8621 8614
f 8623 8624 8625
f 8606 8609 8605
f 8611 8608 8612
f 8610 8627 8609
f 8627 8628 8616
f 8616 8615 8627
f 8623 8607 8624
f 8605 8626 8606
f 8620 8585 8619
f 8663 8645 8662
f 8647 8640 8646
f 8649 8646 8648
f 8651 8648 8650
f 8595 8598 8596
f 8643 8592 8642
f 8599 8594 8600
f 8655 8652 8654
f 8659 8656 8658
f 8597 8600 8598
f 8661 8654 8660
f 8667 8662 8666
f 8641 8642 8640
f 8664 8658 8665
f 8669 8665 8668
f 8644 8668 8645
f 8653 8666 8652
f 8657 8660 8656
f 8591 8596 8592
f 8593 8650 8594
f 8680 8684 8679
f 8682 8685 8681
f 8686 8687 8685
f 8689 8690 8629
f 8681 8629 8682
f 8674 8677 8673
f 8691 8693 8690
f 8696 8697 8694
f 8679 8676 8680
f 8678 8698 8677
f 8698 8699 8684
f 8684 8683 8698
f 8694 8675 8695
f 8673 8696 8674
f 8688 8692 8687
f 8630 9299 8631
f 8736 8714 8735
f 8716 8709 8715
f 8718 8715 8717
f 8720 8717 8719
f 8670 8721 8671
f 8712 8635 8711
f 8724 8632 8723
f 8728 8725 8727
f 8732 8729 8731
f 8722 8723 8721
f 8734 8727 8733
f 8740 8735 8739
f 8710 8711 8709
f 8737 8731 8738
f 8742 8738 8741
f 8713 8741 8714
f 8726 8739 8725
f 8730 8733 8729
f 8634 8671 8635
f 8633 8719 8632
f 8752 8756 8751
f 8754 8757 8753
f 8758 8759 8757
f 8762 8763 8761
f 8753 8761 8754
f 8770 8750 8769
f 8764 8766 8763
f 8768 8771 8767
f 8751 8775 8752
f 8750 8774 8773
f 8773 8774 8756
f 8756 8755 8773
f 8767 8776 8768
f 8769 8772 8770
f 8760 8765 8759
f 8805 8788 8804
f 8790 8783 8789
f 8792 8789 8791
f 8794 8791 8793
f 8796 8744 8795
f 8786 8703 8785
f 8745 8701 8746
f 8800 8797 8799
f 8801 8778 8802
f 8743 8746 8744
f 8803 8799 8802
f 8779 8804 8808
f 8784 8785 8783
f 8806 8801 8807
f 8810 8807 8809
f 8787 8809 8788
f 8798 8808 8797
f 8704 8795 8703
f 8702 8793 8701
f 8581 8747 8580
f 8589 8631 8590
f 8582 8580 8583
f 8602 8590 8601
f 8604 8583 8602
f 8827 8847 8826
f 8829 8831 8828
f 8832 8833 8831
f 8834 8835 8833
f 8837 8839 8836
f 8828 8838 8829
f 8817 8824 8816
f 8840 8841 8839
f 8844 8845 8842
f 8826 8818 8827
f 8825 8848 8824
f 8848 8846 8847
f 8847 8830 8848
f 8842 8819 8843
f 8816 8844 8817
f 8835 8823 8822
f 8852 8853 8851
f 8896 8872 8895
f 8874 8867 8873
f 8876 8873 8875
f 8878 8875 8877
f 8880 8881 8879
f 8870 8859 8869
f 8884 8861 8883
f 8888 8885 8887
f 8892 8889 8891
f 8882 8883 8881
f 8894 8887 8893
f 8900 8895 8899
f 8868 8869 8867
f 8897 8891 8898
f 8902 8898 8901
f 8871 8901 8872
f 8886 8899 8885
f 8890 8893 8889
f 8860 8879 8859
f 8862 8877 8861
f 8916 8935 8915
f 8918 8920 8917
f 8921 8922 8920
f 8923 8924 8922
f 8926 8849 8925
f 8917 8925 8918
f 8910 8913 8909
f 8850 8929 8849
f 8932 8933 8930
f 8915 8912 8916
f 8914 8936 8913
f 8936 8934 8935
f 8935 8919 8936
f 8930 8911 8931
f 8909 8932 8910
f 8924 8928 8927
f 8967 8949 8966
f 8951 8944 8950
f 8953 8950 8952
f 8955 8952 8954
f 8903 8956 8904
f 8947 8858 8946
f 8905 8855 8906
f 8964 8961 8963
f 8957 8906 8956
f 8965 8960 8958
f 8971 8966 8970
f 8945 8946 8944
f 8968 8963 8969
f 8973 8969 8972
f 8948 8972 8949
f 8959 8970 8958
f 8961 8962 8965
f 8857 8904 8858
f 8856 8954 8855
f 8985 9004 8984
f 8987 8989 8986
f 8990 8991 8989
f 8994 8995 8993
f 8986 8993 8987
f 8979 8982 8978
f 8996 8998 8995
f 9001 9002 8999
f 8984 8981 8985
f 8983 9005 8982
f 9005 9003 9004
f 9004 8988 9005
f 8999 8980 9000
f 8978 9001 8979
f 8992 8997 8991
f 8854 9010 8937
f 9045 9025 9044
f 9027 9020 9026
f 9029 9026 9028
f 9031 9028 9030
f 8976 8974 8977
f 9022 9032 8940
f 9034 8939 9033
f 9038 9035 9037
f 9041 9040 9039
f 8975 9033 8974
f 9043 9037 9039
f 9048 9044 9047
f 9021 9022 9020
f 9042 9041 9046
f 9050 9046 9049
f 9024 9049 9025
f 9036 9047 9035
f 9032 8977 8940
f 8938 9030 8939
f 8815 9054 8814
f 9062 9079 9061
f 9064 9067 9063
f 9068 9069 9067
f 9072 9006 9071
f 9065 9073 9071
f 9056 9059 9055
f 9007 9008 9006
f 9076 9077 9074
f 9061 9058 9062
f 9063 9065 9064
f 9060 9080 9059
f 9080 9078 9079
f 9079 9066 9080
f 9074 9057 9075
f 9055 9076 9056
f 9071 9073 9072
f 9070 9009 9069
f 9118 9098 9117
f 9100 9093 9099
f 9102 9099 9101
f 9104 9101 9103
f 9106 9107 9105
f 9096 9014 9095
f 9051 9012 9052
f 9115 9112 9114
f 9108 9052 9107
f 9116 9111 9109
f 9122 9117 9121
f 9094 9095 9093
f 9119 9114 9120
f 9124 9120 9123
f 9097 9123 9098
f 9110 9121 9109
f 9113 9116 9112
f 9015 9105 9014
f 9012 9104 9103
f 9137 9140 9136
f 9139 9141 9138
f 9142 9143 9141
f 9081 9146 9145
f 9138 9145 9139
f 9148 9082 9147
f 9133 9152 9132
f 9147 9082 9146
f 9151 9153 9149
f 9136 9135 9137
f 9152 9154 9155
f 9155 9140 9137
f 9149 9134 9150
f 9132 9151 9133
f 9144 9148 9143
f 9083 9159 9084
f 9189 9171 9188
f 9173 9166 9172
f 9175 9172 9174
f 9177 9174 9176
f 9127 9126 9128
f 9168 9087 9088
f 9129 9085 9130
f 9181 9178 9180
f 9185 9182 9184
f 9125 9130 9126
f 9187 9180 9186
f 9193 9188 9192
f 9167 9168 9166
f 9190 9184 9191
f 9195 9191 9194
f 9170 9194 9171
f 9179 9192 9178
f 9183 9186 9182
f 9087 9128 9088
f 9085 9177 9176
f 8815 9203 9054
f 9211 9227 9210
f 9213 9215 9212
f 9216 9217 9215
f 9158 9156 9219
f 9212 9219 9213
f 9205 9208 9204
f 9157 9221 9156
f 9224 9225 9222
f 9210 9207 9211
f 9209 9228 9208
f 9228 9226 9227
f 9227 9214 9228
f 9222 9206 9223
f 9204 9224 9205
f 9218 9220 9217
f 9261 9243 9260
f 9245 9238 9244
f 9247 9244 9246
f 9249 9246 9248
f 9198 9197 9199
f 9241 9162 9240
f 9200 9160 9201
f 9253 9252 9251
f 9258 9255 9257
f 9197 9200 9201
f 9254 9253 9259
f 9264 9260 9251
f 9239 9240 9238
f 9262 9257 9263
f 9266 9263 9265
f 9242 9265 9243
f 9256 9259 9255
f 9250 9199 9162
f 9161 9248 9160
f 9277 9296 9276
f 9278 9283 9282
f 9284 9285 9282
f 9229 9287 9286
f 9280 9286 9279
f 9271 9274 9270
f 9288 9290 9287
f 9293 9294 9291
f 9276 9273 9277
f 9275 9297 9274
f 9297 9295 9296
f 9296 9281 9297
f 9291 9272 9292
f 9270 9293 9271
f 9284 9289 9285
f 9230 9298 9231
f 9336 9313 9335
f 9315 9308 9314
f 9317 9314 9316
f 9319 9316 9318
f 9267 9321 9268
f 9311 9234 9310
f 9324 9232 9323
f 9328 9325 9327
f 9332 9329 9331
f 9322 9323 9321
f 9334 9327 9333
f 9340 9335 9339
f 9309 9310 9308
f 9337 9331 9338
f 9342 9338 9341
f 9312 9341 9313
f 9326 9339 9325
f 9330 9333 9329
f 9320 9268 9234
f 9232 9319 9318
f 9351 9375 9350
f 9353 9356 9352
f 9357 9358 9356
f 9361 9363 9360
f 9354 9362 9360
f 9370 9348 9369
f 9364 9366 9363
f 8777 9371 9367
f 9350 9373 9351
f 9352 9354 9353
f 9349 9376 9348
f 9376 9372 9375
f 9375 9355 9376
f 9367 9374 9368
f 9369 8777 9370
f 9360 9362 9361
f 9359 9365 9358
f 9403 9386 9402
f 9388 9381 9387
f 9389 9388 9387
f 9392 9389 9391
f 9394 9344 9393
f 9384 9302 9383
f 9345 9300 9346
f 9396 9395 8811
f 9400 9397 9399
f 9343 9346 9344
f 9401 8811 8812
f 9407 9402 9406
f 9382 9383 9381
f 9404 9399 9405
f 9409 9405 9408
f 9385 9408 9386
f 9395 9407 9406
f 9398 8812 9397
f 9303 9393 9302
f 9301 9391 9300
f 8853 8854 8937
f 9011 9084 9010
f 9083 9231 9159
f 8820 8814 8821
f 9410 8852 8851
f 9410 8908 8907
f 8820 8821 8908
f 8610 8581 8584
f 8580 8609 8585
f 8613 8615 8612
f 8580 8605 8609
f 8627 8615 8617
f 8627 8619 8609
f 8616 8618 8614
f 8617 8615 8613
f 8610 8584 8620
f 8621 8611 8614
f 8622 8612 8583
f 8621 8586 8582
f 8693 8606 8626
f 8607 8629 8624
f 8625 8689 8623
f 8624 8693 8626
f 8625 8692 8691
f 8590 8638 8592
f 8589 8639 8630
f 8666 8638 8635
f 8667 8639 8663
f 8638 8640 8642
f 8641 8639 8643
f 8659 8664 8637
f 8669 8644 8647
f 8636 8648 8665
f 8649 8637 8664
f 8645 8646 8640
f 8647 8644 8641
f 8636 8594 8650
f 8592 8638 8642
f 8636 8656 8632
f 8637 8657 8659
f 8632 8660 8723
f 8661 8633 8724
f 8635 8652 8666
f 8653 8634 8667
f 8671 8654 8652
f 8655 8670 8653
f 8654 8723 8660
f 8655 8724 8722
f 8636 8601 8594
f 8602 8637 8593
f 8678 8581 8606
f 8580 8677 8605
f 8681 8683 8680
f 8580 8673 8677
f 8698 8683 8685
f 8698 8687 8677
f 8684 8686 8682
f 8685 8683 8681
f 8678 8693 8688
f 8677 8692 8605
f 8629 8679 8682
f 8689 8680 8608
f 8766 8674 8696
f 8675 8761 8695
f 8761 8696 8695
f 8694 8765 8764
f 8631 8707 8635
f 8630 8708 8700
f 8739 8707 8703
f 8740 8708 8736
f 8582 8679 8607
f 8707 8709 8711
f 8710 8708 8712
f 8732 8737 8705
f 8742 8713 8716
f 8706 8717 8738
f 8718 8705 8737
f 8714 8715 8709
f 8716 8713 8710
f 8706 8632 8719
f 8635 8707 8711
f 8706 8729 8701
f 8705 8730 8732
f 8701 8733 8746
f 8734 8702 8745
f 8703 8725 8739
f 8726 8704 8740
f 8795 8727 8725
f 8728 8796 8726
f 8727 8746 8733
f 8728 8745 8743
f 8706 8672 8632
f 8637 8705 8633
f 8776 8751 8748
f 8770 8581 8674
f 8580 8750 8673
f 8753 8755 8752
f 8773 8755 8757
f 8773 8759 8750
f 8756 8758 8754
f 8757 8755 8753
f 8770 8766 8760
f 8750 8765 8673
f 8761 8751 8754
f 8762 8752 8676
f 8771 8769 8747
f 8775 8767 8749
f 8767 8771 8777
f 8700 8782 9298
f 8779 8782 8805
f 8582 8751 8675
f 8583 8752 8749
f 9299 8783 8785
f 8784 8782 8786
f 8810 8787 8790
f 8781 8791 8807
f 8792 8780 8806
f 8788 8789 8783
f 8790 8787 8784
f 8781 8701 8793
f 8703 9299 8785
f 8780 8778 8806
f 8803 8778 8812
f 9299 8797 8808
f 9396 8799 8797
f 8800 8812 8811
f 8780 8602 9410
f 8748 8603 8908
f 8781 8706 8701
f 8705 8780 8702
f 8590 8596 8601
f 8595 8589 8602
f 8601 8598 8600
f 8601 8600 8594
f 8581 8587 8584
f 8580 8585 8583
f 8847 8829 8826
f 8817 8815 8825
f 8835 8848 8833
f 8834 8846 8825
f 8847 8846 8832
f 8848 8831 8833
f 8832 8846 8834
f 8822 8824 8835
f 8827 8837 8828
f 8826 8838 8820
f 8816 8927 8845
f 8926 8818 8842
f 8926 8842 8850
f 8844 8925 8849
f 8927 8842 8845
f 8929 8844 8849
f 8866 8852 8860
f 8865 8851 8853
f 8866 8900 8857
f 8865 8899 8895
f 8866 8868 8871
f 8867 8865 8872
f 8818 8821 8827
f 8820 8819 8826
f 8898 8891 8864
f 8872 8901 8873
f 8863 8876 8878
f 8875 8864 8877
f 8897 8902 8874
f 8901 8898 8873
f 8897 8874 8876
f 8873 8898 8875
f 8871 8896 8866
f 8895 8872 8865
f 8862 8863 8878
f 8866 8860 8870
f 8890 8863 8856
f 8889 8864 8891
f 8856 8894 8890
f 8893 8855 8889
f 8857 8886 8903
f 8885 8858 8904
f 8903 8888 8957
f 8887 8904 8956
f 8905 8888 8894
f 8906 8887 8956
f 8857 8854 8866
f 8853 8858 8865
f 8935 8918 8915
f 8910 8815 8914
f 8924 8936 8922
f 8923 8934 8914
f 8935 8934 8921
f 8936 8920 8922
f 8921 8934 8923
f 8927 8913 8924
f 8928 8914 8817
f 8916 8926 8917
f 8915 8925 8819
f 8909 8997 8933
f 8994 8912 8930
f 8994 8930 8996
f 8932 8993 8995
f 8997 8930 8933
f 8998 8932 8995
f 8943 8853 8937
f 8943 8970 8966
f 8916 8821 8818
f 8854 8945 8948
f 8944 8943 8949
f 8912 8821 8916
f 8820 8911 8915
f 8969 8963 8942
f 8949 8972 8950
f 8941 8953 8955
f 8952 8942 8954
f 8968 8973 8951
f 8972 8969 8950
f 8968 8951 8953
f 8950 8969 8952
f 8948 8967 8854
f 8966 8949 8943
f 8856 8941 8955
f 8854 8857 8947
f 8962 8941 8938
f 8961 8942 8963
f 8965 8939 8961
f 8854 8959 8976
f 8958 8940 8977
f 8976 8960 8975
f 8958 8977 8974
f 9034 8960 8962
f 9033 8958 8974
f 8937 8940 8943
f 8907 8941 8863
f 8942 9410 8864
f 9004 8987 8984
f 8979 8815 8983
f 8992 9003 8983
f 9004 9003 8990
f 9005 8989 8991
f 8990 9003 8992
f 8997 8982 8991
f 8998 8983 8910
f 8985 8994 8986
f 8984 8993 8911
f 8978 9009 9002
f 9072 8981 8999
f 9072 8999 9007
f 9001 9071 9006
f 9009 8999 9002
f 9008 9001 9006
f 8940 9010 9018
f 9019 9048 9015
f 9018 9047 9044
f 8985 8821 8912
f 9019 9021 9024
f 9020 9018 9025
f 8981 8821 8985
f 8820 8980 8984
f 9046 9041 9016
f 9025 9049 9026
f 9017 9029 9031
f 9028 9016 9030
f 9042 9050 9027
f 9049 9046 9026
f 9042 9027 9029
f 9026 9046 9028
f 9024 9045 9019
f 9044 9025 9018
f 8938 9017 9031
f 9019 9032 9023
f 9040 9017 9013
f 9039 9016 9041
f 9013 9043 9040
f 9015 9036 9106
f 9035 9014 9105
f 9106 9038 9108
f 9037 9105 9107
f 9051 9038 9043
f 9052 9037 9107
f 9015 9011 9019
f 9010 9014 9018
f 8907 9053 8941
f 9016 9410 8942
f 8908 8604 8907
f 9017 8941 9053
f 9059 8814 9054
f 9079 9065 9061
f 9056 8815 9060
f 9070 9078 9060
f 9079 9078 9068
f 9080 9067 9069
f 9068 9078 9070
f 9009 9059 9069
f 9008 9060 8979
f 9062 9073 9063
f 9061 9071 8980
f 9055 9147 9077
f 9081 9058 9074
f 9081 9074 9147
f 9076 9145 9146
f 9147 9074 9077
f 9082 9076 9146
f 9092 9011 9015
f 9091 9010 9084
f 9092 9122 9087
f 9091 9121 9117
f 9062 8821 8981
f 9092 9094 9097
f 9093 9091 9098
f 9058 8821 9062
f 8820 9057 9061
f 9120 9114 9090
f 9098 9123 9099
f 9089 9102 9104
f 9101 9090 9103
f 9119 9124 9100
f 9123 9120 9099
f 9119 9100 9102
f 9099 9120 9101
f 9097 9118 9092
f 9117 9098 9091
f 9013 9089 9104
f 9092 9015 9096
f 9113 9089 9086
f 9112 9090 9114
f 9116 9085 9112
f 9087 9110 9127
f 9109 9088 9128
f 9127 9111 9125
f 9109 9128 9126
f 9129 9111 9113
f 9130 9109 9126
f 9087 9083 9092
f 9084 9088 9091
f 8604 9131 9053
f 9090 9410 9016
f 9089 9053 9131
f 9140 9139 9136
f 9140 9154 9142
f 9144 9154 9133
f 9155 9141 9143
f 9142 9154 9144
f 9148 9054 9143
f 9082 9133 9056
f 9137 9081 9138
f 9136 9145 9057
f 9148 9147 9055
f 9132 9220 9153
f 9158 9135 9149
f 9158 9149 9157
f 9151 9219 9156
f 9220 9149 9153
f 9221 9151 9156
f 9165 9084 9159
f 9165 9192 9188
f 9137 8821 9058
f 9083 9167 9170
f 9166 9165 9171
f 9135 8821 9137
f 8820 9134 9136
f 9191 9184 9164
f 9171 9194 9172
f 9163 9175 9177
f 9174 9164 9176
f 9190 9195 9173
f 9194 9191 9172
f 9190 9173 9175
f 9172 9191 9174
f 9170 9189 9083
f 9188 9171 9165
f 9086 9163 9177
f 9083 9087 9169
f 9183 9163 9161
f 9182 9164 9184
f 9161 9187 9183
f 9186 9160 9182
f 9083 9179 9198
f 9178 9162 9199
f 9198 9181 9196
f 9180 9199 9197
f 9200 9181 9187
f 9201 9180 9197
f 9159 9162 9165
f 9131 8604 9202
f 9164 9410 9090
f 9163 9131 9202
f 9208 9054 9203
f 9227 9213 9210
f 9205 8815 9209
f 9218 9226 9209
f 9227 9226 9216
f 9228 9215 9217
f 9216 9226 9218
f 9220 9208 9217
f 9221 9209 9133
f 9211 9158 9212
f 9210 9219 9134
f 9204 9289 9225
f 9229 9207 9222
f 9229 9222 9288
f 9224 9286 9287
f 9289 9222 9225
f 9290 9224 9287
f 9237 9159 9231
f 9237 9251 9260
f 9211 8821 9135
f 9230 9239 9242
f 9238 9237 9243
f 9207 8821 9211
f 8820 9206 9210
f 9263 9257 9236
f 9243 9265 9244
f 9235 9247 9249
f 9246 9236 9248
f 9262 9266 9245
f 9265 9263 9244
f 9262 9245 9247
f 9244 9263 9246
f 9242 9261 9230
f 9260 9243 9237
f 9161 9235 9249
f 9230 9250 9241
f 9256 9235 9233
f 9255 9236 9257
f 9233 9254 9256
f 9259 9232 9255
f 9230 9252 9267
f 9251 9234 9268
f 9267 9254 9322
f 9253 9268 9321
f 9323 9253 9321
f 9231 9234 9237
f 8604 9269 9202
f 9236 9410 9164
f 9235 9202 9269
f 9281 9280 9278
f 9296 9279 9276
f 9271 8815 9275
f 9285 9297 9282
f 9284 9295 9275
f 9296 9295 9283
f 9283 9295 9284
f 9289 9274 9285
f 9290 9275 9205
f 9277 9229 9280
f 9276 9286 9206
f 9270 9365 9294
f 9361 9273 9291
f 9361 9291 9364
f 9293 9360 9363
f 9365 9291 9294
f 9366 9293 9363
f 9306 9231 9298
f 9307 9340 9303
f 9306 9339 9335
f 9277 8821 9207
f 9307 9309 9312
f 9308 9306 9313
f 9273 8821 9277
f 8820 9272 9276
f 9338 9331 9305
f 9313 9341 9314
f 9304 9317 9319
f 9316 9305 9318
f 9337 9342 9315
f 9341 9338 9314
f 9337 9315 9317
f 9314 9338 9316
f 9312 9336 9307
f 9335 9313 9306
f 9233 9304 9319
f 9307 9320 9311
f 9330 9304 9301
f 9329 9305 9331
f 9301 9334 9330
f 9333 9300 9329
f 9303 9326 9394
f 9325 9302 9393
f 9394 9328 9343
f 9327 9393 9344
f 9345 9328 9334
f 9346 9327 9344
f 9303 9299 9307
f 9298 9302 9306
f 8604 9347 9269
f 9305 9410 9236
f 9410 8583 8820
f 9304 9269 9347
f 8778 8780 9378
f 9351 9373 8748
f 8815 9349 8747
f 9375 9354 9350
f 9359 9372 9349
f 9375 9372 9357
f 9376 9356 9358
f 9357 9372 9359
f 9365 9348 9358
f 9366 9349 9271
f 9351 9362 9352
f 9350 9360 9272
f 9369 9348 9203
f 9369 8772 9371
f 9370 8771 8747
f 8768 9373 9367
f 8767 9374 8749
f 8772 9367 9371
f 9380 9299 9303
f 9380 9407 9299
f 9379 9406 9402
f 9351 8821 9273
f 9350 8820 8749
f 9380 9382 9385
f 9381 9379 9386
f 9405 9399 9378
f 9386 9408 9387
f 9377 9390 9392
f 9389 9378 9391
f 9404 9409 9388
f 9408 9405 9387
f 9404 9388 9390
f 9387 9405 9389
f 9385 9403 9380
f 9402 9386 9379
f 9301 9377 9392
f 9380 9303 9384
f 9398 9377 8802
f 9397 9378 9399
f 8802 9401 9398
f 8812 8778 9397
f 9395 8779 8798
f 8802 9396 9401
f 9298 8779 9379
f 8604 8813 9347
f 8780 9410 9305
f 9377 9347 8813
f 9305 9378 8780
f 8860 9411 8880
f 8879 8851 8859
f 9411 8882 8880
f 8881 9410 8879
f 8814 8840 8837
f 8839 8815 8836
f 9411 8884 8882
f 8883 9410 8881
f 8814 8822 8840
f 8841 8815 8839
f 9411 8862 8884
f 8861 9410 8883
f 8823 8815 8841
f 18 9 8
f 7 2 3
f 5 1 6
f 15 20 21
f 9 18 5
f 14 13 24
f 12 13 8
f 16 21 25
f 12 22 24
f 7 3 14
f 9 5 11
f 5 19 1
f 3 17 4
f 17 2 10
f 6 16 11
f 14 23 20
f 6 7 15
f 8 13 14
f 11 25 22
f 2 7 6
f 31 30 33
f 47 45 39
f 48 46 35
f 38 37 29
f 33 29 37
f 45 49 38
f 50 48 36
f 33 36 35
f 35 40 26
f 29 43 42
f 26 41 44
f 49 50 37
f 40 39 32
f 46 47 40
f 38 28 32
f 56 55 58
f 72 70 64
f 73 71 60
f 63 62 54
f 58 54 62
f 70 74 63
f 75 73 61
f 58 61 60
f 60 65 51
f 54 68 67
f 51 66 69
f 74 75 62
f 65 64 57
f 71 72 65
f 63 53 57
f 93 84 83
f 82 77 78
f 80 76 81
f 90 95 96
f 84 93 80
f 88 99 98
f 87 88 83
f 91 96 100
f 87 97 99
f 82 78 89
f 84 80 86
f 80 94 76
f 78 92 79
f 92 77 85
f 81 91 86
f 89 98 95
f 81 82 90
f 83 88 89
f 86 100 97
f 77 82 81
f 108 109 118
f 106 101 105
f 116 121 120
f 123 124 113
f 108 113 112
f 125 121 116
f 113 124 122
f 107 115 114
f 109 112 111
f 101 119 105
f 104 117 103
f 111 116 106
f 120 123 114
f 106 116 115
f 114 113 108
f 122 125 111
f 106 107 102
f 143 134 133
f 132 127 128
f 130 126 131
f 140 145 146
f 134 143 130
f 138 149 148
f 137 138 133
f 141 146 150
f 137 147 149
f 132 128 139
f 134 130 136
f 130 144 126
f 128 142 129
f 142 127 135
f 131 141 136
f 140 139 148
f 131 132 140
f 133 138 139
f 136 150 147
f 207 212 206
f 127 132 131
f 161 175 174
f 153 154 158
f 157 152 164
f 156 151 157
f 158 162 163
f 155 156 160
f 164 172 171
f 161 162 158
f 157 165 160
f 152 153 163
f 152 166 167
f 154 153 167
f 155 168 169
f 151 156 169
f 162 174 173
f 163 173 172
f 165 171 170
f 160 170 175
f 183 184 193
f 181 176 180
f 196 195 190
f 198 199 188
f 183 188 187
f 200 196 191
f 199 197 187
f 182 190 189
f 184 187 186
f 176 194 180
f 179 192 178
f 186 191 181
f 195 198 189
f 181 191 190
f 189 188 183
f 197 200 186
f 181 182 177
f 215 228 227
f 207 201 202
f 208 202 203
f 203 204 210
f 207 219 214
f 205 204 221
f 211 205 206
f 205 211 210
f 210 216 217
f 201 206 222
f 211 212 214
f 219 223 224
f 207 208 218
f 215 216 210
f 208 209 217
f 201 213 220
f 203 202 220
f 204 203 220
f 205 221 222
f 216 227 226
f 217 226 225
f 218 225 223
f 214 224 228
f 28 27 32
f 237 238 233
f 235 229 234
f 250 249 244
f 252 253 242
f 232 247 246
f 237 242 241
f 254 250 245
f 253 251 241
f 236 244 243
f 238 241 240
f 229 248 234
f 232 246 231
f 229 239 248
f 240 245 235
f 249 252 243
f 235 245 244
f 243 242 237
f 251 254 240
f 235 236 230
f 279 265 266
f 259 258 262
f 262 258 257
f 261 269 268
f 261 255 260
f 267 266 262
f 259 265 264
f 268 269 275
f 265 259 262
f 264 269 261
f 256 268 267
f 271 270 256
f 273 272 259
f 277 278 266
f 276 277 267
f 274 275 269
f 279 274 264
f 290 304 303
f 293 299 301
f 282 283 287
f 286 281 293
f 285 280 286
f 287 291 292
f 284 285 289
f 290 291 287
f 286 294 289
f 281 282 292
f 281 295 296
f 283 282 296
f 284 297 298
f 280 285 298
f 291 303 302
f 292 302 299
f 294 301 300
f 289 300 304
f 313 314 309
f 311 305 310
f 327 326 320
f 322 315 305
f 319 329 330
f 308 324 323
f 313 318 317
f 331 327 321
f 330 328 317
f 312 320 319
f 314 317 316
f 305 325 310
f 308 323 307
f 305 315 325
f 316 321 311
f 320 326 329
f 311 321 320
f 319 318 313
f 328 331 316
f 3 4 8
f 311 312 306
f 335 336 342
f 334 335 341
f 348 353 355
f 344 354 356
f 333 332 350
f 337 332 338
f 341 346 347
f 342 345 346
f 347 357 353
f 345 356 358
f 342 337 344
f 338 349 344
f 332 337 352
f 336 335 351
f 336 351 352
f 335 334 343
f 346 358 357
f 339 348 349
f 349 355 354
f 347 348 339
f 332 333 339
f 369 383 382
f 361 362 366
f 365 360 372
f 364 359 365
f 366 370 371
f 363 364 368
f 372 380 379
f 369 370 366
f 365 373 368
f 360 361 371
f 360 374 375
f 362 361 375
f 363 376 377
f 359 364 377
f 370 382 381
f 371 381 380
f 373 379 378
f 368 378 383
f 313 308 307
f 408 394 395
f 388 387 391
f 391 387 386
f 390 398 397
f 390 384 389
f 396 395 391
f 388 394 393
f 397 398 404
f 394 388 391
f 393 398 390
f 385 397 396
f 400 399 385
f 402 401 388
f 406 407 395
f 405 406 396
f 403 404 398
f 408 403 393
f 237 232 231
f 128 129 133
f 78 79 83
f 183 179 178
f 108 104 103
f 334 340 339
f 53 52 57
f 434 419 424
f 422 418 426
f 437 420 419
f 447 440 424
f 443 421 422
f 429 437 435
f 417 429 425
f 426 434 441
f 444 446 438
f 446 423 420
f 447 443 432
f 421 444 428
f 417 418 422
f 419 420 423
f 428 430 417
f 417 430 429
f 434 436 419
f 419 436 435
f 440 442 424
f 424 442 441
f 443 445 421
f 421 445 444
f 426 427 436
f 427 425 435
f 438 439 430
f 439 437 429
f 440 432 433
f 433 431 441
f 443 447 448
f 448 446 444
f 466 451 456
f 450 458 463
f 469 452 451
f 479 472 456
f 475 453 454
f 461 469 467
f 450 449 461
f 458 466 473
f 476 478 470
f 478 455 452
f 479 475 464
f 449 453 476
f 449 450 454
f 452 455 456
f 460 462 449
f 449 462 461
f 466 468 451
f 451 468 467
f 472 474 456
f 456 474 473
f 475 477 453
f 453 477 476
f 458 459 468
f 459 457 467
f 470 471 462
f 471 469 461
f 472 464 465
f 474 465 463
f 475 479 480
f 477 480 478
f 497 490 414
f 415 482 487
f 493 413 414
f 503 496 409
f 499 412 411
f 485 493 491
f 415 416 485
f 482 490 497
f 500 502 494
f 502 410 413
f 503 499 488
f 412 500 484
f 412 416 415
f 414 413 410
f 484 486 416
f 416 486 485
f 490 492 414
f 414 492 491
f 496 498 409
f 409 498 497
f 499 501 412
f 412 501 500
f 482 483 492
f 483 481 491
f 494 495 486
f 495 493 485
f 496 488 489
f 489 487 497
f 499 503 504
f 501 504 502
f 541 540 536
f 542 543 544
f 511 513 514
f 545 512 537
f 510 514 513
f 546 548 547
f 530 533 534
f 532 547 535
f 533 550 534
f 550 533 540
f 547 532 546
f 531 548 549
f 512 545 511
f 543 510 509
f 567 566 584
f 562 563 569
f 568 569 571
f 570 571 573
f 523 522 520
f 574 517 565
f 519 518 524
f 578 579 581
f 525 524 522
f 577 576 582
f 583 584 587
f 564 565 563
f 580 581 588
f 567 588 566
f 586 587 576
f 577 582 579
f 521 520 517
f 572 573 518
f 602 601 598
f 603 604 600
f 603 605 604
f 607 608 599
f 612 614 613
f 591 595 596
f 609 611 610
f 594 593 597
f 593 594 612
f 592 614 615
f 605 610 611
f 617 618 552
f 632 631 652
f 627 628 634
f 633 634 636
f 635 636 638
f 639 640 589
f 557 556 630
f 554 555 642
f 646 647 649
f 641 642 640
f 645 644 650
f 651 652 655
f 629 630 628
f 648 649 656
f 632 656 631
f 654 655 644
f 645 650 647
f 590 589 556
f 637 638 555
f 669 673 670
f 674 675 672
f 674 676 675
f 680 681 679
f 678 679 671
f 685 687 686
f 688 667 668
f 684 682 681
f 691 686 669
f 692 668 667
f 673 669 692
f 686 691 685
f 689 687 690
f 676 682 683
f 707 706 725
f 702 703 709
f 708 709 711
f 710 711 713
f 658 657 715
f 621 622 705
f 619 620 659
f 719 720 722
f 660 659 657
f 718 717 723
f 724 725 696
f 704 705 703
f 721 722 727
f 707 727 706
f 697 696 717
f 718 723 720
f 714 715 622
f 712 713 620
f 662 661 506
f 553 552 515
f 505 506 507
f 516 515 527
f 527 529 526
f 508 528 529
f 744 745 743
f 746 747 745
f 746 748 747
f 751 752 742
f 754 756 755
f 738 739 732
f 753 737 736
f 733 755 740
f 738 757 739
f 755 733 754
f 732 756 731
f 752 751 749
f 748 736 737
f 763 764 762
f 808 781 803
f 777 778 783
f 782 783 785
f 784 785 787
f 790 791 789
f 769 770 780
f 771 772 793
f 797 798 800
f 792 793 791
f 796 795 801
f 802 803 807
f 779 780 778
f 799 800 804
f 808 804 781
f 806 807 795
f 796 801 798
f 788 789 770
f 786 787 772
f 825 826 827
f 759 760 829
f 828 829 822
f 830 759 831
f 834 835 833
f 815 818 819
f 759 830 760
f 834 815 835
f 832 817 820
f 818 836 837
f 816 835 815
f 826 830 831
f 876 853 871
f 849 850 855
f 854 855 857
f 856 857 859
f 860 861 809
f 768 767 852
f 765 766 811
f 865 866 868
f 812 811 861
f 864 863 869
f 870 871 875
f 851 852 850
f 867 868 872
f 876 872 853
f 874 875 863
f 864 869 866
f 810 809 767
f 858 859 766
f 892 893 891
f 894 895 893
f 894 896 895
f 899 900 898
f 897 898 890
f 904 906 905
f 886 887 883
f 903 901 900
f 885 884 888
f 886 908 887
f 884 885 904
f 883 906 907
f 896 901 902
f 914 915 839
f 951 928 946
f 924 925 930
f 929 930 932
f 931 932 934
f 877 878 879
f 844 843 927
f 842 841 936
f 940 941 943
f 935 936 878
f 939 938 944
f 945 946 950
f 926 927 925
f 942 943 947
f 951 947 928
f 949 950 938
f 939 944 941
f 880 879 843
f 933 934 841
f 965 966 964
f 967 968 966
f 967 969 968
f 910 911 971
f 970 971 963
f 973 975 974
f 955 959 960
f 912 913 911
f 958 957 961
f 959 977 978
f 957 958 973
f 956 975 976
f 969 913 972
f 1022 997 1017
f 993 994 999
f 998 999 1001
f 1000 1001 1003
f 1006 1007 1005
f 918 919 996
f 916 917 952
f 1011 1012 1014
f 953 952 1007
f 1010 1009 1015
f 1016 1017 1021
f 995 996 994
f 1013 1014 1018
f 1022 1018 997
f 1020 1021 1009
f 1010 1015 1012
f 1004 1005 919
f 916 1002 1003
f 1036 1055 1037
f 1038 1041 1039
f 1042 1043 1041
f 1046 1047 1045
f 980 1045 1040
f 1034 1035 1031
f 981 982 1047
f 1037 1033 1032
f 1034 1053 1035
f 1054 1035 1053
f 1055 1036 1054
f 1032 1033 1049
f 1052 1051 1030
f 1044 982 1048
f 1059 1060 983
f 1094 1073 1089
f 1069 1070 1075
f 1074 1075 1077
f 1076 1077 1079
f 1024 1023 1025
f 988 987 1072
f 985 986 1027
f 1083 1084 1086
f 1028 1027 1023
f 1082 1081 1087
f 1088 1089 1093
f 1071 1072 1070
f 1085 1086 1090
f 1094 1090 1073
f 1092 1093 1081
f 1082 1087 1084
f 1026 1025 987
f 1078 1079 986
f 1112 1113 1114
f 1056 1057 1116
f 1058 1116 1109
f 1119 1121 1120
f 1118 1117 1057
f 1105 1104 1107
f 1106 1123 1124
f 1104 1105 1119
f 1121 1122 1102
f 1117 1118 1115
f 1155 1141 1156
f 1137 1138 1142
f 1143 1137 1142
f 1143 1144 1146
f 1096 1095 1097
f 1064 1063 1140
f 1061 1062 1099
f 1150 1151 1153
f 1100 1099 1095
f 1149 1148 1154
f 1159 1155 1156
f 1139 1140 1138
f 1152 1153 1157
f 1161 1157 1141
f 1147 1159 1160
f 1149 1154 1151
f 1098 1097 1063
f 1145 1146 1062
f 1176 1177 1174
f 1176 1178 1177
f 1175 1126 1180
f 1187 1188 1186
f 1165 1169 1170
f 1184 1183 1182
f 1168 1167 1171
f 1169 1189 1190
f 1167 1168 1185
f 1166 1188 1187
f 1183 1184 1179
f 618 1192 1127
f 1230 1205 1225
f 1201 1202 1207
f 1206 1207 1209
f 1208 1209 1211
f 1212 1213 1162
f 1132 1131 1204
f 1129 1130 1215
f 1219 1220 1222
f 1214 1215 1213
f 1218 1217 1223
f 1224 1225 1229
f 1203 1204 1202
f 1221 1222 1226
f 1230 1226 1205
f 1228 1229 1217
f 1218 1223 1220
f 1163 1162 1131
f 1210 1211 1130
f 1242 1243 1241
f 1242 1244 1243
f 1246 1248 1240
f 1253 693 1259
f 1254 1236 1237
f 1249 1251 1252
f 665 1259 1238
f 1236 1257 1258
f 1259 665 1253
f 1255 693 1256
f 1250 1251 1245
f 1288 1268 1283
f 1264 1265 1270
f 1269 1270 1271
f 1272 1269 1271
f 1232 1231 1275
f 1195 1196 1267
f 1193 1194 1233
f 695 694 1280
f 1234 1233 1231
f 1278 1277 1281
f 1282 1283 1287
f 1266 1267 1265
f 1279 1280 1284
f 1288 1284 1268
f 1286 1287 1277
f 1278 1281 694
f 1274 1275 1196
f 1272 1273 1194
f 840 839 764
f 914 984 983
f 1128 1127 1060
f 729 661 662
f 729 730 734
f 761 762 1289
f 814 734 813
f 539 538 541
f 537 536 540
f 505 533 530
f 541 538 550
f 533 542 540
f 538 544 550
f 533 543 542
f 534 544 509
f 545 539 535
f 512 508 536
f 611 548 531
f 548 609 607
f 546 551 610
f 515 552 561
f 586 557 560
f 587 584 561
f 562 567 560
f 561 566 563
f 507 535 547
f 532 536 508
f 581 559 588
f 588 569 566
f 570 572 558
f 559 573 571
f 567 568 585
f 568 570 585
f 588 571 569
f 583 560 567
f 566 561 584
f 558 572 519
f 574 564 560
f 558 554 578
f 559 581 579
f 577 578 554
f 555 579 582
f 575 590 557
f 556 589 576
f 577 639 590
f 589 640 576
f 576 640 642
f 553 560 557
f 556 561 552
f 558 526 529
f 599 598 601
f 505 595 591
f 616 604 606
f 595 603 601
f 595 605 603
f 596 606 611
f 595 530 610
f 607 600 597
f 608 532 598
f 684 614 592
f 593 613 678
f 614 680 678
f 679 681 612
f 612 681 682
f 553 557 625
f 552 618 626
f 654 621 625
f 655 652 626
f 507 547 597
f 627 632 625
f 626 631 628
f 507 597 593
f 594 598 508
f 649 623 656
f 656 634 631
f 635 637 624
f 623 638 636
f 632 633 653
f 633 635 653
f 656 636 634
f 651 625 632
f 631 626 652
f 624 637 554
f 557 629 625
f 624 619 646
f 623 649 647
f 645 646 619
f 620 647 650
f 643 714 621
f 622 715 644
f 645 658 714
f 715 657 644
f 644 657 659
f 617 625 621
f 622 626 618
f 624 558 529
f 527 559 623
f 686 665 669
f 506 661 668
f 667 662 505
f 671 670 673
f 662 667 663
f 668 675 677
f 692 675 668
f 667 674 673
f 667 676 674
f 668 677 683
f 667 591 682
f 678 672 669
f 679 594 670
f 684 592 683
f 668 664 689
f 690 663 688
f 691 666 1259
f 1259 693 685
f 685 693 690
f 617 621 700
f 696 725 701
f 507 593 669
f 508 666 670
f 702 707 700
f 701 706 703
f 735 669 665
f 722 698 727
f 727 709 706
f 710 712 699
f 698 713 711
f 707 708 726
f 708 710 726
f 727 711 709
f 724 700 707
f 706 701 725
f 699 712 619
f 621 704 700
f 699 694 719
f 698 722 720
f 718 719 694
f 695 720 723
f 1192 700 697
f 696 701 618
f 728 624 529
f 527 623 698
f 624 728 699
f 515 517 520
f 526 523 521
f 513 511 507
f 508 512 514
f 526 525 523
f 526 519 525
f 506 509 513
f 505 508 514
f 729 736 738
f 739 737 730
f 758 740 743
f 732 739 730
f 748 746 757
f 744 742 741
f 758 743 745
f 736 748 738
f 741 742 752
f 740 734 751
f 750 735 752
f 751 734 749
f 829 754 733
f 828 755 756
f 830 731 754
f 776 770 762
f 775 763 761
f 776 767 807
f 775 802 806
f 778 780 776
f 775 779 777
f 805 774 799
f 785 804 773
f 774 805 784
f 783 778 781
f 808 777 782
f 772 787 773
f 776 780 770
f 798 766 773
f 797 799 774
f 801 811 766
f 765 812 796
f 795 807 767
f 768 806 794
f 810 794 796
f 811 801 795
f 812 860 796
f 1289 772 773
f 774 771 813
f 729 731 818
f 819 732 730
f 838 820 824
f 816 819 730
f 827 819 837
f 825 822 821
f 830 826 818
f 831 732 819
f 821 822 829
f 820 755 828
f 834 832 898
f 897 833 835
f 901 815 834
f 903 899 835
f 848 767 764
f 847 840 763
f 848 843 875
f 847 870 874
f 821 733 735
f 850 852 848
f 847 851 849
f 873 846 867
f 857 872 845
f 846 873 856
f 855 850 853
f 876 849 854
f 766 859 845
f 848 852 767
f 866 841 845
f 865 867 846
f 869 936 841
f 842 935 864
f 863 875 843
f 844 874 862
f 880 862 864
f 936 869 863
f 935 877 864
f 881 529 1289
f 1289 529 814
f 773 766 845
f 846 765 774
f 729 815 886
f 887 816 730
f 909 888 891
f 883 887 730
f 896 894 908
f 892 890 889
f 909 891 893
f 901 896 886
f 902 816 887
f 889 890 898
f 888 817 897
f 882 907 913
f 971 904 885
f 970 905 906
f 913 907 904
f 912 910 906
f 843 839 915
f 914 840 844
f 923 919 950
f 922 945 949
f 889 832 735
f 925 927 923
f 922 926 924
f 948 920 942
f 932 947 921
f 920 948 931
f 930 925 928
f 951 924 929
f 841 934 921
f 923 927 843
f 941 917 921
f 940 942 920
f 944 952 917
f 916 953 939
f 938 950 919
f 918 949 937
f 1004 937 939
f 952 944 938
f 953 1006 939
f 881 954 529
f 881 841 921
f 920 842 846
f 729 882 959
f 960 883 730
f 979 961 964
f 956 960 730
f 969 967 977
f 968 960 978
f 965 963 962
f 979 964 966
f 913 969 959
f 972 883 960
f 962 963 971
f 961 884 970
f 955 976 982
f 1045 973 958
f 980 974 975
f 982 976 973
f 981 1046 975
f 992 919 915
f 991 984 914
f 992 987 1021
f 991 1016 1020
f 962 885 735
f 994 996 992
f 991 995 993
f 1019 990 1013
f 1001 1018 989
f 990 1019 1000
f 999 994 997
f 1022 993 998
f 917 1003 989
f 992 996 919
f 1012 986 989
f 1011 1013 990
f 1015 1027 986
f 985 1028 1010
f 1009 1021 987
f 988 1020 1008
f 1026 1008 1010
f 1027 1015 1009
f 1028 1024 1010
f 954 1029 529
f 954 917 989
f 990 916 920
f 729 955 1034
f 1035 956 730
f 1055 1038 1040
f 1031 1035 730
f 1036 1041 1054
f 1044 1042 1053
f 1036 1039 1041
f 982 1044 1034
f 1048 956 1035
f 1037 1040 1045
f 1036 957 980
f 1030 1051 1117
f 1116 1049 1033
f 1051 1049 1116
f 1118 1056 1050
f 1068 987 983
f 1067 1059 984
f 1068 1063 1093
f 1067 1088 1092
f 1037 958 735
f 1070 1072 1068
f 1067 1071 1069
f 1091 1066 1085
f 1077 1090 1065
f 1066 1091 1076
f 1075 1070 1073
f 1094 1069 1074
f 986 1079 1065
f 1068 1072 987
f 1084 1062 1065
f 1083 1085 1066
f 1087 1099 1062
f 1061 1100 1082
f 1081 1093 1063
f 1064 1092 1080
f 1098 1080 1082
f 1099 1087 1081
f 1100 1096 1082
f 1029 1101 529
f 1029 986 1065
f 1066 985 990
f 729 1030 1106
f 1103 1031 730
f 1125 1107 1111
f 1115 1103 1124
f 1112 1109 1108
f 1117 1113 1106
f 1118 1031 1103
f 1108 1109 1116
f 1107 1032 1058
f 1102 1122 1183
f 1182 1119 1105
f 1126 1120 1121
f 1183 1122 1119
f 1184 1181 1121
f 1136 1063 1060
f 1135 1128 1059
f 1136 1131 1160
f 1135 1155 1159
f 1108 1033 735
f 1138 1140 1136
f 1135 1139 1137
f 1158 1134 1152
f 1155 1137 1161
f 1144 1157 1133
f 1134 1158 1143
f 1142 1138 1141
f 1062 1146 1133
f 1136 1140 1063
f 1151 1130 1133
f 1150 1152 1134
f 1154 1215 1130
f 1129 1214 1149
f 1148 1160 1131
f 1132 1159 1147
f 1163 1147 1149
f 1215 1154 1148
f 1214 1212 1149
f 1101 1164 529
f 529 528 814
f 1101 1062 1133
f 1134 1061 1066
f 729 1102 1169
f 1170 1103 730
f 1191 1171 1175
f 1166 1170 730
f 1179 1170 1190
f 1176 1173 1172
f 1191 1174 1177
f 1183 1178 1169
f 1184 1103 1170
f 1172 1173 1180
f 1171 1104 1126
f 1182 1105 1180
f 1165 1187 1252
f 1247 1185 1168
f 1187 1185 1247
f 1246 1186 1188
f 1251 1249 1188
f 1200 1131 1127
f 1199 618 1128
f 1200 1196 1229
f 1199 1224 1228
f 1172 1105 735
f 1202 1204 1200
f 1199 1203 1201
f 1227 1198 1221
f 1209 1226 1197
f 1198 1227 1208
f 1207 1202 1205
f 1230 1201 1206
f 1130 1211 1197
f 1200 1204 1131
f 1220 1194 1197
f 1219 1221 1198
f 1223 1233 1194
f 1193 1234 1218
f 1217 1229 1196
f 1195 1228 1216
f 1274 1216 1218
f 1233 1223 1217
f 1234 1232 1218
f 1164 1235 529
f 1164 1130 1197
f 1198 1129 1134
f 695 1262 698
f 729 1165 1236
f 1237 1166 730
f 1260 1238 1241
f 663 1237 662
f 1245 1237 1258
f 1242 1240 1239
f 1260 1241 1243
f 1250 1244 1236
f 1251 1166 1237
f 1239 1240 1248
f 1238 1167 1246
f 1247 1168 1248
f 1250 1165 1252
f 1254 664 1236
f 1254 1256 687
f 1255 663 690
f 686 1253 665
f 687 1256 1253
f 1263 1196 1192
f 1263 697 1287
f 618 1282 1286
f 1239 1168 735
f 1238 666 734
f 1265 1267 1263
f 618 1266 1264
f 1285 1262 1279
f 1271 1284 1261
f 1262 1285 1269
f 1270 1265 1268
f 1288 1264 1269
f 1194 1273 1261
f 1263 1267 1196
f 695 1279 1262
f 1281 718 694
f 695 723 1278
f 1277 1287 697
f 696 1286 1276
f 717 1276 1278
f 718 1281 1277
f 723 717 1278
f 813 527 698
f 734 508 527
f 734 666 508
f 1235 1194 1261
f 1262 1193 1198
f 789 1289 762
f 761 813 788
f 750 729 735
f 734 730 749
f 1329 1328 1323
f 1330 1331 1325
f 1332 1333 1331
f 1334 1335 1333
f 1296 1298 1299
f 1336 1297 1327
f 1300 1298 1294
f 1337 1339 1338
f 1320 1321 1317
f 1298 1300 1299
f 1319 1318 1322
f 1326 1327 1324
f 1342 1341 1321
f 1318 1319 1337
f 1339 1340 1316
f 1297 1336 1296
f 1295 1294 1335
f 1360 1359 1376
f 1355 1356 1362
f 1361 1362 1364
f 1363 1364 1366
f 1310 1309 1307
f 1304 1303 1358
f 1306 1305 1311
f 1370 1371 1373
f 1312 1311 1309
f 1369 1368 1374
f 1375 1376 1379
f 1357 1358 1356
f 1372 1373 1380
f 1360 1380 1359
f 1378 1379 1368
f 1369 1374 1371
f 1308 1307 1303
f 1365 1366 1305
f 1396 1395 1390
f 1397 1398 1392
f 1399 1400 1398
f 1401 1402 1400
f 1405 1406 1344
f 1403 1404 1394
f 1409 1410 1408
f 1411 1413 1412
f 1387 1388 1384
f 1410 1409 1406
f 1386 1385 1389
f 1393 1394 1391
f 1416 1415 1388
f 1385 1386 1411
f 1413 1414 1383
f 1404 1403 1343
f 1407 1408 1402
f 2055 1417 1345
f 1431 1430 1450
f 1426 1427 1433
f 1432 1433 1435
f 1434 1435 1437
f 1382 1438 1381
f 1350 1349 1429
f 1347 1348 1440
f 1444 1445 1447
f 1439 1440 1438
f 1443 1442 1448
f 1449 1450 1453
f 1428 1429 1427
f 1446 1447 1454
f 1431 1454 1430
f 1452 1453 1442
f 1443 1448 1445
f 1350 1382 1381
f 1436 1437 1348
f 1474 1473 1468
f 1475 1476 1470
f 1477 1478 1476
f 1479 1480 1478
f 1485 1486 1482
f 1483 1484 1472
f 1489 1490 1488
f 1491 1493 1492
f 1465 1466 1495
f 1490 1489 1486
f 1498 1499 1467
f 1471 1472 1469
f 1500 1497 1466
f 1499 1498 1491
f 1493 1496 1494
f 1484 1483 1481
f 1487 1488 1480
f 1513 1512 1530
f 1508 1509 1515
f 1514 1515 1517
f 1516 1517 1519
f 1456 1455 1521
f 1510 1420 1421
f 1418 1419 1457
f 1527 1525 1526
f 1458 1457 1455
f 1524 1523 1528
f 1529 1530 1534
f 1510 1511 1509
f 1532 1531 1535
f 1513 1535 1512
f 1533 1534 1523
f 1525 1528 1526
f 1520 1521 1421
f 1518 1519 1419
f 1460 1459 1291
f 1346 1345 1301
f 1290 1291 1292
f 1302 1301 1314
f 1314 1293 1315
f 1578 1559 1554
f 1560 1561 1556
f 1562 1563 1561
f 1564 1565 1563
f 1568 1569 1567
f 1547 1548 1558
f 1570 1571 1550
f 1572 1574 1573
f 1551 1552 1544
f 1571 1570 1569
f 1545 1546 1553
f 1557 1558 1555
f 1576 1577 1552
f 1546 1545 1572
f 1574 1575 1543
f 1548 1547 1566
f 1549 1550 1565
f 1583 1584 1582
f 1628 1601 1623
f 1597 1598 1603
f 1602 1603 1605
f 1604 1605 1607
f 1610 1611 1609
f 1589 1590 1600
f 1591 1592 1613
f 1617 1618 1620
f 1612 1613 1611
f 1616 1615 1621
f 1622 1623 1627
f 1599 1600 1598
f 1619 1620 1624
f 1628 1624 1601
f 1626 1627 1615
f 1616 1621 1618
f 1608 1609 1590
f 1606 1607 1592
f 1671 1650 1645
f 1651 1652 1647
f 1653 1654 1652
f 1655 1656 1654
f 1579 1580 1658
f 1659 1660 1649
f 1663 1664 1662
f 1665 1667 1666
f 1642 1643 1639
f 1664 1663 1580
f 1641 1640 1644
f 1648 1649 1646
f 1669 1670 1643
f 1640 1641 1665
f 1667 1668 1638
f 1660 1659 1657
f 1661 1662 1656
f 1707 1684 1702
f 1680 1681 1686
f 1685 1686 1688
f 1687 1688 1690
f 1691 1692 1629
f 1682 1588 1587
f 1585 1586 1631
f 1693 1694 1695
f 1696 1697 1699
f 1632 1631 1692
f 1700 1693 1695
f 1701 1702 1706
f 1682 1683 1681
f 1698 1699 1703
f 1707 1703 1684
f 1705 1706 1694
f 1630 1629 1587
f 1689 1690 1586
f 1747 1724 1719
f 1725 1726 1721
f 1727 1728 1726
f 1729 1730 1728
f 1735 1736 1732
f 1733 1734 1723
f 1739 1740 1738
f 1741 1743 1742
f 1716 1717 1713
f 1740 1739 1736
f 1715 1714 1718
f 1722 1723 1720
f 1745 1746 1717
f 1714 1715 1741
f 1743 1744 1712
f 1734 1733 1731
f 1737 1738 1730
f 1752 1753 1584
f 1789 1766 1784
f 1762 1763 1768
f 1767 1768 1770
f 1769 1770 1772
f 1708 1709 1710
f 1676 1675 1765
f 1674 1673 1774
f 1778 1779 1781
f 1773 1774 1709
f 1777 1776 1782
f 1783 1784 1788
f 1764 1765 1763
f 1780 1781 1785
f 1789 1785 1766
f 1787 1788 1776
f 1777 1782 1779
f 1711 1710 1675
f 1771 1772 1673
f 1823 1804 1799
f 1805 1806 1801
f 1807 1808 1806
f 1809 1810 1808
f 1748 1749 1812
f 1813 1814 1803
f 1751 1750 1816
f 1817 1819 1818
f 1796 1797 1793
f 1750 1751 1749
f 1795 1794 1798
f 1802 1803 1800
f 1821 1822 1797
f 1794 1795 1817
f 1819 1820 1792
f 1814 1813 1811
f 1815 1816 1810
f 1863 1839 1858
f 1840 1836 1842
f 1841 1842 1844
f 1847 1848 1846
f 1756 1757 1838
f 1754 1755 1790
f 1852 1853 1855
f 1791 1790 1848
f 1851 1850 1856
f 1857 1858 1862
f 1835 1837 1838
f 1854 1855 1859
f 1863 1859 1839
f 1861 1862 1850
f 1851 1856 1853
f 1845 1846 1757
f 1843 1844 1755
f 1900 1881 1876
f 1882 1883 1878
f 1884 1885 1883
f 1886 1887 1885
f 1890 1891 1825
f 1888 1889 1880
f 1827 1826 1893
f 1894 1896 1895
f 1870 1874 1871
f 1826 1827 1891
f 1873 1872 1875
f 1879 1880 1877
f 1898 1899 1874
f 1872 1873 1894
f 1871 1896 1897
f 1889 1888 1824
f 1892 1893 1887
f 1828 1905 1906
f 1941 1919 1936
f 1915 1916 1921
f 1920 1921 1923
f 1922 1923 1925
f 1865 1864 1866
f 1831 1926 1918
f 1829 1830 1868
f 1930 1931 1933
f 1869 1868 1864
f 1929 1928 1934
f 1935 1936 1940
f 1917 1918 1916
f 1932 1933 1937
f 1941 1937 1919
f 1939 1940 1928
f 1929 1934 1931
f 1867 1866 1926
f 1924 1925 1830
f 1980 1962 1957
f 1963 1964 1959
f 1965 1966 1967
f 1901 1902 1904
f 1968 1969 1961
f 1972 1973 1971
f 1974 1976 1975
f 1954 1955 1951
f 1973 1972 1902
f 1953 1952 1956
f 1960 1961 1958
f 1978 1979 1955
f 1952 1953 1974
f 1976 1977 1950
f 1969 1968 1903
f 1970 1971 1967
f 2014 1994 2010
f 1990 1991 1996
f 1995 1996 1998
f 1997 1998 2000
f 1943 1942 1944
f 1992 1910 1909
f 1907 1908 1946
f 2006 2004 2005
f 1947 1946 1942
f 2003 2002 2008
f 2009 2010 2013
f 1992 1993 1991
f 2011 2007 2015
f 2014 2015 1994
f 2012 2013 2002
f 2004 2008 2005
f 1945 1944 1909
f 1999 2000 1908
f 2053 2032 2027
f 2033 2034 2029
f 2035 2036 2034
f 2037 2038 2036
f 2041 2042 1982
f 2039 2040 2031
f 2045 2046 2044
f 2047 2049 2048
f 2024 2025 2021
f 2046 2045 2042
f 2023 2022 2026
f 2030 2031 2028
f 2051 2052 2025
f 2022 2023 2047
f 2049 2050 2020
f 2040 2039 1981
f 2043 2044 2038
f 1905 2054 2055
f 2093 2068 2088
f 2064 2065 2069
f 2070 2064 2069
f 2070 2071 2073
f 2075 2076 2016
f 2066 2074 1986
f 1984 1985 2078
f 2082 2083 2085
f 2077 2078 2076
f 2081 2080 2086
f 2087 2088 2092
f 2066 2067 2065
f 2084 2085 2089
f 2093 2089 2068
f 2079 2091 2092
f 2081 2086 2083
f 2017 2016 1986
f 2072 2073 1985
f 2132 2108 2103
f 2109 2110 2105
f 2111 2112 2110
f 2118 2119 2115
f 2116 2117 2107
f 2120 2122 2121
f 2123 1501 2124
f 2100 2101 2126
f 2122 2120 2119
f 2130 2131 2102
f 2106 2107 2104
f 2128 2129 2101
f 2131 2130 2123
f 1501 2127 2125
f 2117 2116 2114
f 2113 2120 2121
f 2151 2140 2152
f 2136 2137 2142
f 2141 2142 2144
f 2143 2144 2146
f 2095 2094 2148
f 2058 2059 2139
f 2056 2057 2096
f 1538 1505 1537
f 1503 1502 2150
f 2097 2096 2094
f 1536 1537 1539
f 1504 2151 2152
f 2138 2139 2137
f 2149 2150 2153
f 2155 2153 2140
f 1536 1539 1502
f 2147 2148 2059
f 2145 2146 2057
f 1905 1983 1906
f 1459 1460 1542
f 1541 1542 1633
f 1635 1581 1582
f 2156 1637 1635
f 1636 1633 1635
f 1326 1325 1329
f 1327 1323 1328
f 1290 1320 1316
f 1342 1330 1328
f 1341 1333 1335
f 1342 1320 1334
f 1329 1331 1341
f 1330 1342 1332
f 1324 1328 1330
f 1321 1335 1294
f 1336 1326 1322
f 1297 1293 1323
f 1410 1339 1317
f 1318 1338 1343
f 1339 1405 1343
f 1344 1406 1337
f 1337 1406 1409
f 1302 1304 1353
f 1301 1345 1354
f 1378 1350 1353
f 1379 1376 1354
f 1355 1360 1353
f 1354 1359 1356
f 1292 1322 1318
f 1319 1323 1293
f 1373 1352 1380
f 1380 1362 1359
f 1363 1365 1351
f 1352 1366 1364
f 1360 1361 1377
f 1361 1363 1377
f 1380 1364 1362
f 1375 1353 1360
f 1359 1354 1376
f 1351 1365 1306
f 1304 1357 1353
f 1351 1347 1370
f 1352 1373 1371
f 1369 1370 1347
f 1348 1371 1374
f 1367 1382 1350
f 1349 1381 1368
f 1381 1438 1368
f 1368 1438 1440
f 1346 1353 1350
f 1349 1354 1345
f 1393 1392 1396
f 1394 1390 1395
f 1290 1387 1383
f 1416 1397 1395
f 1415 1400 1402
f 1416 1387 1401
f 1396 1398 1415
f 1397 1416 1399
f 1391 1395 1397
f 1388 1402 1408
f 1387 1316 1407
f 1403 1393 1389
f 1404 1319 1390
f 1410 1317 1408
f 1490 1413 1384
f 1385 1412 1481
f 1413 1485 1481
f 1482 1486 1411
f 1411 1486 1489
f 1346 1350 1424
f 1345 1417 1425
f 1452 1420 1424
f 1453 1450 1425
f 1292 1318 1389
f 1426 1431 1424
f 1425 1430 1427
f 1292 1389 1385
f 1386 1390 1293
f 1447 1422 1454
f 1454 1433 1430
f 1434 1436 1423
f 1422 1437 1435
f 1431 1432 1451
f 1432 1434 1451
f 1454 1435 1433
f 1449 1424 1431
f 1430 1425 1450
f 1423 1436 1347
f 1350 1428 1424
f 1423 1418 1444
f 1422 1447 1445
f 1443 1444 1418
f 1419 1445 1448
f 1441 1520 1420
f 1421 1521 1442
f 1443 1456 1520
f 1521 1455 1442
f 1442 1455 1457
f 2055 1424 1420
f 1421 1425 1417
f 2099 1351 1313
f 1351 2099 1423
f 1540 1506 1503
f 1499 1463 1467
f 1291 1459 1466
f 1465 1460 1290
f 1471 1470 1474
f 1472 1468 1473
f 1460 1465 1461
f 1500 1475 1473
f 1497 1478 1480
f 1500 1465 1479
f 1474 1476 1497
f 1475 1500 1477
f 1469 1473 1475
f 1466 1480 1488
f 1465 1383 1487
f 1483 1471 1467
f 1484 1386 1468
f 1490 1384 1488
f 1466 1462 1495
f 1496 1461 1494
f 1498 1464 1491
f 1493 2123 1492
f 1491 1501 1496
f 1533 1505 2055
f 1534 1530 1507
f 1292 1385 1467
f 1293 1464 1468
f 1508 1513 2055
f 1507 1512 1509
f 1535 1515 1512
f 1516 1518 2099
f 1506 1519 1517
f 1513 1514 1532
f 1531 1515 1535
f 1514 1516 1532
f 1531 1517 1515
f 1529 2055 1513
f 1512 1507 1530
f 2099 1518 1418
f 1420 1510 2055
f 2099 1502 1525
f 1506 1531 1526
f 1503 1526 1528
f 1504 1538 1523
f 1524 1537 1505
f 1538 1536 1523
f 1524 1525 1539
f 1504 1507 1417
f 1314 1422 1540
f 1506 1540 1422
f 1302 1308 1304
f 1301 1303 1307
f 1302 1310 1308
f 1298 1296 1292
f 1293 1297 1299
f 1302 1312 1310
f 1293 1299 1300
f 1313 1306 1312
f 1291 1294 1298
f 1290 1293 1300
f 1541 1549 1551
f 1552 1550 1542
f 1559 1555 1558
f 1578 1553 1557
f 1544 1552 1542
f 1564 1562 1576
f 1565 1552 1577
f 1563 1577 1561
f 1561 1578 1556
f 1549 1564 1551
f 1554 1558 1548
f 1543 1575 1663
f 1658 1572 1545
f 1657 1573 1574
f 1663 1575 1572
f 1664 1579 1574
f 1596 1590 1582
f 1595 1583 1581
f 1596 1587 1627
f 1595 1622 1626
f 1554 1548 1634
f 1598 1600 1596
f 1595 1599 1597
f 1625 1594 1619
f 1605 1624 1593
f 1594 1625 1604
f 1603 1598 1601
f 1628 1597 1602
f 1592 1607 1593
f 1596 1600 1590
f 1618 1586 1593
f 1617 1619 1594
f 1621 1631 1586
f 1585 1632 1616
f 1615 1627 1587
f 1588 1626 1614
f 1630 1614 1616
f 1631 1621 1615
f 1632 1691 1616
f 2156 1592 1593
f 1594 1591 1635
f 1541 1543 1642
f 1643 1544 1542
f 1650 1646 1649
f 1671 1644 1648
f 1639 1643 1542
f 1655 1653 1669
f 1656 1643 1670
f 1654 1670 1652
f 1652 1671 1647
f 1661 1655 1642
f 1662 1544 1643
f 1645 1649 1660
f 1644 1546 1659
f 1658 1545 1660
f 1659 1546 1657
f 1661 1543 1663
f 1638 1668 1739
f 1732 1665 1641
f 1731 1666 1667
f 1739 1668 1665
f 1740 1735 1667
f 1679 1672 1583
f 1584 1675 1706
f 1679 1701 1705
f 1645 1545 1634
f 1681 1683 1584
f 1679 1682 1680
f 1704 1678 1698
f 1688 1703 1677
f 1678 1704 1687
f 1686 1681 1684
f 1707 1680 1685
f 1586 1690 1677
f 1584 1683 1587
f 1697 1673 1677
f 1696 1698 1678
f 1697 1774 1673
f 1674 1773 1700
f 1694 1706 1675
f 1676 1705 1693
f 1695 1694 1710
f 1774 1697 1695
f 1773 1708 1693
f 1593 1586 1677
f 1678 1585 1594
f 1541 1638 1716
f 1717 1639 1542
f 1724 1720 1723
f 1747 1718 1722
f 1713 1717 1542
f 1729 1727 1745
f 1730 1717 1746
f 1728 1746 1726
f 1726 1747 1721
f 1737 1729 1716
f 1738 1639 1717
f 1719 1723 1734
f 1718 1640 1733
f 1732 1641 1734
f 1733 1640 1731
f 1737 1638 1739
f 1712 1744 1751
f 1812 1741 1715
f 1811 1742 1743
f 1751 1744 1741
f 1750 1748 1743
f 1761 1675 1584
f 1752 1672 1676
f 1761 1757 1788
f 1760 1783 1787
f 1719 1641 1634
f 1763 1765 1761
f 1760 1764 1762
f 1786 1758 1780
f 1770 1785 1759
f 1758 1786 1769
f 1768 1763 1766
f 1789 1762 1767
f 1673 1772 1759
f 1761 1765 1675
f 1779 1755 1759
f 1778 1780 1758
f 1782 1790 1755
f 1754 1791 1777
f 1776 1788 1757
f 1756 1787 1775
f 1845 1775 1777
f 1790 1782 1776
f 1791 1847 1777
f 1677 1759 1637
f 1677 1673 1759
f 1758 1674 1678
f 1541 1712 1796
f 1797 1713 1542
f 1804 1800 1803
f 1823 1798 1802
f 1793 1797 1542
f 1809 1807 1821
f 1810 1797 1822
f 1808 1822 1806
f 1806 1823 1801
f 1815 1809 1796
f 1816 1713 1797
f 1799 1803 1814
f 1798 1714 1813
f 1812 1715 1814
f 1813 1714 1811
f 1815 1712 1751
f 1792 1820 1827
f 1825 1817 1795
f 1824 1818 1819
f 1827 1820 1817
f 1826 1890 1819
f 1834 1828 1752
f 1834 1857 1861
f 1799 1715 1634
f 1836 1838 1753
f 1834 1837 1835
f 1860 1833 1854
f 1842 1859 1832
f 1833 1860 1841
f 1863 1835 1840
f 1755 1844 1832
f 1753 1838 1757
f 1853 1830 1832
f 1852 1854 1833
f 1856 1868 1830
f 1829 1869 1851
f 1850 1862 1753
f 1831 1861 1849
f 1867 1849 1851
f 1868 1856 1850
f 1869 1865 1851
f 1759 1832 1637
f 1759 1755 1832
f 1833 1754 1758
f 1907 1912 1948
f 1541 1792 1870
f 1874 1793 1542
f 1881 1877 1880
f 1900 1875 1879
f 1871 1874 1542
f 1886 1884 1898
f 1887 1874 1899
f 1885 1899 1883
f 1883 1900 1878
f 1892 1886 1870
f 1893 1793 1874
f 1876 1880 1889
f 1875 1794 1888
f 1825 1795 1889
f 1888 1794 1824
f 1892 1792 1827
f 1870 1897 1972
f 1904 1894 1873
f 1903 1895 1896
f 1972 1897 1894
f 1973 1901 1896
f 1913 1905 1828
f 1914 1909 1940
f 1913 1935 1939
f 1876 1795 1634
f 1916 1918 1914
f 1913 1917 1915
f 1938 1912 1932
f 1923 1937 1911
f 1912 1938 1922
f 1921 1916 1919
f 1941 1915 1920
f 1830 1925 1911
f 1914 1918 1926
f 1931 1908 1911
f 1930 1932 1912
f 1934 1946 1908
f 1907 1947 1929
f 1928 1940 1909
f 1910 1939 1927
f 1945 1927 1929
f 1946 1934 1928
f 1947 1943 1929
f 1949 1313 1637
f 1635 1314 1948
f 1832 1830 1911
f 1912 1829 1833
f 1984 1988 2018
f 1541 1870 1954
f 1955 1871 1542
f 1962 1958 1961
f 1980 1956 1960
f 1951 1955 1542
f 1966 1965 1978
f 1967 1955 1979
f 1964 1980 1959
f 1970 1966 1954
f 1971 1871 1955
f 1957 1961 1969
f 1956 1872 1968
f 1904 1873 1969
f 1968 1872 1903
f 1970 1870 1972
f 1950 1977 2045
f 1982 1974 1953
f 1981 1975 1976
f 2045 1977 1974
f 2046 2041 1976
f 1989 1909 1906
f 1989 1986 2013
f 1905 2009 2012
f 1957 1873 1634
f 1991 1993 1989
f 1905 1992 1990
f 2011 1988 2006
f 1998 2007 1987
f 1988 2011 1997
f 1996 1991 1994
f 2014 1990 1995
f 1908 2000 1987
f 1989 1993 1909
f 2005 1985 1987
f 2004 2006 1988
f 2008 2078 1985
f 1984 2077 2004
f 2002 2013 1986
f 1905 2012 2001
f 2017 2001 2003
f 2078 2008 2002
f 2077 2075 2003
f 1949 1908 1987
f 1988 1907 1948
f 2056 2061 2098
f 1541 1950 2024
f 2025 1951 1542
f 2032 2028 2031
f 2053 2026 2030
f 2021 2025 1542
f 2037 2035 2051
f 2038 2025 2052
f 2036 2052 2034
f 2034 2053 2029
f 2043 2037 2024
f 2044 1951 2025
f 2027 2031 2040
f 2026 1952 2039
f 1982 1953 2040
f 2039 1952 1981
f 2043 1950 2045
f 2020 2050 2120
f 2115 2047 2023
f 2114 2048 2049
f 2120 2050 2047
f 2122 2118 2049
f 2063 1986 1983
f 2062 2054 1905
f 2063 2059 2092
f 2062 2087 2091
f 2027 1953 1634
f 2065 2067 2063
f 2062 2066 2064
f 2090 2061 2084
f 2071 2089 2060
f 2061 2090 2070
f 2069 2065 2068
f 1985 2073 2060
f 2063 2067 1986
f 2062 1905 2074
f 2017 2074 1905
f 2083 2057 2060
f 2082 2084 2061
f 2086 2096 2057
f 2056 2097 2081
f 2080 2092 2059
f 2058 2091 2079
f 2147 2079 2081
f 2096 2086 2080
f 2097 2095 2081
f 2019 1985 2060
f 2061 1984 2018
f 1503 2134 1540
f 2103 1463 2130
f 1541 2020 2100
f 2101 2021 1542
f 2108 2104 2107
f 2132 2102 2106
f 1461 2101 1460
f 2113 2111 2128
f 2112 2101 2129
f 2112 2129 2110
f 2110 2132 2105
f 2120 2113 2100
f 2121 2021 2101
f 2103 2107 2117
f 2102 2022 2116
f 2115 2023 2117
f 2116 2022 2114
f 2125 1462 2100
f 2125 2127 1493
f 2126 1461 1496
f 1492 2123 2130
f 1491 1464 2131
f 1491 2124 1501
f 1493 2127 2123
f 2135 1417 2054
f 2135 2151 1504
f 2103 2023 1634
f 2102 1464 1633
f 2137 2139 2055
f 2135 2138 2136
f 2154 2134 2149
f 2151 2141 2155
f 2144 2153 2133
f 2134 2154 2143
f 2142 2137 2140
f 2151 2136 2141
f 2057 2146 2133
f 2055 2139 2059
f 1503 2149 2134
f 1313 1315 1636
f 1314 1633 1293
f 1315 1463 1634
f 1633 1464 1293
f 2099 2057 2133
f 2134 2056 2098
f 1609 2156 1582
f 1581 1635 1608
f 1567 1541 1634
f 1633 1542 1566
f 2187 2190 2189
f 2190 2192 2191
f 2163 2195 2165
f 2186 2195 2194
f 2162 2161 2164
f 2165 2162 2164
f 2198 2197 2199
f 2184 2182 2196
f 2183 2181 2201
f 2163 2194 2195
f 2193 2192 2161
f 2236 2218 2219
f 2221 2215 2214
f 2223 2221 2220
f 2225 2223 2222
f 2171 2173 2174
f 2217 2226 2168
f 2175 2169 2170
f 2233 2231 2230
f 2173 2175 2176
f 2234 2228 2229
f 2240 2236 2235
f 2215 2217 2216
f 2237 2233 2232
f 2218 2237 2219
f 2228 2240 2239
f 2231 2234 2229
f 2226 2171 2172
f 2169 2225 2224
f 2252 2255 2254
f 2255 2257 2256
f 2251 2259 2202
f 2264 2265 2263
f 2243 2244 2248
f 2260 2203 2261
f 2249 2245 2246
f 2247 2248 2268
f 2263 2246 2245
f 2244 2243 2266
f 2258 2257 2262
f 2204 2270 2269
f 2304 2283 2284
f 2286 2280 2279
f 2288 2286 2285
f 2290 2288 2287
f 2241 2292 2291
f 2282 2208 2209
f 2294 2207 2206
f 2301 2299 2298
f 2292 2294 2293
f 2302 2296 2297
f 2308 2304 2303
f 2280 2282 2281
f 2305 2301 2300
f 2283 2305 2284
f 2296 2308 2307
f 2299 2302 2297
f 2208 2241 2242
f 2207 2290 2289
f 2325 2323 2327
f 2329 2331 2330
f 2322 2329 2328
f 2332 2333 2334
f 2337 2338 2319
f 2331 2332 2334
f 2336 2338 2339
f 2320 2342 2341
f 2343 2320 2321
f 2335 2341 2342
f 2337 2339 2338
f 2326 2327 2333
f 2376 2357 2358
f 2360 2354 2353
f 2362 2360 2359
f 2364 2362 2361
f 2366 2309 2310
f 2356 2274 2273
f 2311 2272 2271
f 2373 2371 2370
f 2309 2311 2312
f 2374 2368 2369
f 2380 2376 2375
f 2354 2356 2355
f 2377 2373 2372
f 2357 2377 2358
f 2368 2380 2379
f 2371 2374 2369
f 2274 2366 2365
f 2272 2364 2363
f 2166 2204 2205
f 2159 2158 2157
f 2178 2166 2167
f 2178 2177 2179
f 2160 2179 2159
f 2396 2415 2395
f 2398 2400 2399
f 2400 2402 2401
f 2397 2407 2406
f 2387 2394 2393
f 2408 2405 2391
f 2411 2410 2412
f 2395 2388 2409
f 2414 2415 2413
f 2414 2395 2415
f 2404 2406 2407
f 2403 2402 2392
f 2419 2421 2420
f 2460 2438 2464
f 2440 2435 2434
f 2442 2440 2439
f 2444 2442 2441
f 2446 2448 2447
f 2437 2427 2426
f 2450 2429 2428
f 2457 2455 2454
f 2448 2450 2449
f 2458 2452 2453
f 2463 2460 2459
f 2435 2437 2436
f 2465 2457 2456
f 2438 2465 2464
f 2452 2463 2462
f 2455 2458 2453
f 2427 2446 2445
f 2429 2444 2443
f 2483 2481 2485
f 2487 2417 2416
f 2480 2487 2486
f 2488 2489 2490
f 2492 2494 2493
f 2473 2474 2477
f 2417 2488 2490
f 2478 2475 2491
f 2476 2477 2495
f 2484 2485 2489
f 2530 2512 2534
f 2514 2509 2508
f 2516 2514 2513
f 2518 2516 2515
f 2466 2520 2519
f 2511 2424 2425
f 2468 2423 2422
f 2527 2525 2524
f 2520 2468 2469
f 2528 2522 2523
f 2533 2530 2529
f 2509 2511 2510
f 2535 2527 2526
f 2512 2535 2534
f 2522 2533 2532
f 2525 2528 2523
f 2424 2466 2467
f 2423 2518 2517
f 2551 2549 2553
f 2555 2557 2556
f 2548 2555 2554
f 2558 2559 2560
f 2562 2564 2563
f 2541 2545 2544
f 2557 2558 2560
f 2546 2542 2543
f 2561 2543 2542
f 2541 2540 2563
f 2552 2553 2559
f 2600 2582 2604
f 2584 2579 2578
f 2586 2584 2583
f 2588 2586 2585
f 2538 2537 2536
f 2581 2502 2503
f 2590 2500 2501
f 2596 2597 2595
f 2537 2590 2589
f 2598 2592 2593
f 2603 2600 2599
f 2579 2581 2580
f 2605 2597 2601
f 2582 2605 2604
f 2592 2603 2602
f 2595 2598 2594
f 2502 2538 2539
f 2500 2588 2587
f 2616 2632 2631
f 2618 2620 2619
f 2621 2620 2622
f 2624 2568 2567
f 2617 2624 2623
f 2625 2626 2569
f 2628 2629 2627
f 2609 2610 2614
f 2615 2611 2612
f 2614 2630 2613
f 2632 2613 2630
f 2627 2612 2611
f 2621 2622 2626
f 2667 2648 2671
f 2650 2645 2644
f 2651 2650 2649
f 2652 2653 2651
f 2655 2657 2656
f 2646 2647 2574
f 2606 2572 2571
f 2664 2662 2661
f 2657 2606 2607
f 2665 2659 2660
f 2670 2667 2666
f 2645 2647 2646
f 2672 2664 2663
f 2648 2672 2671
f 2659 2670 2669
f 2662 2665 2660
f 2574 2655 2654
f 2572 2653 2652
f 2686 2683 2690
f 2691 2688 2693
f 2692 2693 2694
f 2633 2697 2696
f 2687 2633 2695
f 2681 2685 2684
f 2699 2700 2702
f 2683 2686 2682
f 2684 2685 2703
f 2699 2683 2682
f 2681 2680 2701
f 2694 2634 2698
f 2635 2710 2709
f 2739 2723 2743
f 2725 2720 2719
f 2727 2725 2724
f 2729 2727 2726
f 2675 2673 2674
f 2722 2639 2640
f 2677 2638 2637
f 2736 2734 2733
f 2673 2677 2678
f 2737 2731 2732
f 2742 2739 2738
f 2720 2722 2721
f 2744 2736 2735
f 2723 2744 2743
f 2731 2742 2741
f 2734 2737 2732
f 2639 2675 2676
f 2638 2729 2728
f 2761 2763 2762
f 2764 2763 2765
f 2708 2707 2706
f 2760 2708 2766
f 2770 2771 2769
f 2753 2757 2756
f 2758 2754 2755
f 2756 2757 2773
f 2769 2755 2754
f 2753 2752 2772
f 2765 2768 2767
f 2808 2792 2793
f 2795 2789 2788
f 2797 2795 2794
f 2799 2797 2796
f 2747 2745 2746
f 2791 2713 2714
f 2749 2712 2711
f 2806 2804 2803
f 2745 2749 2750
f 2807 2801 2802
f 2810 2811 2808
f 2789 2791 2790
f 2813 2806 2805
f 2792 2813 2812
f 2800 2801 2811
f 2804 2807 2802
f 2713 2747 2748
f 2712 2799 2798
f 2826 2828 2827
f 2829 2828 2830
f 2776 2777 2833
f 2825 2777 2831
f 2835 2832 2834
f 2837 2839 2838
f 2817 2818 2822
f 2833 2834 2832
f 2823 2819 2820
f 2821 2822 2840
f 2836 2820 2819
f 2818 2817 2838
f 2776 2831 2777
f 2830 2835 2834
f 2778 2269 2270
f 2875 2855 2879
f 2857 2852 2851
f 2858 2859 2857
f 2861 2859 2858
f 2814 2863 2862
f 2853 2854 2782
f 2865 2781 2780
f 2872 2870 2869
f 2863 2865 2864
f 2873 2867 2868
f 2878 2875 2874
f 2851 2852 2854
f 2880 2872 2871
f 2855 2880 2879
f 2866 2867 2878
f 2870 2873 2868
f 2782 2814 2815
f 2781 2861 2860
f 2892 2890 2894
f 2893 2894 2895
f 2889 2898 2896
f 2904 2344 2903
f 2905 2886 2885
f 2899 2897 2902
f 2887 2904 2907
f 2885 2886 2906
f 2903 2907 2904
f 2895 2901 2900
f 2930 2916 2932
f 2919 2913 2917
f 2921 2919 2918
f 2922 2923 2881
f 2915 2846 2845
f 2883 2844 2843
f 2926 2927 2345
f 2881 2883 2882
f 2928 2925 2381
f 2348 2930 2929
f 2912 2913 2915
f 2933 2927 2931
f 2916 2933 2932
f 2925 2348 2347
f 2345 2928 2346
f 2846 2923 2922
f 2843 2844 2921
f 2421 2498 2499
f 2498 2635 2636
f 2710 2778 2779
f 2385 2313 2158
f 2389 2385 2384
f 2470 2419 2418
f 2934 2389 2471
f 2187 2184 2188
f 2201 2181 2192
f 2200 2191 2193
f 2201 2190 2188
f 2201 2192 2190
f 2189 2191 2200
f 2183 2193 2162
f 2194 2159 2184
f 2195 2186 2185
f 2202 2260 2197
f 2197 2260 2262
f 2198 2180 2261
f 2167 2205 2212
f 2239 2235 2212
f 2240 2208 2213
f 2212 2219 2214
f 2215 2218 2213
f 2182 2184 2159
f 2160 2185 2196
f 2232 2210 2238
f 2210 2224 2222
f 2223 2225 2211
f 2238 2220 2219
f 2238 2222 2220
f 2221 2223 2237
f 2219 2212 2235
f 2236 2213 2218
f 2211 2225 2169
f 2226 2217 2213
f 2210 2232 2230
f 2211 2207 2231
f 2206 2230 2229
f 2234 2231 2207
f 2209 2242 2227
f 2228 2241 2208
f 2242 2291 2229
f 2228 2292 2241
f 2229 2291 2293
f 2228 2234 2294
f 2209 2212 2205
f 2204 2213 2208
f 2252 2249 2253
f 2158 2248 2244
f 2268 2248 2257
f 2267 2256 2258
f 2268 2255 2253
f 2268 2257 2255
f 2254 2256 2267
f 2248 2181 2262
f 2247 2258 2261
f 2202 2182 2249
f 2259 2251 2250
f 2332 2266 2243
f 2246 2263 2329
f 2328 2330 2265
f 2263 2331 2329
f 2265 2330 2334
f 2263 2266 2332
f 2205 2269 2277
f 2204 2208 2278
f 2307 2303 2277
f 2308 2274 2278
f 2160 2196 2250
f 2277 2284 2279
f 2280 2283 2278
f 2245 2249 2159
f 2160 2250 2246
f 2300 2276 2306
f 2276 2289 2287
f 2288 2290 2275
f 2306 2285 2284
f 2306 2287 2285
f 2286 2288 2305
f 2284 2277 2303
f 2304 2278 2283
f 2275 2290 2207
f 2208 2282 2278
f 2276 2300 2298
f 2275 2272 2299
f 2271 2298 2297
f 2302 2299 2272
f 2273 2365 2295
f 2296 2366 2274
f 2365 2310 2297
f 2296 2309 2366
f 2297 2310 2312
f 2296 2302 2311
f 2273 2277 2269
f 2270 2278 2274
f 2177 2210 2276
f 2275 2211 2178
f 2382 2350 2345
f 2341 2317 2321
f 2157 2313 2318
f 2158 2319 2315
f 2343 2323 2320
f 2319 2323 2343
f 2319 2327 2323
f 2325 2326 2340
f 2319 2244 2333
f 2318 2326 2332
f 2328 2245 2320
f 2329 2322 2321
f 2318 2314 2337
f 2342 2316 2336
f 2336 2903 2338
f 2270 2274 2352
f 2379 2375 2351
f 2380 2347 2352
f 2159 2383 2320
f 2160 2246 2321
f 2351 2358 2353
f 2354 2357 2352
f 2316 2320 2383
f 2372 2350 2378
f 2350 2363 2361
f 2362 2364 2349
f 2378 2359 2358
f 2378 2361 2359
f 2360 2362 2377
f 2358 2351 2375
f 2376 2352 2357
f 2349 2364 2272
f 2274 2356 2352
f 2350 2372 2370
f 2349 2346 2371
f 2345 2370 2369
f 2374 2371 2346
f 2367 2925 2369
f 2348 2351 2269
f 2270 2352 2347
f 2177 2276 2382
f 2911 2275 2178
f 2179 2177 2472
f 2383 2159 2179
f 2350 2382 2276
f 2275 2911 2349
f 2167 2168 2172
f 2178 2173 2171
f 2159 2163 2164
f 2165 2195 2160
f 2178 2175 2173
f 2162 2165 2160
f 2178 2169 2175
f 2158 2159 2164
f 2393 2391 2384
f 2385 2392 2394
f 2415 2396 2397
f 2386 2393 2384
f 2403 2393 2413
f 2415 2397 2399
f 2400 2398 2395
f 2392 2402 2394
f 2396 2390 2407
f 2395 2398 2406
f 2407 2390 2405
f 2404 2389 2406
f 2387 2412 2490
f 2486 2410 2388
f 2487 2409 2411
f 2488 2417 2411
f 2490 2412 2410
f 2433 2421 2419
f 2432 2426 2418
f 2433 2460 2463
f 2432 2425 2462
f 2433 2437 2435
f 2434 2436 2432
f 2465 2430 2457
f 2438 2440 2465
f 2430 2465 2442
f 2441 2461 2431
f 2438 2435 2440
f 2439 2434 2464
f 2428 2443 2431
f 2432 2436 2426
f 2455 2457 2430
f 2454 2422 2431
f 2423 2468 2458
f 2453 2469 2422
f 2424 2463 2452
f 2451 2462 2425
f 2453 2451 2467
f 2468 2520 2452
f 2430 2429 2470
f 2934 2428 2431
f 2476 2386 2384
f 2385 2387 2477
f 2496 2481 2482
f 2473 2476 2384
f 2479 2483 2497
f 2484 2476 2497
f 2479 2480 2483
f 2488 2386 2476
f 2489 2485 2477
f 2479 2409 2487
f 2478 2482 2486
f 2489 2387 2490
f 2474 2494 2560
f 2554 2492 2475
f 2555 2491 2493
f 2494 2492 2554
f 2558 2557 2493
f 2507 2498 2421
f 2506 2425 2420
f 2507 2530 2533
f 2506 2503 2532
f 2478 2388 2389
f 2507 2511 2509
f 2508 2510 2506
f 2535 2504 2527
f 2512 2514 2535
f 2504 2535 2516
f 2515 2531 2505
f 2512 2509 2514
f 2513 2508 2534
f 2422 2517 2505
f 2506 2510 2425
f 2525 2527 2504
f 2524 2501 2505
f 2500 2590 2528
f 2523 2589 2501
f 2502 2533 2522
f 2521 2532 2503
f 2523 2521 2539
f 2590 2537 2522
f 2504 2423 2430
f 2431 2422 2505
f 2544 2473 2384
f 2385 2474 2545
f 2565 2549 2550
f 2540 2544 2384
f 2547 2551 2566
f 2552 2544 2566
f 2547 2548 2551
f 2558 2473 2544
f 2559 2553 2545
f 2547 2491 2555
f 2546 2550 2554
f 2559 2474 2560
f 2541 2564 2569
f 2623 2562 2542
f 2624 2561 2563
f 2564 2562 2623
f 2503 2499 2570
f 2498 2600 2603
f 2577 2573 2602
f 2546 2475 2389
f 2498 2581 2579
f 2578 2580 2577
f 2582 2584 2605
f 2576 2597 2586
f 2585 2601 2575
f 2582 2579 2584
f 2583 2578 2604
f 2501 2587 2575
f 2577 2580 2503
f 2595 2597 2576
f 2594 2571 2575
f 2572 2606 2598
f 2594 2607 2571
f 2574 2603 2592
f 2591 2602 2573
f 2593 2591 2654
f 2606 2657 2592
f 2607 2594 2593
f 2608 2178 2934
f 2178 2160 2389
f 2576 2500 2504
f 2505 2501 2575
f 2613 2540 2384
f 2385 2541 2614
f 2632 2616 2617
f 2609 2613 2384
f 2622 2620 2630
f 2632 2617 2619
f 2620 2618 2631
f 2625 2540 2613
f 2626 2622 2614
f 2616 2543 2624
f 2615 2618 2623
f 2626 2541 2569
f 2610 2629 2634
f 2695 2628 2611
f 2629 2628 2695
f 2643 2635 2498
f 2636 2573 2570
f 2643 2667 2670
f 2636 2640 2669
f 2615 2542 2389
f 2643 2647 2645
f 2644 2646 2636
f 2672 2641 2664
f 2648 2650 2672
f 2641 2672 2651
f 2649 2668 2642
f 2648 2645 2650
f 2649 2644 2671
f 2571 2652 2642
f 2636 2646 2573
f 2662 2664 2641
f 2661 2637 2642
f 2638 2677 2665
f 2660 2678 2637
f 2639 2670 2659
f 2658 2669 2640
f 2660 2658 2676
f 2677 2673 2659
f 2641 2572 2576
f 2608 2571 2642
f 2684 2609 2384
f 2385 2610 2685
f 2690 2683 2687
f 2704 2688 2689
f 2680 2684 2384
f 2690 2691 2705
f 2692 2684 2705
f 2694 2693 2703
f 2690 2687 2691
f 2698 2609 2684
f 2634 2694 2685
f 2683 2612 2633
f 2686 2689 2695
f 2681 2702 2768
f 2766 2700 2682
f 2768 2702 2700
f 2718 2710 2635
f 2717 2640 2636
f 2718 2739 2742
f 2717 2714 2741
f 2686 2611 2389
f 2718 2722 2720
f 2719 2721 2717
f 2744 2715 2736
f 2723 2725 2744
f 2715 2744 2727
f 2726 2740 2716
f 2723 2720 2725
f 2724 2719 2743
f 2637 2728 2716
f 2717 2721 2640
f 2734 2736 2715
f 2733 2711 2716
f 2712 2749 2737
f 2732 2750 2711
f 2713 2742 2731
f 2730 2741 2714
f 2732 2730 2748
f 2749 2745 2731
f 2715 2638 2641
f 2679 2637 2716
f 2756 2680 2384
f 2385 2681 2757
f 2752 2756 2384
f 2759 2762 2775
f 2764 2756 2775
f 2765 2763 2773
f 2759 2760 2762
f 2763 2761 2774
f 2767 2680 2756
f 2768 2765 2757
f 2759 2683 2708
f 2758 2761 2766
f 2753 2771 2832
f 2776 2770 2754
f 2771 2770 2776
f 2834 2833 2769
f 2787 2778 2710
f 2786 2714 2709
f 2787 2808 2811
f 2786 2783 2810
f 2758 2682 2389
f 2787 2791 2789
f 2788 2790 2786
f 2813 2784 2806
f 2792 2795 2813
f 2784 2813 2797
f 2796 2809 2785
f 2792 2789 2795
f 2794 2788 2793
f 2711 2798 2785
f 2786 2790 2714
f 2804 2806 2784
f 2803 2780 2785
f 2781 2865 2807
f 2802 2864 2780
f 2782 2811 2801
f 2800 2810 2783
f 2802 2800 2815
f 2865 2863 2801
f 2784 2712 2715
f 2751 2711 2785
f 2821 2752 2384
f 2385 2753 2822
f 2817 2821 2384
f 2824 2827 2842
f 2829 2821 2842
f 2830 2828 2840
f 2824 2825 2827
f 2828 2826 2841
f 2834 2752 2821
f 2835 2830 2822
f 2824 2755 2777
f 2823 2826 2831
f 2776 2754 2831
f 2835 2753 2832
f 2818 2839 2901
f 2896 2837 2819
f 2897 2836 2838
f 2839 2837 2896
f 2902 2897 2838
f 2850 2269 2778
f 2849 2783 2779
f 2850 2875 2878
f 2849 2845 2877
f 2823 2754 2389
f 2850 2854 2852
f 2851 2853 2849
f 2880 2847 2872
f 2855 2857 2880
f 2847 2880 2859
f 2858 2876 2848
f 2855 2852 2857
f 2856 2851 2879
f 2780 2860 2848
f 2849 2853 2783
f 2870 2872 2847
f 2869 2843 2848
f 2844 2883 2873
f 2868 2882 2843
f 2846 2878 2867
f 2866 2877 2845
f 2868 2866 2922
f 2883 2881 2867
f 2847 2781 2784
f 2816 2780 2848
f 2345 2910 2382
f 2887 2317 2904
f 2885 2817 2384
f 2385 2818 2886
f 2908 2890 2891
f 2315 2885 2158
f 2888 2892 2909
f 2893 2885 2909
f 2895 2894 2906
f 2888 2889 2892
f 2900 2817 2885
f 2901 2895 2886
f 2888 2820 2898
f 2887 2891 2896
f 2898 2820 2897
f 2905 2314 2886
f 2905 2344 2339
f 2336 2316 2907
f 2344 2904 2335
f 2269 2930 2348
f 2888 2383 2390
f 2887 2819 2389
f 2269 2915 2913
f 2912 2914 2270
f 2916 2913 2933
f 2910 2927 2919
f 2918 2931 2911
f 2917 2912 2932
f 2843 2920 2911
f 2270 2914 2845
f 2345 2927 2910
f 2345 2369 2928
f 2381 2924 2368
f 2374 2346 2381
f 2471 2390 2383
f 2910 2844 2847
f 2884 2843 2911
f 2419 2470 2446
f 2445 2934 2418
f 2390 2384 2405
f 2404 2385 2389
f 2967 2972 2973
f 2969 2975 2974
f 2975 2977 2976
f 2977 2979 2978
f 2941 2981 2943
f 2971 2981 2980
f 2939 2942 2944
f 2983 2984 2982
f 2961 2965 2964
f 2943 2944 2942
f 2966 2962 2963
f 2968 2971 2970
f 2965 2987 2986
f 2982 2963 2962
f 2960 2985 2984
f 2941 2980 2981
f 2979 2939 2940
f 3019 3002 3003
f 3005 2999 2998
f 3007 3005 3004
f 3009 3007 3006
f 2951 2953 2954
f 3001 2947 2948
f 2955 2949 2950
f 3016 3014 3013
f 2953 2955 2956
f 3017 3011 3012
f 3023 3019 3018
f 2999 3001 3000
f 3020 3016 3015
f 3002 3020 3003
f 3011 3023 3022
f 3014 3017 3012
f 2947 2951 2952
f 2949 3009 3008
f 3033 3038 3039
f 3035 3041 3040
f 3041 3043 3042
f 2989 3048 3047
f 3037 3046 3045
f 3050 3051 3049
f 3053 3054 3052
f 3027 3031 3030
f 3048 3049 3051
f 3032 3028 3029
f 3034 3037 3036
f 3031 3057 3056
f 3052 3029 3028
f 3026 3055 3054
f 2988 3045 3046
f 3044 3043 3050
f 2991 2990 3058
f 3092 3071 3072
f 3074 3068 3067
f 3076 3074 3073
f 3078 3076 3075
f 3024 3080 3025
f 3070 2994 3079
f 3082 2993 2992
f 3089 3087 3086
f 3080 3082 3081
f 3090 3084 3085
f 3096 3092 3091
f 3068 3070 3069
f 3093 3089 3088
f 3071 3093 3072
f 3084 3096 3095
f 3087 3090 3085
f 3079 2994 3024
f 2993 3078 3077
f 3110 3111 3116
f 3113 3119 3118
f 3119 3121 3120
f 3121 3123 3122
f 3125 3129 3128
f 3115 3127 3126
f 3131 3133 3132
f 3135 3136 3134
f 3138 3109 3108
f 3129 3132 3133
f 3110 3142 3111
f 3112 3115 3114
f 3109 3141 3140
f 3134 3111 3142
f 3137 3139 3136
f 3124 3126 3127
f 3123 3131 3130
f 3169 3152 3153
f 3155 3149 3148
f 3157 3155 3154
f 3159 3157 3156
f 3161 3097 3098
f 3150 3151 3062
f 3099 3060 3059
f 3165 3170 3144
f 3097 3099 3100
f 3167 3163 3164
f 3173 3169 3168
f 3149 3151 3150
f 3174 3170 3171
f 3152 3174 3153
f 3163 3173 3172
f 3144 3167 3166
f 3062 3161 3160
f 3060 3159 3158
f 2936 3102 3103
f 2945 2990 2991
f 2937 2936 2935
f 2958 2945 2946
f 2958 2957 2959
f 2938 2959 2937
f 3190 3195 3211
f 3192 3197 3196
f 3197 3199 3198
f 3202 3204 3203
f 3194 3184 3183
f 3186 3205 3185
f 3207 3208 3206
f 3180 3188 3187
f 3204 3185 3205
f 3189 3182 3181
f 3191 3194 3193
f 3188 3210 3212
f 3206 3181 3182
f 3179 3209 3208
f 3201 3183 3184
f 3200 3199 3186
f 3216 3218 3217
f 3257 3235 3261
f 3237 3232 3231
f 3239 3237 3236
f 3241 3239 3238
f 3243 3245 3244
f 3234 3224 3223
f 3247 3226 3225
f 3254 3252 3251
f 3245 3247 3246
f 3255 3249 3250
f 3260 3257 3256
f 3232 3234 3233
f 3262 3254 3253
f 3235 3262 3261
f 3249 3260 3259
f 3252 3255 3250
f 3224 3243 3242
f 3226 3241 3240
f 3278 3283 3303
f 3280 3285 3284
f 3285 3287 3286
f 3287 3289 3288
f 3291 3214 3213
f 3282 3293 3292
f 3295 3297 3296
f 3299 3300 3298
f 3272 3276 3275
f 3214 3296 3297
f 3277 3273 3274
f 3279 3282 3281
f 3276 3302 3304
f 3298 3274 3273
f 3271 3301 3300
f 3290 3292 3293
f 3289 3295 3294
f 3337 3319 3341
f 3321 3316 3315
f 3323 3321 3320
f 3325 3323 3322
f 3263 3327 3326
f 3317 3318 3221
f 3265 3220 3219
f 3330 3329 3328
f 3334 3332 3331
f 3327 3265 3266
f 3335 3332 3330
f 3340 3337 3336
f 3316 3318 3317
f 3342 3334 3333
f 3319 3342 3341
f 3329 3340 3339
f 3221 3263 3264
f 3220 3325 3324
f 3355 3360 3380
f 3357 3362 3361
f 3362 3364 3363
f 3367 3371 3370
f 3359 3369 3368
f 3373 3374 3372
f 3376 3377 3375
f 3349 3353 3352
f 3371 3372 3374
f 3354 3350 3351
f 3356 3359 3358
f 3353 3379 3381
f 3375 3351 3350
f 3348 3378 3377
f 3366 3368 3369
f 3365 3364 3373
f 3305 3387 3386
f 3418 3400 3422
f 3402 3397 3396
f 3404 3402 3401
f 3406 3404 3403
f 3345 3344 3343
f 3399 3309 3310
f 3408 3307 3308
f 3415 3413 3412
f 3344 3408 3407
f 3416 3410 3411
f 3421 3418 3417
f 3397 3399 3398
f 3423 3415 3414
f 3400 3423 3422
f 3410 3421 3420
f 3413 3416 3411
f 3309 3345 3346
f 3307 3406 3405
f 3434 3438 3455
f 3435 3436 3440
f 3440 3441 3439
f 3441 3443 3442
f 3445 3383 3382
f 3437 3447 3446
f 3449 3384 3385
f 3451 3452 3450
f 3428 3432 3431
f 3383 3385 3384
f 3433 3429 3430
f 3435 3437 3436
f 3432 3454 3456
f 3450 3430 3429
f 3427 3453 3452
f 3444 3446 3447
f 3443 3449 3448
f 3490 3471 3494
f 3474 3468 3472
f 3476 3474 3473
f 3478 3480 3479
f 3470 3391 3390
f 3424 3389 3388
f 3487 3485 3484
f 3480 3424 3425
f 3488 3482 3483
f 3493 3490 3489
f 3467 3468 3470
f 3495 3487 3486
f 3471 3495 3494
f 3482 3493 3492
f 3485 3488 3483
f 3391 3478 3477
f 3389 3476 3475
f 3510 3515 3531
f 3512 3517 3516
f 3517 3519 3518
f 3458 3524 3523
f 3514 3522 3521
f 3525 3459 3460
f 3527 3528 3526
f 3505 3508 3504
f 3524 3460 3459
f 3509 3506 3507
f 3511 3514 3513
f 3508 3530 3532
f 3526 3507 3506
f 3505 3504 3529
f 3457 3521 3522
f 3520 3519 3525
f 3464 3387 3538
f 3568 3551 3572
f 3553 3548 3547
f 3555 3553 3552
f 3557 3555 3554
f 3498 3496 3497
f 3550 3463 3558
f 3500 3462 3461
f 3565 3563 3562
f 3496 3500 3501
f 3566 3560 3561
f 3571 3568 3567
f 3548 3550 3549
f 3573 3565 3564
f 3551 3573 3572
f 3560 3571 3570
f 3563 3566 3561
f 3463 3498 3499
f 3462 3557 3556
f 3589 3594 3612
f 3591 3596 3595
f 3596 3598 3597
f 3598 3600 3599
f 3536 3534 3533
f 3593 3602 3601
f 3604 3606 3605
f 3608 3609 3607
f 3583 3587 3586
f 3534 3605 3606
f 3588 3584 3585
f 3590 3593 3592
f 3587 3611 3613
f 3607 3585 3584
f 3582 3610 3609
f 3535 3601 3602
f 3600 3604 3603
f 3641 3625 3645
f 3627 3622 3621
f 3629 3627 3626
f 3631 3629 3628
f 3576 3574 3575
f 3623 3624 3541
f 3578 3540 3539
f 3637 3638 3636
f 3574 3578 3579
f 3639 3633 3634
f 3644 3641 3640
f 3622 3624 3623
f 3646 3638 3642
f 3625 3646 3645
f 3633 3644 3643
f 3636 3639 3635
f 3541 3576 3577
f 3540 3631 3630
f 3657 3662 3682
f 3659 3664 3663
f 3664 3666 3665
f 3666 3668 3667
f 3615 3672 3671
f 3661 3670 3669
f 3674 3676 3675
f 3678 3679 3677
f 3652 3655 3651
f 3672 3675 3676
f 3656 3653 3654
f 3658 3661 3660
f 3655 3681 3683
f 3677 3654 3653
f 3652 3651 3680
f 3614 3669 3670
f 3668 3674 3673
f 3538 3685 3684
f 3718 3698 3722
f 3700 3695 3694
f 3701 3700 3699
f 3702 3703 3701
f 3647 3706 3705
f 3696 3697 3618
f 3708 3617 3616
f 3714 3715 3713
f 3706 3708 3707
f 3716 3710 3711
f 3721 3718 3717
f 3695 3697 3696
f 3719 3723 3715
f 3698 3723 3722
f 3709 3710 3721
f 3713 3716 3712
f 3618 3647 3648
f 3616 3617 3703
f 3733 3738 3762
f 3735 3740 3739
f 3739 3740 3742
f 3742 3743 3741
f 3745 3749 3748
f 3737 3747 3746
f 3751 3753 3752
f 3755 3143 3754
f 3757 3731 3730
f 3749 3752 3753
f 3732 3761 3760
f 3735 3734 3737
f 3731 3759 3763
f 3754 3760 3761
f 3756 3758 3143
f 3744 3746 3747
f 3743 3751 3750
f 3790 3771 3772
f 3774 3768 3767
f 3776 3774 3773
f 3778 3776 3775
f 3780 3724 3725
f 3770 3689 3688
f 3726 3687 3686
f 3784 3782 3781
f 3788 3786 3785
f 3724 3726 3727
f 3789 3784 3783
f 3145 3782 3790
f 3768 3770 3769
f 3793 3788 3787
f 3771 3793 3792
f 3786 3789 3783
f 3689 3780 3779
f 3687 3778 3777
f 3218 3305 3306
f 3177 3178 3103
f 3267 3178 3177
f 3794 3269 3216
f 3794 3267 3270
f 2970 2966 2973
f 2971 2968 2972
f 2936 2965 2961
f 2987 2965 2979
f 2986 2976 2978
f 2987 2975 2973
f 2975 2987 2977
f 2969 2973 2975
f 2964 2978 2940
f 2980 2937 2966
f 2981 2971 2967
f 3049 2985 2960
f 2963 2982 2989
f 2988 3047 2984
f 2982 3048 2989
f 2984 3047 3051
f 2982 2985 3049
f 2945 2947 2997
f 3022 3018 2991
f 3023 2994 2997
f 2991 3003 2998
f 2999 3002 2997
f 2962 2966 2937
f 2938 2967 2963
f 3015 2995 3021
f 2995 3008 3006
f 3007 3009 2996
f 3021 3004 3003
f 3021 3006 3004
f 3005 3007 3020
f 3003 2991 3018
f 3019 2997 3002
f 2996 3009 2949
f 2947 3001 2997
f 2995 3015 3013
f 2996 2993 3014
f 2992 3013 3012
f 3017 3014 2993
f 2991 3025 3010
f 3011 3024 2994
f 3011 3080 3024
f 3012 3025 3081
f 3011 3017 3082
f 2990 2997 2994
f 3101 3064 3059
f 3036 3032 3039
f 3037 3034 3038
f 2936 3031 3027
f 3057 3031 3043
f 3056 3042 3044
f 3057 3041 3039
f 3041 3057 3043
f 3035 3039 3041
f 3031 2961 3050
f 3030 3044 3049
f 3045 2962 3032
f 3046 3037 3033
f 3132 3055 3026
f 3029 3052 3125
f 3124 3128 3054
f 3052 3129 3125
f 3054 3128 3133
f 3052 3055 3132
f 2991 3685 3065
f 2990 2994 3066
f 3095 3091 3065
f 3096 3062 3066
f 2938 2963 3033
f 3065 3072 3067
f 3068 3071 3066
f 3028 3032 2937
f 2938 3033 3029
f 3088 3064 3094
f 3064 3077 3075
f 3076 3078 3063
f 3094 3073 3072
f 3094 3075 3073
f 3074 3076 3093
f 3072 3065 3091
f 3092 3066 3071
f 3063 3078 2993
f 3079 2991 3065
f 2994 3070 3066
f 2991 3079 3025
f 3064 3088 3086
f 3063 3060 3087
f 3059 3086 3085
f 3090 3087 3060
f 3061 3160 3083
f 3084 3161 3062
f 3160 3098 3085
f 3084 3097 3161
f 3085 3098 3100
f 3084 3090 3099
f 3061 3065 3685
f 3058 3066 3062
f 2957 2995 3101
f 2958 3063 2996
f 3064 3101 2995
f 3109 3102 2936
f 2935 3103 3108
f 3114 3110 3117
f 3115 3112 3116
f 3102 3109 3105
f 3141 3109 3123
f 3140 3120 3122
f 3141 3119 3117
f 3119 3141 3121
f 3113 3117 3119
f 3109 3027 3131
f 3108 3122 3130
f 3126 3028 3110
f 3127 3115 3111
f 3132 3026 3130
f 3108 3104 3137
f 3136 3105 3138
f 3142 3106 3135
f 3135 3754 3136
f 3058 3062 3147
f 3172 3168 3685
f 3173 3145 3147
f 2937 3176 3110
f 2938 3029 3111
f 3685 3153 3148
f 3149 3152 3147
f 3106 3110 3176
f 3165 3101 3171
f 3101 3158 3156
f 3157 3159 3146
f 3171 3154 3153
f 3174 3155 3170
f 3171 3156 3154
f 3155 3157 3170
f 3153 3685 3168
f 3169 3147 3152
f 3146 3159 3060
f 3062 3151 3147
f 3101 3165 3166
f 3163 3167 3783
f 3058 3147 3145
f 3175 3063 2958
f 3063 3175 3146
f 2951 2947 2945
f 2958 2953 2951
f 2937 2941 2942
f 2943 2981 2938
f 2958 2955 2953
f 2944 2943 2938
f 2957 2946 2956
f 2958 2949 2955
f 2936 2937 2942
f 2935 2940 2944
f 3187 3185 3177
f 3178 3186 3188
f 3195 3190 3194
f 3211 3192 3193
f 3179 3187 3177
f 3195 3196 3212
f 3200 3187 3212
f 3198 3212 3196
f 3196 3195 3191
f 3186 3199 3188
f 3189 3193 3183
f 3180 3208 3297
f 3290 3207 3182
f 3208 3207 3290
f 3296 3214 3206
f 3230 3218 3216
f 3229 3223 3215
f 3230 3257 3260
f 3229 3222 3259
f 3189 3183 3267
f 3230 3234 3232
f 3231 3233 3229
f 3262 3227 3254
f 3235 3237 3262
f 3227 3262 3239
f 3238 3258 3228
f 3235 3232 3237
f 3236 3231 3261
f 3225 3240 3228
f 3229 3233 3223
f 3252 3254 3227
f 3251 3219 3228
f 3220 3265 3255
f 3250 3266 3219
f 3221 3260 3249
f 3248 3259 3222
f 3250 3248 3264
f 3265 3327 3249
f 3227 3226 3269
f 3794 3225 3228
f 3307 3311 3347
f 3275 3179 3177
f 3178 3180 3276
f 3283 3278 3282
f 3303 3280 3281
f 3271 3275 3177
f 3283 3284 3304
f 3288 3275 3304
f 3289 3287 3302
f 3286 3304 3284
f 3284 3283 3279
f 3294 3179 3275
f 3295 3289 3276
f 3278 3181 3293
f 3277 3281 3292
f 3293 3181 3291
f 3290 3182 3292
f 3295 3180 3297
f 3272 3300 3374
f 3366 3299 3273
f 3300 3299 3366
f 3372 3371 3298
f 3314 3305 3218
f 3313 3222 3217
f 3314 3337 3340
f 3313 3310 3339
f 3277 3182 3267
f 3314 3318 3316
f 3315 3317 3313
f 3342 3311 3334
f 3319 3321 3342
f 3311 3342 3323
f 3322 3338 3312
f 3319 3316 3321
f 3320 3315 3341
f 3219 3324 3312
f 3313 3317 3222
f 3332 3334 3311
f 3331 3308 3312
f 3307 3408 3332
f 3335 3407 3308
f 3309 3340 3329
f 3328 3339 3310
f 3345 3329 3330
f 3408 3344 3330
f 3407 3335 3328
f 3228 3312 3794
f 3311 3220 3227
f 3228 3219 3312
f 3389 3393 3426
f 3352 3271 3177
f 3178 3272 3353
f 3360 3355 3359
f 3380 3357 3358
f 3348 3352 3177
f 3360 3361 3381
f 3365 3352 3381
f 3363 3381 3361
f 3361 3360 3356
f 3372 3271 3352
f 3373 3364 3353
f 3355 3274 3369
f 3354 3358 3368
f 3369 3274 3367
f 3366 3273 3368
f 3373 3272 3374
f 3349 3377 3384
f 3444 3376 3350
f 3377 3376 3444
f 3385 3383 3375
f 3395 3387 3305
f 3310 3306 3386
f 3395 3418 3421
f 3394 3390 3420
f 3354 3273 3267
f 3395 3399 3397
f 3396 3398 3394
f 3423 3393 3415
f 3400 3402 3423
f 3393 3423 3404
f 3403 3419 3392
f 3400 3397 3402
f 3401 3396 3422
f 3308 3405 3392
f 3394 3398 3310
f 3413 3415 3393
f 3412 3388 3392
f 3389 3424 3416
f 3411 3425 3388
f 3391 3421 3410
f 3409 3420 3390
f 3411 3409 3477
f 3424 3480 3410
f 3347 3269 2957
f 3393 3307 3347
f 3312 3308 3392
f 3462 3465 3503
f 3431 3348 3177
f 3178 3349 3432
f 3438 3434 3437
f 3427 3431 3177
f 3438 3439 3456
f 3442 3431 3456
f 3443 3441 3454
f 3439 3438 3435
f 3448 3348 3431
f 3449 3443 3432
f 3434 3351 3447
f 3433 3436 3446
f 3447 3351 3445
f 3444 3350 3446
f 3449 3349 3384
f 3428 3452 3459
f 3457 3451 3429
f 3452 3451 3457
f 3460 3524 3450
f 3464 3390 3386
f 3387 3490 3493
f 3433 3350 3267
f 3387 3470 3468
f 3467 3469 3464
f 3495 3465 3487
f 3471 3468 3495
f 3465 3495 3474
f 3473 3491 3466
f 3472 3467 3494
f 3388 3475 3466
f 3464 3469 3390
f 3485 3487 3465
f 3484 3461 3466
f 3462 3500 3488
f 3483 3501 3461
f 3463 3493 3482
f 3481 3492 3464
f 3483 3481 3499
f 3500 3496 3482
f 3465 3389 3426
f 3392 3388 3466
f 3540 3543 3581
f 3504 3427 3177
f 3178 3428 3508
f 3515 3510 3514
f 3531 3512 3513
f 3515 3516 3532
f 3520 3504 3532
f 3518 3532 3516
f 3516 3515 3511
f 3460 3427 3504
f 3525 3519 3508
f 3510 3430 3522
f 3509 3513 3521
f 3522 3430 3458
f 3457 3429 3521
f 3525 3428 3459
f 3505 3528 3606
f 3535 3527 3506
f 3528 3527 3535
f 3605 3534 3526
f 3546 3538 3387
f 3546 3568 3571
f 3545 3542 3570
f 3509 3429 3267
f 3546 3550 3548
f 3547 3549 3545
f 3573 3543 3565
f 3551 3553 3573
f 3543 3573 3555
f 3554 3569 3544
f 3551 3548 3553
f 3552 3547 3572
f 3461 3556 3544
f 3545 3549 3558
f 3563 3565 3543
f 3562 3539 3544
f 3540 3578 3566
f 3561 3579 3539
f 3541 3571 3560
f 3559 3570 3542
f 3561 3559 3577
f 3578 3574 3560
f 3502 3580 2958
f 3794 2958 3267
f 3543 3462 3503
f 3502 3461 3544
f 3617 3619 3650
f 3586 3504 3177
f 3178 3505 3587
f 3594 3589 3593
f 3612 3591 3592
f 3582 3586 3177
f 3594 3595 3613
f 3599 3586 3613
f 3600 3598 3611
f 3597 3613 3595
f 3595 3594 3590
f 3603 3504 3586
f 3604 3600 3587
f 3589 3507 3602
f 3588 3592 3601
f 3602 3507 3536
f 3535 3506 3601
f 3604 3505 3606
f 3583 3609 3676
f 3614 3608 3584
f 3609 3608 3614
f 3675 3672 3607
f 3538 3641 3644
f 3588 3506 3267
f 3538 3624 3622
f 3621 3623 3537
f 3625 3627 3646
f 3619 3638 3629
f 3628 3642 3620
f 3625 3622 3627
f 3626 3621 3645
f 3539 3630 3620
f 3537 3623 3542
f 3636 3638 3619
f 3635 3616 3620
f 3617 3708 3639
f 3635 3707 3616
f 3618 3644 3633
f 3632 3643 3537
f 3634 3632 3648
f 3708 3706 3633
f 3707 3635 3634
f 3580 3649 2958
f 3619 3540 3581
f 3580 3539 3620
f 3687 3690 3729
f 3651 3582 3177
f 3178 3583 3655
f 3662 3657 3661
f 3682 3659 3660
f 3662 3663 3683
f 3667 3651 3683
f 3668 3666 3681
f 3665 3683 3663
f 3663 3662 3658
f 3673 3582 3651
f 3674 3668 3655
f 3657 3585 3670
f 3656 3660 3669
f 3670 3585 3615
f 3614 3584 3669
f 3674 3583 3676
f 3652 3679 3753
f 3744 3678 3653
f 3679 3678 3744
f 3752 3749 3677
f 3693 3685 3538
f 3693 3718 3721
f 3692 3688 3720
f 3656 3584 3267
f 3693 3697 3695
f 3694 3696 3692
f 3723 3690 3715
f 3698 3700 3723
f 3690 3723 3701
f 3699 3719 3691
f 3698 3695 3700
f 3699 3694 3722
f 3616 3702 3691
f 3692 3696 3704
f 3713 3715 3690
f 3712 3686 3691
f 3687 3726 3716
f 3712 3727 3686
f 3689 3721 3710
f 3709 3720 3688
f 3711 3709 3779
f 3726 3724 3710
f 3727 3712 3711
f 3649 3728 2958
f 3690 3617 3650
f 3649 3616 3691
f 3166 3764 3101
f 3732 3107 3761
f 3730 3651 3177
f 3178 3652 3731
f 3738 3733 3737
f 3762 3735 3736
f 3105 3730 3102
f 3738 3739 3763
f 3741 3730 3763
f 3743 3742 3759
f 3741 3763 3739
f 3739 3738 3734
f 3750 3651 3730
f 3751 3743 3731
f 3733 3654 3747
f 3732 3736 3746
f 3747 3654 3745
f 3744 3653 3746
f 3751 3652 3753
f 3757 3104 3731
f 3756 3105 3136
f 3757 3143 3139
f 3135 3106 3760
f 3134 3755 3761
f 3143 3755 3134
f 3766 3688 3684
f 3685 3790 3782
f 3733 3176 3268
f 3732 3653 3267
f 3685 3770 3768
f 3767 3769 3766
f 3793 3764 3788
f 3771 3774 3793
f 3764 3793 3776
f 3775 3791 3765
f 3771 3768 3774
f 3773 3767 3772
f 3686 3777 3765
f 3766 3769 3688
f 3786 3788 3764
f 3785 3144 3765
f 3162 3782 3784
f 3783 3781 3163
f 3166 3164 3784
f 3270 2959 2957
f 3270 3268 3176
f 3764 3687 3729
f 3728 3686 3765
f 3216 3269 3243
f 3242 3794 3215
f 3268 3177 3202
f 3201 3178 3267
f 3827 3831 3830
f 3832 3833 3829
f 3801 3803 3804
f 3836 3802 3828
f 3805 3803 3799
f 3837 3839 3838
f 3825 3826 3823
f 3824 3838 3827
f 3825 3840 3826
f 3831 3826 3840
f 3838 3824 3837
f 3800 3799 3835
f 3858 3857 3873
f 3853 3854 3859
f 3860 3853 3859
f 3860 3861 3863
f 3815 3814 3812
f 3809 3808 3856
f 3811 3810 3816
f 3867 3868 3870
f 3817 3816 3814
f 3866 3865 3871
f 3872 3873 3877
f 3855 3856 3854
f 3869 3870 3874
f 3875 3874 3879
f 3878 3879 3857
f 3864 3876 3877
f 3867 3866 3871
f 3813 3812 3808
f 3862 3863 3810
f 3888 3892 3889
f 3893 3894 3891
f 3841 3899 3842
f 3897 3898 3890
f 3900 3902 3903
f 3904 3906 3905
f 3886 3887 3883
f 3899 3903 3902
f 3885 3884 3888
f 3886 3908 3887
f 3892 3887 3908
f 3908 3889 3892
f 3884 3885 3904
f 3906 3907 3882
f 3898 3897 3841
f 3900 3901 3896
f 3909 3910 3843
f 3924 3923 3944
f 3919 3920 3926
f 3927 3925 3926
f 3927 3928 3930
f 3931 3932 3880
f 3848 3847 3922
f 3933 3845 3846
f 3937 3938 3940
f 3936 3935 3942
f 3943 3944 3948
f 3919 3921 3922
f 3939 3940 3945
f 3946 3945 3950
f 3949 3950 3923
f 3934 3947 3948
f 3941 3942 3938
f 3881 3880 3847
f 3929 3930 3846
f 3963 3968 3967
f 3969 3970 3966
f 3973 3976 3977
f 3975 3974 3965
f 3978 3977 3980
f 3981 3983 3982
f 3961 3962 3958
f 3976 3980 3977
f 3964 3982 3963
f 3961 3985 3962
f 3968 3962 3985
f 3982 3964 3981
f 3974 3975 3973
f 3978 3979 3972
f 4013 3999 3998
f 3994 3995 4000
f 4001 3994 4000
f 4001 4002 4004
f 3952 3951 4006
f 3913 3914 3997
f 3911 3912 3953
f 3986 3987 4011
f 3954 3953 3951
f 4012 4007 4009
f 4013 4014 3988
f 3996 3997 3995
f 4010 4011 4015
f 4016 4015 4017
f 3999 4017 3998
f 3989 3988 4008
f 4012 4009 3987
f 4005 4006 3914
f 4003 4004 3912
f 3956 3955 3796
f 3844 3843 3806
f 3798 3795 3796
f 3807 3806 3819
f 3819 3821 3818
f 3819 3798 3820
f 4031 4050 4032
f 4033 4037 4036
f 4042 4043 4040
f 4041 4040 4035
f 4028 4042 4029
f 4023 4030 4024
f 4042 4028 4043
f 4025 4045 4031
f 4049 4030 4048
f 4050 4031 4049
f 4045 4025 4044
f 4024 4046 4047
f 4040 4041 4039
f 4028 4029 4038
f 4055 4056 4054
f 4096 4074 4073
f 4069 4070 4076
f 4075 4076 4078
f 4077 4078 4080
f 4061 4062 4072
f 4063 4064 4085
f 4086 4087 4089
f 4090 4091 4093
f 4083 4084 4085
f 4088 4089 4095
f 4096 4073 4099
f 4071 4072 4070
f 4092 4093 4097
f 4074 4100 4101
f 4098 4099 4087
f 4094 4095 4091
f 4081 4082 4062
f 4079 4080 4064
f 4112 4132 4113
f 4114 4117 4118
f 4117 4119 4118
f 4051 4052 4122
f 4121 4122 4116
f 4123 4051 4124
f 4108 4111 4109
f 4051 4123 4052
f 4127 4128 4129
f 4125 4110 4112
f 4131 4111 4130
f 4132 4112 4131
f 4109 4129 4128
f 4123 4124 4119
f 4167 4148 4147
f 4143 4144 4150
f 4149 4150 4152
f 4151 4152 4154
f 4103 4155 4156
f 4060 4059 4146
f 4057 4058 4104
f 4157 4158 4160
f 4161 4162 4164
f 4155 4104 4156
f 4159 4160 4166
f 4167 4147 4170
f 4145 4146 4144
f 4163 4164 4168
f 4148 4171 4172
f 4169 4170 4158
f 4165 4166 4162
f 4060 4103 4102
f 4153 4154 4058
f 4183 4187 4188
f 4189 4190 4188
f 4191 4193 4185
f 4197 4199 4198
f 4176 4180 4177
f 4196 4195 4192
f 4179 4178 4181
f 4184 4185 4183
f 4201 4202 4180
f 4202 4201 4203
f 4203 4182 4186
f 4178 4179 4197
f 4177 4200 4199
f 4195 4196 4190
f 4208 4209 4133
f 4240 4223 4222
f 4218 4219 4225
f 4224 4225 4227
f 4226 4227 4229
f 4175 4173 4174
f 4138 4137 4221
f 4136 4135 4230
f 4231 4232 4234
f 4235 4236 4238
f 4233 4234 4239
f 4240 4222 4243
f 4220 4221 4219
f 4237 4238 4241
f 4223 4244 4245
f 4242 4243 4232
f 4235 4233 4239
f 4175 4174 4137
f 4228 4229 4135
f 4257 4258 4255
f 4257 4259 4260
f 4259 4261 4260
f 4204 4205 4263
f 4262 4263 4254
f 4248 4252 4249
f 4206 4207 4205
f 4268 4269 4252
f 4269 4268 4270
f 4270 4253 4256
f 4265 4250 4251
f 4249 4266 4267
f 4207 4206 4261
f 4309 4289 4288
f 4284 4285 4291
f 4290 4291 4293
f 4292 4293 4295
f 4212 4213 4287
f 4247 4210 4211
f 4299 4300 4302
f 4303 4304 4306
f 4247 4246 4298
f 4301 4302 4308
f 4309 4288 4312
f 4286 4287 4285
f 4305 4306 4310
f 4289 4313 4314
f 4311 4312 4300
f 4307 4308 4304
f 4212 4296 4297
f 4294 4295 4211
f 4326 4343 4327
f 4330 4331 4329
f 4330 4332 4331
f 4335 4336 4334
f 4271 4334 4328
f 4337 4339 4338
f 4324 4325 4321
f 4272 4273 4336
f 4323 4322 4326
f 4341 4342 4325
f 4338 4322 4323
f 4340 4339 4320
f 4273 4272 4333
f 4347 4348 4274
f 4379 4362 4361
f 4357 4358 4364
f 4363 4364 4366
f 4365 4366 4368
f 4317 4316 4315
f 4279 4278 4360
f 4319 4276 4277
f 4369 4370 4372
f 4373 4374 4376
f 4316 4319 4318
f 4371 4372 4378
f 4379 4361 4382
f 4359 4360 4358
f 4383 4375 4380
f 4362 4383 4384
f 4381 4382 4370
f 4377 4378 4374
f 4317 4315 4278
f 4367 4368 4277
f 4400 4401 4399
f 4400 4402 4401
f 4344 4345 4404
f 4346 4404 4398
f 4407 4409 4410
f 4395 4396 4392
f 4406 4405 4345
f 4409 4411 4410
f 4412 4413 4396
f 4408 4393 4394
f 4411 4409 4391
f 4405 4406 4403
f 4424 4425 4430
f 4429 4430 4432
f 4431 4432 4434
f 4388 4386 4385
f 4352 4351 4427
f 4390 4349 4350
f 4435 4436 4438
f 4439 4440 4442
f 4386 4390 4389
f 4437 4438 4443
f 4447 4444 4445
f 4426 4427 4425
f 4448 4441 4446
f 4448 4446 4428
f 4439 4437 4443
f 4352 4388 4387
f 4433 4434 4350
f 4460 4461 4462
f 4464 4465 4463
f 4415 4463 4457
f 4466 4464 4467
f 4468 4470 4469
f 4451 4455 4452
f 4464 4466 4465
f 4468 4471 4470
f 4469 4453 4454
f 4452 4470 4471
f 4461 4466 4467
f 3910 3909 4416
f 4506 4511 4486
f 4482 4483 4488
f 4487 4488 4490
f 4489 4490 4492
f 4493 4494 4449
f 4484 4420 4419
f 4495 4417 4418
f 4496 4497 4499
f 4500 4501 4503
f 4493 4495 4494
f 4498 4499 4505
f 4510 4506 4507
f 4484 4485 4483
f 4502 4503 4508
f 4509 4508 4512
f 4504 4505 4501
f 4420 4450 4449
f 4491 4492 4418
f 4542 4524 4520
f 4521 4525 4526
f 4525 4527 4526
f 4531 4532 4530
f 4529 4530 4523
f 4517 4518 3957
f 4534 4533 4532
f 4535 4538 4537
f 4541 4536 4519
f 4522 4523 4521
f 4539 4540 4518
f 3957 4537 4538
f 4533 4534 4528
f 4568 4552 4551
f 4553 4548 4555
f 4554 4555 4557
f 4558 4514 4513
f 4476 4477 4550
f 4474 4475 4515
f 4560 4561 4019
f 4562 4563 4565
f 4018 4019 4567
f 4568 4551 4571
f 4547 4549 4550
f 4564 4565 4569
f 4552 4572 4573
f 4570 4571 4561
f 4566 4567 4563
f 4476 4558 4559
f 4556 4557 4475
f 4134 4133 4056
f 4275 4274 4209
f 4347 4416 4348
f 3955 3956 4022
f 4027 4021 4022
f 4053 4054 4574
f 4574 4107 4105
f 4106 4026 4105
f 3828 3824 3830
f 3795 3825 3822
f 3840 3832 3830
f 3826 3833 3835
f 3840 3825 3834
f 3831 3833 3826
f 3840 3834 3832
f 3826 3835 3799
f 3836 3829 3827
f 3802 3798 3824
f 3903 3839 3823
f 3839 3899 3841
f 3837 3842 3902
f 3807 3809 3851
f 3806 3843 3852
f 3876 3848 3851
f 3877 3873 3852
f 3853 3858 3851
f 3852 3857 3854
f 3797 3827 3838
f 3870 3850 3874
f 3879 3859 3857
f 3860 3862 3849
f 3850 3863 3861
f 3878 3853 3875
f 3874 3859 3879
f 3853 3860 3875
f 3874 3861 3859
f 3872 3851 3858
f 3857 3852 3873
f 3849 3862 3811
f 3809 3855 3851
f 3849 3845 3867
f 3850 3870 3868
f 3866 3867 3845
f 3846 3868 3871
f 3864 3881 3848
f 3847 3880 3865
f 3866 3931 3881
f 3880 3932 3865
f 3844 3851 3848
f 3847 3852 3843
f 3849 3818 3821
f 3795 3886 3882
f 3908 3893 3889
f 3887 3894 3896
f 3908 3886 3895
f 3892 3894 3887
f 3908 3895 3893
f 3887 3896 3901
f 3886 3822 3900
f 3897 3891 3888
f 3898 3824 3889
f 3903 3823 3901
f 3980 3906 3883
f 3884 3905 3973
f 3906 3976 3973
f 3974 3977 3904
f 3844 3848 3917
f 3843 3910 3918
f 3947 3913 3917
f 3948 3944 3918
f 3797 3838 3888
f 3919 3924 3917
f 3918 3923 3920
f 3797 3888 3884
f 3885 3889 3798
f 3940 3915 3945
f 3950 3926 3923
f 3927 3929 3916
f 3915 3930 3928
f 3949 3925 3946
f 3945 3926 3950
f 3925 3927 3946
f 3945 3928 3926
f 3943 3917 3924
f 3923 3918 3944
f 3916 3929 3845
f 3848 3921 3917
f 3916 3911 3937
f 3915 3940 3938
f 3941 3937 3911
f 3912 3938 3942
f 3934 4005 3913
f 3914 4006 3935
f 3936 3952 4005
f 4006 3951 3935
f 3936 3941 3954
f 3935 3951 3953
f 3909 3917 3913
f 3914 3918 3910
f 3916 3849 3821
f 3819 3850 3915
f 3982 3959 3963
f 3796 3955 3962
f 3961 3956 3795
f 3965 3964 3967
f 3956 3961 3957
f 3985 3969 3967
f 3962 3970 3972
f 3985 3961 3971
f 3968 3970 3962
f 3985 3971 3969
f 3962 3972 3979
f 3961 3882 3978
f 3975 3966 3963
f 3974 3885 3964
f 3980 3883 3979
f 3964 3960 3981
f 3909 3913 3992
f 3988 4014 3993
f 3797 3884 3963
f 3798 3960 3964
f 3994 3999 3992
f 3993 3998 3995
f 4011 3990 4015
f 4017 4000 3998
f 4001 4003 3991
f 3990 4004 4002
f 3999 3994 4016
f 4015 4000 4017
f 3994 4001 4016
f 4015 4002 4000
f 4013 3992 3999
f 3998 3993 4014
f 3991 4003 3911
f 3913 3996 3992
f 3990 4011 3987
f 4008 4018 4009
f 3909 3992 3989
f 3988 3993 3910
f 4020 3916 3821
f 3819 3915 3990
f 3916 4020 3991
f 3813 3809 3807
f 3806 3808 3812
f 3818 3815 3813
f 3803 3801 3797
f 3798 3802 3804
f 3818 3817 3815
f 3798 3804 3805
f 3818 3811 3817
f 3796 3799 3803
f 3795 3798 3805
f 4021 4028 4023
f 4030 4029 4022
f 4050 4033 4035
f 4024 4030 4022
f 4031 4036 4049
f 4031 4034 4036
f 4028 4037 4023
f 4032 4035 4040
f 4031 4026 4041
f 4041 4026 4039
f 4023 4047 4123
f 4122 4044 4025
f 4121 4045 4046
f 4123 4047 4044
f 4068 4062 4054
f 4067 4055 4053
f 4068 4059 4099
f 4067 4096 4098
f 4070 4072 4068
f 4067 4071 4069
f 4100 4066 4092
f 4074 4075 4100
f 4078 4097 4065
f 4066 4100 4077
f 4076 4070 4073
f 4074 4069 4075
f 4064 4080 4065
f 4068 4072 4062
f 4091 4058 4065
f 4090 4092 4066
f 4095 4104 4058
f 4057 4155 4094
f 4087 4099 4059
f 4060 4098 4086
f 4089 4087 4102
f 4103 4086 4088
f 4104 4095 4089
f 4574 4065 4107
f 4574 4064 4065
f 4066 4063 4105
f 4021 4023 4108
f 4111 4024 4022
f 4132 4114 4116
f 4109 4111 4022
f 4112 4118 4131
f 4120 4117 4130
f 4117 4114 4132
f 4112 4115 4118
f 4123 4120 4108
f 4124 4024 4111
f 4113 4116 4122
f 4112 4045 4121
f 4108 4128 4195
f 4127 4125 4192
f 4195 4128 4127
f 4196 4194 4126
f 4142 4059 4056
f 4141 4134 4055
f 4142 4137 4170
f 4141 4167 4169
f 4113 4025 4027
f 4144 4146 4142
f 4141 4145 4143
f 4171 4140 4163
f 4148 4149 4171
f 4152 4168 4139
f 4140 4171 4151
f 4150 4144 4147
f 4148 4143 4149
f 4058 4154 4139
f 4142 4146 4059
f 4162 4135 4139
f 4161 4163 4140
f 4166 4230 4135
f 4136 4173 4165
f 4158 4170 4137
f 4138 4169 4157
f 4160 4158 4174
f 4175 4157 4159
f 4230 4166 4160
f 4065 4139 4107
f 4065 4058 4139
f 4140 4057 4066
f 4021 4108 4176
f 4180 4109 4022
f 4182 4183 4185
f 4186 4181 4184
f 4177 4180 4022
f 4186 4188 4202
f 4190 4180 4202
f 4187 4183 4182
f 4186 4184 4188
f 4195 4189 4176
f 4196 4109 4180
f 4182 4185 4193
f 4181 4110 4191
f 4192 4125 4193
f 4176 4199 4207
f 4263 4197 4179
f 4199 4197 4263
f 4206 4204 4198
f 4137 4133 4209
f 4208 4134 4138
f 4217 4213 4243
f 4216 4240 4242
f 4182 4125 4027
f 4219 4221 4217
f 4216 4220 4218
f 4244 4214 4237
f 4223 4224 4244
f 4227 4241 4215
f 4214 4244 4226
f 4225 4219 4222
f 4223 4218 4224
f 4135 4229 4215
f 4217 4221 4137
f 4236 4211 4215
f 4235 4237 4214
f 4239 4246 4211
f 4210 4247 4233
f 4232 4243 4213
f 4212 4242 4231
f 4234 4232 4297
f 4296 4231 4233
f 4246 4239 4234
f 4247 4296 4233
f 4139 4215 4107
f 4139 4135 4215
f 4214 4136 4140
f 4021 4176 4248
f 4252 4177 4022
f 4256 4250 4255
f 4249 4252 4022
f 4256 4258 4269
f 4261 4252 4269
f 4257 4254 4253
f 4256 4255 4258
f 4207 4259 4248
f 4206 4177 4252
f 4253 4254 4263
f 4250 4178 4262
f 4248 4267 4273
f 4334 4264 4251
f 4271 4265 4266
f 4273 4267 4264
f 4272 4335 4266
f 4283 4213 4209
f 4282 4275 4208
f 4283 4278 4312
f 4282 4309 4311
f 4253 4179 4027
f 4285 4287 4283
f 4282 4286 4284
f 4313 4281 4305
f 4289 4290 4313
f 4293 4310 4280
f 4281 4313 4292
f 4291 4285 4288
f 4289 4284 4290
f 4211 4295 4280
f 4283 4287 4213
f 4304 4277 4280
f 4303 4305 4281
f 4308 4318 4277
f 4276 4319 4307
f 4300 4312 4278
f 4279 4311 4299
f 4302 4300 4315
f 4317 4299 4301
f 4318 4308 4302
f 4319 4316 4301
f 4215 4280 4107
f 4215 4211 4280
f 4281 4210 4214
f 4021 4248 4324
f 4325 4249 4022
f 4343 4326 4329
f 4321 4325 4022
f 4333 4325 4342
f 4330 4328 4327
f 4343 4329 4331
f 4273 4332 4324
f 4272 4249 4325
f 4327 4328 4334
f 4326 4250 4271
f 4320 4339 4405
f 4404 4337 4323
f 4339 4337 4404
f 4406 4344 4338
f 4356 4278 4274
f 4355 4347 4275
f 4356 4351 4382
f 4355 4379 4381
f 4327 4251 4027
f 4358 4360 4356
f 4355 4359 4357
f 4362 4363 4383
f 4366 4380 4353
f 4354 4375 4365
f 4364 4358 4361
f 4362 4357 4363
f 4277 4368 4353
f 4356 4360 4278
f 4374 4350 4353
f 4373 4375 4354
f 4378 4389 4350
f 4349 4390 4377
f 4370 4382 4351
f 4352 4381 4369
f 4372 4370 4387
f 4388 4369 4371
f 4389 4378 4372
f 4390 4386 4371
f 4280 4277 4353
f 4354 4276 4281
f 4021 4320 4395
f 4396 4321 4022
f 4414 4393 4399
f 4392 4396 4022
f 4403 4396 4413
f 4400 4398 4397
f 4414 4399 4401
f 4405 4402 4395
f 4406 4321 4396
f 4397 4398 4404
f 4393 4322 4346
f 4391 4409 4466
f 4463 4407 4394
f 4409 4407 4463
f 4415 4408 4410
f 4423 4351 4348
f 4423 4419 4436
f 4347 4444 4447
f 4397 4323 4027
f 4425 4427 4423
f 4347 4426 4424
f 4444 4429 4448
f 4432 4446 4421
f 4422 4441 4431
f 4430 4425 4428
f 4444 4424 4429
f 4350 4434 4421
f 4423 4427 4351
f 4440 4418 4421
f 4439 4441 4422
f 4443 4494 4418
f 4417 4495 4437
f 4420 4447 4435
f 4438 4436 4449
f 4450 4435 4437
f 4494 4443 4438
f 4495 4493 4437
f 4353 4350 4421
f 4422 4349 4354
f 4021 4391 4451
f 4455 4392 4022
f 4473 4453 4459
f 4452 4455 4022
f 4460 4457 4456
f 4466 4461 4451
f 4467 4392 4455
f 4456 4457 4463
f 4453 4393 4415
f 4451 4471 4533
f 4530 4468 4454
f 4529 4469 4470
f 4533 4471 4468
f 4534 4531 4470
f 4481 4419 4416
f 4480 3910 4347
f 4481 4477 4497
f 4480 4506 4510
f 4456 4394 4027
f 4483 4485 4481
f 4480 4484 4482
f 4509 4479 4502
f 4490 4508 4478
f 4479 4509 4489
f 4488 4483 4486
f 4511 4482 4487
f 4418 4492 4478
f 4481 4485 4419
f 4501 4475 4478
f 4500 4502 4479
f 4505 4515 4475
f 4474 4514 4504
f 4476 4510 4496
f 4499 4497 4559
f 4558 4496 4498
f 4515 4505 4499
f 4421 4516 4107
f 4421 4418 4478
f 4479 4417 4422
f 3987 4544 3990
f 4520 3959 4541
f 4021 4451 4517
f 4518 4452 4022
f 4524 4521 4523
f 4542 4519 4522
f 3957 4518 3956
f 4528 4518 4540
f 4525 4521 4524
f 4542 4522 4526
f 4533 4527 4517
f 4534 4452 4518
f 4520 4523 4530
f 4519 4453 4529
f 4538 3958 4517
f 3982 4535 4541
f 3981 3960 4536
f 3981 4536 4537
f 3983 4538 4535
f 3984 3981 4537
f 4546 4477 3909
f 4546 3989 4571
f 4545 4568 4570
f 4520 4454 4027
f 4519 3960 4026
f 4548 4550 4546
f 4545 4549 4547
f 4572 4544 4564
f 4552 4553 4572
f 4555 4569 4543
f 4544 4572 4554
f 4552 4547 4553
f 4475 4557 4543
f 4546 4550 4477
f 4563 3986 4543
f 4562 4564 4544
f 4567 4012 3986
f 3987 4009 4566
f 4561 4571 3989
f 3988 4570 4560
f 4019 4561 4007
f 4008 4560 4018
f 4012 4567 4019
f 4516 4020 3821
f 4105 3819 3990
f 4107 3821 3820
f 4026 3798 3819
f 3820 3959 4027
f 4026 3960 3798
f 4516 4475 4543
f 4544 4474 4479
f 4082 4574 4054
f 4053 4105 4081
f 4040 4021 4027
f 4026 4022 4039
f 4586 4591 4587
f 4593 4594 4589
f 4590 4595 4581
f 4598 4597 4583
f 4599 4601 4600
f 4584 4585 4578
f 4579 4600 4586
f 4603 4585 4602
f 4591 4586 4603
f 4600 4579 4599
f 4582 4583 4594
f 4608 4609 4607
f 4646 4626 4625
f 4621 4622 4627
f 4628 4621 4627
f 4628 4629 4631
f 4634 4635 4633
f 4614 4615 4624
f 4616 4617 4637
f 4643 4641 4642
f 4636 4637 4635
f 4644 4638 4640
f 4646 4647 4651
f 4623 4624 4622
f 4649 4648 4652
f 4626 4652 4625
f 4650 4651 4639
f 4641 4644 4645
f 4632 4633 4615
f 4630 4631 4617
f 4671 4670 4667
f 4672 4673 4669
f 4674 4675 4673
f 4604 4605 4677
f 4676 4677 4668
f 4680 4682 4681
f 4664 4665 4661
f 4679 4678 4605
f 4663 4662 4666
f 4662 4663 4680
f 4682 4683 4660
f 4678 4679 4675
f 4699 4698 4715
f 4694 4695 4700
f 4701 4694 4700
f 4703 4701 4702
f 4613 4612 4697
f 4610 4611 4655
f 4709 4710 4712
f 4705 4656 4655
f 4708 4707 4714
f 4718 4699 4715
f 4696 4697 4695
f 4711 4712 4716
f 4717 4716 4721
f 4720 4721 4698
f 4706 4718 4719
f 4713 4714 4710
f 4654 4653 4612
f 4610 4703 4704
f 4740 4739 4735
f 4742 4743 4737
f 4747 4748 4745
f 4738 4744 4746
f 4751 4753 4752
f 4732 4733 4729
f 4750 4749 4748
f 4731 4730 4734
f 4755 4754 4733
f 4730 4731 4751
f 4749 4750 4743
f 4789 4771 4770
f 4766 4767 4773
f 4772 4773 4775
f 4774 4775 4777
f 4722 4723 4724
f 4768 4690 4689
f 4688 4687 4779
f 4780 4781 4783
f 4784 4785 4787
f 4778 4779 4723
f 4788 4782 4783
f 4793 4789 4790
f 4768 4769 4767
f 4786 4787 4791
f 4792 4791 4794
f 4771 4794 4770
f 4780 4793 4781
f 4690 4722 4724
f 4776 4777 4687
f 4807 4806 4803
f 4808 4809 4805
f 4810 4811 4809
f 4756 4757 4813
f 4812 4813 4804
f 4816 4818 4817
f 4800 4801 4798
f 4815 4814 4757
f 4799 4817 4802
f 4819 4820 4801
f 4806 4807 4820
f 4817 4799 4816
f 4814 4815 4811
f 4837 4836 4856
f 4832 4833 4839
f 4838 4839 4841
f 4840 4841 4843
f 4846 4847 4845
f 4834 4761 4762
f 4759 4760 4795
f 4853 4851 4852
f 4796 4795 4847
f 4850 4849 4854
f 4855 4856 4860
f 4834 4835 4833
f 4858 4857 4862
f 4861 4862 4836
f 4848 4859 4860
f 4851 4854 4852
f 4844 4845 4762
f 4842 4843 4760
f 4876 4880 4879
f 4881 4882 4878
f 4883 4884 4882
f 4886 4887 4821
f 4885 4821 4877
f 4890 4892 4891
f 4874 4875 4872
f 4889 4888 4887
f 4873 4891 4876
f 4894 4893 4875
f 4891 4873 4890
f 4888 4889 4884
f 4898 4899 4822
f 4913 4912 4929
f 4908 4909 4915
f 4914 4915 4917
f 4916 4917 4919
f 4827 4826 4911
f 4867 4824 4825
f 4920 4921 4922
f 4923 4924 4926
f 4864 4867 4866
f 4927 4920 4922
f 4932 4928 4929
f 4910 4911 4909
f 4925 4926 4930
f 4913 4931 4912
f 4865 4863 4826
f 4918 4919 4825
f 4950 4949 4946
f 4951 4952 4948
f 4951 4953 4952
f 4895 4896 4897
f 4955 4897 4947
f 4956 4895 4957
f 4958 4960 4959
f 4943 4944 4941
f 4895 4956 4896
f 4942 4959 4945
f 4962 4961 4944
f 4959 4942 4958
f 4954 4956 4957
f 4979 4978 4997
f 4974 4975 4981
f 4980 4981 4983
f 4982 4983 4985
f 4934 4933 4935
f 4903 4902 4977
f 4900 4901 4937
f 4986 4987 4989
f 4990 4991 4993
f 4938 4937 4933
f 4988 4989 4995
f 4996 4997 5001
f 4976 4977 4975
f 4992 4993 4998
f 4999 4998 5003
f 5002 5003 4978
f 5000 5001 4987
f 4994 4995 4991
f 4936 4935 4902
f 4984 4985 4901
f 5016 5015 5012
f 5017 5018 5014
f 5019 5020 5018
f 5022 5023 4963
f 5021 4963 5013
f 5026 5028 5027
f 5009 5010 5007
f 5025 5024 5023
f 5008 5027 5011
f 5030 5029 5010
f 5027 5008 5026
f 5024 5025 5020
f 5031 5032 4964
f 5046 5045 5067
f 5041 5042 5048
f 5047 5048 5050
f 5049 5050 5052
f 5053 5054 5004
f 5043 4969 4968
f 5055 4966 4967
f 5056 5057 5059
f 5060 5061 5063
f 5058 5059 5065
f 5066 5067 5071
f 5043 5044 5042
f 5062 5063 5068
f 5069 5068 5073
f 5072 5073 5045
f 5070 5071 5057
f 5064 5065 5061
f 5005 5004 4968
f 5051 5052 4967
f 5088 5089 5086
f 5088 5090 5089
f 5094 5095 5093
f 5092 5093 5085
f 5096 5094 5097
f 5098 5100 5099
f 5081 5082 5079
f 5094 5096 5095
f 5080 5099 5083
f 5099 5080 5098
f 5091 5096 5097
f 5116 5115 5135
f 5117 5111 5112
f 5119 5118 5121
f 5075 5074 5123
f 5035 5036 5114
f 5033 5034 5076
f 5124 5125 5127
f 5128 5129 5131
f 5077 5076 5074
f 5126 5127 5133
f 5134 5135 5139
f 5113 5114 5112
f 5130 5131 5136
f 5137 5136 5141
f 5140 5141 5115
f 5138 5139 5125
f 5132 5133 5129
f 5122 5123 5036
f 5033 5120 5121
f 4686 4685 4609
f 4575 4727 4726
f 4823 4822 4758
f 4965 4964 4899
f 5151 5187 5188
f 5187 5190 5188
f 5173 5172 5185
f 5162 5163 5165
f 5164 5165 5160
f 5102 5103 5104
f 5166 5104 5163
f 5167 5168 5103
f 5161 5160 5168
f 5159 5149 5171
f 5193 5192 5172
f 5155 5156 5154
f 5169 5170 5158
f 5179 5180 5182
f 5181 5182 5184
f 5183 5184 5176
f 5145 5143 5142
f 5108 5107 5178
f 5105 5106 5146
f 5143 5146 5142
f 5177 5178 5180
f 5145 5144 5107
f 5105 5175 5176
f 5157 5158 5156
f 5159 5150 5149
f 5760 5174 5032
f 5186 5185 5194
f 5191 5171 5192
f 5169 5151 5152
f 5153 5154 5190
f 5197 5199 5200
f 5216 5215 5238
f 5211 5212 5217
f 5218 5211 5217
f 5218 5219 5221
f 5224 5225 5223
f 5205 5206 5214
f 5207 5208 5227
f 5228 5229 5231
f 5232 5233 5235
f 5226 5227 5225
f 5230 5231 5237
f 5241 5216 5238
f 5213 5214 5212
f 5234 5235 5239
f 5240 5239 5243
f 5242 5243 5215
f 5236 5237 5233
f 5222 5223 5206
f 5220 5221 5208
f 5257 5258 5261
f 5262 5261 5263
f 5195 5196 5265
f 5264 5265 5258
f 5250 5249 5253
f 5195 5267 5196
f 5270 5269 5271
f 5255 5256 5252
f 5254 5253 5272
f 5259 5272 5256
f 5251 5252 5269
f 5270 5271 5249
f 5266 5262 5263
f 5286 5285 5304
f 5281 5282 5287
f 5288 5281 5287
f 5288 5289 5291
f 5245 5292 5244
f 5204 5203 5284
f 5201 5202 5246
f 5293 5294 5296
f 5297 5298 5300
f 5247 5246 5292
f 5295 5296 5302
f 5303 5304 5308
f 5283 5284 5282
f 5299 5300 5305
f 5306 5305 5310
f 5309 5310 5285
f 5307 5308 5294
f 5301 5302 5298
f 5204 5245 5244
f 5290 5291 5202
f 5328 5327 5323
f 5324 5325 5329
f 5324 5329 5331
f 5326 5332 5334
f 5336 5337 5333
f 5340 5339 5341
f 5322 5323 5320
f 5321 5317 5343
f 5328 5343 5327
f 5319 5320 5339
f 5318 5340 5341
f 5332 5333 5334
f 5330 5331 5337
f 5345 5346 5273
f 5358 5357 5377
f 5353 5354 5360
f 5359 5360 5362
f 5361 5362 5364
f 5311 5312 5313
f 5278 5277 5356
f 5276 5275 5366
f 5367 5368 5370
f 5371 5372 5373
f 5365 5366 5312
f 5369 5370 5375
f 5376 5377 5381
f 5355 5356 5354
f 5379 5373 5378
f 5382 5379 5378
f 5380 5381 5368
f 5374 5375 5372
f 5314 5313 5277
f 5276 5363 5364
f 5396 5395 5391
f 5392 5393 5397
f 5398 5392 5397
f 5400 5398 5399
f 5403 5402 5393
f 5404 5405 5344
f 5408 5407 5409
f 5390 5391 5388
f 5389 5386 5411
f 5396 5411 5395
f 5406 5388 5407
f 5387 5408 5409
f 5403 5401 5402
f 5400 5399 5405
f 5427 5426 5447
f 5422 5423 5429
f 5428 5429 5431
f 5430 5431 5433
f 5434 5437 5435
f 5424 5349 5436
f 5347 5348 5383
f 5443 5441 5442
f 5384 5383 5437
f 5440 5439 5445
f 5446 5447 5450
f 5424 5425 5423
f 5448 5443 5444
f 5451 5452 5426
f 5438 5449 5450
f 5441 5445 5442
f 5349 5434 5435
f 5432 5433 5348
f 5471 5470 5466
f 5472 5467 5468
f 5474 5473 5475
f 5476 5477 5469
f 5478 5479 5480
f 5483 5482 5484
f 5465 5466 5463
f 5467 5469 5468
f 5464 5461 5486
f 5471 5486 5470
f 5481 5463 5482
f 5462 5483 5484
f 5476 5412 5477
f 5479 5474 5475
f 5490 5491 5413
f 5517 5504 5503
f 5505 5499 5500
f 5507 5506 5509
f 5454 5453 5455
f 5418 5417 5502
f 5415 5416 5457
f 5515 5513 5514
f 5458 5457 5453
f 5512 5511 5516
f 5521 5517 5518
f 5499 5501 5502
f 5520 5519 5523
f 5504 5520 5523
f 5510 5521 5522
f 5513 5516 5514
f 5456 5455 5417
f 5508 5509 5416
f 5539 5538 5535
f 5536 5537 5541
f 5540 5541 5543
f 5487 5488 5489
f 5544 5489 5537
f 5547 5548 5549
f 5531 5530 5533
f 5545 5546 5488
f 5550 5547 5549
f 5534 5535 5548
f 5551 5531 5533
f 5539 5552 5538
f 5542 5543 5546
f 5568 5567 5583
f 5563 5564 5569
f 5570 5563 5569
f 5570 5571 5573
f 5525 5524 5526
f 5495 5494 5566
f 5492 5493 5528
f 5574 5575 5576
f 5579 5577 5578
f 5529 5528 5524
f 5580 5574 5576
f 5582 5583 5587
f 5565 5566 5564
f 5585 5584 5589
f 5588 5589 5567
f 5586 5587 5575
f 5580 5581 5578
f 5527 5526 5494
f 5492 5572 5573
f 5599 5600 5603
f 5604 5599 5603
f 5607 5608 5600
f 5613 5614 5615
f 5594 5593 5596
f 5609 5610 5612
f 5616 5613 5615
f 5597 5598 5614
f 5617 5594 5596
f 5602 5618 5598
f 5607 5553 5608
f 5606 5605 5611
f 5555 5619 5554
f 5631 5630 5652
f 5626 5627 5633
f 5632 5633 5635
f 5634 5635 5637
f 5638 5639 5590
f 5628 5559 5558
f 5556 5557 5641
f 5642 5643 5645
f 5646 5647 5649
f 5640 5641 5639
f 5644 5645 5650
f 5651 5652 5656
f 5628 5629 5627
f 5648 5649 5653
f 5654 5653 5658
f 5657 5658 5630
f 5655 5656 5643
f 5646 5644 5650
f 5591 5590 5558
f 5636 5637 5557
f 5673 5672 5668
f 5674 5669 5670
f 5674 5670 5676
f 5677 5679 5671
f 5681 5682 5683
f 5663 5662 5665
f 5680 5681 5683
f 5686 5685 5662
f 5667 5668 5664
f 5666 5665 5687
f 5673 5687 5672
f 5684 5664 5685
f 5677 5678 5679
f 5675 5676 5682
f 5691 5692 5619
f 5722 5706 5705
f 5707 5701 5702
f 5709 5708 5711
f 5712 5660 5659
f 5703 5622 5623
f 5620 5621 5661
f 5714 5715 5717
f 5718 5719 5721
f 5660 5661 5659
f 5726 5722 5723
f 5703 5704 5702
f 5720 5721 5724
f 5725 5724 5727
f 5706 5727 5705
f 5714 5726 5715
f 5718 5716 5719
f 5622 5712 5713
f 5710 5711 5621
f 5274 5273 5200
f 5315 5762 5148
f 5414 5413 5346
f 5555 5554 5491
f 5739 5736 5737
f 5741 5740 5742
f 5688 5689 5690
f 5743 5690 5738
f 5744 5745 5689
f 5741 5742 5745
f 5752 5753 5757
f 5758 5756 5757
f 5758 5759 5750
f 5729 5728 5730
f 5696 5695 5755
f 5693 5694 5732
f 5733 5732 5728
f 5752 5754 5755
f 5731 5730 5695
f 5693 5751 5750
f 5749 5248 5748
f 5747 5746 5748
f 5197 5198 5746
f 5749 5748 5148
f 4725 4870 5761
f 4725 5147 4869
f 5174 5760 4869
f 4725 5761 4726
f 4575 4576 4580
f 4606 4607 4658
f 4657 4659 5763
f 5385 5735 5734
f 5385 5460 5459
f 5692 5691 5734
f 5385 5459 5315
f 4590 4589 4586
f 4588 4587 4591
f 4575 4584 4577
f 4602 4584 4593
f 4603 4589 4585
f 4602 4592 4591
f 4589 4594 4585
f 4602 4593 4592
f 4585 4594 4583
f 4595 4590 4586
f 4679 4601 4578
f 4601 4604 4676
f 4677 4605 4599
f 4599 4605 4678
f 4606 4614 4620
f 4650 4613 4620
f 4651 4647 4609
f 4621 4626 4620
f 4609 4625 4622
f 4580 4586 4600
f 4579 4587 4657
f 4652 4627 4625
f 4628 4630 4619
f 4618 4631 4629
f 4626 4621 4649
f 4648 4627 4652
f 4621 4628 4649
f 4648 4629 4627
f 4646 4620 4626
f 4625 4609 4647
f 4619 4630 4616
f 4614 4623 4620
f 4619 4610 4641
f 4618 4648 4642
f 4644 4641 4610
f 4611 4642 4645
f 4638 4654 4613
f 4612 4653 4639
f 4638 4705 4654
f 4638 4644 4656
f 4640 4653 4655
f 4608 4620 4613
f 4668 4667 4670
f 4575 4664 4660
f 4684 4672 4670
f 4684 4664 4674
f 4671 4673 4665
f 4673 4675 4665
f 4684 4674 4672
f 4665 4675 4679
f 4664 4577 4678
f 4676 4669 4666
f 4677 4579 4667
f 4750 4682 4661
f 4662 4681 4744
f 4682 4747 4744
f 4745 4748 4680
f 4680 4748 4749
f 4608 4613 4693
f 4718 4690 4693
f 4719 4715 4685
f 4580 4600 4666
f 4657 4725 4667
f 4694 4699 4693
f 4685 4698 4695
f 4580 4666 4662
f 4663 4667 4725
f 4712 4691 4716
f 4721 4700 4698
f 4701 4703 4692
f 4691 4704 4702
f 4720 4694 4717
f 4716 4700 4721
f 4694 4701 4717
f 4716 4702 4700
f 4698 4685 4715
f 4692 4703 4610
f 4613 4696 4693
f 4692 4688 4709
f 4691 4712 4710
f 4713 4709 4688
f 4687 4710 4714
f 4706 4722 4690
f 4689 4724 4707
f 4724 4723 4707
f 4708 4713 4778
f 4707 4723 4779
f 4686 4693 4690
f 4692 4619 5763
f 4658 4618 4691
f 4576 4726 4733
f 4732 4727 4575
f 4738 4737 4740
f 4736 4735 4739
f 4727 4732 4728
f 4755 4741 4739
f 4755 4732 4742
f 4740 4737 4754
f 4737 4743 4754
f 4755 4742 4741
f 4733 4743 4750
f 4732 4660 4749
f 4744 4738 4734
f 4746 4663 4735
f 4815 4753 4729
f 4730 4752 4812
f 4753 4756 4812
f 4813 4757 4751
f 4751 4757 4814
f 4758 4765 4689
f 4793 4761 4686
f 4781 4790 4765
f 4580 4662 4734
f 4766 4771 4686
f 4765 4770 4767
f 4580 4734 4730
f 4731 4735 4725
f 4787 4764 4791
f 4794 4773 4770
f 4774 4776 4763
f 4764 4777 4775
f 4771 4772 4792
f 4791 4773 4794
f 4772 4774 4792
f 4791 4775 4773
f 4789 4686 4771
f 4770 4765 4790
f 4763 4776 4688
f 4690 4768 4686
f 4763 4759 4784
f 4764 4787 4785
f 4788 4784 4759
f 4780 4844 4761
f 4762 4845 4781
f 4782 4846 4844
f 4845 4847 4783
f 4782 4788 4796
f 4783 4847 4795
f 4762 4765 4758
f 4763 4692 5763
f 4658 4691 4764
f 4804 4803 4806
f 4727 4800 4797
f 4819 4800 4810
f 4819 4808 4806
f 4809 4811 4820
f 4819 4810 4808
f 4801 4811 4815
f 4800 4728 4814
f 4812 4805 4802
f 4813 4731 4803
f 4889 4818 4798
f 4818 4886 4885
f 4821 4887 4816
f 4816 4887 4888
f 4686 4761 4830
f 4758 4822 4831
f 4859 4827 4830
f 4860 4856 4831
f 4580 4730 4802
f 4832 4837 4830
f 4831 4836 4833
f 5761 4802 4817
f 4799 4803 4725
f 4862 4839 4836
f 4840 4842 4829
f 4828 4843 4841
f 4861 4838 4858
f 4857 4839 4862
f 4838 4840 4858
f 4857 4841 4839
f 4855 4830 4837
f 4836 4831 4856
f 4829 4842 4759
f 4761 4834 4830
f 4829 4824 4851
f 4828 4857 4852
f 4825 4852 4854
f 4848 4865 4827
f 4826 4863 4849
f 4850 4864 4865
f 4850 4851 4867
f 4849 4863 4866
f 4823 4830 4827
f 4826 4831 4822
f 4868 4763 5763
f 4658 4764 4828
f 4869 5763 4659
f 4870 4659 4580
f 4763 4868 4829
f 4877 4873 4879
f 4727 4874 4871
f 4894 4881 4879
f 4894 4874 4883
f 4880 4882 4893
f 4882 4884 4893
f 4894 4883 4881
f 4875 4884 4889
f 4874 4797 4888
f 4885 4878 4876
f 4821 4799 4873
f 4895 4892 4872
f 4892 4895 4955
f 4897 4896 4890
f 4890 4896 4956
f 4823 4827 4906
f 4822 4899 4907
f 4932 4903 4906
f 4921 4929 4907
f 5761 4817 4876
f 4908 4913 4906
f 4907 4912 4909
f 5761 4876 4891
f 4926 4904 4930
f 4916 4918 4905
f 4904 4919 4917
f 4930 4915 4912
f 4914 4916 4931
f 4930 4917 4915
f 4928 4906 4913
f 4912 4907 4929
f 4905 4918 4824
f 4827 4910 4906
f 4905 4900 4923
f 4904 4926 4924
f 4927 4923 4900
f 4920 4936 4903
f 4902 4935 4921
f 4920 4934 4936
f 4935 4933 4922
f 4920 4927 4938
f 4922 4933 4937
f 4898 4906 4903
f 4902 4907 4899
f 4869 4939 4868
f 4658 4828 4904
f 4868 4939 4905
f 4947 4946 4949
f 4727 4943 4940
f 4962 4951 4949
f 4962 4943 4954
f 4950 4952 4961
f 4952 4953 4961
f 4944 4953 4957
f 4943 4871 4956
f 4955 4948 4945
f 4897 4873 4946
f 4895 4872 4957
f 5025 4960 4941
f 4960 5022 5021
f 4963 5023 4958
f 4958 5023 5024
f 4898 4903 4972
f 4899 4964 4973
f 5000 4969 4972
f 5001 4997 4973
f 5761 4891 4945
f 4974 4979 4972
f 4973 4978 4975
f 5761 4945 4959
f 4942 4946 4725
f 4993 4970 4998
f 5003 4981 4978
f 4982 4984 4971
f 4970 4985 4983
f 5002 4980 4999
f 4998 4981 5003
f 4980 4982 4999
f 4998 4983 4981
f 4996 4972 4979
f 4978 4973 4997
f 4971 4984 4900
f 4903 4976 4972
f 4971 4966 4990
f 4970 4993 4991
f 4994 4990 4966
f 4967 4991 4995
f 4986 5005 4969
f 4968 5004 4987
f 4988 5053 5005
f 5004 5054 4989
f 4988 4994 5055
f 4965 4972 4969
f 4968 4973 4964
f 4971 4939 4869
f 4658 4904 4970
f 4657 4658 5147
f 5013 5012 5015
f 4727 5009 5006
f 5030 5017 5015
f 5030 5009 5019
f 5016 5018 5029
f 5018 5020 5029
f 5030 5019 5017
f 5010 5020 5025
f 5009 4940 5024
f 5021 5014 5011
f 4963 4942 5012
f 5094 5028 5007
f 5028 5094 5092
f 5093 5095 5026
f 5026 5095 5096
f 4965 4969 5039
f 4964 5032 5040
f 5070 5035 5039
f 5071 5067 5040
f 5761 4959 5011
f 5041 5046 5039
f 5040 5045 5042
f 5761 5011 5027
f 5008 5012 4725
f 5063 5037 5068
f 5073 5048 5045
f 5049 5051 5038
f 5037 5052 5050
f 5072 5047 5069
f 5068 5048 5073
f 5047 5049 5069
f 5068 5050 5048
f 5066 5039 5046
f 5045 5040 5067
f 5038 5051 4966
f 4969 5043 5039
f 5038 5033 5060
f 5037 5063 5061
f 5064 5060 5033
f 5034 5061 5065
f 5056 5122 5035
f 5036 5123 5057
f 5058 5075 5122
f 5123 5074 5059
f 5058 5064 5077
f 5059 5074 5076
f 5031 5039 5035
f 5036 5040 5032
f 5038 4971 4869
f 5147 4970 5037
f 5147 5109 5106
f 4727 5081 5078
f 5101 5088 5084
f 5101 5081 5091
f 5087 5089 5082
f 5089 5090 5082
f 5082 5090 5097
f 5081 5006 5096
f 5092 5086 5083
f 5093 5008 5084
f 5094 5007 5097
f 5167 5100 5079
f 5100 5102 5166
f 5104 5103 5098
f 5098 5103 5168
f 5138 5108 5031
f 5139 5135 5032
f 5761 5027 5083
f 5111 5116 5031
f 5032 5115 5112
f 5761 5083 5099
f 5080 5084 4725
f 5131 5109 5136
f 5141 5118 5115
f 5119 5120 5110
f 5109 5121 5118
f 5140 5117 5137
f 5136 5118 5141
f 5117 5119 5137
f 5134 5031 5116
f 5115 5032 5135
f 5110 5120 5033
f 5035 5113 5031
f 5110 5105 5128
f 5109 5131 5129
f 5132 5128 5105
f 5106 5129 5133
f 5124 5145 5108
f 5107 5144 5125
f 5126 5143 5145
f 5144 5142 5127
f 5126 5132 5143
f 5127 5142 5146
f 5038 4869 5110
f 5109 5147 5037
f 5160 5078 5168
f 5104 5080 5163
f 5031 5108 5177
f 5032 5174 5178
f 5761 5099 5162
f 5226 5224 5747
f 5746 5225 5227
f 5761 5164 5161
f 5148 5185 5172
f 5194 5156 5149
f 5150 5155 5186
f 5185 5156 5194
f 5155 5153 5186
f 5185 5154 5156
f 5186 5153 5189
f 5185 5148 5190
f 5169 5157 5159
f 5187 5762 5189
f 5195 5193 5173
f 5193 5195 5264
f 5265 5196 5192
f 5192 5196 5267
f 5197 5205 5199
f 5241 5204 5199
f 5229 5238 5200
f 5749 5169 5159
f 5211 5216 5199
f 5200 5215 5212
f 5749 5159 5191
f 5171 5149 5748
f 5235 5209 5239
f 5243 5217 5215
f 5218 5220 5210
f 5209 5221 5219
f 5242 5211 5240
f 5239 5217 5243
f 5211 5218 5240
f 5239 5219 5217
f 5215 5200 5238
f 5210 5220 5207
f 5205 5213 5199
f 5210 5201 5232
f 5209 5235 5233
f 5236 5232 5201
f 5202 5233 5237
f 5228 5245 5204
f 5203 5244 5229
f 5244 5292 5231
f 5230 5236 5247
f 5231 5292 5246
f 5148 5253 5249
f 5272 5261 5256
f 5272 5253 5263
f 5259 5260 5254
f 5260 5262 5254
f 5254 5262 5266
f 5253 5172 5267
f 5264 5257 5255
f 5265 5171 5256
f 5195 5173 5266
f 5336 5270 5250
f 5251 5268 5332
f 5270 5335 5332
f 5269 5333 5337
f 5199 5204 5274
f 5307 5278 5274
f 5308 5304 5273
f 5749 5191 5255
f 5281 5286 5274
f 5273 5285 5282
f 5749 5255 5251
f 5252 5256 5748
f 5300 5279 5305
f 5310 5287 5285
f 5288 5290 5280
f 5279 5291 5289
f 5309 5281 5306
f 5305 5287 5310
f 5281 5288 5306
f 5305 5289 5287
f 5303 5274 5286
f 5285 5273 5304
f 5280 5290 5201
f 5204 5283 5274
f 5280 5276 5297
f 5279 5300 5298
f 5301 5297 5276
f 5275 5298 5302
f 5293 5314 5278
f 5277 5313 5294
f 5295 5311 5314
f 5313 5312 5296
f 5295 5301 5365
f 5296 5312 5366
f 5747 5280 5210
f 5746 5209 5279
f 5762 5315 5321
f 5317 5316 5148
f 5326 5324 5328
f 5325 5323 5327
f 5343 5329 5327
f 5343 5317 5331
f 5328 5324 5342
f 5324 5330 5342
f 5343 5331 5329
f 5321 5330 5336
f 5317 5249 5337
f 5332 5326 5322
f 5334 5252 5323
f 5404 5340 5318
f 5319 5338 5401
f 5402 5344 5339
f 5339 5344 5405
f 5274 5278 5352
f 5380 5349 5352
f 5381 5377 5346
f 5749 5251 5322
f 5748 5385 5323
f 5353 5358 5352
f 5346 5357 5354
f 5749 5322 5319
f 5320 5323 5385
f 5373 5351 5378
f 5361 5363 5350
f 5351 5364 5362
f 5382 5359 5379
f 5378 5360 5357
f 5359 5361 5379
f 5378 5362 5360
f 5376 5352 5358
f 5357 5346 5377
f 5350 5363 5276
f 5278 5355 5352
f 5350 5347 5371
f 5351 5373 5372
f 5374 5371 5347
f 5348 5372 5375
f 5367 5434 5349
f 5346 5435 5368
f 5435 5437 5370
f 5369 5374 5384
f 5370 5437 5383
f 5345 5352 5349
f 5747 5350 5280
f 5746 5279 5351
f 5394 5392 5396
f 5393 5391 5395
f 5411 5397 5395
f 5410 5398 5400
f 5411 5386 5399
f 5396 5392 5410
f 5392 5398 5410
f 5411 5399 5397
f 5389 5400 5404
f 5386 5317 5405
f 5403 5394 5390
f 5402 5320 5391
f 5479 5408 5387
f 5408 5478 5476
f 5407 5412 5480
f 5345 5349 5421
f 5449 5418 5421
f 5450 5447 5413
f 5749 5319 5390
f 5422 5427 5421
f 5413 5426 5423
f 5459 5390 5406
f 5388 5391 5385
f 5444 5419 5452
f 5452 5429 5426
f 5430 5432 5420
f 5419 5433 5431
f 5451 5428 5448
f 5428 5430 5448
f 5452 5431 5429
f 5446 5421 5427
f 5426 5413 5447
f 5420 5432 5347
f 5349 5424 5421
f 5436 5346 5413
f 5346 5436 5435
f 5420 5415 5441
f 5419 5444 5442
f 5416 5442 5445
f 5438 5456 5418
f 5417 5455 5439
f 5440 5454 5456
f 5455 5453 5439
f 5440 5441 5458
f 5439 5453 5457
f 5414 5421 5418
f 5420 5350 5747
f 5460 5248 5749
f 5469 5466 5470
f 5486 5473 5470
f 5486 5461 5475
f 5471 5472 5485
f 5472 5474 5485
f 5464 5474 5479
f 5461 5386 5480
f 5476 5467 5465
f 5477 5388 5466
f 5545 5483 5462
f 5483 5487 5544
f 5489 5488 5482
f 5482 5488 5546
f 5414 5418 5498
f 5521 5495 5498
f 5522 5518 5491
f 5459 5406 5465
f 5499 5504 5498
f 5491 5503 5500
f 5459 5465 5481
f 5463 5466 5385
f 5523 5506 5503
f 5507 5508 5497
f 5496 5509 5506
f 5519 5506 5523
f 5505 5507 5520
f 5517 5498 5504
f 5503 5491 5518
f 5497 5508 5415
f 5418 5501 5498
f 5497 5492 5513
f 5496 5519 5514
f 5493 5514 5516
f 5510 5527 5495
f 5494 5526 5511
f 5512 5525 5527
f 5526 5524 5511
f 5512 5513 5529
f 5511 5524 5528
f 5490 5498 5495
f 5747 5497 5420
f 5746 5419 5496
f 5537 5535 5538
f 5316 5533 5530
f 5552 5541 5538
f 5552 5533 5543
f 5539 5540 5551
f 5540 5542 5551
f 5552 5543 5541
f 5531 5542 5545
f 5533 5461 5546
f 5544 5536 5534
f 5489 5463 5535
f 5610 5550 5531
f 5532 5547 5607
f 5547 5609 5607
f 5547 5550 5610
f 5549 5553 5612
f 5490 5495 5562
f 5586 5559 5562
f 5587 5583 5554
f 5459 5481 5534
f 5563 5568 5562
f 5554 5567 5564
f 5459 5534 5532
f 5548 5535 5385
f 5589 5569 5567
f 5570 5572 5561
f 5560 5573 5571
f 5588 5563 5585
f 5584 5569 5589
f 5563 5570 5585
f 5584 5571 5569
f 5582 5562 5568
f 5567 5554 5583
f 5561 5572 5492
f 5495 5565 5562
f 5561 5556 5577
f 5560 5584 5578
f 5580 5577 5556
f 5557 5578 5581
f 5574 5591 5559
f 5558 5590 5575
f 5574 5638 5591
f 5590 5639 5576
f 5574 5580 5640
f 5576 5639 5641
f 5555 5562 5559
f 5592 5497 5747
f 5746 5496 5560
f 5734 5747 5460
f 5497 5592 5561
f 5601 5599 5602
f 5316 5596 5593
f 5618 5603 5598
f 5617 5604 5606
f 5618 5596 5605
f 5602 5599 5617
f 5599 5604 5617
f 5618 5605 5603
f 5594 5606 5610
f 5596 5530 5611
f 5607 5601 5597
f 5608 5548 5598
f 5681 5616 5594
f 5595 5613 5677
f 5613 5680 5677
f 5613 5616 5681
f 5615 5678 5683
f 5655 5622 5555
f 5656 5652 5619
f 5459 5532 5597
f 5626 5631 5555
f 5619 5630 5627
f 5459 5597 5595
f 5614 5598 5385
f 5649 5624 5653
f 5658 5633 5630
f 5634 5636 5625
f 5624 5637 5635
f 5657 5632 5654
f 5653 5633 5658
f 5632 5634 5654
f 5653 5635 5633
f 5651 5555 5631
f 5630 5619 5652
f 5625 5636 5556
f 5559 5628 5555
f 5625 5620 5646
f 5624 5649 5647
f 5644 5646 5620
f 5621 5647 5650
f 5642 5712 5622
f 5623 5713 5643
f 5644 5660 5712
f 5713 5659 5645
f 5645 5659 5661
f 5625 5592 5734
f 5746 5560 5624
f 5735 5697 5694
f 5671 5668 5672
f 5316 5665 5662
f 5687 5670 5672
f 5687 5665 5676
f 5673 5674 5666
f 5674 5675 5666
f 5687 5676 5670
f 5666 5675 5681
f 5665 5593 5682
f 5677 5669 5667
f 5679 5614 5668
f 5744 5686 5663
f 5686 5688 5743
f 5690 5689 5685
f 5685 5689 5745
f 5555 5622 5699
f 5619 5692 5700
f 5726 5696 5699
f 5715 5723 5700
f 5459 5595 5667
f 5701 5706 5699
f 5700 5705 5702
f 5459 5667 5684
f 5664 5668 5385
f 5721 5697 5724
f 5727 5708 5705
f 5709 5710 5698
f 5697 5711 5708
f 5706 5707 5725
f 5724 5708 5727
f 5707 5709 5725
f 5722 5699 5706
f 5705 5700 5723
f 5698 5710 5620
f 5622 5703 5699
f 5698 5693 5718
f 5697 5721 5719
f 5716 5718 5693
f 5714 5731 5696
f 5695 5730 5715
f 5716 5729 5731
f 5730 5728 5717
f 5717 5728 5732
f 5691 5699 5696
f 5695 5700 5692
f 5746 5624 5735
f 5385 5746 5735
f 5625 5734 5698
f 5697 5735 5624
f 5224 5222 5747
f 5746 5223 5225
f 5662 5742 5316
f 5222 5205 5197
f 5198 5206 5223
f 5742 5662 5745
f 5690 5664 5738
f 5179 5181 5760
f 5174 5182 5180
f 5696 5754 5691
f 5692 5755 5695
f 5684 5736 5459
f 5385 5738 5664
f 5761 5162 5164
f 5181 5183 5760
f 5174 5184 5182
f 5177 5179 5760
f 5174 5180 5178
f 5183 5175 4869
f 5147 5176 5184
f 5748 5190 5148
f 5748 5188 5190
f 5187 5151 5749
f 5748 5152 5188
f 5207 5226 5747
f 5746 5227 5208
f 5151 5169 5749
f 5694 5750 5735
f 5758 5751 5734
f 5735 5750 5759
f 4632 4614 4606
f 4607 4615 4633
f 4634 4632 5763
f 4658 4633 4635
f 5316 5742 5740
f 4636 4634 5763
f 4658 4635 4637
f 4657 4581 4596
f 4616 4636 5763
f 4658 4637 4617
f 5739 5741 5459
f 4597 4595 4580
f 5754 5752 5691
f 5692 5753 5755
f 5459 5736 5739
f 5756 5758 5691
f 5692 5759 5757
f 4576 4583 4597
f 4575 4598 4582
f 5752 5756 5691
f 5692 5757 5753
f 5798 5797 5794
f 5799 5800 5796
f 5801 5802 5800
f 5770 5772 5773
f 5803 5771 5795
f 5769 5772 5768
f 5804 5806 5805
f 5772 5769 5773
f 5791 5790 5793
f 5792 5809 5808
f 5790 5791 5804
f 5806 5807 5788
f 5769 5768 5802
f 5825 5824 5844
f 5820 5821 5827
f 5826 5827 5829
f 5828 5829 5831
f 5782 5781 5779
f 5832 5776 5823
f 5784 5778 5777
f 5833 5834 5836
f 5837 5838 5840
f 5782 5784 5783
f 5835 5836 5842
f 5843 5844 5848
f 5820 5822 5823
f 5839 5840 5845
f 5846 5845 5850
f 5849 5850 5824
f 5847 5848 5834
f 5841 5842 5838
f 5780 5779 5776
f 5830 5831 5777
f 5863 5862 5859
f 5864 5865 5861
f 5869 5870 5810
f 5868 5810 5860
f 5873 5875 5874
f 5853 5857 5854
f 5872 5871 5870
f 5856 5855 5858
f 5878 5877 5857
f 5855 5856 5873
f 5854 5875 5876
f 5871 5872 5867
f 6477 5879 5811
f 5893 5892 5913
f 5888 5889 5895
f 5894 5895 5897
f 5896 5897 5899
f 5900 5901 5851
f 5816 5815 5891
f 5813 5814 5903
f 5904 5905 5906
f 5907 5908 5910
f 5902 5903 5901
f 5911 5904 5906
f 5912 5913 5917
f 5890 5891 5889
f 5909 5910 5914
f 5915 5914 5919
f 5918 5919 5892
f 5916 5917 5905
f 5852 5851 5815
f 5813 5898 5899
f 5930 5935 5934
f 5936 5937 5933
f 5938 5939 5937
f 5942 5943 5941
f 5940 5941 5932
f 5946 5948 5947
f 5945 5944 5943
f 5931 5953 5930
f 5929 5951 5952
f 5953 5931 5946
f 5948 5950 5949
f 5944 5945 5939
f 5968 5967 5984
f 5963 5964 5970
f 5969 5970 5972
f 5971 5972 5974
f 5975 5921 5920
f 5965 5882 5883
f 5880 5881 5922
f 5977 5978 5980
f 5981 5957 5958
f 5921 5923 5922
f 5979 5980 5982
f 5983 5984 5959
f 5965 5966 5964
f 5986 5985 5988
f 5987 5988 5967
f 5960 5959 5978
f 5957 5982 5958
f 5975 5976 5883
f 5973 5974 5881
f 5812 5811 5774
f 5767 5764 5765
f 5775 5774 5786
f 5767 5787 5785
f 6026 6009 6006
f 6010 6011 6008
f 6016 6017 6007
f 6020 6022 6021
f 6003 6004 5996
f 6018 6002 6019
f 5997 5998 6005
f 6024 6025 6004
f 5998 5997 6020
f 6022 6023 5995
f 6017 6016 6014
f 6001 6002 6013
f 6031 6032 6030
f 6050 6049 6074
f 6045 6046 6052
f 6051 6052 6054
f 6053 6054 6056
f 6059 6060 6058
f 6037 6038 6048
f 6039 6040 6062
f 6063 6064 6066
f 6067 6068 6070
f 6061 6062 6060
f 6065 6066 6072
f 6073 6074 6078
f 6047 6048 6046
f 6069 6070 6075
f 6076 6075 6080
f 6079 6080 6049
f 6077 6078 6064
f 6071 6072 6068
f 6057 6058 6038
f 6055 6056 6040
f 6112 6097 6094
f 6098 6099 6096
f 6100 6101 6099
f 6027 6028 6103
f 6102 6103 6095
f 6106 6108 6107
f 6091 6092 6088
f 6105 6104 6028
f 6090 6089 6093
f 6110 6111 6092
f 6089 6090 6106
f 6108 6109 6087
f 6104 6105 6101
f 6128 6127 6148
f 6123 6124 6130
f 6129 6130 6132
f 6131 6132 6134
f 6135 6136 6081
f 6036 6035 6126
f 6033 6034 6083
f 6137 6138 6140
f 6141 6142 6144
f 6084 6083 6136
f 6139 6140 6146
f 6147 6148 6152
f 6125 6126 6124
f 6143 6144 6149
f 6150 6149 6154
f 6153 6154 6127
f 6151 6152 6138
f 6145 6146 6142
f 6082 6081 6035
f 6133 6134 6034
f 6165 6185 6166
f 6169 6170 6168
f 6171 6172 6170
f 6175 6176 6174
f 6173 6174 6167
f 6179 6181 6180
f 6163 6164 6160
f 6178 6177 6176
f 6162 6161 6165
f 6183 6184 6164
f 6185 6165 6184
f 6161 6162 6179
f 6181 6182 6159
f 6177 6178 6172
f 6189 6190 6113
f 6204 6203 6222
f 6205 6199 6200
f 6205 6206 6208
f 6207 6208 6210
f 6155 6156 6157
f 6118 6117 6202
f 6116 6115 6212
f 6215 6213 6214
f 6219 6217 6218
f 6211 6212 6156
f 6221 6222 6224
f 6199 6201 6202
f 6223 6220 6226
f 6225 6226 6203
f 6217 6216 6218
f 6158 6157 6117
f 6209 6210 6115
f 6255 6239 6236
f 6240 6241 6238
f 6242 6243 6241
f 6245 6186 6187
f 6247 6246 6237
f 6188 6186 6248
f 6249 6251 6250
f 6233 6234 6230
f 6186 6188 6187
f 6232 6231 6235
f 6253 6254 6234
f 6231 6232 6249
f 6251 6252 6229
f 6246 6247 6245
f 6244 6188 6248
f 6274 6273 6296
f 6269 6270 6276
f 6275 6276 6278
f 6277 6278 6280
f 6283 6284 6282
f 6193 6194 6272
f 6228 6191 6192
f 6285 6286 6288
f 6289 6290 6292
f 6228 6227 6284
f 6287 6288 6294
f 6295 6296 6300
f 6271 6272 6270
f 6291 6292 6297
f 6298 6297 6302
f 6301 6302 6273
f 6299 6300 6286
f 6293 6294 6290
f 6281 6282 6194
f 6279 6280 6192
f 6315 6332 6316
f 6319 6320 6318
f 6321 6322 6320
f 6324 6325 6323
f 6256 6323 6317
f 6326 6328 6327
f 6313 6314 6310
f 6257 6258 6325
f 6312 6311 6315
f 6330 6331 6314
f 6332 6315 6331
f 6311 6312 6326
f 6328 6329 6309
f 6258 6257 6322
f 6336 6337 6259
f 6346 6347 6353
f 6352 6353 6355
f 6354 6355 6357
f 6304 6303 6305
f 6264 6263 6349
f 6261 6262 6307
f 6358 6359 6361
f 6362 6363 6365
f 6308 6307 6303
f 6360 6361 6367
f 6368 6350 6371
f 6348 6349 6347
f 6364 6365 6369
f 6372 6369 6373
f 6351 6372 6373
f 6370 6371 6359
f 6366 6367 6363
f 6306 6305 6263
f 6261 6356 6357
f 6405 6390 6387
f 6391 6392 6389
f 6393 6394 6392
f 6335 6333 6334
f 6395 6396 6388
f 6397 6333 6398
f 6399 6401 6400
f 6384 6385 6381
f 6333 6397 6334
f 6383 6382 6386
f 6403 6404 6385
f 6382 6383 6399
f 6401 6402 6380
f 6396 6395 6335
f 6397 6398 6394
f 6422 6421 6440
f 6417 6418 6424
f 6423 6424 6426
f 6425 6426 6428
f 6375 6374 6376
f 6341 6340 6420
f 6338 6339 6378
f 6429 6430 6432
f 6433 6434 6436
f 6379 6378 6374
f 6431 6432 6438
f 6439 6440 6444
f 6419 6420 6418
f 6435 6436 6441
f 6442 6441 6446
f 6445 6446 6421
f 6443 6444 6430
f 6437 6438 6434
f 6377 6376 6340
f 6427 6428 6339
f 6475 6459 6456
f 6460 6461 6458
f 6462 6463 6461
f 6465 6466 6464
f 6406 6464 6457
f 6469 6471 6470
f 6453 6454 6450
f 6468 6467 6466
f 6452 6451 6455
f 6473 6474 6454
f 6451 6452 6469
f 6471 6472 6449
f 6467 6468 6463
f 6476 6477 6407
f 6490 6517 6512
f 6486 6487 6492
f 6491 6492 6494
f 6493 6494 6496
f 6497 6498 6447
f 6488 6412 6411
f 6409 6410 6500
f 6501 6502 6504
f 6505 6506 6508
f 6499 6500 6498
f 6503 6504 6510
f 6511 6512 6515
f 6488 6489 6487
f 6507 6508 6513
f 6516 6507 6513
f 6514 6515 6502
f 6509 6510 6506
f 6448 6447 6411
f 6409 6495 6496
f 6529 6549 6526
f 6530 6531 6528
f 6532 6533 6531
f 6537 6538 6536
f 6535 6536 6527
f 6539 6541 6540
f 5954 5955 5956
f 6523 6524 6543
f 6541 6539 6538
f 6546 6547 6525
f 6545 6548 6524
f 6548 6545 6549
f 6547 6546 5954
f 5955 6544 6542
f 6534 6539 6540
f 6559 6558 6575
f 6554 6555 6561
f 6560 6561 6563
f 6562 6563 6565
f 6519 6518 6567
f 6480 6481 6557
f 6478 6479 6520
f 6568 6569 6571
f 6521 6520 6518
f 5989 5990 6573
f 6574 6575 6579
f 6556 6557 6555
f 6570 6571 6576
f 6577 6576 6581
f 6580 6581 6558
f 5991 6578 6579
f 6572 6573 6569
f 6566 6567 6481
f 6564 6565 6479
f 6114 6113 6032
f 6260 6259 6190
f 6408 6407 6337
f 5765 5924 5994
f 5993 5994 5999
f 6085 6029 6030
f 6085 6583 6582
f 6582 6086 5999
f 5795 5794 5797
f 5764 5792 5788
f 5809 5799 5797
f 5809 5792 5801
f 5798 5800 5808
f 5800 5802 5808
f 5809 5801 5799
f 5789 5802 5768
f 5803 5796 5793
f 5771 5767 5794
f 5872 5806 5789
f 5790 5805 5868
f 5806 5869 5868
f 5810 5870 5804
f 5804 5870 5871
f 5774 5811 5819
f 5847 5816 5812
f 5848 5844 5819
f 5820 5825 5812
f 5819 5824 5821
f 5766 5793 5790
f 5791 5794 5767
f 5840 5818 5845
f 5850 5827 5824
f 5828 5830 5817
f 5818 5831 5829
f 5849 5826 5846
f 5845 5827 5850
f 5826 5828 5846
f 5845 5829 5827
f 5843 5812 5825
f 5824 5819 5844
f 5817 5830 5778
f 5832 5822 5812
f 5817 5813 5837
f 5818 5840 5838
f 5841 5837 5813
f 5814 5838 5842
f 5833 5852 5816
f 5815 5851 5834
f 5835 5900 5852
f 5851 5901 5836
f 5835 5841 5902
f 5836 5901 5903
f 5815 5819 5811
f 5860 5859 5862
f 5878 5864 5862
f 5877 5865 5867
f 5878 5853 5866
f 5863 5865 5877
f 5878 5866 5864
f 5857 5867 5872
f 5853 5788 5871
f 5868 5861 5858
f 5810 5791 5859
f 5945 5875 5854
f 5855 5874 5940
f 5875 5942 5940
f 5941 5943 5873
f 5873 5943 5944
f 5812 5816 5886
f 5811 5879 5887
f 5916 5882 5886
f 5917 5913 5887
f 5766 5790 5858
f 5888 5893 5886
f 5887 5892 5889
f 5766 5858 5855
f 5856 5859 5767
f 5910 5884 5914
f 5919 5895 5892
f 5896 5898 5885
f 5884 5899 5897
f 5918 5894 5915
f 5914 5895 5919
f 5894 5896 5915
f 5914 5897 5895
f 5912 5886 5893
f 5892 5887 5913
f 5885 5898 5813
f 5816 5890 5886
f 5885 5880 5907
f 5884 5910 5908
f 5911 5907 5880
f 5904 5975 5882
f 5883 5976 5905
f 5904 5921 5975
f 5976 5920 5906
f 5904 5911 5923
f 5906 5920 5922
f 6477 5886 5882
f 5883 5887 5879
f 5885 5817 5785
f 5786 5818 5884
f 5953 5927 5930
f 5929 5924 5764
f 5932 5931 5934
f 5924 5929 5925
f 5951 5929 5938
f 5951 5936 5934
f 5937 5939 5952
f 5951 5938 5936
f 5926 5939 5945
f 5929 5853 5944
f 5940 5933 5930
f 5941 5856 5931
f 5950 5925 5949
f 5953 5947 5954
f 5931 5928 5956
f 5956 5955 5946
f 5946 5955 5950
f 5959 5984 5879
f 5766 5855 5930
f 5767 5928 5931
f 5963 5968 6477
f 5879 5967 5964
f 5988 5970 5967
f 5971 5973 5962
f 5961 5974 5972
f 5987 5969 5986
f 5985 5970 5988
f 5969 5971 5986
f 5985 5972 5970
f 5983 6477 5968
f 5967 5879 5984
f 5962 5973 5880
f 5882 5965 6477
f 5961 5985 5958
f 5977 5990 5960
f 5959 5991 5978
f 5991 5989 5980
f 5980 5989 5982
f 5992 5885 5785
f 5786 5884 5961
f 5885 5992 5962
f 5785 5780 5775
f 5774 5776 5779
f 5785 5782 5780
f 5772 5770 5766
f 5767 5771 5773
f 5785 5784 5782
f 5767 5773 5769
f 5785 5778 5784
f 5765 5768 5772
f 5764 5767 5769
f 5993 6001 6003
f 6004 6002 5994
f 6026 6005 6008
f 5996 6004 5994
f 6013 6004 6025
f 6010 6007 6009
f 6026 6008 6011
f 6001 6012 6003
f 6006 6007 6017
f 6005 5999 6016
f 6015 6000 6017
f 6016 5999 6014
f 5995 6023 6104
f 6103 6020 5997
f 6102 6021 6022
f 6104 6023 6020
f 6105 6027 6022
f 6044 6038 6030
f 6043 6031 6029
f 6044 6035 6078
f 6043 6073 6077
f 6046 6048 6044
f 6043 6047 6045
f 6076 6042 6069
f 6050 6051 6079
f 6054 6075 6041
f 6042 6076 6053
f 6052 6046 6049
f 6050 6045 6051
f 6040 6056 6041
f 6044 6048 6038
f 6068 6034 6041
f 6067 6069 6042
f 6072 6083 6034
f 6033 6084 6071
f 6064 6078 6035
f 6036 6077 6063
f 6066 6064 6081
f 6082 6063 6065
f 6083 6072 6066
f 6084 6135 6065
f 6582 6040 6041
f 6042 6039 6085
f 5993 5995 6091
f 6092 5996 5994
f 6112 6093 6096
f 6088 6092 5994
f 6101 6092 6111
f 6098 6095 6097
f 6112 6096 6099
f 6104 6100 6091
f 6105 5996 6092
f 6094 6095 6103
f 6093 5998 6102
f 6087 6109 6177
f 6174 6106 6090
f 6173 6107 6108
f 6177 6109 6106
f 6178 6175 6108
f 6122 6035 6032
f 6121 6114 6031
f 6122 6117 6152
f 6121 6147 6151
f 6094 5997 6000
f 6124 6126 6122
f 6121 6125 6123
f 6150 6120 6143
f 6128 6129 6153
f 6132 6149 6119
f 6120 6150 6131
f 6130 6124 6127
f 6128 6123 6129
f 6034 6134 6119
f 6122 6126 6035
f 6142 6115 6119
f 6141 6143 6120
f 6146 6212 6115
f 6116 6211 6145
f 6138 6152 6117
f 6118 6151 6137
f 6140 6138 6157
f 6158 6137 6139
f 6212 6146 6140
f 6211 6155 6139
f 6041 6034 6119
f 6120 6033 6042
f 5993 6087 6163
f 6164 6088 5994
f 6160 6164 5994
f 6165 6170 6184
f 6172 6164 6184
f 6169 6167 6185
f 6165 6168 6170
f 6177 6171 6163
f 6178 6088 6164
f 6166 6167 6174
f 6165 6089 6173
f 6159 6182 6188
f 6246 6179 6162
f 6245 6180 6181
f 6188 6182 6179
f 6198 6117 6113
f 6189 6114 6118
f 6198 6194 6224
f 6197 6221 6213
f 6166 6090 6000
f 6200 6202 6198
f 6197 6201 6199
f 6223 6195 6219
f 6204 6205 6225
f 6208 6220 6196
f 6195 6223 6207
f 6206 6200 6203
f 6204 6199 6205
f 6115 6210 6196
f 6198 6202 6117
f 6218 6192 6196
f 6217 6219 6195
f 6216 6227 6192
f 6191 6228 6217
f 6214 6224 6194
f 6216 6214 6282
f 6281 6213 6215
f 6228 6283 6215
f 6119 6196 6582
f 6119 6115 6196
f 6195 6116 6120
f 5993 6159 6233
f 6234 6160 5994
f 6255 6235 6238
f 6230 6234 5994
f 6244 6242 6253
f 6243 6234 6254
f 6240 6237 6239
f 6255 6238 6241
f 6188 6244 6233
f 6248 6160 6234
f 6236 6237 6246
f 6235 6161 6247
f 6247 6161 6245
f 6229 6252 6258
f 6323 6249 6232
f 6256 6250 6251
f 6258 6252 6249
f 6257 6324 6251
f 6268 6194 6190
f 6267 6260 6189
f 6268 6263 6300
f 6267 6295 6299
f 6236 6162 6000
f 6270 6272 6268
f 6267 6271 6269
f 6298 6266 6291
f 6274 6275 6301
f 6278 6297 6265
f 6266 6298 6277
f 6276 6270 6273
f 6274 6269 6275
f 6192 6280 6265
f 6268 6272 6194
f 6290 6262 6265
f 6289 6291 6266
f 6294 6307 6262
f 6261 6308 6293
f 6286 6300 6263
f 6264 6299 6285
f 6288 6286 6305
f 6306 6285 6287
f 6307 6294 6288
f 6308 6304 6287
f 6196 6192 6265
f 6266 6191 6195
f 5993 6229 6313
f 6314 6230 5994
f 6310 6314 5994
f 6315 6320 6331
f 6322 6314 6331
f 6319 6317 6332
f 6315 6318 6320
f 6258 6321 6313
f 6257 6230 6314
f 6316 6317 6323
f 6315 6231 6256
f 6309 6329 6397
f 6396 6326 6312
f 6335 6327 6328
f 6397 6329 6326
f 6345 6263 6259
f 6344 6336 6260
f 6345 6340 6371
f 6344 6368 6370
f 6316 6232 6000
f 6347 6349 6345
f 6344 6348 6346
f 6372 6343 6364
f 6351 6352 6372
f 6355 6369 6342
f 6343 6372 6354
f 6353 6347 6350
f 6351 6346 6352
f 6262 6357 6342
f 6345 6349 6263
f 6363 6339 6342
f 6362 6364 6343
f 6367 6378 6339
f 6338 6379 6366
f 6359 6371 6340
f 6341 6370 6358
f 6361 6359 6376
f 6377 6358 6360
f 6378 6367 6361
f 6379 6375 6360
f 6265 6262 6342
f 6343 6261 6266
f 5993 6309 6384
f 6385 6310 5994
f 6405 6386 6389
f 6381 6385 5994
f 6394 6385 6404
f 6391 6388 6390
f 6405 6389 6392
f 6397 6393 6384
f 6398 6310 6385
f 6387 6388 6396
f 6386 6311 6395
f 6395 6311 6335
f 6380 6402 6467
f 6464 6399 6383
f 6406 6400 6401
f 6467 6402 6399
f 6468 6465 6401
f 6416 6340 6337
f 6415 6408 6336
f 6416 6411 6444
f 6415 6439 6443
f 6387 6312 6000
f 6418 6420 6416
f 6415 6419 6417
f 6442 6414 6435
f 6422 6423 6445
f 6426 6441 6413
f 6414 6442 6425
f 6424 6418 6421
f 6422 6417 6423
f 6339 6428 6413
f 6416 6420 6340
f 6434 6410 6413
f 6433 6435 6414
f 6438 6500 6410
f 6409 6499 6437
f 6430 6444 6411
f 6412 6443 6429
f 6432 6430 6447
f 6448 6429 6431
f 6500 6438 6432
f 6499 6497 6431
f 6342 6339 6413
f 6414 6338 6343
f 5993 6380 6453
f 6454 6381 5994
f 6475 6455 6458
f 6450 6454 5994
f 6463 6454 6474
f 6460 6457 6459
f 6475 6458 6461
f 6467 6462 6453
f 6468 6381 6454
f 6456 6457 6464
f 6455 6382 6406
f 6449 6472 6539
f 6536 6469 6452
f 6535 6470 6471
f 6539 6472 6469
f 6541 6537 6471
f 6485 6411 6407
f 6484 6476 6408
f 6485 6481 6515
f 6484 6511 6514
f 6456 6383 6000
f 6487 6489 6485
f 6484 6488 6486
f 6490 6491 6516
f 6494 6513 6482
f 6483 6507 6493
f 6492 6487 6517
f 6490 6486 6491
f 6410 6496 6482
f 6485 6489 6411
f 6506 6479 6482
f 6505 6507 6483
f 6510 6520 6479
f 6478 6521 6509
f 6502 6515 6481
f 6480 6514 6501
f 6504 6502 6567
f 6566 6501 6503
f 6520 6510 6504
f 6521 6519 6503
f 6413 6410 6482
f 6483 6409 6414
f 5958 6551 5961
f 6526 5927 6546
f 5993 6449 6523
f 6524 6450 5994
f 6529 6525 6528
f 5925 6524 5924
f 6529 6531 6548
f 6534 6532 6545
f 6533 6524 6548
f 6530 6527 6549
f 6529 6528 6531
f 6539 6534 6523
f 6540 6450 6524
f 6526 6527 6536
f 6525 6451 6535
f 6542 5926 6523
f 6542 6544 5948
f 6543 5925 5950
f 5956 5928 6547
f 5948 6544 5954
f 6553 6481 6477
f 6552 5879 6476
f 6553 5960 6579
f 6552 6574 6578
f 6526 6452 6000
f 6525 5928 5999
f 6555 6557 6553
f 6552 6556 6554
f 6577 6551 6570
f 6559 6560 6580
f 6563 6576 6550
f 6551 6577 6562
f 6561 6555 6558
f 6559 6554 6560
f 6479 6565 6550
f 6553 6557 6481
f 6569 5957 6550
f 6568 6570 6551
f 5958 5982 6572
f 5990 6579 5960
f 5959 6578 5991
f 5957 6573 5990
f 6522 5992 5785
f 6085 5786 5961
f 6582 5785 5787
f 5999 5767 5786
f 5787 5927 6000
f 5999 5928 5767
f 6522 6479 6550
f 6551 6478 6483
f 6038 6058 6583
f 6029 6085 6057
f 6015 5993 6000
f 5999 5994 6014
f 6040 6582 6583
f 6612 6616 6617
f 6613 6614 6618
f 6613 6618 6620
f 6620 6621 6619
f 6590 6623 6591
f 6615 6623 6622
f 6624 6625 6626
f 6608 6610 6607
f 6591 6589 6588
f 6611 6625 6609
f 6614 6613 6615
f 6610 6629 6628
f 6625 6624 6609
f 6608 6607 6627
f 6623 6590 6622
f 6621 6588 6589
f 6663 6646 6647
f 6648 6649 6643
f 6652 6649 6650
f 6599 6598 6600
f 6645 6594 6595
f 6602 6596 6597
f 6656 6654 6653
f 6660 6658 6657
f 6600 6602 6601
f 6661 6656 6655
f 6667 6663 6662
f 6642 6643 6645
f 6665 6664 6660
f 6646 6664 6668
f 6654 6667 6666
f 6657 6658 6661
f 6594 6598 6599
f 6596 6652 6651
f 6676 6680 6681
f 6677 6678 6683
f 6684 6683 6685
f 6679 6686 6630
f 6672 6675 6671
f 6687 6631 6690
f 6693 6692 6694
f 6677 6679 6678
f 6675 6696 6695
f 6692 6691 6674
f 6672 6671 6693
f 6685 6689 6688
f 6632 6698 6697
f 6714 6708 6707
f 6713 6715 6714
f 6716 6717 6715
f 6670 6669 6719
f 6710 6636 6637
f 6720 6635 6634
f 6724 6722 6721
f 6728 6726 6725
f 6719 6720 6718
f 6730 6724 6723
f 6735 6711 6731
f 6707 6708 6710
f 6733 6732 6728
f 6737 6732 6733
f 6712 6711 6737
f 6722 6735 6734
f 6726 6730 6729
f 6636 6669 6670
f 6635 6717 6716
f 6750 6754 6755
f 6751 6752 6756
f 6751 6756 6758
f 6758 6759 6757
f 6753 6762 6760
f 6767 6768 6770
f 6771 6772 6748
f 6763 6761 6766
f 6770 6772 6769
f 6749 6768 6746
f 6752 6751 6753
f 6748 6773 6747
f 6754 6747 6773
f 6767 6746 6768
f 6772 6771 6769
f 6759 6765 6764
f 6804 6787 6788
f 6789 6790 6784
f 6793 6790 6791
f 6794 6795 6738
f 6786 6702 6701
f 6739 6700 6699
f 6799 6797 6796
f 6800 6777 6776
f 6738 6739 6740
f 6802 6799 6798
f 6778 6804 6803
f 6783 6784 6786
f 6806 6805 6800
f 6807 6787 6805
f 6797 6778 6779
f 6777 6802 6801
f 6701 6702 6795
f 6699 6700 6793
f 6585 6741 6742
f 6592 6632 6633
f 6586 6585 6584
f 6604 6592 6593
f 6603 6606 6604
f 6604 6606 6605
f 6587 6605 6586
f 6822 6815 6825
f 6824 6827 6826
f 6827 6829 6828
f 6830 6831 6834
f 6823 6831 6832
f 6818 6819 6835
f 6837 6838 6836
f 6814 6821 6820
f 6822 6837 6815
f 6836 6815 6837
f 6830 6832 6831
f 6829 6819 6818
f 6843 6845 6844
f 6884 6862 6863
f 6858 6864 6859
f 6865 6866 6864
f 6867 6868 6866
f 6870 6872 6871
f 6861 6851 6850
f 6874 6853 6852
f 6877 6876 6875
f 6881 6879 6878
f 6872 6874 6873
f 6882 6879 6877
f 6888 6884 6883
f 6859 6861 6860
f 6885 6881 6880
f 6890 6885 6886
f 6862 6890 6889
f 6876 6888 6887
f 6851 6870 6869
f 6852 6853 6868
f 6907 6909 6908
f 6909 6911 6910
f 6906 6915 6914
f 6917 6841 6918
f 6920 6921 6919
f 6899 6903 6902
f 6841 6913 6918
f 6904 6900 6901
f 6919 6901 6900
f 6898 6922 6921
f 6912 6914 6915
f 6911 6917 6916
f 6954 6937 6938
f 6933 6939 6934
f 6942 6939 6940
f 6891 6944 6943
f 6936 6848 6849
f 6893 6847 6846
f 6945 6947 6946
f 6951 6949 6948
f 6944 6893 6894
f 6958 6954 6953
f 6934 6936 6935
f 6955 6951 6950
f 6960 6955 6956
f 6937 6960 6959
f 6946 6958 6957
f 6949 6947 6952
f 6848 6891 6892
f 6847 6942 6941
f 6973 6975 6974
f 6975 6977 6976
f 6972 6981 6980
f 6987 6988 6986
f 6982 6979 6985
f 6970 6967 6968
f 6969 6966 6990
f 6986 6968 6967
f 6965 6989 6988
f 6978 6980 6981
f 6977 6984 6983
f 6925 6997 6996
f 7029 7010 7011
f 7013 7007 7006
f 7014 7015 7013
f 7017 7015 7014
f 6963 6962 6961
f 7009 6928 6929
f 7019 6926 6927
f 7020 7022 7021
f 7026 7024 7023
f 6962 7019 7018
f 7033 7029 7028
f 7006 7007 7009
f 7030 7026 7025
f 7035 7030 7031
f 7010 7035 7034
f 7021 7033 7032
f 7024 7022 7027
f 6928 6963 6964
f 6926 7017 7016
f 7045 7042 7048
f 7047 7050 7049
f 7050 7052 7051
f 7054 6994 6993
f 7046 7054 7053
f 7055 7056 6995
f 7058 7059 7057
f 7040 7044 7043
f 7045 7041 7042
f 7057 7042 7041
f 7039 7060 7059
f 7052 7056 7055
f 7099 7079 7080
f 7081 7076 7075
f 7082 7083 7081
f 7084 7085 7083
f 7087 7089 7088
f 7077 7078 7001
f 7036 7089 6999
f 7090 7092 7091
f 7096 7094 7093
f 7097 7094 7092
f 7103 7099 7098
f 7076 7078 7077
f 7100 7096 7095
f 7105 7100 7101
f 7079 7105 7104
f 7091 7103 7102
f 7001 7087 7086
f 6999 7085 7084
f 7120 7139 7123
f 7122 7125 7124
f 7125 7127 7126
f 7063 7130 7129
f 7121 7063 7128
f 7131 7132 7064
f 7133 7134 7135
f 7115 7119 7118
f 7135 7115 7136
f 7138 7139 7137
f 7139 7138 7123
f 7134 7133 7117
f 7114 7136 7115
f 7063 7129 7128
f 7127 7132 7131
f 7065 7143 7142
f 7171 7172 7156
f 7157 7158 7153
f 7161 7158 7159
f 7108 7106 7107
f 7155 7069 7070
f 7110 7068 7067
f 7168 7166 7165
f 7106 7110 7111
f 7170 7163 7164
f 7175 7172 7171
f 7152 7153 7155
f 7173 7168 7167
f 7177 7173 7174
f 7156 7177 7176
f 7162 7163 7175
f 7166 7170 7169
f 7069 7108 7109
f 7068 7161 7160
f 7194 7196 7195
f 7196 7198 7197
f 7193 7200 7199
f 7205 7206 7204
f 7140 7141 7203
f 7191 7188 7189
f 7190 7187 7208
f 7205 7204 7189
f 7186 7207 7206
f 7198 7202 7201
f 7244 7226 7227
f 7228 7229 7223
f 7230 7231 7229
f 7232 7233 7231
f 7180 7178 7179
f 7225 7146 7147
f 7182 7145 7144
f 7236 7237 7235
f 7241 7239 7238
f 7178 7182 7183
f 7247 7244 7243
f 7222 7223 7225
f 7245 7241 7240
f 7249 7245 7246
f 7226 7249 7248
f 7234 7235 7247
f 7239 7237 7242
f 7146 7180 7181
f 7145 7233 7232
f 7261 7279 7264
f 7263 7266 7265
f 7266 7267 7265
f 7211 7271 7270
f 7262 7211 7269
f 7255 7259 7258
f 7275 7255 7276
f 7260 7256 7257
f 7278 7279 7277
f 7279 7278 7264
f 7274 7257 7256
f 7254 7276 7255
f 7268 7267 7273
f 7212 6697 6698
f 7313 7314 7292
f 7293 7294 7289
f 7296 7294 7293
f 7297 7298 7296
f 7250 7300 7299
f 7291 7216 7217
f 7302 7215 7214
f 7305 7306 7304
f 7310 7308 7307
f 7300 7302 7301
f 7312 7306 7305
f 7317 7314 7313
f 7289 7291 7290
f 7315 7310 7309
f 7319 7315 7316
f 7292 7319 7318
f 7304 7317 7303
f 7307 7308 7312
f 7216 7250 7251
f 7215 7298 7297
f 7327 7349 7330
f 7329 7332 7331
f 7332 7334 7333
f 7335 7336 7339
f 7328 7336 7337
f 7341 7338 7340
f 6774 7347 7343
f 6775 7325 7324
f 7339 7340 7338
f 7343 6775 7342
f 7326 7347 7346
f 7348 7349 7345
f 7349 7348 7330
f 6774 7346 7347
f 7344 7342 6775
f 7335 7337 7336
f 7334 7341 7340
f 7373 7357 7358
f 7353 7359 7354
f 7362 7359 7360
f 7355 7356 7283
f 7321 7281 7280
f 7365 6808 7366
f 7370 7368 7367
f 7320 7364 7321
f 7377 7373 7372
f 7354 7356 7355
f 7374 7370 7369
f 7379 7374 7375
f 7357 7379 7378
f 7366 7377 7376
f 7368 6808 7371
f 7283 7364 7363
f 7281 7362 7361
f 6845 6925 6844
f 6996 6997 7065
f 7143 7212 7213
f 6812 6742 6741
f 6816 6812 6811
f 7380 6895 6843
f 6897 7380 6816
f 6614 6611 6617
f 6615 6613 6616
f 6585 6610 6608
f 6629 6610 6621
f 6629 6618 6617
f 6629 6620 6618
f 6613 6619 6628
f 6607 6619 6589
f 6622 6586 6611
f 6623 6615 6612
f 6690 6627 6607
f 6609 6624 6631
f 6630 6687 6626
f 6626 6687 6689
f 6624 6627 6690
f 6593 6633 6640
f 6592 6594 6641
f 6666 6662 6640
f 6667 6636 6641
f 6640 6647 6642
f 6643 6646 6641
f 6625 6611 6586
f 6587 6612 6609
f 6659 6638 6665
f 6668 6648 6647
f 6638 6651 6650
f 6649 6652 6639
f 6665 6648 6668
f 6665 6650 6648
f 6647 6640 6662
f 6663 6641 6646
f 6639 6652 6596
f 6594 6645 6641
f 6638 6659 6657
f 6639 6635 6658
f 6634 6657 6655
f 6661 6658 6635
f 6637 6670 6653
f 6654 6669 6636
f 6670 6718 6655
f 6656 6719 6669
f 6656 6661 6720
f 6637 6640 6633
f 6632 6641 6636
f 6606 6603 6638
f 6678 6673 6681
f 6679 6677 6680
f 6585 6675 6672
f 6696 6675 6685
f 6696 6683 6681
f 6682 6684 6695
f 6675 6608 6689
f 6671 6684 6688
f 6630 6625 6673
f 6686 6679 6676
f 6690 6607 6688
f 6766 6693 6671
f 6674 6691 6761
f 6760 6763 6692
f 6692 6763 6765
f 6633 6697 6705
f 6632 6636 6706
f 6734 6731 6705
f 6735 6702 6706
f 6587 6609 6676
f 6705 6712 6707
f 6708 6711 6706
f 6587 6676 6674
f 6727 6704 6733
f 6736 6713 6712
f 6704 6716 6713
f 6715 6717 6703
f 6733 6713 6736
f 6737 6714 6732
f 6714 6715 6732
f 6712 6705 6731
f 6703 6717 6635
f 6636 6710 6706
f 6704 6727 6725
f 6703 6700 6726
f 6699 6725 6729
f 6730 6726 6700
f 6701 6794 6721
f 6722 6795 6702
f 6724 6738 6795
f 6723 6794 6740
f 6724 6730 6739
f 6701 6705 6697
f 6698 6706 6702
f 6606 6638 6704
f 6703 6639 6604
f 6809 6781 6776
f 6748 6741 6585
f 6584 6742 6747
f 6752 6749 6755
f 6753 6751 6754
f 6741 6748 6744
f 6773 6748 6759
f 6773 6756 6755
f 6754 6751 6747
f 6773 6758 6756
f 6751 6757 6747
f 6748 6672 6765
f 6747 6757 6764
f 6760 6673 6749
f 6762 6753 6750
f 6766 6671 6764
f 6747 6743 6771
f 7342 6744 6772
f 6775 6769 6771
f 6768 6745 6774
f 6746 6767 7347
f 6698 6702 6782
f 6779 6803 6697
f 6586 6745 6749
f 6587 6674 6750
f 6697 6788 6783
f 6784 6787 6782
f 6810 6750 6746
f 6807 6789 6788
f 6781 6792 6791
f 6790 6793 6780
f 6806 6789 6807
f 6787 6790 6805
f 6806 6791 6789
f 6788 6697 6803
f 6804 6782 6787
f 6780 6793 6700
f 6702 6786 6782
f 6781 6806 6776
f 6796 6808 6798
f 6799 7365 6797
f 6798 6808 6801
f 6698 6782 6778
f 6606 6704 6809
f 6780 6703 6604
f 6896 6605 6606
f 6586 6605 6896
f 6781 6809 6704
f 6593 6595 6599
f 6598 6594 6592
f 6604 6600 6598
f 6591 6623 6587
f 6604 6602 6600
f 6586 6590 6588
f 6589 6591 6587
f 6604 6596 6602
f 6585 6586 6588
f 6820 6818 6811
f 6812 6819 6821
f 6825 6815 6823
f 6813 6820 6811
f 6825 6826 6840
f 6828 6820 6840
f 6825 6823 6826
f 6827 6824 6839
f 6819 6829 6821
f 6815 6817 6831
f 6822 6824 6832
f 6830 6816 6832
f 6814 6838 6841
f 6838 6837 6912
f 6918 6913 6836
f 6857 6845 6843
f 6856 6850 6842
f 6857 6884 6888
f 6856 6849 6887
f 6857 6861 6859
f 6858 6860 6856
f 6885 6854 6881
f 6862 6864 6890
f 6854 6885 6866
f 6865 6886 6855
f 6862 6859 6864
f 6852 6867 6855
f 6856 6860 6850
f 6879 6881 6854
f 6878 6846 6855
f 6847 6893 6879
f 6882 6894 6846
f 6848 6888 6876
f 6875 6887 6849
f 6891 6876 6877
f 6893 6944 6877
f 6894 6882 6875
f 6854 6853 6895
f 7380 6852 6855
f 6902 6813 6811
f 6812 6814 6903
f 6898 6902 6811
f 6905 6908 6924
f 6910 6902 6924
f 6905 6906 6908
f 6909 6907 6923
f 6916 6813 6902
f 6917 6911 6903
f 6905 6815 6915
f 6904 6907 6914
f 6915 6815 6913
f 6912 6837 6914
f 6917 6814 6841
f 6899 6921 6984
f 6978 6920 6900
f 6921 6920 6978
f 6985 6979 6919
f 6932 6925 6845
f 6932 6954 6958
f 6844 6929 6957
f 6904 6837 6816
f 6932 6936 6934
f 6933 6935 6844
f 6955 6930 6951
f 6937 6939 6960
f 6930 6955 6939
f 6940 6956 6931
f 6937 6934 6939
f 6846 6941 6931
f 6844 6935 6849
f 6949 6951 6930
f 6948 6927 6931
f 6926 7019 6947
f 6952 7018 6927
f 6928 6958 6946
f 6945 6957 6929
f 6963 6946 6947
f 7019 6962 6947
f 7018 6952 6945
f 6930 6847 6854
f 6855 6846 6931
f 6999 7003 7038
f 6969 6898 6811
f 6812 6899 6966
f 6965 6969 6811
f 6971 6974 6992
f 6976 6969 6992
f 6971 6972 6974
f 6975 6973 6991
f 6983 6898 6969
f 6984 6977 6966
f 6971 6901 6981
f 6970 6973 6980
f 6981 6901 6979
f 6978 6900 6980
f 6966 6988 6995
f 7053 6987 6967
f 6988 6987 7053
f 6997 6925 6928
f 6929 6844 6996
f 7005 7029 7033
f 7004 7000 7032
f 6970 6900 6816
f 7005 7009 7007
f 7006 7008 7004
f 7030 7003 7026
f 7010 7013 7035
f 7003 7030 7015
f 7014 7031 7002
f 7010 7007 7013
f 7012 7006 7011
f 6927 7016 7002
f 7004 7008 6929
f 7024 7026 7003
f 7023 6998 7002
f 6999 7089 7022
f 7027 7036 6998
f 7001 7033 7021
f 7020 7032 7000
f 7087 7021 7022
f 7036 7027 7020
f 6897 6606 7038
f 7037 6604 7380
f 6604 6587 6816
f 7003 6926 6930
f 6931 6927 7002
f 7068 7071 7113
f 7043 6965 6811
f 6812 6966 7044
f 7048 7042 7046
f 7039 7043 6811
f 7048 7049 7062
f 7051 7043 7062
f 7048 7046 7049
f 7050 7047 7061
f 7055 6965 7043
f 7056 7052 7044
f 7042 6968 7054
f 7045 7047 7053
f 7056 6966 6995
f 7040 7059 7064
f 7129 7058 7041
f 7059 7058 7129
f 7074 7065 6997
f 7073 7000 6996
f 7074 7099 7103
f 7073 7070 7102
f 7045 6967 6816
f 7074 7078 7076
f 7075 7077 7073
f 7100 7071 7096
f 7079 7081 7105
f 7071 7100 7083
f 7082 7101 7072
f 7079 7076 7081
f 6998 7084 7072
f 7073 7077 7000
f 7094 7096 7071
f 7093 7067 7072
f 7068 7110 7094
f 7097 7111 7067
f 7069 7103 7091
f 7090 7102 7070
f 7108 7091 7092
f 7110 7106 7092
f 7111 7097 7090
f 7071 6999 7038
f 7037 6998 7072
f 7145 7148 7185
f 7118 7039 6811
f 6812 7040 7119
f 7139 7120 7121
f 7114 7118 6811
f 7126 7118 7137
f 7139 7121 7124
f 7125 7122 7123
f 7131 7039 7118
f 7132 7127 7119
f 7120 7042 7063
f 7116 7122 7128
f 7129 7041 7128
f 7132 7040 7064
f 7199 7134 7116
f 7135 7134 7199
f 7203 7141 7133
f 7202 7115 7135
f 7151 7143 7065
f 7150 7070 7066
f 7151 7172 7175
f 7150 7147 7162
f 7116 7041 6816
f 7151 7155 7153
f 7152 7154 7150
f 7173 7148 7168
f 7156 7158 7177
f 7148 7173 7158
f 7159 7174 7149
f 7156 7153 7158
f 7157 7152 7176
f 7067 7160 7149
f 7150 7154 7070
f 7166 7168 7148
f 7165 7144 7149
f 7145 7182 7170
f 7169 7183 7144
f 7146 7175 7163
f 7164 7162 7181
f 7182 7178 7163
f 7183 7169 7164
f 7148 7068 7113
f 7112 7067 7149
f 7215 7218 7253
f 7190 7114 6811
f 6812 7115 7187
f 7186 7190 6811
f 7192 7195 7210
f 7197 7190 7210
f 7192 7193 7195
f 7196 7194 7209
f 7201 7114 7190
f 7202 7198 7187
f 7192 7117 7200
f 7191 7194 7199
f 7200 7117 7141
f 7187 7206 7273
f 7269 7205 7188
f 7206 7205 7269
f 7221 7212 7143
f 7220 7147 7142
f 7221 7244 7247
f 7220 7217 7234
f 7191 7116 6816
f 7221 7225 7223
f 7222 7224 7220
f 7245 7218 7241
f 7226 7229 7249
f 7218 7245 7231
f 7230 7246 7219
f 7226 7223 7229
f 7228 7222 7227
f 7144 7232 7219
f 7220 7224 7147
f 7239 7241 7218
f 7238 7214 7219
f 7215 7302 7237
f 7242 7301 7214
f 7216 7247 7235
f 7250 7235 7237
f 7236 7234 7251
f 7302 7300 7237
f 7301 7242 7236
f 7218 7145 7185
f 7184 7144 7219
f 7281 7284 7323
f 7258 7186 6811
f 6812 7187 7259
f 7279 7261 7262
f 7254 7258 6811
f 7268 7258 7277
f 7279 7262 7265
f 7266 7263 7264
f 7272 7186 7258
f 7273 7267 7259
f 7261 7189 7211
f 7260 7263 7269
f 7335 7275 7256
f 7336 7274 7276
f 7340 7339 7276
f 7338 7255 7275
f 7287 6697 7212
f 7286 7217 7213
f 7287 7314 7317
f 7286 7282 7303
f 7260 7188 6816
f 7287 7291 7289
f 7288 7290 7286
f 7315 7284 7310
f 7292 7294 7319
f 7284 7315 7296
f 7295 7316 7285
f 7292 7289 7294
f 7293 7288 7318
f 7214 7297 7285
f 7286 7290 7217
f 7308 7310 7284
f 7307 7280 7285
f 7281 7321 7312
f 7311 7320 7280
f 7283 7317 7304
f 7364 7304 7306
f 7305 7303 7363
f 7321 7364 7306
f 7320 7311 7305
f 7284 7215 7253
f 7252 7214 7285
f 6776 7350 6809
f 7326 6746 7347
f 7324 7254 6811
f 6812 7255 7325
f 7349 7327 7328
f 6744 7324 6741
f 7333 7324 7345
f 7349 7328 7331
f 7332 7329 7330
f 7340 7254 7324
f 7341 7334 7325
f 7327 7257 7336
f 7326 7329 7337
f 7335 7256 7337
f 7341 7255 7338
f 6775 6743 7325
f 7344 6744 7342
f 6774 6745 7346
f 7352 7282 6698
f 6697 7373 7377
f 7352 6778 7376
f 7327 6745 6817
f 7326 7256 6816
f 6697 7356 7354
f 7353 7355 7352
f 7374 7350 7370
f 7357 7359 7379
f 7350 7374 7359
f 7360 7375 7351
f 7357 7354 7359
f 7280 7361 7351
f 7352 7355 7282
f 7368 7370 7350
f 7367 6777 7351
f 6776 6801 6808
f 7371 6802 6777
f 6779 7377 7366
f 7365 7376 6778
f 6796 7366 6808
f 6802 7371 7365
f 6817 6745 6896
f 6587 6810 6816
f 7350 7281 7323
f 7322 7280 7351
f 6843 6895 6870
f 6869 7380 6842
f 6817 6811 6831
f 6830 6812 6816
f 7395 7400 7399
f 7396 7394 7387
f 7405 7406 7404
f 7384 7391 7390
f 7402 7388 7389
f 7392 7405 7385
f 7404 7385 7405
f 7400 7389 7388
f 7409 7410 7412
f 7449 7427 7448
f 7429 7424 7423
f 7431 7429 7428
f 7433 7431 7430
f 7434 7435 7437
f 7426 7417 7416
f 7438 7419 7418
f 7441 7442 7440
f 7446 7444 7443
f 7437 7438 7436
f 7452 7453 7449
f 7424 7426 7425
f 7451 7450 7446
f 7427 7450 7454
f 7440 7453 7452
f 7444 7442 7447
f 7417 7435 7434
f 7419 7433 7432
f 7471 7474 7473
f 7474 7476 7475
f 7470 7480 7478
f 7482 7483 7481
f 7463 7467 7466
f 7479 7481 7483
f 7485 7463 7486
f 7468 7464 7465
f 7487 7466 7467
f 7484 7465 7464
f 7462 7486 7463
f 7477 7476 7482
f 7519 7501 7502
f 7505 7498 7503
f 7507 7505 7504
f 7456 7455 7509
f 7499 7500 7508
f 7457 7414 7413
f 7513 7511 7510
f 7516 7520 7515
f 7509 7457 7458
f 7517 7513 7512
f 7523 7519 7518
f 7497 7498 7500
f 7525 7520 7521
f 7501 7525 7524
f 7511 7523 7522
f 7515 7517 7514
f 7415 7508 7455
f 7414 7507 7506
f 7536 7540 7541
f 7538 7544 7543
f 7546 7549 7548
f 7539 7537 7547
f 7552 7553 7555
f 7531 7535 7534
f 7549 7550 7551
f 7555 7556 7554
f 7535 7557 7534
f 7540 7534 7557
f 7540 7557 7541
f 7553 7552 7533
f 7530 7554 7556
f 7544 7551 7550
f 7488 7561 7560
f 7593 7574 7575
f 7577 7571 7570
f 7579 7577 7576
f 7581 7579 7578
f 7528 7527 7526
f 7573 7492 7493
f 7583 7490 7491
f 7587 7585 7584
f 7590 7594 7589
f 7527 7583 7582
f 7591 7587 7586
f 7597 7593 7592
f 7571 7573 7572
f 7599 7594 7595
f 7574 7599 7598
f 7585 7597 7596
f 7589 7591 7588
f 7492 7528 7529
f 7490 7581 7580
f 7611 7614 7610
f 7613 7616 7615
f 7616 7618 7617
f 7621 7559 7558
f 7612 7621 7620
f 7623 7558 7622
f 7625 7626 7624
f 7605 7609 7608
f 7559 7622 7558
f 7610 7606 7607
f 7629 7614 7628
f 7629 7610 7614
f 7624 7607 7606
f 7604 7627 7626
f 7619 7618 7623
f 7666 7644 7645
f 7647 7641 7640
f 7649 7647 7646
f 7651 7649 7648
f 7653 7655 7654
f 7642 7643 7565
f 7600 7563 7562
f 7659 7657 7656
f 7663 7661 7660
f 7655 7600 7601
f 7664 7659 7658
f 7670 7666 7665
f 7641 7643 7642
f 7667 7663 7662
f 7672 7667 7668
f 7644 7672 7671
f 7657 7670 7669
f 7660 7661 7664
f 7565 7653 7652
f 7563 7651 7650
f 7686 7683 7689
f 7688 7692 7691
f 7692 7694 7693
f 7695 7697 7696
f 7687 7695 7630
f 7701 7702 7700
f 7681 7685 7684
f 7697 7698 7699
f 7686 7682 7683
f 7700 7683 7682
f 7680 7703 7702
f 7694 7699 7698
f 7631 7709 7708
f 7738 7721 7722
f 7724 7718 7717
f 7726 7724 7723
f 7728 7726 7725
f 7675 7673 7674
f 7720 7635 7636
f 7677 7634 7633
f 7732 7730 7729
f 7735 7739 7734
f 7673 7677 7678
f 7736 7732 7731
f 7742 7738 7737
f 7718 7720 7719
f 7744 7739 7740
f 7721 7744 7743
f 7730 7742 7741
f 7733 7734 7736
f 7635 7675 7676
f 7634 7728 7727
f 7761 7764 7765
f 7763 7767 7766
f 7767 7769 7768
f 7771 7706 7705
f 7762 7771 7707
f 7773 7705 7772
f 7775 7776 7774
f 7755 7759 7758
f 7706 7772 7705
f 7760 7756 7757
f 7774 7757 7756
f 7770 7769 7773
f 7810 7791 7792
f 7794 7788 7787
f 7796 7794 7793
f 7798 7796 7795
f 7747 7745 7746
f 7789 7790 7712
f 7749 7711 7710
f 7802 7800 7799
f 7806 7804 7803
f 7745 7749 7750
f 7808 7802 7801
f 7814 7810 7809
f 7788 7790 7789
f 7811 7806 7805
f 7816 7811 7812
f 7791 7816 7815
f 7800 7814 7813
f 7804 7808 7807
f 7712 7747 7748
f 7711 7798 7797
f 7826 7829 7830
f 7828 7832 7831
f 7832 7834 7833
f 7835 7837 7836
f 7827 7835 7778
f 7841 7842 7840
f 7821 7824 7823
f 7837 7838 7839
f 7825 7841 7822
f 7840 7822 7841
f 7834 7839 7838
f 7779 7782 7848
f 7880 7856 7857
f 7859 7853 7852
f 7861 7859 7858
f 7863 7861 7860
f 7817 7866 7865
f 7855 7864 7783
f 7868 7781 7780
f 7872 7870 7869
f 7876 7874 7873
f 7866 7868 7867
f 7878 7872 7871
f 7884 7880 7879
f 7853 7855 7854
f 7881 7876 7875
f 7886 7881 7882
f 7856 7886 7885
f 7870 7884 7883
f 7874 7878 7877
f 7864 7817 7818
f 7780 7781 7863
f 7901 7904 7903
f 7904 7906 7905
f 7909 7911 7910
f 7900 7909 7908
f 7913 7914 7912
f 7916 7917 7915
f 7894 7897 7896
f 7911 7912 7914
f 7898 7916 7895
f 7915 7895 7916
f 7907 7906 7913
f 7848 7922 7844
f 7953 7932 7933
f 7934 7929 7928
f 7935 7936 7934
f 7938 7936 7935
f 7940 7887 7888
f 7931 7941 7847
f 7889 7846 7845
f 7945 7943 7942
f 7949 7947 7946
f 7887 7889 7890
f 7951 7945 7944
f 7957 7953 7952
f 7929 7931 7930
f 7954 7949 7948
f 7959 7954 7955
f 7932 7959 7958
f 7943 7957 7956
f 7947 7951 7950
f 7941 7940 7939
f 7846 7938 7937
f 7412 7488 7489
f 7561 7631 7632
f 7709 7782 7779
f 7382 7892 7753
f 7970 7988 8007
f 8007 8009 8006
f 8004 7990 7991
f 7983 7981 7980
f 7978 7983 7982
f 7984 7920 7919
f 7981 7984 7921
f 7920 7986 7985
f 7986 7978 7979
f 7989 7968 7977
f 7990 8011 8012
f 7972 7974 7973
f 7976 7988 7987
f 8000 7998 7997
f 8002 8000 7999
f 7994 8002 8001
f 7996 8003 7925
f 7963 7924 7923
f 7961 7960 7963
f 7998 7996 7995
f 8003 7960 7962
f 7924 7994 7993
f 8013 8004 8005
f 7974 7976 7975
f 7844 7922 8574
f 7968 8013 7969
f 8011 7989 8010
f 8009 7972 7971
f 8017 8019 8018
f 8056 8032 8033
f 8034 8035 8029
f 8038 8035 8036
f 8040 8042 8041
f 8031 8023 8022
f 8044 8025 8024
f 8048 8046 8045
f 8052 8050 8049
f 8042 8044 8043
f 8054 8048 8047
f 8060 8056 8055
f 8029 8031 8030
f 8057 8052 8051
f 8062 8057 8058
f 8032 8062 8061
f 8046 8060 8059
f 8050 8054 8053
f 8023 8040 8039
f 8025 8038 8037
f 8080 8077 8076
f 8082 8080 8079
f 8084 8015 8014
f 8077 8084 8083
f 8072 8068 8069
f 8015 8086 8085
f 8090 8088 8089
f 8071 8075 8074
f 8091 8072 8073
f 8075 8091 8078
f 8088 8071 8070
f 8068 8090 8089
f 8086 8082 8081
f 8127 8104 8105
f 8107 8101 8100
f 8109 8107 8106
f 8111 8109 8108
f 8063 8115 8114
f 8103 8113 8112
f 8065 8021 8020
f 8119 8117 8116
f 8123 8121 8120
f 8115 8065 8066
f 8125 8119 8118
f 8131 8127 8126
f 8101 8103 8102
f 8128 8123 8122
f 8133 8128 8129
f 8104 8133 8132
f 8117 8131 8130
f 8121 8125 8124
f 8113 8063 8064
f 8021 8111 8110
f 8151 8148 8147
f 8153 8151 8150
f 8155 8157 8156
f 8148 8155 8154
f 8157 8159 8158
f 8163 8161 8162
f 8143 8146 8145
f 8164 8140 8144
f 8146 8164 8149
f 8161 8143 8142
f 8141 8140 8163
f 8159 8153 8152
f 8092 8169 8168
f 8183 8177 8176
f 8185 8183 8182
f 8187 8185 8184
f 8136 8135 8134
f 8178 8179 8096
f 8189 8094 8095
f 8193 8191 8190
f 8197 8195 8194
f 8135 8189 8188
f 8199 8193 8192
f 8203 8180 8200
f 8177 8179 8178
f 8201 8197 8196
f 8205 8201 8204
f 8181 8180 8205
f 8191 8203 8202
f 8195 8199 8198
f 8096 8136 8137
f 8094 8187 8186
f 8219 8216 8215
f 8221 8219 8218
f 8223 8167 8166
f 8216 8223 8222
f 8211 8208 8209
f 8167 8225 8224
f 8208 8227 8228
f 8210 8214 8213
f 8229 8211 8212
f 8214 8229 8217
f 8227 8210 8226
f 8225 8221 8220
f 8266 8267 8244
f 8247 8241 8240
f 8249 8247 8246
f 8251 8249 8248
f 8253 8255 8254
f 8243 8173 8172
f 8206 8171 8170
f 8259 8257 8256
f 8263 8261 8260
f 8255 8206 8207
f 8265 8259 8258
f 8270 8257 8267
f 8241 8243 8242
f 8268 8263 8262
f 8271 8268 8269
f 8244 8271 8245
f 8261 8265 8264
f 8173 8253 8252
f 8170 8171 8251
f 8285 8289 8290
f 8291 8292 8287
f 8294 8292 8293
f 8295 8297 8296
f 8288 8295 8231
f 8282 8279 8280
f 8297 8299 8296
f 8279 8301 8302
f 8281 8285 8284
f 8287 8288 8286
f 8303 8282 8283
f 8289 8303 8290
f 8301 8281 8300
f 8298 8299 8294
f 8232 8309 8308
f 8338 8320 8337
f 8322 8317 8316
f 8324 8322 8321
f 8326 8324 8323
f 8274 8272 8273
f 8319 8236 8237
f 8276 8235 8234
f 8330 8328 8327
f 8334 8332 8331
f 8272 8276 8277
f 8336 8330 8329
f 8341 8328 8338
f 8317 8319 8318
f 8339 8334 8333
f 8343 8339 8340
f 8320 8343 8342
f 8332 8336 8335
f 8236 8274 8275
f 8235 8326 8325
f 8362 8359 8358
f 8364 8362 8361
f 8365 8306 8305
f 8359 8365 8307
f 8354 8351 8352
f 8306 8367 8366
f 8351 8369 8370
f 8353 8357 8356
f 8371 8354 8355
f 8357 8371 8360
f 8369 8353 8368
f 8367 8364 8363
f 8403 8386 8402
f 8388 8383 8382
f 8390 8388 8387
f 8392 8390 8389
f 8346 8344 8345
f 8385 8312 8313
f 8348 8311 8310
f 8396 8394 8393
f 8400 8398 8397
f 8344 8348 8349
f 8401 8396 8395
f 8406 8394 8403
f 8383 8385 8384
f 8404 8400 8399
f 8408 8404 8405
f 8386 8408 8407
f 8397 8398 8401
f 8312 8346 8347
f 8310 8311 8392
f 8420 8423 8424
f 8426 8422 8421
f 8428 8426 8425
f 8429 8431 8430
f 8422 8429 8373
f 8417 8414 8415
f 8431 8433 8432
f 8414 8435 8436
f 8416 8420 8419
f 8437 8417 8418
f 8423 8437 8424
f 8435 8416 8434
f 8433 8428 8427
f 8374 8440 8439
f 8472 8450 8451
f 8453 8447 8446
f 8455 8453 8452
f 8457 8455 8454
f 8409 8459 8458
f 8449 8378 8379
f 8461 8377 8376
f 8468 8466 8465
f 8459 8461 8460
f 8470 8463 8464
f 8476 8472 8471
f 8447 8449 8448
f 8473 8468 8467
f 8478 8473 8474
f 8450 8478 8477
f 8462 8463 8476
f 8466 8470 8469
f 8378 8409 8410
f 8377 8457 8456
f 8495 8492 8491
f 8497 8495 8494
f 8499 8501 8500
f 8492 8499 8498
f 8502 8501 8503
f 8487 8484 8485
f 8484 8505 8506
f 8486 8490 8489
f 8507 8487 8488
f 8490 8507 8493
f 8505 8486 8504
f 8503 8497 8496
f 8439 8440 8512
f 8541 8522 8523
f 8525 8519 8518
f 8524 8526 8525
f 8527 8528 8526
f 8530 8479 8480
f 8521 8443 8531
f 8481 8479 8442
f 8534 8535 8533
f 8538 8539 8537
f 8544 8541 8540
f 8519 8521 8520
f 8542 8539 8538
f 8545 8522 8542
f 8532 8533 8544
f 8537 8535 8536
f 8443 8530 8529
f 8441 8442 8528
f 8019 8092 8093
f 8138 8139 7967
f 8168 8169 8232
f 8308 8309 8374
f 8555 8553 8552
f 8557 8555 8554
f 8558 8509 8508
f 8553 8558 8510
f 8509 8560 8559
f 8560 8557 8556
f 8571 8568 8567
f 8572 8573 8571
f 8565 8573 8572
f 8548 8546 8547
f 8569 8570 8515
f 8550 8514 8513
f 8546 8550 8551
f 8568 8570 8569
f 8515 8548 8549
f 8514 8565 8566
f 8563 8561 8562
f 8561 8017 8016
f 7967 8563 8564
f 8512 8578 8579
f 7891 7752 8575
f 8575 7752 7965
f 7965 7992 8574
f 7892 7891 8575
f 7386 7382 7459
f 8577 7410 7409
f 7460 7461 7459
f 7459 7461 7386
f 8483 8413 8576
f 8278 8413 8483
f 8576 8579 8578
f 8138 8278 8483
f 7396 7392 7397
f 7382 7391 7384
f 7391 7395 7397
f 7391 7400 7395
f 7398 7399 7407
f 7390 7399 7388
f 7401 7386 7392
f 7387 7394 7393
f 7385 7404 7479
f 7478 7408 7406
f 7406 7408 7483
f 7404 7383 7481
f 7409 7411 7422
f 7410 7417 7412
f 7452 7448 7422
f 7459 7387 7393
f 7422 7448 7423
f 7424 7427 7412
f 7405 7392 7386
f 7459 7393 7385
f 7445 7421 7451
f 7454 7428 7448
f 7421 7432 7430
f 7431 7433 7420
f 7451 7428 7454
f 7451 7430 7428
f 7429 7431 7450
f 7449 7412 7427
f 7420 7433 7419
f 7417 7426 7412
f 7421 7445 7443
f 7420 7414 7444
f 7413 7443 7447
f 7442 7444 7414
f 7415 7456 7439
f 7440 7455 7412
f 7442 7509 7455
f 7441 7456 7458
f 7415 7422 7411
f 7471 7468 7472
f 7382 7467 7463
f 7466 7475 7477
f 7467 7474 7472
f 7487 7473 7466
f 7467 7476 7474
f 7473 7475 7466
f 7467 7384 7482
f 7466 7477 7481
f 7478 7405 7468
f 7480 7470 7469
f 7550 7486 7462
f 7465 7484 7546
f 7545 7548 7485
f 7486 7549 7546
f 7485 7548 7551
f 7411 7489 7496
f 7522 7518 7496
f 7523 7492 7488
f 7459 7385 7469
f 7496 7502 7497
f 7498 7501 7488
f 7464 7468 7386
f 7459 7469 7465
f 7516 7495 7521
f 7524 7503 7502
f 7495 7506 7504
f 7505 7507 7494
f 7521 7503 7524
f 7525 7498 7520
f 7521 7504 7503
f 7498 7505 7520
f 7502 7496 7518
f 7519 7488 7501
f 7494 7507 7414
f 7508 7500 7488
f 7495 7516 7514
f 7494 7490 7515
f 7517 7515 7490
f 7493 7529 7510
f 7511 7528 7492
f 7529 7526 7512
f 7513 7527 7528
f 7512 7526 7582
f 7513 7517 7583
f 7493 7496 7489
f 7460 7421 7495
f 7494 7420 8577
f 7539 7532 7541
f 7382 7535 7531
f 7557 7538 7541
f 7557 7535 7544
f 7540 7542 7534
f 7557 7544 7538
f 7542 7543 7534
f 7535 7463 7551
f 7534 7543 7550
f 7545 7464 7532
f 7547 7537 7536
f 7622 7554 7530
f 7533 7552 7621
f 7620 7558 7555
f 7554 7559 7621
f 7560 7568 7493
f 7492 7569 7561
f 7596 7592 7568
f 7597 7565 7569
f 7459 7465 7536
f 7568 7575 7570
f 7571 7574 7569
f 8575 7536 7533
f 7590 7566 7595
f 7598 7576 7575
f 7566 7580 7578
f 7579 7581 7567
f 7595 7576 7598
f 7599 7577 7594
f 7595 7578 7576
f 7577 7579 7594
f 7575 7568 7592
f 7593 7569 7574
f 7567 7581 7490
f 7492 7573 7569
f 7566 7590 7588
f 7567 7563 7589
f 7591 7589 7563
f 7564 7652 7584
f 7585 7653 7565
f 7652 7654 7586
f 7587 7655 7653
f 7586 7654 7601
f 7587 7591 7600
f 7564 7568 7560
f 7561 7569 7565
f 7602 7494 8577
f 7603 8577 7459
f 7494 7602 7567
f 7382 7609 7605
f 7629 7616 7610
f 7628 7617 7619
f 7609 7616 7629
f 7614 7615 7628
f 7609 7618 7616
f 7615 7617 7628
f 7609 7531 7623
f 7608 7619 7622
f 7620 7532 7610
f 7621 7612 7611
f 7698 7627 7604
f 7607 7624 7695
f 7630 7696 7626
f 7624 7697 7695
f 7626 7696 7699
f 7624 7627 7698
f 7560 7632 7639
f 7561 7565 7631
f 7669 7665 7639
f 7670 7635 7631
f 8575 7533 7611
f 7639 7645 7640
f 7641 7644 7631
f 7606 7610 7386
f 8575 7611 7607
f 7662 7638 7668
f 7671 7646 7645
f 7638 7650 7648
f 7649 7651 7637
f 7668 7646 7671
f 7672 7647 7667
f 7668 7648 7646
f 7647 7649 7667
f 7645 7639 7665
f 7666 7631 7644
f 7637 7651 7563
f 7565 7643 7631
f 7638 7662 7660
f 7637 7634 7661
f 7633 7660 7658
f 7664 7661 7634
f 7636 7676 7656
f 7657 7675 7635
f 7676 7674 7658
f 7659 7673 7675
f 7658 7674 7678
f 7659 7664 7677
f 7636 7639 7632
f 7460 7566 7638
f 7679 7602 7603
f 7602 7679 7637
f 7688 7686 7690
f 7382 7685 7681
f 7685 7692 7690
f 7685 7694 7692
f 7691 7693 7704
f 7685 7605 7699
f 7684 7693 7698
f 7630 7606 7686
f 7695 7687 7683
f 7772 7703 7680
f 7683 7700 7771
f 7707 7705 7702
f 7700 7706 7771
f 7700 7703 7772
f 7632 7708 7716
f 7631 7635 7709
f 7741 7737 7716
f 7742 7712 7709
f 8575 7607 7683
f 7716 7722 7717
f 7718 7721 7709
f 7682 7686 7386
f 7735 7715 7740
f 7743 7723 7722
f 7715 7727 7725
f 7726 7728 7714
f 7740 7723 7743
f 7744 7724 7739
f 7740 7725 7723
f 7724 7726 7739
f 7722 7716 7737
f 7738 7709 7721
f 7714 7728 7634
f 7635 7720 7709
f 7715 7735 7733
f 7714 7711 7734
f 7710 7733 7731
f 7736 7734 7711
f 7713 7748 7729
f 7730 7747 7712
f 7748 7746 7731
f 7732 7745 7747
f 7731 7746 7750
f 7732 7736 7749
f 7713 7716 7708
f 7460 7638 7715
f 7751 7679 7603
f 7461 7460 7965
f 7386 7461 7752
f 7679 7751 7714
f 7381 7753 7758
f 7763 7760 7765
f 7382 7759 7755
f 7777 7768 7770
f 7759 7767 7765
f 7759 7769 7767
f 7766 7768 7777
f 7759 7681 7773
f 7758 7770 7772
f 7707 7682 7760
f 7771 7762 7761
f 7757 7774 7835
f 7778 7836 7776
f 7774 7837 7835
f 7776 7836 7839
f 7774 7754 7838
f 7708 7779 7786
f 7709 7712 7782
f 7813 7809 7786
f 8575 7683 7761
f 7786 7792 7787
f 7788 7791 7782
f 7756 7760 7386
f 8575 7761 7757
f 7805 7785 7812
f 7815 7793 7792
f 7785 7797 7795
f 7796 7798 7784
f 7812 7793 7815
f 7816 7794 7811
f 7812 7795 7793
f 7794 7796 7811
f 7792 7786 7809
f 7810 7782 7791
f 7784 7798 7711
f 7712 7790 7782
f 7785 7805 7803
f 7784 7781 7804
f 7780 7803 7807
f 7808 7804 7781
f 7783 7818 7799
f 7800 7817 7782
f 7818 7865 7801
f 7802 7866 7817
f 7801 7865 7867
f 7802 7808 7868
f 7783 7786 7779
f 7965 7715 7785
f 7819 7751 7603
f 7751 7819 7784
f 7828 7825 7830
f 7382 7824 7821
f 7824 7832 7830
f 7824 7834 7832
f 7831 7833 7843
f 7824 7755 7839
f 7823 7833 7838
f 7778 7756 7825
f 7835 7827 7826
f 7822 7840 7909
f 7908 7910 7842
f 7840 7911 7909
f 7842 7910 7914
f 7840 7820 7912
f 7779 7844 7851
f 7883 7879 7851
f 7386 7891 7825
f 8575 7757 7826
f 7851 7857 7852
f 7853 7856 7848
f 7841 7825 7891
f 8575 7826 7822
f 7875 7850 7882
f 7885 7858 7857
f 7850 7862 7860
f 7861 7863 7849
f 7882 7858 7885
f 7886 7859 7881
f 7882 7860 7858
f 7859 7861 7881
f 7857 7851 7879
f 7880 7848 7856
f 7849 7863 7781
f 7864 7855 7848
f 7850 7875 7873
f 7849 7846 7874
f 7845 7873 7877
f 7878 7874 7846
f 7847 7939 7869
f 7870 7940 7848
f 7939 7888 7871
f 7872 7887 7940
f 7871 7888 7890
f 7872 7878 7889
f 7847 7851 7844
f 7849 7819 7603
f 7891 7386 7752
f 7965 7927 7923
f 7897 7892 7382
f 7901 7898 7902
f 7892 7897 7894
f 7918 7905 7907
f 7897 7904 7902
f 7897 7906 7904
f 7903 7905 7918
f 7897 7821 7913
f 7896 7907 7912
f 7908 7841 7898
f 7909 7900 7899
f 7895 7915 7984
f 7921 7919 7917
f 7915 7920 7984
f 7917 7919 7985
f 7915 7893 7986
f 7956 7952 7844
f 8575 7822 7899
f 7844 7933 7928
f 7929 7932 7922
f 7916 7898 7891
f 8575 7899 7895
f 7948 7927 7955
f 7958 7928 7933
f 7927 7937 7935
f 7936 7938 7926
f 7955 7928 7958
f 7959 7934 7954
f 7955 7935 7928
f 7934 7936 7954
f 7933 7844 7952
f 7953 7922 7932
f 7926 7938 7846
f 7941 7931 7922
f 7927 7948 7946
f 7926 7924 7947
f 7923 7946 7950
f 7951 7947 7924
f 7925 7962 7942
f 7943 7960 7922
f 7962 7961 7944
f 7944 7961 7964
f 7945 7951 7963
f 7927 7965 7850
f 7849 7603 7926
f 7979 7894 7985
f 7921 7916 7980
f 7844 7992 7995
f 8575 7895 7981
f 8562 8041 8043
f 8044 8042 8561
f 7891 7979 7982
f 7983 7978 8575
f 7975 7977 7969
f 7966 8005 7991
f 8005 7973 7969
f 8005 7971 7973
f 7974 7972 8013
f 8005 7966 8008
f 8004 7972 8009
f 7988 7976 7968
f 7989 8011 8084
f 8083 8014 8012
f 8011 8015 8084
f 8012 8014 8085
f 8011 7990 8086
f 8017 8023 8019
f 8059 8055 8018
f 8563 7988 7968
f 8018 8033 8028
f 8029 8032 8019
f 8010 7977 8564
f 8563 7968 7989
f 8051 8027 8058
f 8061 8034 8033
f 8027 8037 8036
f 8035 8038 8026
f 8058 8034 8061
f 8062 8035 8057
f 8058 8036 8034
f 8033 8018 8055
f 8056 8019 8032
f 8026 8038 8025
f 8023 8031 8019
f 8027 8051 8049
f 8026 8021 8050
f 8020 8049 8053
f 8054 8050 8021
f 8018 8064 8045
f 8046 8063 8019
f 8064 8114 8047
f 8048 8115 8063
f 8047 8114 8066
f 8048 8054 8065
f 8076 8074 8078
f 7966 8073 8069
f 8073 8079 8078
f 8073 8081 8079
f 8080 8082 8091
f 8073 7991 8085
f 8072 8082 8086
f 8083 8010 8074
f 8084 8077 8075
f 8159 8090 8068
f 8071 8088 8155
f 8154 8156 8089
f 8088 8157 8155
f 8089 8156 8158
f 8088 8090 8159
f 8130 8126 8093
f 8131 8096 8092
f 8563 7989 8075
f 8093 8105 8100
f 8101 8104 8092
f 8070 8074 8564
f 8563 8075 8071
f 8122 8099 8129
f 8132 8106 8105
f 8099 8110 8108
f 8109 8111 8098
f 8129 8106 8132
f 8133 8107 8128
f 8129 8108 8106
f 8107 8109 8128
f 8105 8093 8126
f 8127 8092 8104
f 8098 8111 8021
f 8112 8018 8093
f 8113 8103 8092
f 8018 8112 8064
f 8099 8122 8120
f 8098 8094 8121
f 8095 8120 8124
f 8125 8121 8094
f 8097 8137 8116
f 8117 8136 8096
f 8137 8134 8118
f 8119 8135 8136
f 8118 8134 8188
f 8119 8125 8189
f 8562 8027 8099
f 8098 8026 8561
f 8144 8138 7966
f 7967 8139 8140
f 8147 8145 8149
f 8138 8144 8141
f 8165 8144 8152
f 8165 8150 8149
f 8165 8152 8150
f 8151 8153 8164
f 8144 8069 8158
f 8140 8153 8159
f 8154 8070 8145
f 8155 8148 8146
f 8225 8163 8140
f 8143 8161 8223
f 8222 8166 8162
f 8161 8167 8223
f 8162 8166 8224
f 8161 8163 8225
f 8092 8096 8169
f 8202 8200 8168
f 8203 8173 8169
f 8563 8071 8146
f 8168 8181 8176
f 8177 8180 8169
f 8142 8145 8564
f 8563 8146 8143
f 8196 8174 8204
f 8204 8182 8181
f 8174 8186 8184
f 8185 8187 8175
f 8205 8183 8201
f 8204 8184 8182
f 8183 8185 8201
f 8181 8168 8200
f 8175 8187 8094
f 8096 8179 8169
f 8174 8196 8194
f 8175 8171 8195
f 8170 8194 8198
f 8199 8195 8171
f 8172 8252 8190
f 8191 8253 8173
f 8252 8254 8192
f 8193 8255 8253
f 8192 8254 8207
f 8193 8199 8206
f 8562 8099 8174
f 8175 8098 8561
f 8215 8213 8217
f 8138 8212 8209
f 8230 8212 8220
f 8230 8218 8217
f 8230 8220 8218
f 8219 8221 8229
f 8212 8141 8224
f 8211 8221 8225
f 8222 8142 8213
f 8223 8216 8214
f 8210 8227 8295
f 8231 8296 8228
f 8227 8297 8295
f 8227 8208 8299
f 8169 8173 8232
f 8270 8266 8233
f 8257 8236 8232
f 8564 8278 8213
f 8563 8143 8214
f 8233 8245 8240
f 8241 8244 8232
f 8226 8213 8278
f 8563 8214 8210
f 8262 8239 8269
f 8239 8250 8248
f 8249 8251 8238
f 8269 8246 8245
f 8271 8247 8268
f 8269 8248 8246
f 8247 8249 8268
f 8245 8233 8266
f 8267 8232 8244
f 8238 8251 8171
f 8173 8243 8232
f 8239 8262 8260
f 8238 8235 8261
f 8234 8260 8264
f 8265 8261 8235
f 8237 8275 8256
f 8257 8274 8236
f 8275 8273 8258
f 8259 8272 8274
f 8258 8273 8277
f 8259 8265 8276
f 8562 8174 8239
f 8238 8175 8561
f 8278 8564 8067
f 8286 8284 8290
f 8288 8287 8289
f 8138 8283 8280
f 8304 8283 8293
f 8303 8292 8294
f 8304 8291 8290
f 8304 8293 8291
f 8283 8209 8298
f 8282 8294 8299
f 8231 8226 8284
f 8295 8288 8285
f 8281 8301 8365
f 8307 8305 8302
f 8301 8306 8365
f 8302 8305 8366
f 8301 8279 8367
f 8232 8236 8309
f 8341 8337 8308
f 8328 8312 8309
f 8563 8210 8285
f 8308 8337 8316
f 8317 8320 8309
f 8300 8284 8278
f 8563 8285 8281
f 8333 8315 8340
f 8342 8321 8337
f 8315 8325 8323
f 8324 8326 8314
f 8340 8321 8342
f 8343 8322 8339
f 8340 8323 8321
f 8322 8324 8339
f 8338 8309 8320
f 8314 8326 8235
f 8236 8319 8309
f 8315 8333 8331
f 8314 8311 8332
f 8310 8331 8335
f 8336 8332 8311
f 8313 8347 8327
f 8328 8346 8312
f 8347 8345 8329
f 8330 8344 8346
f 8329 8345 8349
f 8330 8336 8348
f 8350 8238 8561
f 8238 8350 8314
f 8358 8356 8360
f 8138 8355 8352
f 8372 8355 8363
f 8372 8361 8360
f 8372 8363 8361
f 8362 8364 8371
f 8355 8280 8366
f 8354 8364 8367
f 8307 8300 8356
f 8365 8359 8357
f 8353 8369 8429
f 8373 8430 8370
f 8369 8431 8429
f 8370 8430 8432
f 8369 8351 8433
f 8309 8312 8374
f 8406 8402 8375
f 8394 8378 8374
f 8563 8281 8357
f 8375 8402 8382
f 8383 8386 8374
f 8368 8356 8278
f 8563 8357 8353
f 8399 8381 8405
f 8407 8387 8402
f 8381 8391 8389
f 8390 8392 8380
f 8405 8387 8407
f 8408 8388 8404
f 8405 8389 8387
f 8388 8390 8404
f 8403 8374 8386
f 8380 8392 8311
f 8312 8385 8374
f 8381 8399 8397
f 8380 8377 8398
f 8376 8397 8395
f 8401 8398 8377
f 8379 8410 8393
f 8394 8409 8378
f 8410 8458 8395
f 8396 8459 8409
f 8395 8458 8460
f 8396 8401 8461
f 8562 8315 8381
f 8412 8411 8350
f 8067 8562 8576
f 8412 8561 8483
f 8350 8411 8380
f 8482 8445 8441
f 8421 8419 8424
f 8138 8418 8415
f 8438 8418 8427
f 8438 8425 8424
f 8438 8427 8425
f 8426 8428 8437
f 8418 8352 8432
f 8417 8428 8433
f 8373 8368 8419
f 8429 8422 8420
f 8416 8435 8499
f 8498 8500 8436
f 8435 8501 8499
f 8436 8500 8502
f 8435 8414 8501
f 8374 8378 8440
f 8475 8471 8439
f 8476 8443 8440
f 8563 8353 8420
f 8439 8451 8446
f 8447 8450 8440
f 8434 8419 8278
f 8483 8420 8416
f 8467 8445 8474
f 8477 8452 8451
f 8445 8456 8454
f 8455 8457 8444
f 8474 8452 8477
f 8478 8453 8473
f 8474 8454 8452
f 8453 8455 8473
f 8451 8439 8471
f 8472 8440 8450
f 8444 8457 8377
f 8378 8449 8440
f 8445 8467 8465
f 8444 8442 8466
f 8441 8465 8469
f 8470 8466 8442
f 8439 8529 8462
f 8463 8530 8443
f 8529 8480 8464
f 8463 8479 8530
f 8464 8480 8481
f 8463 8470 8479
f 8576 8381 8482
f 8412 8517 8411
f 8445 8482 8381
f 8411 8517 8444
f 8491 8489 8493
f 8138 8488 8485
f 8488 8494 8493
f 8488 8496 8494
f 8495 8497 8507
f 8488 8415 8502
f 8487 8497 8503
f 8498 8434 8489
f 8499 8492 8490
f 8501 8414 8503
f 8486 8505 8558
f 8510 8508 8506
f 8505 8509 8558
f 8506 8508 8559
f 8505 8484 8560
f 8440 8443 8512
f 8532 8540 8511
f 8544 8515 8512
f 8483 8416 8490
f 8511 8523 8518
f 8519 8522 8512
f 8504 8489 8278
f 8483 8490 8486
f 8538 8482 8543
f 8545 8524 8523
f 8482 8527 8524
f 8526 8528 8517
f 8543 8524 8545
f 8522 8525 8542
f 8525 8526 8542
f 8523 8511 8540
f 8541 8512 8522
f 8517 8528 8442
f 8531 8439 8511
f 8443 8521 8512
f 8439 8531 8529
f 8482 8538 8536
f 8517 8514 8537
f 8535 8537 8514
f 8516 8549 8532
f 8533 8548 8515
f 8549 8547 8534
f 8535 8546 8548
f 8534 8547 8551
f 8562 8039 8041
f 8042 8040 8561
f 8485 8556 8138
f 8016 8022 8039
f 8040 8023 8017
f 8556 8485 8559
f 8510 8504 8552
f 7992 7999 7997
f 7998 8000 8574
f 8579 8569 8516
f 8515 8570 8578
f 8278 8552 8504
f 8486 8553 8483
f 7891 7982 7980
f 7981 7983 8575
f 7992 8001 7999
f 8000 8002 8574
f 7992 7997 7995
f 7996 7998 8574
f 7965 7993 8001
f 8002 7994 7603
f 7966 8564 8006
f 8563 8009 8007
f 8563 8007 7988
f 8562 8043 8024
f 8025 8044 8561
f 8564 7987 7970
f 8513 8566 8576
f 8514 8517 8412
f 8576 8566 8572
f 8573 8565 8412
f 7409 7416 7434
f 7435 7417 7410
f 7460 7434 7436
f 7437 7435 8577
f 7438 7437 8577
f 7459 7402 7387
f 7460 7436 7418
f 7419 7438 8577
f 8278 8556 8554
f 8555 8557 8483
f 8579 8567 8569
f 8570 8568 8578
f 8278 8554 8552
f 8553 8555 8483
f 7459 7388 7402
f 8579 8572 8567
f 8571 8573 8578
f 8568 8571 8578
f 8612 8615 8616
f 8614 8618 8617
f 8618 8620 8619
f 8586 8622 8588
f 8613 8622 8621
f 8584 8587 8585
f 8606 8610 8609
f 8588 8585 8587
f 8625 8624 8626
f 8611 8607 8608
f 8610 8628 8627
f 8623 8608 8607
f 8605 8625 8626
f 8586 8621 8622
f 8620 8584 8585
f 8663 8644 8645
f 8647 8641 8640
f 8649 8647 8646
f 8651 8649 8648
f 8595 8597 8598
f 8643 8591 8592
f 8599 8593 8594
f 8655 8653 8652
f 8659 8657 8656
f 8597 8599 8600
f 8661 8655 8654
f 8667 8663 8662
f 8641 8643 8642
f 8664 8659 8658
f 8669 8664 8665
f 8644 8669 8668
f 8653 8667 8666
f 8657 8661 8660
f 8591 8595 8596
f 8593 8651 8650
f 8680 8683 8684
f 8682 8686 8685
f 8686 8688 8687
f 8689 8691 8690
f 8681 8689 8629
f 8695 8696 8694
f 8674 8678 8677
f 8691 8692 8693
f 8679 8675 8676
f 8678 8699 8698
f 8694 8676 8675
f 8673 8697 8696
f 8688 8693 8692
f 8630 8700 9299
f 8736 8713 8714
f 8716 8710 8709
f 8718 8716 8715
f 8720 8718 8717
f 8670 8722 8721
f 8712 8634 8635
f 8724 8633 8632
f 8728 8726 8725
f 8732 8730 8729
f 8722 8724 8723
f 8734 8728 8727
f 8740 8736 8735
f 8710 8712 8711
f 8737 8732 8731
f 8742 8737 8738
f 8713 8742 8741
f 8726 8740 8739
f 8730 8734 8733
f 8634 8670 8671
f 8633 8720 8719
f 8752 8755 8756
f 8754 8758 8757
f 8758 8760 8759
f 8762 8764 8763
f 8753 8762 8761
f 8764 8765 8766
f 8768 8772 8771
f 8751 8776 8775
f 8750 8770 8774
f 8767 8775 8776
f 8769 8771 8772
f 8760 8766 8765
f 8700 9298 9299
f 8805 8787 8788
f 8790 8784 8783
f 8792 8790 8789
f 8794 8792 8791
f 8796 8743 8744
f 8786 8704 8703
f 8745 8702 8701
f 8800 8798 8797
f 8801 8806 8778
f 8743 8745 8746
f 8803 8800 8799
f 8779 8805 8804
f 8784 8786 8785
f 8810 8806 8807
f 8787 8810 8809
f 8798 8779 8808
f 8778 8803 8802
f 8704 8796 8795
f 8702 8794 8793
f 8581 9203 8747
f 8589 8630 8631
f 8582 8581 8580
f 8602 8589 8590
f 8601 8604 8602
f 8604 8603 8583
f 8583 8603 8582
f 8827 8830 8847
f 8829 8832 8831
f 8832 8834 8833
f 8837 8840 8839
f 8828 8837 8838
f 8823 8841 8822
f 8843 8844 8842
f 8817 8825 8824
f 8840 8822 8841
f 8826 8819 8818
f 8825 8846 8848
f 8842 8818 8819
f 8816 8845 8844
f 8836 8838 8837
f 8835 8834 8823
f 8852 8854 8853
f 8896 8871 8872
f 8874 8868 8867
f 8876 8874 8873
f 8878 8876 8875
f 8880 8882 8881
f 8870 8860 8859
f 8884 8862 8861
f 8888 8886 8885
f 8892 8890 8889
f 8882 8884 8883
f 8894 8888 8887
f 8900 8896 8895
f 8868 8870 8869
f 8897 8892 8891
f 8902 8897 8898
f 8871 8902 8901
f 8886 8900 8899
f 8890 8894 8893
f 8860 8880 8879
f 8862 8878 8877
f 8916 8919 8935
f 8918 8921 8920
f 8921 8923 8922
f 8926 8850 8849
f 8917 8926 8925
f 8928 8929 8927
f 8931 8932 8930
f 8910 8914 8913
f 8850 8927 8929
f 8915 8911 8912
f 8914 8934 8936
f 8930 8912 8911
f 8909 8933 8932
f 8924 8923 8928
f 8967 8948 8949
f 8951 8945 8944
f 8953 8951 8950
f 8955 8953 8952
f 8903 8957 8956
f 8947 8857 8858
f 8905 8856 8855
f 8960 8959 8958
f 8964 8962 8961
f 8957 8905 8906
f 8965 8962 8960
f 8971 8967 8966
f 8945 8947 8946
f 8968 8964 8963
f 8973 8968 8969
f 8948 8973 8972
f 8959 8971 8970
f 8857 8903 8904
f 8856 8955 8954
f 8985 8988 9004
f 8987 8990 8989
f 8990 8992 8991
f 8994 8996 8995
f 8986 8994 8993
f 9000 9001 8999
f 8979 8983 8982
f 8996 8997 8998
f 8984 8980 8981
f 8983 9003 9005
f 8999 8981 8980
f 8978 9002 9001
f 8992 8998 8997
f 8854 9011 9010
f 9045 9024 9025
f 9027 9021 9020
f 9029 9027 9026
f 9031 9029 9028
f 8976 8975 8974
f 9022 9023 9032
f 9034 8938 8939
f 9038 9036 9035
f 9041 9042 9040
f 8975 9034 9033
f 9043 9038 9037
f 9048 9045 9044
f 9021 9023 9022
f 9050 9042 9046
f 9024 9050 9049
f 9036 9048 9047
f 9040 9043 9039
f 9032 8976 8977
f 8938 9031 9030
f 9062 9066 9079
f 9064 9068 9067
f 9068 9070 9069
f 9072 9007 9006
f 9065 9063 9073
f 9075 9076 9074
f 9056 9060 9059
f 9007 9009 9008
f 9061 9057 9058
f 9060 9078 9080
f 9074 9058 9057
f 9055 9077 9076
f 9070 9008 9009
f 9118 9097 9098
f 9100 9094 9093
f 9102 9100 9099
f 9104 9102 9101
f 9106 9108 9107
f 9096 9015 9014
f 9051 9013 9012
f 9111 9110 9109
f 9115 9113 9112
f 9108 9051 9052
f 9116 9113 9111
f 9122 9118 9117
f 9094 9096 9095
f 9119 9115 9114
f 9124 9119 9120
f 9097 9124 9123
f 9110 9122 9121
f 9015 9106 9105
f 9012 9013 9104
f 9139 9142 9141
f 9142 9144 9143
f 9081 9147 9146
f 9138 9081 9145
f 9150 9151 9149
f 9136 9134 9135
f 9152 9133 9154
f 9155 9154 9140
f 9149 9135 9134
f 9132 9153 9151
f 9144 9082 9148
f 9189 9170 9171
f 9173 9167 9166
f 9175 9173 9172
f 9177 9175 9174
f 9127 9125 9126
f 9168 9169 9087
f 9129 9086 9085
f 9181 9179 9178
f 9185 9183 9182
f 9125 9129 9130
f 9187 9181 9180
f 9193 9189 9188
f 9167 9169 9168
f 9190 9185 9184
f 9195 9190 9191
f 9170 9195 9194
f 9179 9193 9192
f 9183 9187 9186
f 9087 9127 9128
f 9085 9086 9177
f 9211 9214 9227
f 9213 9216 9215
f 9216 9218 9217
f 9158 9157 9156
f 9212 9158 9219
f 9223 9224 9222
f 9205 9209 9208
f 9157 9220 9221
f 9210 9206 9207
f 9209 9226 9228
f 9222 9207 9206
f 9204 9225 9224
f 9218 9221 9220
f 9261 9242 9243
f 9245 9239 9238
f 9247 9245 9244
f 9249 9247 9246
f 9198 9196 9197
f 9241 9250 9162
f 9200 9161 9160
f 9253 9254 9252
f 9258 9256 9255
f 9197 9196 9200
f 9264 9261 9260
f 9239 9241 9240
f 9262 9258 9257
f 9266 9262 9263
f 9242 9266 9265
f 9252 9264 9251
f 9256 9254 9259
f 9250 9198 9199
f 9161 9249 9248
f 9277 9281 9296
f 9278 9279 9283
f 9283 9284 9282
f 9229 9288 9287
f 9280 9229 9286
f 9292 9293 9291
f 9271 9275 9274
f 9288 9289 9290
f 9276 9272 9273
f 9278 9280 9279
f 9275 9295 9297
f 9291 9273 9272
f 9270 9294 9293
f 9284 9290 9289
f 9230 9299 9298
f 9336 9312 9313
f 9315 9309 9308
f 9317 9315 9314
f 9319 9317 9316
f 9267 9322 9321
f 9311 9320 9234
f 9324 9233 9232
f 9328 9326 9325
f 9332 9330 9329
f 9322 9324 9323
f 9334 9328 9327
f 9340 9336 9335
f 9309 9311 9310
f 9337 9332 9331
f 9342 9337 9338
f 9312 9342 9341
f 9326 9340 9339
f 9330 9334 9333
f 9320 9267 9268
f 9232 9233 9319
f 9351 9355 9375
f 9353 9357 9356
f 9357 9359 9358
f 9361 9364 9363
f 9354 9352 9362
f 9368 8777 9367
f 9370 9349 9348
f 9364 9365 9366
f 9350 9374 9373
f 9349 9372 9376
f 9367 9373 9374
f 9369 9371 8777
f 9359 9366 9365
f 9403 9385 9386
f 9388 9382 9381
f 9389 9390 9388
f 9392 9390 9389
f 9394 9343 9344
f 9384 9303 9302
f 9345 9301 9300
f 9400 9398 9397
f 9343 9345 9346
f 9401 9396 8811
f 9407 9403 9402
f 9382 9384 9383
f 9404 9400 9399
f 9409 9404 9405
f 9385 9409 9408
f 9395 9396 9407
f 9398 9401 8812
f 9303 9394 9393
f 9301 9392 9391
f 9011 9083 9084
f 9083 9230 9231
f 9203 8815 8747
f 8820 8815 8814
f 9410 9411 8852
f 8907 9411 9410
f 9410 8820 8908
f 8672 8636 8632
f 8614 8611 8616
f 8581 8610 8606
f 8628 8610 8620
f 8628 8618 8616
f 8628 8620 8618
f 8617 8619 8627
f 8609 8619 8585
f 8621 8582 8611
f 8622 8613 8612
f 8692 8625 8605
f 8608 8623 8689
f 8629 8690 8624
f 8625 8691 8689
f 8624 8690 8693
f 8590 8631 8638
f 8589 8591 8639
f 8666 8662 8638
f 8667 8634 8639
f 8638 8645 8640
f 8641 8644 8639
f 8607 8611 8582
f 8583 8612 8608
f 8658 8636 8665
f 8668 8646 8645
f 8636 8650 8648
f 8649 8651 8637
f 8665 8646 8668
f 8669 8647 8664
f 8665 8648 8646
f 8647 8649 8664
f 8645 8638 8662
f 8663 8639 8644
f 8637 8651 8593
f 8591 8643 8639
f 8636 8658 8656
f 8637 8633 8657
f 8632 8656 8660
f 8661 8657 8633
f 8635 8671 8652
f 8653 8670 8634
f 8671 8721 8654
f 8655 8722 8670
f 8654 8721 8723
f 8655 8661 8724
f 8635 8638 8631
f 8630 8639 8634
f 8604 8601 8672
f 8636 8672 8601
f 8682 8679 8684
f 8581 8678 8674
f 8699 8678 8688
f 8699 8686 8684
f 8699 8688 8686
f 8685 8687 8698
f 8678 8606 8693
f 8677 8687 8692
f 8629 8607 8679
f 8689 8681 8680
f 8765 8697 8673
f 8676 8694 8762
f 8761 8763 8696
f 8694 8764 8762
f 8696 8763 8766
f 8694 8697 8765
f 8631 9299 8707
f 8630 8634 8708
f 8739 8735 8707
f 8740 8704 8708
f 8583 8608 8680
f 8707 8714 8709
f 8710 8713 8708
f 8675 8679 8582
f 8583 8680 8676
f 8731 8706 8738
f 8741 8715 8714
f 8706 8719 8717
f 8718 8720 8705
f 8738 8715 8741
f 8742 8716 8737
f 8738 8717 8715
f 8716 8718 8737
f 8714 8707 8735
f 8736 8708 8713
f 8705 8720 8633
f 8634 8712 8708
f 8706 8731 8729
f 8705 8702 8730
f 8701 8729 8733
f 8734 8730 8702
f 8703 8795 8725
f 8726 8796 8704
f 8795 8744 8727
f 8728 8743 8796
f 8727 8744 8746
f 8728 8734 8745
f 8703 8707 9299
f 8700 8708 8704
f 8604 8672 8706
f 8602 8705 8637
f 8813 8781 8802
f 8775 8749 8752
f 8770 9203 8581
f 8580 8747 8750
f 8754 8751 8756
f 8774 8770 8760
f 8774 8758 8756
f 8774 8760 8758
f 8757 8759 8773
f 8770 8674 8766
f 8750 8759 8765
f 8761 8675 8751
f 8762 8753 8752
f 8750 8747 8769
f 8772 9203 8770
f 8776 8748 8768
f 8768 9367 8772
f 8700 8704 8782
f 8808 8804 9299
f 8582 8748 8751
f 8583 8676 8752
f 9299 8788 8783
f 8784 8787 8782
f 8801 8781 8807
f 8809 8789 8788
f 8781 8793 8791
f 8792 8794 8780
f 8807 8789 8809
f 8810 8790 8806
f 8807 8791 8789
f 8790 8792 8806
f 8788 9299 8804
f 8805 8782 8787
f 8780 8794 8702
f 8704 8786 8782
f 8781 8801 8802
f 9299 9396 8797
f 8800 8811 8798
f 8800 8803 8812
f 9298 8782 8779
f 8604 8706 8813
f 8780 8705 8602
f 8908 8603 8604
f 9410 8602 8583
f 8748 8582 8603
f 8781 8813 8706
f 8590 8592 8596
f 8595 8591 8589
f 8601 8596 8598
f 8597 8595 8602
f 8582 8586 8587
f 8588 8622 8583
f 8602 8599 8597
f 8585 8588 8583
f 8602 8593 8599
f 8581 8582 8587
f 8824 8822 8814
f 8815 8823 8825
f 8830 8827 8828
f 8816 8824 8814
f 8830 8831 8848
f 8835 8824 8848
f 8830 8828 8831
f 8832 8829 8847
f 8823 8834 8825
f 8827 8821 8837
f 8826 8829 8838
f 8836 8820 8838
f 8817 8844 8929
f 8925 8843 8819
f 8844 8843 8925
f 8927 8850 8842
f 8866 8854 8852
f 8865 8859 8851
f 8866 8896 8900
f 8865 8858 8899
f 8866 8870 8868
f 8867 8869 8865
f 8897 8863 8892
f 8871 8874 8902
f 8863 8897 8876
f 8875 8898 8864
f 8871 8868 8874
f 8873 8867 8872
f 8861 8877 8864
f 8865 8869 8859
f 8890 8892 8863
f 8889 8855 8864
f 8856 8905 8894
f 8893 8906 8855
f 8857 8900 8886
f 8885 8899 8858
f 8903 8886 8888
f 8887 8885 8904
f 8905 8957 8888
f 8906 8893 8887
f 8863 8862 8907
f 9410 8861 8864
f 8913 8816 8814
f 8815 8817 8914
f 8919 8916 8917
f 8909 8913 8814
f 8919 8920 8936
f 8924 8913 8936
f 8919 8917 8920
f 8921 8918 8935
f 8927 8816 8913
f 8928 8923 8914
f 8916 8818 8926
f 8915 8918 8925
f 8928 8817 8929
f 8910 8932 8998
f 8993 8931 8911
f 8932 8931 8993
f 8997 8996 8930
f 8943 8858 8853
f 8854 8967 8971
f 8943 8940 8970
f 8915 8819 8820
f 8854 8947 8945
f 8944 8946 8943
f 8968 8941 8964
f 8948 8951 8973
f 8941 8968 8953
f 8952 8969 8942
f 8948 8945 8951
f 8950 8944 8949
f 8855 8954 8942
f 8943 8946 8858
f 8962 8964 8941
f 8961 8939 8942
f 8938 9034 8962
f 8965 9033 8939
f 8854 8971 8959
f 8958 8970 8940
f 8976 8959 8960
f 9034 8975 8960
f 9033 8965 8958
f 8941 8856 8863
f 8864 8855 8942
f 9013 9017 9053
f 8982 8909 8814
f 8815 8910 8983
f 8988 8985 8986
f 8978 8982 8814
f 8988 8989 9005
f 8991 8982 9005
f 8988 8986 8989
f 8990 8987 9004
f 8997 8909 8982
f 8998 8992 8983
f 8985 8912 8994
f 8984 8987 8993
f 8979 9001 9008
f 9071 9000 8980
f 9001 9000 9071
f 9009 9007 8999
f 9019 9011 8854
f 8940 8937 9010
f 9019 9045 9048
f 9018 9014 9047
f 8984 8911 8820
f 9019 9023 9021
f 9020 9022 9018
f 9024 9027 9050
f 9017 9042 9029
f 9028 9046 9016
f 9024 9021 9027
f 9026 9020 9025
f 8939 9030 9016
f 9019 8854 9032
f 9018 9022 8940
f 8976 9032 8854
f 9040 9042 9017
f 9039 9012 9016
f 9013 9051 9043
f 9039 9052 9012
f 9015 9048 9036
f 9035 9047 9014
f 9106 9036 9038
f 9037 9035 9105
f 9051 9108 9038
f 9052 9039 9037
f 8907 8604 9053
f 9017 8938 8941
f 8942 8939 9016
f 9086 9089 9131
f 9059 8978 8814
f 8815 8979 9060
f 9066 9062 9063
f 9079 9064 9065
f 9055 9059 9054
f 9066 9067 9080
f 9069 9059 9080
f 9066 9063 9067
f 9068 9064 9079
f 9009 8978 9059
f 9008 9070 9060
f 9062 8981 9073
f 9061 9065 9071
f 9073 8981 9072
f 9056 9076 9082
f 9145 9075 9057
f 9076 9075 9145
f 9092 9083 9011
f 9091 9014 9010
f 9092 9118 9122
f 9091 9088 9121
f 9061 8980 8820
f 9092 9096 9094
f 9093 9095 9091
f 9119 9089 9115
f 9097 9100 9124
f 9089 9119 9102
f 9101 9120 9090
f 9097 9094 9100
f 9099 9093 9098
f 9012 9103 9090
f 9091 9095 9014
f 9113 9115 9089
f 9112 9085 9090
f 9086 9129 9113
f 9116 9130 9085
f 9087 9122 9110
f 9109 9121 9088
f 9127 9110 9111
f 9129 9125 9111
f 9130 9116 9109
f 9089 9013 9053
f 9016 9012 9090
f 9161 9163 9202
f 8815 9056 9133
f 9155 9054 9152
f 9137 9141 9155
f 9143 9054 9155
f 9137 9138 9141
f 9142 9139 9140
f 9148 9055 9054
f 9082 9144 9133
f 9137 9058 9081
f 9136 9139 9145
f 9132 9152 9054
f 9133 9151 9221
f 9219 9150 9134
f 9151 9150 9219
f 9220 9157 9149
f 9165 9088 9084
f 9083 9189 9193
f 9165 9162 9192
f 9136 9057 8820
f 9083 9169 9167
f 9166 9168 9165
f 9190 9163 9185
f 9170 9173 9195
f 9163 9190 9175
f 9174 9191 9164
f 9170 9167 9173
f 9172 9166 9171
f 9085 9176 9164
f 9165 9168 9088
f 9183 9185 9163
f 9182 9160 9164
f 9161 9200 9187
f 9186 9201 9160
f 9083 9193 9179
f 9178 9192 9162
f 9198 9179 9181
f 9180 9178 9199
f 9200 9196 9181
f 9201 9186 9180
f 9163 9086 9131
f 9090 9085 9164
f 9233 9235 9269
f 9208 9132 9054
f 8815 9133 9209
f 9214 9211 9212
f 9204 9208 9203
f 9214 9215 9228
f 9217 9208 9228
f 9214 9212 9215
f 9216 9213 9227
f 9220 9132 9208
f 9221 9218 9209
f 9211 9135 9158
f 9210 9213 9219
f 9205 9224 9290
f 9286 9223 9206
f 9224 9223 9286
f 9289 9288 9222
f 9237 9162 9159
f 9230 9261 9264
f 9237 9234 9251
f 9210 9134 8820
f 9230 9241 9239
f 9238 9240 9237
f 9262 9235 9258
f 9242 9245 9266
f 9235 9262 9247
f 9246 9263 9236
f 9242 9239 9245
f 9244 9238 9243
f 9160 9248 9236
f 9230 9083 9250
f 9237 9240 9162
f 9198 9250 9083
f 9256 9258 9235
f 9255 9232 9236
f 9233 9324 9254
f 9259 9323 9232
f 9230 9264 9252
f 9267 9252 9254
f 9253 9251 9268
f 9324 9322 9254
f 9323 9259 9253
f 9235 9161 9202
f 9164 9160 9236
f 9301 9304 9347
f 9274 9204 9203
f 8815 9205 9275
f 9281 9277 9280
f 9270 9274 9203
f 9281 9282 9297
f 9285 9274 9297
f 9281 9278 9282
f 9283 9279 9296
f 9289 9204 9274
f 9290 9284 9275
f 9277 9207 9229
f 9276 9279 9286
f 9271 9293 9366
f 9360 9292 9272
f 9293 9292 9360
f 9365 9364 9291
f 9307 9299 9230
f 9306 9234 9231
f 9307 9336 9340
f 9306 9302 9339
f 9276 9206 8820
f 9307 9311 9309
f 9308 9310 9306
f 9337 9304 9332
f 9312 9315 9342
f 9304 9337 9317
f 9316 9338 9305
f 9312 9309 9315
f 9314 9308 9313
f 9232 9318 9305
f 9307 9230 9320
f 9306 9310 9234
f 9267 9320 9230
f 9330 9332 9304
f 9329 9300 9305
f 9301 9345 9334
f 9333 9346 9300
f 9303 9340 9326
f 9325 9339 9302
f 9394 9326 9328
f 9327 9325 9393
f 9345 9343 9328
f 9346 9333 9327
f 9304 9233 9269
f 9236 9232 9305
f 8802 9377 8813
f 9350 8749 9374
f 9348 9270 9203
f 8815 9271 9349
f 9355 9351 9352
f 9375 9353 9354
f 9355 9356 9376
f 9358 9348 9376
f 9355 9352 9356
f 9357 9353 9375
f 9365 9270 9348
f 9366 9359 9349
f 9351 9273 9362
f 9350 9354 9360
f 9362 9273 9361
f 9370 8747 9349
f 9369 9203 8772
f 9370 8777 8771
f 8768 8748 9373
f 8767 9368 9374
f 8777 9368 8767
f 9379 9302 9298
f 9380 9403 9407
f 9379 8779 9406
f 9351 8748 8821
f 9350 9272 8820
f 9380 9384 9382
f 9381 9383 9379
f 9404 9377 9400
f 9385 9388 9409
f 9377 9404 9390
f 9389 9405 9378
f 9385 9382 9388
f 9387 9381 9386
f 9300 9391 9378
f 9379 9383 9302
f 9398 9400 9377
f 9397 8778 9378
f 9299 9407 9396
f 9395 9406 8779
f 8811 9395 8798
f 8802 8799 9396
f 8821 8748 8908
f 8583 8749 8820
f 9377 9301 9347
f 9305 9300 9378
f 8860 8852 9411
f 8879 9410 8851
f 8821 8814 8837
f 8836 8815 8820
f 9411 8907 8862
