# Blender 5.0.1
# www.blender.org
o model_017.001
v 0.007242 -0.020119 0.005757
v 0.010930 -0.021032 0.005018
v 0.003815 -0.017491 0.005685
v 0.005079 -0.017008 0.005747
v 0.013579 -0.024131 0.004240
v 0.010817 -0.024335 0.004674
v 0.014683 -0.028052 0.003224
v 0.009493 -0.017249 0.004295
v -0.002011 -0.010612 0.008183
v 0.001511 -0.012467 0.007332
v 0.005541 -0.004693 0.005217
v 0.010462 -0.004361 0.002930
v 0.014220 -0.012682 0.001611
v 0.012691 -0.005582 0.002469
v 0.006322 -0.011943 0.004971
v 0.027243 -0.029553 0.010179
v 0.026802 -0.008841 0.005336
v 0.027002 -0.026188 0.003429
v 0.026252 -0.019233 0.002456
v 0.025803 -0.011163 0.001734
v 0.024244 -0.026945 -0.000729
v 0.024369 -0.010820 -0.000365
v 0.023350 -0.017662 -0.001085
v 0.025475 -0.038856 0.001198
v 0.026717 -0.036646 0.009368
v 0.026094 -0.038260 0.011987
v 0.024403 -0.024007 -0.000639
v 0.026307 -0.037993 0.034919
v 0.027098 -0.016053 0.008723
v 0.027119 -0.015582 0.018944
v 0.027017 -0.028788 0.016960
v 0.026948 -0.036797 0.029448
v 0.027123 -0.023271 0.010708
v 0.027582 -0.033026 0.006094
v 0.026495 -0.026109 0.001827
v 0.027074 -0.027424 0.023760
v 0.026615 -0.033600 0.001670
v 0.024381 -0.034464 -0.000479
v 0.027244 -0.029163 0.031428
v 0.026948 -0.022252 0.024997
v 0.016802 -0.026006 0.002488
v 0.026591 -0.011144 0.024566
v 0.021243 -0.022052 -0.000354
v 0.026687 -0.015137 0.004258
v 0.015395 -0.021878 0.002366
v 0.021861 -0.034862 0.000721
v 0.023295 -0.036264 -0.000271
v 0.026704 -0.033161 0.012041
v 0.025080 -0.038714 -0.000375
v 0.016543 -0.030043 0.002585
v 0.020639 -0.028455 0.000319
v 0.026974 -0.034883 0.018661
v 0.019890 -0.015712 -0.000285
v 0.026734 -0.036114 0.023515
v 0.022448 -0.009875 -0.001225
v 0.025349 -0.039004 0.033768
v 0.025596 -0.038865 0.024258
v 0.024652 -0.039495 0.019610
v 0.026904 -0.032577 0.036092
v 0.024108 0.016871 -0.000982
v 0.026441 0.006321 0.017648
v 0.026692 -0.001095 0.017058
v 0.025993 0.007982 0.002701
v 0.026138 0.005058 0.024026
v 0.026619 0.008061 0.011702
v 0.026348 -0.010755 0.029328
v 0.026553 -0.004704 0.025669
v 0.026081 -0.005229 0.021743
v 0.024426 0.008747 -0.000401
v 0.025775 -0.005091 0.028756
v 0.025991 0.002073 0.026879
v 0.025810 0.017031 0.002840
v 0.026595 -0.001901 0.021357
v 0.026663 0.003904 0.013423
v 0.026831 -0.001083 0.007729
v 0.027137 -0.004562 0.011789
v 0.026995 -0.004693 0.016303
v 0.026156 -0.005178 0.024535
v 0.027182 -0.004359 0.020006
v 0.026113 -0.004664 0.031033
v 0.027186 -0.011639 0.018835
v 0.026770 -0.001028 0.014070
v 0.026675 0.002857 0.006051
v 0.026605 0.007909 0.007500
v 0.026878 0.002230 0.011119
v 0.026348 0.011011 0.012195
v 0.026038 -0.010489 0.033991
v 0.026583 -0.005286 0.017330
v 0.026042 0.010190 0.017725
v 0.026051 0.017628 0.006663
v 0.026365 -0.038377 0.052142
v 0.026891 -0.033710 0.048993
v 0.026714 -0.025041 0.043129
v 0.026776 -0.026154 0.032678
v 0.025014 0.005733 0.037797
v 0.026864 -0.031687 0.041499
v 0.025821 -0.015430 0.046812
v 0.026580 -0.025233 0.051516
v 0.025041 -0.000555 0.041589
v 0.025689 -0.011192 0.042557
v 0.024627 0.001710 0.050012
v 0.025876 -0.014115 0.042893
v 0.025853 -0.012508 0.039092
v 0.026745 -0.020019 0.031143
v 0.026611 -0.036813 0.045272
v 0.026806 -0.037610 0.048625
v 0.025261 -0.002088 0.039526
v 0.024502 -0.007517 0.061905
v 0.025510 -0.002268 0.036101
v 0.025684 0.000467 0.032475
v 0.025731 -0.004512 0.036802
v 0.024368 -0.009610 0.067334
v 0.025434 -0.011932 0.050061
v 0.026301 -0.013990 0.034396
v 0.024576 -0.005176 0.048328
v 0.025084 -0.005324 0.041034
v 0.026130 -0.020313 0.048763
v 0.025425 -0.004642 0.042106
v 0.025199 -0.015130 0.063393
v 0.025540 -0.005172 0.034989
v 0.025239 -0.004357 0.045020
v 0.024854 -0.004525 0.055158
v 0.024796 0.007961 0.038676
v 0.024609 0.007686 0.043888
v 0.024552 0.002464 0.054735
v 0.024495 0.002506 0.058567
v 0.025863 -0.018880 0.057014
v 0.025156 -0.004644 0.048873
v 0.025081 -0.005268 0.044284
v 0.024550 0.005741 0.048462
v 0.025680 -0.008688 0.038354
v 0.025252 -0.008137 0.043960
v 0.025545 -0.013377 0.049813
v 0.024437 -0.005091 0.053340
v 0.024152 -0.005170 0.060557
v 0.027142 -0.036865 0.039937
v 0.024675 -0.001709 0.050662
v 0.026203 -0.038381 0.056862
v 0.025207 -0.012777 0.057297
v 0.025963 -0.022045 0.060743
v 0.024547 0.006053 0.054376
v 0.024385 0.010434 0.047910
v 0.026151 -0.038918 0.064042
v 0.026951 -0.035162 0.057160
v 0.024447 0.010921 0.057707
v 0.024815 0.013769 0.061914
v 0.026778 -0.036879 0.065606
v 0.027168 -0.036909 0.060869
v 0.024273 0.013417 0.046143
v 0.024047 -0.005142 0.066183
v 0.024390 0.011516 0.040575
v 0.025512 0.006320 0.029907
v -0.026421 -0.028815 0.047506
v -0.018353 -0.041792 0.036748
v -0.025147 -0.040228 0.028825
v -0.019972 -0.041497 0.029638
v -0.026601 -0.033542 0.042389
v -0.026547 -0.036642 0.041339
v -0.027123 -0.029834 0.041453
v -0.027449 -0.022723 0.033693
v -0.023985 -0.040944 0.002890
v -0.024801 -0.040577 0.005618
v -0.027074 -0.034356 0.022696
v -0.026416 -0.039277 0.005349
v -0.027743 -0.026263 0.024613
v -0.027092 -0.028652 0.037080
v -0.026776 -0.038619 0.001018
v -0.024442 -0.040815 0.016129
v -0.026463 -0.037723 0.026708
v -0.023963 -0.040737 0.035085
v -0.026048 -0.038807 0.032908
v -0.025933 -0.039958 0.001068
v -0.022055 -0.041105 0.047091
v -0.027550 -0.034589 0.008206
v -0.025401 -0.040148 0.019948
v -0.017718 -0.041872 0.044186
v -0.026233 -0.039229 0.013302
v -0.025154 -0.039483 0.061750
v -0.024083 -0.040547 0.043325
v -0.025312 -0.039625 0.050203
v -0.021250 -0.041334 0.040810
v -0.016621 -0.041984 0.055516
v -0.020047 -0.041591 0.050955
v -0.017175 -0.042021 0.050733
v -0.023191 -0.040857 0.056439
v -0.026571 -0.034870 0.046913
v -0.027370 -0.020349 0.037436
v -0.026636 -0.036485 0.035541
v -0.027889 -0.021056 0.029036
v -0.028353 -0.011711 0.026208
v -0.027715 -0.030080 0.017878
v -0.024222 -0.040436 0.055445
v -0.025180 -0.039260 0.056993
v -0.025519 -0.039470 0.043526
v -0.027484 -0.029456 0.033110
v -0.026168 -0.015420 0.053981
v -0.026815 -0.036572 0.009984
v -0.027578 -0.015471 0.037212
v -0.025554 -0.023351 0.058440
v -0.025741 -0.035988 0.057123
v -0.025460 -0.034885 0.063157
v -0.025804 -0.027500 0.055270
v -0.027017 -0.020606 0.044458
v -0.026129 -0.037971 0.051119
v 0.027057 -0.008552 0.011537
v 0.026977 -0.008988 0.015392
v 0.026272 -0.005061 0.003382
v 0.026801 -0.005075 0.011044
v 0.026718 -0.005193 0.007114
v 0.027115 -0.004543 0.008405
v 0.026348 -0.001374 0.002937
v 0.026381 -0.004326 0.002487
v 0.007737 0.002446 0.003984
v 0.003659 0.001375 0.006127
v 0.012342 0.008530 0.001769
v -0.000533 -0.041936 0.029143
v -0.012718 -0.041868 0.051979
v -0.004507 -0.041944 0.044916
v -0.000801 -0.040373 0.004124
v -0.014323 -0.041771 0.049315
v -0.017105 -0.041429 0.012189
v -0.014444 -0.042193 0.045070
v -0.005025 -0.041056 0.052558
v -0.004657 -0.041517 0.009218
v 0.010195 -0.041219 0.012160
v -0.013092 -0.041843 0.043346
v -0.019961 -0.041571 0.033341
v -0.019465 -0.041269 0.007395
v -0.007521 -0.041660 0.053746
v -0.002846 -0.041919 0.031603
v -0.000941 -0.041564 0.037542
v 0.007084 -0.040542 0.007381
v -0.010543 -0.041794 0.034894
v -0.008598 -0.041235 0.002480
v -0.012925 -0.041589 0.005096
v 0.002135 -0.041234 0.007430
v -0.006241 -0.041387 0.059732
v 0.004250 -0.041140 0.037904
v -0.009642 -0.042203 0.032129
v -0.004263 -0.040545 0.060567
v -0.004578 -0.042008 0.019073
v 0.004149 -0.041483 0.030853
v -0.002753 -0.040915 0.047928
v -0.001328 -0.040517 0.045872
v -0.014110 -0.042169 0.037216
v -0.014380 -0.042022 0.031199
v 0.004563 -0.040003 0.002659
v 0.006961 -0.039605 0.051391
v 0.007170 -0.040648 0.040427
v 0.003717 -0.039836 0.050625
v -0.001861 -0.041957 0.041179
v 0.000499 -0.041010 0.042110
v -0.011493 -0.042093 0.039312
v 0.000410 -0.040277 0.049186
v -0.004756 -0.040801 0.056447
v -0.000951 -0.040280 0.001743
v -0.000253 -0.039841 0.056197
v 0.004581 -0.039301 0.056516
v 0.022838 -0.004382 -0.001392
v 0.024224 -0.004725 -0.000879
v 0.022189 0.000975 -0.001406
v 0.017407 -0.004462 0.000174
v 0.024558 0.003027 -0.000731
v 0.022509 0.005337 -0.001329
v 0.022066 0.018377 -0.001358
v 0.018597 0.016325 -0.000491
v 0.016727 0.009724 0.000056
v 0.007144 0.008775 0.003996
v 0.007677 0.020137 0.004131
v 0.009954 0.016404 0.003029
v 0.019821 0.003961 -0.000917
v 0.006600 0.018643 0.004754
v 0.008710 0.022296 0.003174
v 0.018492 -0.000069 -0.000284
v 0.010347 0.021475 0.003528
v 0.006323 0.016441 0.004670
v 0.015043 0.026451 0.002120
v 0.016080 0.029214 0.001981
v -0.025294 -0.036273 0.067914
v -0.021169 -0.041449 0.076786
v -0.024816 -0.039328 0.074732
v -0.009045 -0.040928 0.070841
v -0.024402 -0.040114 0.070240
v 0.000181 -0.039201 0.064888
v 0.002579 -0.038317 0.074830
v 0.012851 -0.039024 0.071749
v 0.015073 -0.039392 0.069727
v -0.023869 -0.040622 0.067961
v -0.022622 -0.041206 0.088379
v -0.020841 -0.041718 0.085891
v -0.014499 -0.041763 0.072124
v -0.017584 -0.041810 0.082438
v -0.023056 -0.041001 0.082907
v -0.011405 -0.041460 0.068162
v -0.003491 -0.040070 0.063983
v 0.007977 -0.038436 0.073038
v -0.024239 -0.039617 0.082419
v -0.014369 -0.041988 0.062898
v 0.005391 -0.038714 0.065008
v -0.008467 -0.041106 0.065334
v -0.004788 -0.039499 0.074575
v 0.011349 -0.039125 0.062924
v -0.008041 -0.039984 0.080320
v -0.005349 -0.039195 0.078936
v -0.016669 -0.041852 0.077236
v -0.005978 -0.040076 0.072805
v 0.010841 -0.039030 0.073098
v -0.022678 -0.041030 0.062498
v -0.011358 -0.041183 0.074801
v -0.016914 -0.041343 0.060401
v -0.006268 -0.040548 0.067693
v -0.019008 -0.041777 0.062741
v -0.008571 -0.041329 0.061512
v -0.012804 -0.041330 0.077836
v 0.015533 -0.040631 0.008639
v 0.014227 -0.040508 0.040207
v 0.020986 -0.039919 0.004457
v 0.022750 -0.039901 0.053686
v 0.008489 -0.041567 0.038110
v 0.024848 -0.039356 0.039975
v 0.012317 -0.040474 0.002643
v 0.025210 -0.039347 0.050825
v 0.018595 -0.040121 0.047886
v 0.024750 -0.039068 0.007606
v 0.025871 -0.038943 0.043672
v 0.019479 -0.040396 0.027042
v 0.017329 -0.039907 0.054145
v 0.012032 -0.041024 0.029633
v 0.009243 -0.039798 0.047724
v 0.008844 -0.040903 0.006481
v 0.016650 -0.040465 0.003877
v 0.011819 -0.040388 0.046356
v 0.023208 -0.039722 0.033439
v 0.024989 -0.039639 0.059647
v 0.012228 -0.039594 0.054967
v 0.022699 -0.038069 -0.000670
v 0.020160 -0.040179 0.042588
v 0.022204 -0.039814 0.001797
v 0.021415 -0.040301 0.059348
v 0.015108 -0.039486 0.059984
v 0.020991 -0.039240 0.000240
v 0.017602 -0.039721 0.072025
v 0.020710 -0.039999 0.066452
v 0.024313 0.026965 0.016568
v 0.024948 0.021788 0.017035
v 0.024677 0.024858 0.023731
v 0.024925 0.022217 0.019505
v 0.024897 0.011276 0.030681
v 0.024403 0.016965 0.027100
v 0.026062 0.011718 0.019409
v 0.025987 0.008798 0.022707
v 0.024212 0.018820 0.033741
v 0.024411 0.019353 0.022185
v 0.024484 0.020170 0.019168
v 0.025598 0.015208 0.015657
v 0.024698 0.021629 0.016035
v 0.024965 0.038275 0.003426
v 0.025288 0.026784 0.004933
v 0.024242 0.024209 -0.001079
v 0.025459 0.030836 0.002435
v 0.024751 0.038540 0.007121
v 0.024567 0.033098 0.006896
v 0.024112 0.039470 0.008018
v 0.024375 0.031571 0.013938
v 0.024748 0.033763 0.014625
v 0.025392 0.036632 0.000724
v 0.024885 0.027255 0.000079
v 0.024748 0.038875 0.012755
v 0.024964 0.027371 0.023893
v 0.024342 0.025854 0.036116
v 0.024235 0.025061 0.021736
v 0.025755 0.035515 0.035548
v 0.023947 0.029438 0.032570
v 0.025547 0.036043 0.025825
v 0.024282 0.016576 0.036716
v 0.024076 0.021077 0.028347
v 0.025050 0.038173 0.018793
v 0.023724 0.039859 0.025040
v 0.025543 0.033985 0.030792
v 0.024897 0.031335 0.021425
v 0.025531 0.038108 0.031899
v 0.024510 0.020863 0.039527
v 0.024781 0.039024 0.023377
v 0.024375 0.013333 0.035745
v 0.017647 -0.032765 0.000955
v 0.008272 -0.039299 0.000172
v 0.013914 -0.031058 0.001700
v 0.005826 -0.030384 0.002817
v 0.000323 -0.039400 0.000623
v 0.003682 -0.028269 0.003025
v 0.008157 -0.024971 0.003299
v 0.016004 -0.035528 -0.000244
v 0.005592 -0.036159 0.000431
v 0.005542 -0.038169 -0.000072
v 0.013935 -0.038544 -0.000310
v -0.000214 -0.032415 0.001905
v 0.009185 -0.022655 0.004833
v -0.018300 -0.035646 0.000281
v -0.022979 -0.036824 0.000087
v -0.023238 -0.040099 0.000883
v -0.025481 -0.038199 0.000436
v -0.021325 -0.033630 0.001288
v -0.016790 -0.027656 0.002515
v -0.023910 -0.035632 0.001300
v -0.001602 -0.012991 0.005986
v -0.002880 -0.014776 0.004926
v -0.001432 -0.011648 0.007801
v 0.002500 -0.019132 0.003890
v 0.000516 -0.015601 0.005657
v -0.005172 -0.017249 0.004389
v -0.009901 -0.024066 0.002345
v -0.006792 -0.019137 0.003379
v -0.002709 -0.024136 0.002448
v -0.004501 -0.020431 0.002833
v -0.005753 -0.026803 0.001902
v 0.021065 -0.035764 -0.000231
v 0.012397 0.022755 0.131527
v -0.001826 0.025230 0.132135
v 0.002674 0.031964 0.132271
v -0.005605 0.016688 0.132632
v -0.007569 0.019967 0.132449
v -0.005798 0.021266 0.132891
v -0.007187 0.024982 0.132828
v 0.017316 0.025741 0.132041
v 0.010320 0.034108 0.132413
v 0.011292 0.038118 0.133860
v 0.024218 0.037252 0.133880
v 0.014628 0.034596 0.132859
v 0.010828 0.028460 0.132233
v 0.012049 0.026664 0.131835
v 0.026768 0.032999 0.132264
v 0.016573 0.021858 0.131725
v 0.018249 0.026737 0.132672
v 0.016723 0.040690 0.133589
v 0.019904 0.037110 0.134517
v 0.003146 0.022597 0.131537
v 0.026940 0.027825 0.131790
v 0.009747 0.023684 0.131958
v 0.028198 0.025593 0.130241
v 0.014900 0.037236 0.133765
v -0.005814 0.027097 0.133105
v -0.007187 0.038305 0.133368
v 0.007859 0.038975 0.132657
v 0.025960 0.016279 0.132713
v -0.007115 0.041124 0.131835
v 0.021212 0.031847 0.133083
v 0.024373 0.026520 0.132593
v 0.014959 0.028077 0.132202
v 0.026417 0.037402 0.132873
v 0.004879 0.040578 0.132359
v 0.019635 0.020876 0.132237
v -0.006888 0.010541 0.132467
v -0.002848 0.031889 0.132781
v 0.013545 0.026110 0.132297
v 0.026399 0.019416 0.132400
v 0.020790 0.041087 0.132493
v 0.008020 0.040858 0.131320
v 0.008717 0.039690 0.132639
v 0.028176 0.016872 0.122299
v -0.006946 0.013818 0.132501
v 0.028882 0.008186 0.129788
v 0.027892 0.011577 0.131024
v 0.012870 0.023996 0.131809
v 0.028609 0.014703 0.130995
v 0.027712 -0.000881 0.130790
v 0.009465 0.017816 0.131478
v 0.002587 0.008010 0.131006
v 0.004725 0.036497 0.132542
v 0.023487 0.040665 0.132868
v 0.010712 0.014714 0.131523
v 0.027241 0.015534 0.132338
v 0.028250 0.036870 0.129433
v 0.027959 0.030337 0.126553
v 0.027924 0.030547 0.130894
v 0.027984 0.022228 0.126199
v 0.000855 0.012517 0.131165
v 0.028641 0.022703 0.130438
v 0.028752 0.010436 0.128860
v 0.028710 0.018794 0.129754
v 0.025618 0.039855 0.132339
v 0.001361 0.039396 0.133160
v -0.001545 0.040888 0.132520
v 0.026230 0.007345 0.131652
v 0.028309 0.003767 0.129794
v 0.012785 0.041088 0.133149
v 0.023874 0.017052 0.132062
v -0.006937 0.030086 0.133174
v -0.002666 0.036629 0.133340
v -0.007165 0.033346 0.133159
v -0.008022 0.040054 0.131563
v -0.006833 -0.039965 0.000897
v -0.013084 -0.026436 0.001734
v -0.004329 -0.037647 0.000661
v -0.013051 -0.040255 0.001087
v -0.010015 -0.034497 0.000779
v -0.010769 -0.038411 0.000564
v -0.005094 -0.036266 0.001065
v -0.009986 -0.031017 0.000913
v -0.004842 -0.030897 0.001976
v -0.000649 -0.037699 0.000348
v -0.015638 -0.031043 0.000909
v -0.023464 0.024463 0.122629
v -0.022769 0.017152 0.109307
v -0.024293 0.036446 0.114154
v -0.022681 0.014193 0.116590
v -0.022755 0.025664 0.120784
v -0.021240 0.028384 0.126880
v -0.020822 0.025888 0.121149
v -0.020698 0.025306 0.124383
v -0.024176 0.032809 0.112107
v -0.024064 0.030049 0.119451
v -0.022834 0.017887 0.116833
v -0.023977 0.026660 0.119613
v -0.023051 0.032177 0.122525
v -0.023502 0.023072 0.114695
v -0.022217 0.031291 0.125463
v -0.023395 0.030102 0.120294
v -0.023708 0.024832 0.120606
v -0.023329 0.022078 0.110407
v -0.023126 0.022952 0.104828
v -0.023409 0.025295 0.108523
v -0.024016 0.031314 0.109916
v -0.024412 0.031333 0.119422
v -0.021400 0.029252 0.120797
v -0.022322 0.012778 0.103810
v -0.023432 0.038390 0.110513
v -0.024390 0.036047 0.107586
v -0.023054 0.037795 0.129638
v -0.022894 0.039025 0.103521
v -0.023757 0.037019 0.126142
v -0.024352 0.035466 0.121622
v -0.022836 0.034240 0.123995
v -0.024177 0.036970 0.119509
v -0.024327 0.033431 0.128737
v -0.023922 0.036001 0.124900
v -0.023226 0.038296 0.116330
v -0.024598 0.035672 0.129830
v -0.022972 0.031906 0.131799
v -0.022585 0.038617 0.125728
v -0.008585 0.025887 0.132068
v -0.008410 0.029385 0.131989
v -0.008370 0.038426 0.132744
v -0.009638 0.010036 0.130959
v -0.009426 0.015994 0.131127
v -0.008110 0.032156 0.132453
v -0.008128 0.009358 0.131316
v -0.008224 0.013478 0.131385
v -0.008187 0.017627 0.131490
v -0.011893 0.035374 0.133190
v -0.008350 0.022289 0.131532
v -0.012361 0.016913 0.131961
v -0.016033 0.006572 0.130969
v -0.014867 0.027773 0.133198
v -0.007694 0.009025 0.132072
v -0.006254 0.005445 0.132273
v -0.022263 0.031686 0.133525
v -0.023837 0.034918 0.132378
v -0.022965 0.037909 0.132311
v -0.020822 0.037663 0.133973
v -0.019149 0.039963 0.132474
v -0.022997 0.031089 0.132228
v -0.014425 0.039818 0.132663
v -0.023974 0.025681 0.129026
v -0.024049 0.027551 0.131721
v -0.021681 0.027958 0.128518
v -0.023242 0.020276 0.123644
v -0.023800 0.024517 0.125898
v -0.023835 0.020178 0.131982
v -0.022550 0.015356 0.129038
v -0.023244 0.024550 0.133457
v -0.024344 0.033996 0.103004
v -0.024179 0.032998 0.096952
v -0.024589 0.036806 0.097103
v -0.024165 0.037448 0.101009
v -0.023628 0.038688 0.100986
v -0.023713 0.027768 0.092858
v -0.025106 0.031802 0.084227
v -0.021302 0.039789 0.107759
v -0.024152 0.038060 0.091314
v -0.025322 0.035319 0.082702
v -0.024807 0.034110 0.088646
v -0.025083 0.037261 0.085804
v -0.027893 0.032796 0.047260
v -0.027156 0.033726 0.050472
v -0.027259 0.025879 0.046059
v -0.026714 0.037612 0.051602
v -0.027104 0.034974 0.054771
v -0.027163 0.037662 0.048960
v -0.027604 0.035532 0.045824
v -0.026508 0.031394 0.053983
v -0.027064 0.028968 0.047910
v -0.026818 0.036897 0.058075
v -0.027092 0.037140 0.046084
v -0.026988 0.022845 0.051824
v -0.024408 0.006692 0.067984
v -0.023562 0.007585 0.074063
v -0.024230 0.003074 0.068250
v -0.024989 0.001963 0.063279
v -0.026275 0.014239 0.054379
v -0.024974 0.011885 0.063655
v -0.024294 0.004240 0.066856
v -0.025786 0.003992 0.057177
v -0.024048 0.005392 0.071108
v -0.023409 0.004355 0.068542
v -0.025570 0.016321 0.061643
v -0.022746 0.004552 0.073804
v -0.023801 0.003695 0.071529
v -0.026575 -0.002415 0.051267
v -0.024552 -0.005119 0.066212
v -0.027050 0.000546 0.046866
v -0.026508 0.011853 0.051676
v -0.026829 0.003235 0.048760
v -0.021905 0.005794 0.098673
v -0.023044 -0.010918 0.089403
v -0.022925 -0.008629 0.089175
v -0.022246 -0.012362 0.088177
v -0.022466 0.002927 0.086819
v -0.024356 0.000657 0.067193
v -0.022798 0.004064 0.076703
v -0.022608 -0.002664 0.084141
v -0.023237 0.002867 0.076745
v -0.023159 -0.010291 0.104279
v -0.022888 -0.012414 0.102403
v -0.022818 -0.008760 0.108924
v -0.022826 0.010200 0.084806
v -0.024025 -0.020264 0.100120
v -0.023854 -0.001148 0.071870
v -0.022403 0.010089 0.097011
v -0.022009 0.008175 0.097149
v -0.022389 0.006608 0.089419
v -0.022904 0.003361 0.081175
v -0.023297 -0.012261 0.104179
v -0.021832 0.007919 0.101224
v -0.022067 0.008819 0.112511
v -0.023155 -0.011492 0.106897
v -0.023319 -0.010283 0.112963
v -0.023174 0.009693 0.081021
v -0.021443 0.005295 0.113790
v -0.022018 0.007165 0.106965
v -0.021985 0.011026 0.100646
v -0.022954 -0.008865 0.081018
v -0.022212 0.011104 0.094521
v -0.022572 0.011446 0.088938
v -0.023514 -0.014786 0.094669
v -0.021718 0.004639 0.100862
v -0.023144 -0.015811 0.092580
v -0.022318 -0.010018 0.088441
v -0.023508 -0.014678 0.099315
v -0.021964 0.002627 0.113977
v -0.022067 0.006916 0.094916
v -0.023478 -0.015045 0.109994
v -0.023282 -0.007400 0.111956
v -0.023172 0.004432 0.078416
v -0.021678 0.008150 0.107872
v -0.022954 -0.007160 0.098359
v -0.022736 0.014241 0.087276
v -0.022024 -0.003771 0.092459
v -0.023855 -0.017408 0.104053
v -0.023229 -0.004859 0.076495
v -0.021892 0.003316 0.108956
v -0.023585 -0.012744 0.096116
v -0.023002 -0.008497 0.093408
v -0.022627 -0.006999 0.095824
v -0.022864 -0.015945 0.089862
v -0.022158 0.014205 0.098687
v -0.023397 -0.017265 0.093358
v -0.023127 -0.015242 0.104035
v -0.022542 -0.009804 0.084866
v -0.023505 -0.014768 0.090501
v -0.021892 -0.006547 0.091551
v -0.023611 -0.014653 0.088673
v -0.023938 -0.005957 0.071200
v -0.023152 -0.008115 0.091088
v -0.022686 -0.005619 0.094003
v -0.022575 -0.005475 0.087571
v -0.022518 -0.006151 0.105581
v -0.023184 -0.000672 0.077530
v -0.022667 -0.007878 0.100567
v -0.022703 0.006275 0.086467
v -0.021745 0.000453 0.102337
v -0.022040 -0.004006 0.102556
v -0.022102 -0.000051 0.093033
v -0.021717 0.004357 0.093048
v -0.022802 -0.013365 0.107744
v -0.022163 0.002642 0.095069
v -0.023244 -0.015413 0.099825
v -0.021811 -0.003800 0.101098
v -0.022001 -0.003844 0.097021
v -0.022611 -0.014872 0.083779
v -0.022175 0.004032 0.089654
v -0.021881 0.004461 0.095309
v -0.021611 0.005232 0.103930
v -0.021745 0.010097 0.105347
v -0.021909 -0.001591 0.108992
v -0.021780 -0.003427 0.105434
v 0.018085 0.029188 0.000991
v 0.017626 0.031222 0.001162
v 0.020366 0.033360 0.000861
v 0.024406 0.039037 -0.000529
v 0.022823 0.039662 0.000127
v -0.008934 0.041127 0.049835
v 0.017188 0.040816 0.026620
v -0.007735 0.041059 0.057447
v -0.000736 0.041152 0.056312
v -0.022240 0.039940 0.071304
v -0.025274 0.038246 0.068684
v -0.012633 0.040322 0.074029
v -0.018645 0.040478 0.055399
v 0.023860 0.039738 0.035381
v 0.025135 0.038980 0.039188
v 0.023787 0.039832 0.041453
v 0.002973 0.039341 0.071956
v -0.019407 0.040406 0.048850
v 0.025101 0.038952 0.034168
v -0.000610 0.040631 0.062491
v 0.008834 0.041184 0.039701
v 0.016036 0.040562 0.060699
v -0.024417 0.038754 0.056017
v -0.005045 0.041268 0.042142
v -0.018346 0.040540 0.068503
v 0.001449 0.041247 0.035596
v -0.012868 0.040957 0.053487
v -0.023406 0.039515 0.078182
v -0.023970 0.039013 0.050404
v -0.014814 0.040746 0.042161
v 0.017296 0.040785 0.053489
v -0.024847 0.039042 0.061453
v -0.025781 0.037191 0.073872
v -0.010088 0.040544 0.068699
v 0.016777 0.040861 0.037733
v -0.025533 0.036923 0.078960
v 0.002964 0.041343 0.048933
v -0.026203 0.037016 0.064156
v 0.022170 0.040115 0.030637
v -0.025106 0.038661 0.046962
v -0.013204 0.040789 0.062809
v -0.021387 0.039826 0.067499
v 0.024042 0.038188 -0.000779
v 0.024446 0.037203 -0.000453
v 0.020164 0.033870 0.000554
v 0.022357 0.035969 -0.000070
v 0.020824 0.035967 -0.001070
v 0.022806 0.031129 -0.001069
v 0.023508 0.027853 -0.001170
v -0.023247 0.013130 0.080340
v -0.023769 0.015884 0.075462
v -0.024007 0.011611 0.071471
v -0.023706 0.010038 0.076086
v -0.023671 0.019712 0.078886
v -0.023140 0.017082 0.083002
v -0.024191 0.029055 0.086308
v -0.022489 0.019112 0.094369
v -0.023086 0.022095 0.097633
v -0.022903 0.017266 0.093161
v -0.022667 0.019907 0.101248
v -0.022722 0.019912 0.105860
v -0.022838 0.020480 0.091860
v -0.023411 0.025488 0.089677
v -0.022739 0.016647 0.098106
v -0.024017 0.028963 0.104241
v -0.024093 0.029606 0.082361
v -0.023229 0.023379 0.094660
v -0.023713 0.022987 0.080996
v -0.022924 0.019182 0.087259
v 0.024778 0.034023 -0.000827
v -0.023864 -0.039689 0.085188
v -0.023497 -0.031650 0.079745
v -0.023835 -0.026622 0.072203
v -0.025383 -0.032422 0.067928
v -0.023287 -0.027157 0.077069
v -0.024418 -0.035499 0.079046
v -0.026134 -0.004622 0.054650
v -0.025910 -0.010490 0.056832
v -0.026675 -0.007669 0.050059
v -0.025686 -0.004566 0.058082
v -0.026201 0.033391 0.057307
v -0.025331 0.025117 0.065300
v -0.025661 0.019870 0.060662
v -0.024280 0.029508 0.078818
v -0.023607 0.026427 0.078049
v -0.024051 0.022271 0.076149
v -0.026451 0.022054 0.054952
v -0.024558 0.021729 0.069890
v -0.024806 0.033522 0.077047
v -0.025757 0.032465 0.063780
v -0.025413 0.031946 0.070573
v -0.024618 0.026624 0.070234
v -0.027354 0.018144 0.046145
v -0.024472 0.024648 0.072499
v -0.026060 0.036279 0.068507
v -0.025961 0.034453 0.071919
v -0.025367 0.033456 0.068588
v -0.023068 -0.033394 0.120371
v -0.023173 -0.032510 0.115626
v -0.024652 -0.029872 0.096098
v -0.024440 -0.032646 0.099459
v -0.023637 -0.034501 0.109535
v -0.023723 -0.040261 0.100693
v -0.024259 -0.038418 0.112834
v -0.023760 -0.028318 0.113890
v -0.024066 -0.039283 0.101578
v -0.023938 -0.038489 0.120608
v -0.024044 -0.038925 0.108694
v -0.023863 -0.036324 0.100483
v -0.023626 -0.038152 0.124153
v -0.023610 -0.039888 0.116378
v -0.024006 -0.023411 0.107729
v -0.023341 -0.016264 0.088359
v -0.022345 -0.015003 0.088701
v -0.023304 -0.015202 0.077540
v -0.022420 -0.023831 0.089317
v -0.022449 -0.029635 0.091426
v -0.023456 -0.034934 0.088801
v -0.024207 -0.027419 0.093000
v -0.023202 -0.032976 0.093339
v -0.022681 -0.021795 0.087506
v -0.022786 -0.023854 0.081350
v -0.022526 -0.026436 0.089830
v -0.022565 -0.028815 0.085469
v -0.024415 -0.037742 0.092333
v -0.023989 -0.039245 0.097074
v -0.022598 -0.017953 0.086403
v -0.023195 -0.017499 0.088082
v -0.022158 -0.016247 0.088205
v -0.024330 -0.022069 0.091240
v -0.024173 -0.019678 0.091098
v -0.023883 -0.011471 0.071731
v -0.024740 -0.010670 0.065569
v -0.024365 -0.020901 0.067973
v -0.024575 -0.028564 0.067487
v -0.024543 -0.015359 0.065902
v -0.024245 -0.020634 0.070663
v 0.026413 0.015109 0.084807
v 0.026935 0.021365 0.083038
v 0.017361 0.039514 0.074100
v 0.028138 0.036448 0.082847
v 0.026853 0.036836 0.057945
v 0.024981 0.039514 0.072610
v 0.026086 0.033682 0.039285
v 0.026460 0.038370 0.062703
v 0.026453 0.037653 0.052207
v 0.027957 0.023281 0.099689
v 0.018292 0.038723 0.086238
v 0.026909 0.037515 0.067006
v 0.027860 0.032285 0.081356
v 0.026143 0.038898 0.087873
v 0.026390 0.030500 0.052159
v 0.027699 0.030414 0.079006
v 0.022357 0.039968 0.061019
v 0.024040 0.039695 0.055102
v 0.027244 0.036852 0.064956
v 0.024441 0.015550 0.051535
v 0.026822 0.031364 0.060372
v 0.025365 0.015074 0.069265
v 0.024681 0.018132 0.051816
v 0.025604 0.024177 0.054325
v 0.024702 0.039434 0.077983
v 0.007635 0.039039 0.073493
v 0.026004 0.037752 0.042863
v 0.026746 0.025984 0.072976
v 0.024518 0.039402 0.087348
v 0.025838 0.029765 0.045757
v 0.025894 0.022370 0.063325
v 0.027060 0.037611 0.079040
v 0.022089 0.039741 0.072766
v 0.027888 0.028233 0.091395
v -0.006909 0.039467 0.077583
v 0.025801 0.028782 0.049213
v 0.020116 0.039054 0.090976
v 0.027258 0.037476 0.076843
v 0.006196 0.037665 0.086552
v 0.011859 0.037941 0.084932
v 0.028311 0.032736 0.090947
v 0.027998 0.031871 0.099901
v 0.025984 0.038359 0.056264
v 0.027854 0.033211 0.095037
v 0.026840 0.037652 0.072460
v 0.026631 0.037586 0.048804
v 0.024730 0.039516 0.066603
v 0.027493 0.028001 0.085385
v 0.024148 0.039667 0.046166
v 0.026867 0.037893 0.094292
v 0.026891 0.037844 0.100374
v 0.027332 0.037854 0.097781
v 0.025404 0.039361 0.096904
v 0.026186 0.020730 0.069883
v 0.027548 0.022336 0.091595
v -0.008587 -0.023861 0.131987
v -0.007738 -0.010285 0.132189
v -0.008775 -0.009669 0.131131
v -0.016334 -0.023175 0.133752
v -0.013483 -0.016531 0.132940
v -0.010544 -0.019109 0.131930
v -0.008504 -0.017307 0.131699
v -0.008590 -0.013347 0.131454
v -0.008207 -0.011475 0.131723
v -0.020768 -0.033520 0.133768
v -0.023093 -0.027467 0.122416
v -0.018796 -0.024872 0.133056
v -0.020266 -0.025271 0.132297
v -0.024020 -0.018606 0.131142
v -0.023202 -0.017172 0.132158
v -0.022290 -0.037750 0.134071
v -0.022598 -0.027506 0.131929
v -0.024064 -0.024306 0.130591
v -0.023431 -0.037227 0.130600
v -0.022497 -0.030840 0.128518
v -0.023301 -0.040010 0.124240
v -0.023849 -0.037768 0.126939
v -0.022631 -0.031896 0.124833
v -0.022729 -0.034881 0.128325
v -0.023370 -0.020130 0.121049
v -0.015838 -0.026542 0.133759
v -0.023296 -0.032928 0.132131
v -0.022916 -0.022906 0.127655
v -0.023374 -0.039668 0.132211
v -0.020089 0.022900 0.133436
v -0.020663 0.026164 0.133946
v -0.023310 0.015708 0.132907
v -0.020489 0.008694 0.132264
v -0.019177 0.016988 0.132721
v -0.021560 0.014892 0.133269
v -0.022024 0.007365 0.115744
v -0.020222 0.013532 0.123690
v -0.023128 0.010415 0.130494
v -0.022696 0.015724 0.121809
v -0.021744 0.005565 0.120505
v -0.023186 0.011252 0.132416
v -0.020141 0.015233 0.125306
v -0.022149 0.011789 0.121668
v -0.021834 0.005572 0.125809
v -0.022980 0.004878 0.129876
v -0.022228 0.009426 0.129145
v -0.020396 0.014421 0.128358
v -0.022666 0.016327 0.124720
v -0.023920 0.005285 0.131795
v -0.020794 0.008259 0.126566
v -0.022818 0.002477 0.129011
v -0.022494 0.016412 0.126642
v -0.020143 0.011471 0.127811
v -0.021589 0.013681 0.122452
v -0.021723 0.004837 0.125415
v -0.008259 -0.004876 0.130935
v -0.009116 -0.006898 0.130899
v -0.009808 -0.000657 0.130433
v -0.008140 -0.002299 0.130855
v -0.020361 -0.021050 0.132749
v -0.018290 -0.017710 0.133200
v -0.020598 -0.013137 0.132917
v -0.007847 -0.005832 0.131816
v -0.019248 -0.007369 0.132214
v -0.018584 -0.002442 0.131757
v -0.022631 -0.002955 0.132441
v -0.023036 -0.012847 0.132371
v -0.022128 -0.004900 0.123000
v -0.023103 -0.012377 0.119776
v -0.022049 -0.003368 0.124559
v -0.022019 -0.007073 0.123020
v -0.021803 -0.001331 0.116536
v -0.022323 -0.005888 0.116050
v -0.022929 -0.003740 0.127448
v -0.023984 -0.004975 0.131168
v -0.022126 -0.004608 0.121178
v -0.022123 -0.006871 0.121308
v -0.021718 -0.002885 0.118642
v -0.022679 -0.009304 0.115765
v -0.023834 -0.008506 0.131559
v -0.021758 -0.004687 0.117688
v -0.022107 -0.001373 0.125344
v -0.022645 -0.008179 0.125923
v -0.023893 -0.011722 0.131008
v -0.022033 -0.012535 0.124374
v -0.023284 -0.010057 0.128013
v -0.022055 -0.015602 0.123581
v -0.022148 -0.018888 0.125086
v -0.022763 -0.008960 0.122984
v -0.019983 -0.002192 0.132239
v -0.019314 0.001782 0.131678
v -0.020252 0.004680 0.131512
v -0.023945 0.004299 0.131156
v -0.023932 -0.000546 0.131814
v -0.022697 0.000832 0.132423
v -0.013601 0.005021 0.130819
v -0.007685 -0.000390 0.132009
v -0.007735 0.004566 0.131970
v -0.008029 0.005510 0.130946
v -0.007971 0.001810 0.130826
v -0.023020 0.007402 0.132790
v -0.022101 0.004876 0.132310
v -0.015066 0.025267 0.002676
v 0.001911 0.039836 0.002517
v -0.012741 0.021797 0.006560
v -0.010832 0.021990 0.006336
v -0.021676 0.039347 0.008405
v -0.022030 0.035008 -0.000319
v 0.000949 0.028888 -0.000167
v -0.008463 0.020865 0.002322
v -0.021890 0.039759 0.032439
v -0.022090 -0.010193 0.000796
v -0.024819 0.022875 -0.000144
v -0.013291 0.024246 0.004014
v -0.010896 0.024272 0.006322
v -0.024511 0.035424 0.000491
v -0.011675 0.028532 0.000743
v -0.019392 0.030414 0.001121
v -0.018069 0.030598 0.000407
v -0.012995 0.024920 0.001382
v -0.026519 0.017840 0.001083
v -0.011714 0.017792 0.006392
v -0.026724 0.030158 0.001071
v -0.015507 0.023593 0.004384
v -0.028085 0.017493 0.035359
v -0.007323 0.027841 0.000321
v -0.013928 0.031745 -0.000337
v -0.018566 -0.016378 0.003500
v -0.014152 -0.010246 0.006841
v -0.021211 -0.006449 0.000951
v -0.018352 0.025193 0.002867
v -0.013454 -0.002113 0.006102
v -0.013740 0.038977 0.000741
v -0.018901 -0.001851 0.002632
v -0.024249 -0.007458 0.000120
v -0.022053 -0.014586 0.000688
v -0.021869 0.030459 0.000993
v -0.022692 -0.024398 0.000664
v -0.013335 -0.007048 0.006457
v -0.025292 0.033570 0.000285
v -0.019925 0.008929 0.002068
v -0.024880 -0.022161 0.000159
v -0.002631 0.014882 0.003750
v -0.005215 -0.003774 0.006805
v -0.005411 0.005262 0.006421
v -0.004140 0.014266 0.005695
v 0.005201 0.011098 0.004751
v 0.000417 0.010757 0.007148
v -0.007918 0.040431 0.018282
v -0.001118 0.011089 0.007672
v -0.003249 0.000174 0.007429
v -0.016223 0.035762 -0.000677
v -0.004685 0.016415 0.003693
v -0.026630 0.025264 0.000774
v -0.005229 0.017018 0.005967
v -0.003101 0.007825 0.007863
v -0.000941 0.006475 0.007782
v -0.006001 0.016732 0.005978
v -0.006977 0.017681 0.004136
v -0.006282 0.008651 0.006621
v -0.001002 0.012130 0.005633
v -0.017897 0.001555 0.003614
v -0.018516 0.039451 0.005981
v -0.026781 -0.009780 0.001304
v 0.004039 0.018490 0.003203
v -0.011722 0.022974 0.002037
v 0.011790 0.034271 -0.001101
v -0.029048 0.004360 0.013365
v -0.023323 0.019113 0.000058
v -0.006714 0.011365 0.006433
v -0.027402 0.022600 0.044252
v -0.025987 0.038031 -0.000087
v -0.025018 0.038884 0.023290
v -0.006806 0.018561 0.002868
v -0.027225 0.004071 0.044146
v -0.022473 0.013073 0.000349
v -0.028326 -0.004279 0.006554
v -0.019956 0.038110 -0.000046
v -0.009195 0.020804 0.003836
v -0.009627 0.021789 0.005150
v -0.028541 0.015153 0.030051
v -0.015263 0.014992 0.004870
v -0.026218 0.038632 0.000573
v -0.007990 0.017733 0.004469
v -0.007773 0.033713 -0.000796
v -0.026769 0.037311 0.004087
v -0.025738 0.038566 0.003421
v 0.013483 0.040592 0.013266
v -0.016860 0.040364 0.032810
v 0.001439 0.040840 0.022057
v -0.001676 0.040165 0.009637
v -0.028583 -0.013909 0.011659
v -0.028304 -0.012185 0.006810
v -0.028926 0.012769 0.012908
v -0.027899 -0.007634 0.004130
v -0.026691 -0.024348 0.000892
v -0.011284 0.040014 0.013407
v -0.027919 -0.029747 0.007413
v -0.027245 -0.002352 0.044729
v -0.028187 -0.019566 0.007804
v -0.027726 -0.016166 0.003806
v -0.028768 -0.008095 0.010904
v -0.028357 -0.018741 0.020357
v -0.026950 0.036798 0.019561
v -0.028478 0.022745 0.017431
v -0.029021 0.005729 0.015634
v -0.028394 0.008295 0.029971
v -0.020645 0.039645 0.014108
v -0.006599 0.012400 0.005775
v -0.027734 0.017120 0.003486
v -0.001593 0.022108 0.001217
v 0.007201 0.040777 0.018345
v 0.003510 0.032295 -0.000828
v -0.026901 -0.035054 0.001139
v -0.027544 0.027176 0.023031
v 0.012707 0.039331 0.000289
v -0.027667 0.036613 0.027439
v -0.012655 0.040411 0.024046
v -0.005170 0.030747 -0.000064
v -0.027594 0.032651 0.002407
v -0.009345 0.018472 0.005121
v 0.011211 0.038112 -0.000694
v 0.003426 0.038900 0.000090
v -0.000151 0.034911 -0.000966
v -0.028010 0.003906 0.033536
v -0.003619 0.025625 0.000342
v 0.022840 0.039965 0.007790
v -0.028148 -0.024865 0.013212
v 0.015759 0.031758 -0.000355
v -0.009725 0.039523 0.004105
v 0.004653 0.023921 0.001130
v 0.006595 0.029127 0.000449
v 0.009691 0.025033 0.001461
v -0.003820 -0.013534 0.006576
v -0.026697 -0.013123 0.048933
v -0.010815 0.023219 0.003411
v 0.004488 0.026371 0.000348
v -0.027677 0.034408 0.003522
v -0.025327 0.014957 0.000050
v -0.006550 0.036944 -0.000562
v -0.027541 -0.002690 0.041102
v 0.000125 0.011687 0.006867
v -0.022571 0.039380 0.040457
v 0.011364 0.027888 0.000822
v -0.010605 -0.022781 0.006174
v -0.009912 0.006575 0.005623
v -0.027590 0.025044 0.002876
v -0.013228 0.012530 0.006423
v -0.010094 0.023982 0.004501
v -0.025037 0.038798 0.030128
v 0.013055 0.039806 0.002104
v -0.009892 -0.012165 0.005088
v -0.026389 0.038207 0.036611
v 0.014103 0.029403 0.000764
v 0.012092 0.024689 0.003263
v 0.006106 0.036817 -0.000952
v -0.028714 0.005296 0.023753
v -0.013796 0.008721 0.005563
v -0.014940 0.001715 0.005580
v -0.028165 0.027689 0.005472
v -0.027603 0.037579 0.030292
v -0.016177 0.004044 0.004152
v -0.010694 -0.022841 0.003036
v -0.027264 0.007000 0.044078
v -0.027153 0.029390 0.042028
v -0.028434 -0.004897 0.026418
v -0.027859 -0.013296 0.033030
v -0.008732 0.012903 0.004713
v -0.027852 0.010174 0.037276
v -0.026723 0.037623 0.009571
v -0.028017 -0.006459 0.032502
v 0.005029 0.017768 0.004281
v -0.029040 0.008711 0.016210
v -0.028073 0.012063 0.034831
v -0.010959 0.024927 0.005266
v 0.022946 0.040118 0.019685
v -0.028604 0.008765 0.007684
v -0.028474 0.014480 0.007085
v -0.024839 0.039234 0.005650
v 0.013948 0.027521 0.001816
v -0.029038 0.003555 0.017402
v -0.027529 -0.031004 0.002077
v -0.027714 0.009557 0.003557
v -0.028031 0.020248 0.030717
v -0.027683 0.002228 0.003261
v -0.026627 0.037207 0.025609
v -0.026551 0.038448 0.007674
v -0.027101 0.035411 0.025357
v -0.027808 -0.000657 0.037104
v -0.005516 -0.016849 0.006567
v -0.028274 0.004275 0.005884
v -0.007816 -0.018102 0.005051
v -0.028944 0.003527 0.010476
v -0.027119 0.032407 0.044754
v -0.017005 0.040300 0.016498
v -0.018333 0.040073 0.021694
v -0.000630 -0.000560 0.007782
v -0.009729 0.038092 -0.000257
v -0.025004 0.038831 0.010354
v -0.015040 0.040183 0.017572
v -0.027529 0.005620 0.040699
v -0.021371 0.038917 0.001019
v -0.025249 0.038917 0.014691
v -0.027419 0.033972 0.011064
v -0.027658 0.028937 0.014954
v -0.027562 0.003889 0.038081
v -0.028729 -0.002848 0.009723
v -0.029032 0.009903 0.020979
v -0.027173 0.037247 0.015939
v -0.028477 -0.014149 0.018894
v -0.028550 -0.014801 0.020732
v -0.027916 0.034644 0.042356
v -0.027321 0.037547 0.042309
v -0.008777 0.010914 0.005533
v -0.027492 0.037258 0.037400
v -0.004792 0.038946 0.000186
v -0.000702 -0.004412 0.007686
v -0.028628 0.016481 0.009065
v 0.016990 0.038734 -0.000542
v -0.028525 0.021871 0.007417
v -0.028825 -0.006311 0.018599
v -0.029021 0.000354 0.019701
v -0.026979 0.011911 0.047353
v -0.009677 -0.015767 0.005171
v -0.028114 0.028890 0.011823
v -0.028298 0.020480 0.024899
v -0.028865 0.014867 0.020891
v -0.028803 0.011233 0.026148
v -0.026874 0.037688 0.000563
v -0.007411 -0.005772 0.006344
v 0.021730 0.038330 -0.001084
v -0.026964 0.037197 0.012430
v -0.027184 -0.014082 0.043118
v -0.004340 0.012175 0.006377
v -0.027050 -0.008471 0.045581
v -0.028909 -0.004532 0.014263
v -0.027030 0.032875 0.034881
v -0.008386 -0.011037 0.006156
v -0.027811 0.018899 0.040178
v -0.028198 -0.002946 0.030381
v -0.028389 -0.000617 0.028086
v -0.006644 0.040991 0.034500
v -0.028770 0.003446 0.024718
v -0.029291 0.003722 0.020034
v -0.027719 0.012457 0.039804
v -0.000156 0.014196 0.004010
v -0.024175 0.039309 0.043788
v -0.027826 -0.004701 0.036243
v -0.027968 0.035944 0.034947
v -0.028199 0.035712 0.037757
v -0.027323 0.032332 0.038562
v -0.027390 0.033659 0.031873
v -0.027880 0.026930 0.028140
v -0.009653 -0.018956 0.005097
v -0.010724 -0.018716 0.006685
v -0.027309 0.032104 0.026873
v -0.009223 -0.017634 0.005177
v -0.025160 -0.015148 0.000232
v -0.009821 -0.004861 0.005641
v -0.009379 -0.013682 0.005085
v -0.027591 -0.007667 0.038720
v -0.003426 -0.005758 0.008017
v -0.010601 -0.012286 0.006588
v -0.010771 -0.015705 0.006802
v -0.005568 -0.012293 0.006745
v -0.010718 -0.005237 0.006562
v -0.024784 -0.028707 0.000247
v -0.011741 -0.021486 0.007106
v -0.009589 -0.020644 0.004462
v -0.009847 -0.008223 0.005688
v -0.017211 -0.024571 0.004103
v -0.012886 -0.023680 0.004190
v -0.015041 -0.023307 0.004966
v -0.010051 -0.010517 0.005873
v -0.019411 -0.027352 0.002271
v -0.012539 -0.017905 0.006661
v -0.009788 -0.001822 0.005551
v -0.000577 -0.005052 0.008075
v -0.012730 -0.011023 0.007156
v -0.010697 -0.001401 0.006720
v -0.010531 0.000941 0.006463
v -0.010571 -0.009099 0.006417
v -0.025178 -0.032872 0.000371
v -0.023434 0.002746 0.000078
v -0.009333 0.004358 0.005444
v -0.009329 0.013472 0.005102
v -0.010801 0.003159 0.006732
v -0.024118 0.010687 0.000042
v -0.010696 0.008031 0.006321
v -0.011117 0.011358 0.006503
v -0.025900 -0.003497 0.000576
v -0.008698 0.016418 0.004816
v -0.010676 0.015574 0.006266
v -0.010230 0.011164 0.005813
v -0.026493 0.004945 0.001029
v -0.024694 0.004381 -0.000132
v 0.028095 0.031361 0.117974
v -0.007057 0.040102 0.120791
v -0.005602 0.037429 0.107999
v -0.007383 0.037453 0.109139
v 0.010850 0.041613 0.130305
v -0.007120 0.037188 0.107009
v 0.026812 0.038869 0.131720
v 0.002461 0.040469 0.124628
v 0.015583 0.037133 0.114905
v 0.018037 0.039732 0.126428
v -0.007098 0.040782 0.125493
v 0.000999 0.038168 0.109650
v 0.001310 0.036813 0.108269
v 0.006689 0.037243 0.090987
v 0.014252 0.037496 0.120424
v 0.015756 0.037665 0.122948
v 0.010410 0.040907 0.126651
v -0.004143 0.041640 0.128737
v -0.010523 0.040464 0.128610
v 0.013294 0.037282 0.120383
v 0.004247 0.041256 0.130419
v 0.025956 0.039115 0.116662
v -0.015485 0.039045 0.105463
v -0.006919 0.038983 0.114891
v -0.022444 0.039528 0.093645
v -0.014129 0.038911 0.100181
v 0.002528 0.037904 0.084915
v 0.021142 0.039184 0.127565
v 0.028060 0.022392 0.117360
v -0.013145 0.040620 0.131364
v -0.021373 0.039430 0.112618
v 0.014108 0.041625 0.130249
v 0.008782 0.040004 0.122311
v 0.010474 0.036236 0.110238
v 0.011214 0.038207 0.119165
v -0.012357 0.040004 0.125703
v -0.006389 0.038594 0.109899
v -0.021304 0.040200 0.079693
v 0.002618 0.036868 0.094926
v 0.027882 0.019780 0.105715
v -0.006770 0.038447 0.087938
v 0.010741 0.036699 0.117468
v 0.028069 0.029939 0.111422
v -0.003724 0.037107 0.098711
v -0.010759 0.037542 0.107393
v 0.004418 0.036186 0.109629
v 0.013879 0.040090 0.124309
v -0.016969 0.040131 0.084232
v -0.008145 0.037101 0.117391
v -0.020578 0.039655 0.103581
v -0.003186 0.036616 0.103509
v -0.007947 0.040740 0.129249
v -0.013590 0.038294 0.124303
v -0.007129 0.037502 0.114109
v -0.011210 0.037240 0.115259
v -0.007549 0.036842 0.116229
v -0.009010 0.037280 0.112632
v -0.006901 0.037273 0.111157
v -0.007654 0.038977 0.121179
v 0.005644 0.036707 0.097779
v -0.014797 0.040741 0.127584
v -0.007095 0.038000 0.116991
v 0.024280 0.039635 0.109176
v 0.002185 0.036060 0.106073
v -0.021031 0.038976 0.122942
v -0.018993 0.040510 0.130706
v 0.005134 0.038551 0.115131
v -0.004995 0.037696 0.093362
v 0.021933 0.041153 0.130396
v -0.008798 0.037799 0.100268
v -0.021438 0.039962 0.084273
v 0.000427 0.039023 0.115448
v 0.000266 0.039496 0.119371
v 0.001907 0.041158 0.131253
v -0.015384 0.038826 0.114503
v 0.007449 0.036709 0.113743
v -0.016164 0.041084 0.130110
v 0.004701 0.036735 0.110921
v -0.009800 0.037169 0.119707
v 0.023953 0.039254 0.130927
v -0.007773 0.037346 0.119507
v -0.007050 0.039123 0.117970
v 0.020801 0.039299 0.115035
v 0.008622 0.037666 0.116370
v -0.019232 0.039142 0.128675
v 0.025575 0.039336 0.123633
v 0.026432 0.038885 0.111705
v 0.027605 0.037877 0.126686
v -0.012165 0.038530 0.110396
v 0.027192 0.037735 0.122334
v -0.007791 0.039671 0.123520
v 0.023253 0.039588 0.122922
v 0.008504 0.041183 0.129152
v 0.018825 0.038130 0.125763
v 0.027950 0.033486 0.108299
v 0.018142 0.038864 0.104442
v -0.020963 0.039887 0.095300
v 0.023158 0.039527 0.119950
v -0.023292 0.039100 0.089866
v 0.022555 0.038970 0.128770
v 0.018285 0.038807 0.096950
v 0.008011 0.036640 0.105702
v 0.008682 0.036978 0.097706
v 0.027514 0.036538 0.109905
v 0.026727 0.038284 0.105563
v -0.014291 0.039078 0.095114
v 0.024040 0.039493 0.103122
v 0.019306 0.039304 0.106987
v 0.017549 0.038470 0.109357
v 0.025917 -0.004570 0.114502
v 0.026808 0.009000 0.104942
v 0.026634 0.008020 0.101055
v 0.027378 0.011255 0.111408
v 0.024445 -0.004447 0.071092
v 0.024386 -0.001539 0.067253
v 0.025683 0.002979 0.096259
v 0.027270 0.015927 0.099890
v 0.026426 0.010342 0.091891
v 0.025138 0.002790 0.087493
v 0.026910 -0.001047 0.123295
v 0.024496 -0.004097 0.091790
v 0.026256 -0.004773 0.122891
v 0.027277 -0.004805 0.128485
v 0.027384 0.006308 0.113027
v 0.025452 -0.004631 0.109271
v 0.027577 0.003064 0.123511
v 0.027885 0.007226 0.121200
v 0.027751 0.010080 0.115334
v 0.027920 -0.002129 0.129774
v 0.024521 0.007272 0.059482
v 0.025051 -0.004504 0.103180
v 0.026817 0.005691 0.107907
v 0.023850 -0.005210 0.077972
v 0.026624 0.000930 0.115839
v 0.025077 0.009511 0.071838
v 0.025102 0.006301 0.077538
v 0.027587 0.011299 0.120436
v 0.028232 0.007408 0.126945
v 0.023930 -0.005114 0.082058
v 0.027373 -0.004564 0.130646
v 0.024366 0.000135 0.062303
v 0.024515 -0.000454 0.079203
v 0.024225 -0.004431 0.077436
v 0.024622 0.002908 0.077009
v 0.023914 -0.005201 0.070972
v 0.024030 -0.007682 0.071176
v 0.024351 -0.000845 0.072478
v 0.024505 0.004549 0.064980
v 0.024755 0.009483 0.065876
v 0.024565 0.003126 0.069790
v 0.023828 -0.010244 0.084658
v 0.024860 -0.014288 0.067354
v 0.024568 -0.004381 0.064804
v 0.024342 -0.004455 0.083801
v 0.023929 -0.005075 0.084936
v 0.024342 -0.004654 0.087095
v 0.023978 -0.005094 0.087710
v 0.024244 -0.012728 0.074579
v 0.024849 -0.004677 0.098957
v 0.025005 -0.005082 0.109522
v 0.007211 -0.013322 0.129979
v 0.010946 -0.038523 0.088427
v 0.024137 -0.005343 0.094902
v -0.006530 -0.014488 0.132693
v -0.012310 -0.035953 0.133433
v 0.000970 -0.010916 0.130957
v 0.006920 -0.020697 0.130197
v -0.001906 -0.041401 0.124249
v 0.001232 -0.004652 0.130625
v 0.019034 -0.040056 0.088067
v -0.002588 -0.014733 0.131773
v -0.022584 -0.040825 0.096302
v 0.008038 -0.008451 0.129969
v 0.013251 -0.038997 0.086582
v 0.007665 -0.037895 0.094528
v 0.002616 -0.019837 0.131068
v 0.004513 0.000693 0.130613
v 0.003470 -0.037639 0.090631
v 0.025415 -0.005064 0.114126
v 0.005027 -0.037867 0.083881
v -0.006253 -0.004830 0.131980
v 0.000724 -0.039878 0.113650
v 0.013419 -0.016455 0.129018
v 0.015371 -0.038689 0.103002
v -0.005008 -0.021601 0.132562
v 0.001356 -0.036991 0.107135
v -0.015315 -0.040321 0.126577
v 0.008644 -0.038138 0.084959
v 0.006931 -0.003724 0.130570
v 0.012561 -0.038709 0.098517
v -0.002233 -0.038674 0.133750
v -0.001509 -0.020532 0.131641
v 0.005526 -0.040416 0.120338
v -0.008899 -0.033375 0.132557
v -0.008442 -0.037356 0.132930
v -0.001685 -0.035639 0.133919
v 0.007592 -0.028594 0.130890
v -0.007313 0.001930 0.132157
v 0.011226 -0.038612 0.093401
v 0.024098 -0.011519 0.104939
v 0.026649 -0.013455 0.130205
v -0.010452 -0.039945 0.128826
v 0.013321 -0.038922 0.114477
v 0.004110 -0.037245 0.101524
v 0.004086 -0.037511 0.095636
v 0.002298 -0.037144 0.099051
v -0.000415 -0.036793 0.103965
v 0.011278 -0.038316 0.104800
v 0.002173 -0.040691 0.130096
v -0.009103 -0.040615 0.108220
v 0.020425 -0.039987 0.116675
v 0.027287 -0.032490 0.130496
v 0.026720 -0.029853 0.130850
v 0.027189 -0.023757 0.130052
v 0.025374 -0.028139 0.130873
v 0.027268 -0.026852 0.129508
v 0.024607 -0.005072 0.104244
v 0.024412 -0.005313 0.099932
v 0.023504 -0.040385 0.129800
v 0.022809 -0.039459 0.127838
v 0.018301 -0.041238 0.127040
v 0.019384 -0.040352 0.126189
v -0.007539 -0.039946 0.133138
v 0.006999 -0.036742 0.109254
v -0.001872 -0.041821 0.131231
v 0.027216 -0.038116 0.130285
v 0.024462 -0.039320 0.129081
v 0.009214 -0.038057 0.099409
v 0.020684 -0.039713 0.102630
v -0.015861 -0.040196 0.133265
v 0.026314 -0.038488 0.131835
v 0.021710 -0.040155 0.097027
v -0.007974 -0.026733 0.132798
v -0.013200 -0.039366 0.110004
v -0.022525 -0.040405 0.132979
v 0.026792 -0.006229 0.130597
v 0.027036 -0.005281 0.129793
v -0.016240 -0.039090 0.112402
v 0.026368 -0.011481 0.130915
v -0.009134 -0.040531 0.125693
v -0.009737 -0.039453 0.110852
v 0.007449 -0.039813 0.132718
v -0.015279 -0.040917 0.129431
v -0.008621 -0.039422 0.132916
v 0.002159 -0.040133 0.131831
v -0.001370 -0.042177 0.129666
v 0.025242 -0.006921 0.123279
v -0.000898 -0.038993 0.109033
v 0.015413 -0.039490 0.095745
v -0.011107 -0.040809 0.082138
v 0.024023 -0.013192 0.079684
v 0.004853 -0.041172 0.131221
v 0.002657 -0.038438 0.133101
v 0.027337 -0.021288 0.129453
v 0.026604 -0.018139 0.128774
v -0.019691 -0.038558 0.134213
v -0.017755 -0.041106 0.103463
v -0.019929 -0.041305 0.096989
v 0.025683 -0.005294 0.120423
v 0.026327 -0.015741 0.130782
v -0.012700 -0.040509 0.132270
v 0.024334 -0.005049 0.097478
v -0.002754 -0.037748 0.091220
v -0.005137 -0.039909 0.108179
v -0.007856 -0.035134 0.133300
v 0.024020 -0.005043 0.091124
v -0.004449 -0.038358 0.086175
v -0.019733 -0.041001 0.131437
v -0.007594 -0.038266 0.133665
v -0.004817 -0.031091 0.133124
v 0.020731 -0.040200 0.106458
v 0.012014 -0.038783 0.109740
v 0.012277 -0.038673 0.118678
v 0.013974 0.005314 0.130964
v 0.026876 -0.037435 0.104951
v 0.024850 -0.024373 0.086369
v 0.026450 -0.038520 0.074809
v 0.024352 -0.019834 0.087843
v 0.002761 -0.030821 0.132146
v 0.026689 -0.037558 0.079214
v -0.021201 -0.040526 0.132516
v 0.023064 -0.040081 0.089988
v -0.009005 -0.040738 0.112095
v 0.026359 -0.034561 0.089614
v 0.024291 -0.024830 0.104565
v 0.017320 -0.039692 0.082743
v -0.009116 -0.039534 0.120075
v -0.008564 -0.041202 0.120901
v 0.013067 -0.039792 0.120638
v 0.024932 -0.019870 0.077434
v 0.025937 -0.032236 0.096623
v 0.023888 -0.017692 0.094993
v 0.026755 -0.037736 0.097855
v 0.025517 -0.019936 0.067731
v -0.009140 -0.038778 0.116480
v 0.026724 -0.037192 0.083435
v 0.025593 -0.028057 0.083879
v 0.008921 -0.038559 0.077329
v 0.024163 -0.015506 0.079745
v 0.009116 0.005723 0.130790
v 0.006350 0.004651 0.130377
v -0.011818 -0.039446 0.107521
v 0.025024 -0.009862 0.131014
v 0.026508 -0.037990 0.092561
v 0.012544 0.002311 0.131112
v 0.023811 -0.013421 0.095567
v 0.000999 -0.040368 0.119390
v -0.010848 -0.039258 0.133561
v -0.007988 -0.040857 0.130021
v -0.009351 -0.039824 0.087823
v -0.000547 -0.038430 0.077082
v -0.016172 -0.037577 0.133597
v 0.025665 -0.030708 0.103646
v 0.025047 -0.039855 0.100516
v 0.010734 -0.038605 0.081532
v -0.017550 -0.039448 0.126439
v 0.002598 -0.040282 0.127624
v -0.012535 -0.038487 0.121261
v -0.022160 -0.040596 0.125086
v -0.005529 -0.037396 0.102321
v -0.007892 -0.038131 0.105765
v 0.025914 -0.029215 0.076649
v 0.003108 -0.037275 0.110131
v 0.000410 -0.037355 0.094625
v -0.010875 -0.037761 0.119088
v -0.009002 -0.040670 0.115269
v -0.004139 -0.040651 0.120302
v 0.013184 -0.039118 0.104937
v 0.023854 -0.012858 0.087040
v 0.009451 -0.039493 0.117856
v 0.020988 -0.039350 0.126930
v -0.010743 -0.038516 0.112596
v 0.019100 -0.039344 0.125092
v -0.000238 -0.037864 0.084990
v -0.014564 -0.040563 0.102858
v -0.019868 -0.040766 0.114333
v -0.004969 -0.037775 0.094963
v 0.008065 -0.037768 0.112768
v -0.008239 -0.041241 0.124873
v 0.025663 -0.005098 0.124138
v 0.014670 -0.040314 0.079787
v 0.025431 -0.006751 0.128043
v -0.014985 -0.038901 0.123989
v -0.016986 -0.040241 0.119941
v -0.023862 -0.039797 0.092905
v -0.010046 -0.038644 0.105684
v -0.003304 -0.039233 0.077328
v 0.025595 -0.039304 0.081037
v -0.010323 -0.038602 0.115406
v -0.009215 -0.039461 0.114289
v 0.024175 -0.040282 0.074975
v -0.015295 -0.041620 0.085915
v 0.016420 -0.039025 0.122688
v 0.010440 -0.032620 0.131151
v -0.008189 -0.029903 0.132819
v 0.025075 -0.005702 0.131168
v 0.004650 -0.038865 0.112982
v -0.001796 -0.037046 0.099638
v 0.008924 -0.038079 0.115493
v 0.020305 -0.009181 0.128467
v 0.020338 -0.014023 0.128287
v 0.024979 -0.004253 0.131417
v 0.017030 -0.022578 0.128821
v 0.008114 -0.005044 0.129776
v 0.020061 -0.005328 0.128867
v 0.018885 -0.004094 0.129443
v 0.014860 -0.009909 0.129085
v 0.006972 -0.037575 0.132863
v 0.025951 -0.004992 0.126755
v 0.011116 -0.001186 0.130177
v 0.024218 -0.020202 0.130915
v 0.015184 -0.005170 0.129140
v 0.022197 -0.004268 0.130064
v 0.022393 -0.020043 0.129078
v 0.020346 -0.017100 0.128180
v 0.022252 -0.010490 0.129639
v 0.025041 -0.001588 0.131098
v 0.023774 -0.001702 0.130119
v 0.025434 -0.023158 0.130284
v -0.015290 -0.038627 0.115784
v -0.020879 -0.040802 0.110563
v 0.025469 -0.022727 0.074394
v 0.013703 -0.039583 0.132023
v -0.001629 -0.037920 0.106503
v 0.022007 -0.040144 0.082883
v -0.022910 -0.040480 0.114377
v -0.008782 -0.028041 0.132057
v -0.008955 -0.037807 0.117860
v 0.024904 -0.039787 0.067972
v 0.018287 0.009203 0.130870
v 0.023962 0.007540 0.130307
v 0.017733 0.002770 0.130235
v 0.022779 0.011005 0.131307
v -0.022109 -0.040802 0.102499
v 0.014735 -0.040744 0.074078
v 0.016702 0.013551 0.131294
v 0.025777 -0.021384 0.130723
v 0.013206 0.015493 0.131818
v 0.023633 0.000279 0.130205
v 0.025383 -0.039619 0.083779
v 0.024943 0.005578 0.130580
v -0.007980 -0.016103 0.132377
v 0.024234 -0.006210 0.130039
v 0.024851 -0.039619 0.092706
v 0.025988 -0.039021 0.094781
v 0.011443 -0.039868 0.079638
v 0.025860 -0.039204 0.106639
v 0.026458 -0.038597 0.086067
v 0.027220 -0.037151 0.126903
v 0.023679 -0.020182 0.116635
v 0.026686 -0.035153 0.122784
v 0.026092 -0.031551 0.128046
v 0.025544 -0.032936 0.122143
v 0.026868 -0.036925 0.116326
v 0.025229 -0.025910 0.118149
v 0.024647 -0.025958 0.119662
v 0.025308 -0.033015 0.116982
v 0.025221 -0.029576 0.125907
v 0.026877 -0.037945 0.109041
v 0.026741 -0.038064 0.118969
v 0.024307 -0.022866 0.124290
v 0.027814 -0.035343 0.130121
v 0.025229 -0.034651 0.119271
v 0.024826 -0.029225 0.111400
v 0.024550 -0.027446 0.117400
v 0.026810 -0.038258 0.122408
v -0.020831 -0.040031 0.130499
v -0.008050 -0.021893 0.132536
v -0.008698 -0.040298 0.130445
v -0.010193 -0.039535 0.122007
v -0.022766 -0.040151 0.130694
v 0.011182 -0.040295 0.075130
v 0.005649 -0.037692 0.091959
v 0.027247 -0.036838 0.070114
v 0.012809 -0.024200 0.129259
v 0.013946 -0.039128 0.082574
v 0.026221 -0.026563 0.067197
v 0.026457 -0.032084 0.069754
v 0.025790 -0.028976 0.071962
v 0.025913 -0.033382 0.079927
v 0.025082 -0.019200 0.072593
v 0.017725 -0.038919 0.120188
v 0.022171 -0.026777 0.129439
v 0.022795 -0.023449 0.128982
v 0.019478 -0.027072 0.129101
v 0.014499 -0.037908 0.132187
v 0.022199 -0.033314 0.130104
v 0.021427 -0.034063 0.130085
v 0.024112 -0.031397 0.131040
v 0.022186 -0.038338 0.132042
v 0.015312 -0.029266 0.129554
v 0.026715 -0.037927 0.131800
v 0.022458 -0.040468 0.131103
v 0.025996 -0.035416 0.131335
v 0.024942 -0.010502 0.120107
v 0.024913 -0.012296 0.126745
v 0.023840 -0.019443 0.110573
v 0.024909 -0.020746 0.126354
v 0.025043 -0.014968 0.127951
v 0.024003 -0.016349 0.119684
v 0.025173 -0.039443 0.120104
v 0.025983 -0.039166 0.116032
v 0.025862 -0.039194 0.124605
v 0.021871 -0.038685 0.122286
v 0.014826 -0.040144 0.123687
v 0.012718 -0.041638 0.129632
v 0.014466 -0.041306 0.130474
v 0.009759 -0.040793 0.126878
v 0.010728 -0.041141 0.130789
vn 0.0989 0.2348 -0.9670
vn -0.3192 -0.1272 -0.9391
vn 0.1726 0.3240 -0.9302
vn -0.3672 -0.1765 -0.9133
vn -0.2524 0.1153 -0.9607
vn 0.0622 0.4546 -0.8885
vn 0.0762 0.1648 -0.9834
vn -0.3937 -0.0363 -0.9185
vn -0.1793 -0.2880 -0.9407
vn -0.3671 -0.0420 -0.9292
vn -0.3661 -0.1522 -0.9180
vn 0.0168 -0.0177 -0.9997
vn -0.4589 -0.1813 -0.8698
vn -0.4077 -0.0242 -0.9128
vn -0.1854 0.0109 -0.9826
vn -0.3895 -0.1859 -0.9021
vn 0.2015 0.3980 -0.8950
vn -0.0852 0.2552 -0.9631
vn -0.3835 -0.0113 -0.9235
vn -0.4491 -0.0585 -0.8916
vn 0.0941 0.3284 -0.9398
vn 0.6627 0.0157 -0.7487
vn 0.1293 -0.0221 -0.9914
vn 0.4282 0.0157 -0.9036
vn 0.9331 0.0336 -0.3580
vn 0.8941 0.0384 -0.4462
vn 0.1770 0.0169 -0.9841
vn 0.8734 0.0388 -0.4855
vn 0.8926 -0.0430 -0.4487
vn 0.9994 0.0302 0.0159
vn 0.9999 0.0033 -0.0103
vn 0.9999 -0.0161 -0.0024
vn 0.3911 -0.9203 -0.0047
vn 0.8402 -0.5418 -0.0234
vn 0.7603 -0.6495 -0.0093
vn -0.3047 -0.0735 -0.9496
vn 0.2998 -0.0275 -0.9536
vn -0.4291 -0.0999 -0.8977
vn 0.9993 -0.0028 0.0368
vn 0.9984 0.0046 -0.0566
vn 0.9969 0.0572 0.0533
vn 0.9833 0.0456 -0.1763
vn 0.9950 -0.0923 -0.0394
vn 1.0000 0.0037 -0.0020
vn 0.9825 -0.0074 -0.1861
vn 0.9885 0.0349 -0.1470
vn 0.9941 -0.0993 0.0439
vn 0.9989 -0.0232 0.0403
vn 0.6310 -0.0239 -0.7755
vn -0.0898 0.2702 -0.9586
vn 0.9507 -0.3100 0.0038
vn 0.9993 0.0228 0.0300
vn 0.7170 -0.6830 -0.1393
vn 0.4961 -0.5040 -0.7070
vn 0.9757 -0.2190 -0.0115
vn 0.9931 -0.1159 -0.0174
vn -0.1385 0.3038 -0.9426
vn 0.9962 0.0656 0.0570
vn -0.3186 -0.0551 -0.9463
vn -0.0824 0.1619 -0.9834
vn 0.9962 0.0703 0.0514
vn 0.8831 -0.4691 0.0039
vn 0.5621 -0.8270 -0.0107
vn 0.9413 -0.3355 0.0374
vn 0.9986 -0.0528 0.0050
vn 0.9023 0.0111 -0.4310
vn 0.9597 0.0304 -0.2795
vn 0.5780 -0.0181 -0.8158
vn 0.9633 -0.2680 0.0161
vn 0.9977 0.0508 0.0451
vn 0.9614 -0.2749 0.0143
vn 0.9968 0.0795 0.0023
vn 0.9972 0.0504 -0.0558
vn 0.9879 0.0386 -0.1502
vn 0.9608 -0.2706 0.0602
vn 0.9227 -0.3745 0.0913
vn 0.9313 -0.3606 0.0505
vn 0.9929 0.1130 0.0379
vn 0.9476 -0.3171 0.0377
vn 0.9918 0.1079 0.0682
vn 0.9946 0.0925 0.0463
vn 0.9974 0.0622 0.0361
vn 0.9976 0.0446 0.0532
vn 0.9969 0.0720 0.0315
vn 0.9576 -0.2866 0.0279
vn 0.9995 0.0263 0.0189
vn 0.9952 0.0683 0.0708
vn 0.9445 -0.3216 0.0671
vn 0.9943 0.0864 0.0621
vn 0.9951 0.0828 0.0544
vn 0.9210 -0.3862 0.0501
vn 0.7198 -0.0007 -0.6942
vn 0.9950 0.0560 0.0826
vn 0.9969 0.0743 0.0248
vn 0.9949 0.0574 0.0832
vn 0.9875 0.1269 0.0936
vn 0.9956 0.0873 0.0330
vn 0.9915 0.0951 0.0883
vn 0.9917 0.1285 -0.0107
vn 0.9923 0.1045 0.0662
vn 0.9956 0.0205 -0.0918
vn 0.9966 0.0372 -0.0729
vn 0.9934 0.0876 0.0734
vn 0.9950 0.0597 0.0802
vn 0.9930 0.1134 0.0322
vn 0.9951 0.0873 0.0470
vn 0.9952 0.0814 0.0543
vn 0.9998 -0.0202 0.0038
vn 0.9985 0.0524 0.0177
vn 0.9973 0.0716 0.0187
vn 0.9910 0.1283 0.0378
vn 0.9932 0.0995 0.0601
vn 0.9937 0.1001 0.0509
vn 0.9866 -0.1482 0.0677
vn 0.9758 -0.2177 0.0216
vn 0.9706 -0.2383 0.0334
vn 0.9961 0.0801 0.0374
vn 0.9948 0.0936 0.0405
vn 0.9962 0.0843 0.0214
vn 0.9982 0.0543 0.0243
vn 0.9540 -0.2979 0.0342
vn 0.9969 0.0642 0.0451
vn 0.9998 0.0181 0.0116
vn 0.9938 0.1031 0.0406
vn 0.9966 0.0638 0.0516
vn 0.9941 0.0883 0.0632
vn 0.9966 0.0598 0.0573
vn 0.9994 0.0257 0.0237
vn 0.9998 0.0167 0.0140
vn 0.9998 0.0101 0.0187
vn 0.9786 -0.1973 0.0577
vn 0.9910 -0.1218 0.0557
vn 0.9348 -0.3493 0.0645
vn 0.9303 -0.3537 0.0974
vn 0.9982 -0.0533 0.0285
vn 0.9805 -0.1935 0.0339
vn 0.9926 0.1044 0.0622
vn 0.9833 -0.1795 0.0291
vn 0.9937 0.1068 0.0338
vn 0.9970 0.0714 0.0284
vn 0.9996 0.0184 0.0203
vn 0.9635 -0.2675 -0.0057
vn 0.9951 -0.0853 -0.0507
vn 0.8711 -0.4911 0.0023
vn 0.9524 -0.3006 0.0513
vn 0.9678 -0.2516 0.0074
vn 0.9998 -0.0032 0.0200
vn 0.9766 -0.2151 -0.0088
vn 0.9993 -0.0235 -0.0297
vn 0.9996 -0.0265 -0.0020
vn 0.9955 -0.0822 -0.0462
vn 0.9993 0.0378 0.0006
vn 0.9995 0.0279 0.0172
vn 0.9955 0.0876 0.0372
vn 0.9917 0.1185 0.0500
vn 0.9939 -0.1106 -0.0021
vn 0.7783 -0.6278 0.0111
vn 0.8711 -0.4909 -0.0116
vn 0.9892 -0.1460 -0.0143
vn 0.7085 -0.7056 0.0114
vn 0.9954 0.0811 0.0516
vn 0.9984 0.0510 0.0263
vn 0.9962 0.0782 0.0387
vn 0.9923 0.0571 0.1099
vn 0.9976 0.0667 0.0178
vn 0.9945 0.0955 0.0436
vn 0.9420 -0.3351 0.0162
vn -0.9983 -0.0505 0.0276
vn -0.9981 0.0401 0.0462
vn -0.9974 -0.0387 0.0610
vn -0.1921 -0.9672 -0.1663
vn -0.4077 -0.9122 0.0417
vn -0.4969 -0.6766 -0.5435
vn -0.9568 -0.2903 0.0166
vn -0.7314 -0.6818 0.0158
vn -0.6107 -0.7918 0.0098
vn -0.4504 -0.8928 0.0072
vn -0.7701 -0.6376 0.0208
vn -0.8240 -0.5664 0.0157
vn -0.8451 -0.5333 0.0374
vn -0.8681 -0.4962 0.0146
vn -0.2315 -0.9728 -0.0027
vn -0.2588 -0.9659 0.0128
vn -0.5648 -0.8251 0.0139
vn -0.0617 -0.9960 0.0648
vn -0.1826 -0.9832 -0.0029
vn -0.3831 -0.9235 -0.0197
vn -0.4450 -0.8955 0.0037
vn -0.1371 -0.9905 -0.0088
vn -0.0953 -0.9954 -0.0135
vn -0.1802 -0.9836 -0.0028
vn -0.9840 -0.1763 0.0240
vn -0.9816 -0.1899 0.0190
vn -0.9967 -0.0528 0.0613
vn -0.9978 -0.0316 0.0580
vn -0.9978 -0.0234 0.0625
vn -0.9090 -0.4155 0.0322
vn -0.9688 -0.2443 0.0421
vn -0.8980 -0.4389 0.0318
vn -0.9978 -0.0218 0.0633
vn -0.4993 -0.8663 0.0145
vn -0.9973 -0.0672 0.0286
vn -0.9969 -0.0586 0.0519
vn -0.9984 -0.0528 0.0221
vn -0.9992 -0.0390 0.0094
vn -0.9987 -0.0516 0.0044
vn -0.9963 -0.0779 0.0367
vn -0.0558 -0.9984 0.0019
vn -0.1119 -0.9935 -0.0206
vn -0.9738 -0.2216 0.0508
vn -0.9910 -0.1293 0.0357
vn -0.9980 -0.0423 0.0470
vn -0.9982 -0.0246 0.0540
vn -0.9936 -0.0182 0.1114
vn -0.9956 -0.0418 0.0839
vn -0.8717 -0.4888 0.0353
vn -0.9972 -0.0125 0.0738
vn 0.1141 -0.9927 -0.0386
vn -0.9953 -0.0733 0.0635
vn -0.9983 -0.0515 -0.0278
vn -0.9842 -0.1762 0.0198
vn -0.9946 -0.0989 0.0298
vn -0.9991 -0.0072 0.0429
vn -0.9913 0.1042 0.0810
vn -0.9961 0.0019 0.0884
vn -0.9921 -0.0252 0.1229
vn -0.9972 -0.0208 0.0721
vn -0.1557 -0.9877 -0.0160
vn -0.8152 -0.2376 -0.5282
vn 0.9837 -0.1546 -0.0918
vn 0.9772 -0.2082 -0.0404
vn 0.9699 -0.2427 0.0201
vn 0.9985 0.0532 -0.0104
vn 0.9448 -0.1800 -0.2738
vn 0.9060 -0.2051 -0.3703
vn 0.6486 0.0208 -0.7608
vn 0.9575 0.0247 -0.2873
vn -0.3954 -0.0342 -0.9179
vn -0.4076 -0.0139 -0.9131
vn -0.4254 -0.0293 -0.9046
vn -0.3188 -0.0288 -0.9474
vn -0.2849 -0.3378 -0.8971
vn -0.3759 0.0021 -0.9267
vn 0.0253 -0.9997 -0.0001
vn 0.1611 -0.9838 0.0786
vn 0.2769 -0.9586 0.0658
vn 0.1403 -0.9890 0.0475
vn 0.0499 -0.9986 0.0162
vn 0.0246 -0.9996 0.0109
vn 0.2369 -0.9686 0.0753
vn 0.2635 -0.9643 0.0271
vn -0.0826 -0.9965 -0.0147
vn -0.0281 -0.9930 -0.1144
vn -0.0528 -0.9979 0.0367
vn 0.0143 -0.9996 -0.0243
vn 0.0604 -0.9973 -0.0429
vn 0.0554 -0.9980 0.0321
vn 0.0361 -0.9849 -0.1696
vn 0.0132 -0.9952 0.0973
vn 0.1925 -0.9811 0.0216
vn 0.0490 -0.9980 0.0401
vn -0.0966 -0.9952 0.0131
vn -0.0118 -0.6452 -0.7639
vn 0.0440 -0.9340 -0.3545
vn 0.0229 -0.9838 -0.1779
vn -0.0250 -0.9933 -0.1126
vn -0.0217 -0.9940 0.1072
vn 0.0787 -0.9927 0.0910
vn 0.0055 -0.9826 0.1857
vn 0.0531 -0.9976 0.0453
vn 0.1575 -0.9789 0.1305
vn 0.0911 -0.9958 0.0037
vn 0.2234 -0.9643 0.1426
vn 0.2638 -0.9607 0.0870
vn -0.0016 -0.9977 0.0671
vn -0.0226 -0.9956 -0.0905
vn -0.0040 -0.9998 0.0210
vn 0.2063 -0.9761 0.0684
vn 0.1191 -0.9903 0.0718
vn 0.1635 -0.9845 0.0638
vn 0.1013 -0.9887 -0.1103
vn 0.0606 -0.9382 -0.3407
vn 0.0490 -0.9953 -0.0832
vn -0.0421 -0.9980 0.0476
vn -0.0680 -0.9967 0.0435
vn 0.0406 -0.9971 0.0641
vn 0.0232 -0.9997 0.0038
vn 0.1842 -0.9764 0.1126
vn 0.0167 -0.9978 0.0636
vn 0.0174 -0.9979 0.0628
vn 0.0284 -0.9849 0.1708
vn -0.0720 -0.9951 -0.0671
vn 0.0343 -0.0304 -0.9989
vn -0.0166 -0.0103 -0.9998
vn 0.0803 0.0263 -0.9964
vn -0.0589 0.0069 -0.9982
vn -0.3161 -0.0000 -0.9487
vn -0.3164 0.0323 -0.9481
vn -0.0080 -0.2368 -0.9715
vn -0.3933 0.0703 -0.9167
vn -0.1817 -0.0540 -0.9819
vn -0.2570 0.0070 -0.9664
vn -0.4073 0.0856 -0.9093
vn -0.2640 -0.0439 -0.9635
vn 0.0152 -0.2747 -0.9614
vn 0.1239 -0.3494 -0.9287
vn -0.2335 -0.0582 -0.9706
vn 0.2017 -0.4337 -0.8782
vn 0.1948 -0.9795 0.0513
vn 0.1211 -0.9920 0.0344
vn 0.1530 -0.9878 0.0294
vn 0.2289 -0.9709 0.0708
vn 0.1749 -0.9834 0.0489
vn -0.9714 -0.2270 0.0696
vn -0.9486 -0.3053 0.0836
vn -0.5066 -0.8617 0.0276
vn -0.5072 -0.8618 -0.0090
vn 0.2569 -0.9647 0.0588
vn 0.2956 -0.9529 0.0680
vn 0.1038 -0.9926 0.0623
vn 0.2919 -0.9531 0.0800
vn 0.2370 -0.9698 0.0568
vn 0.2501 -0.9652 0.0762
vn -0.0871 -0.9962 0.0076
vn -0.1655 -0.9669 -0.1943
vn -0.1405 -0.9899 -0.0207
vn -0.1318 -0.9813 -0.1406
vn 0.0334 -0.9925 -0.1175
vn 0.0167 -0.9998 0.0141
vn -0.0505 -0.9973 -0.0540
vn 0.2010 -0.9779 0.0581
vn -0.1626 -0.9861 0.0355
vn 0.1686 -0.9851 0.0330
vn 0.0287 -0.9984 0.0484
vn -0.7961 -0.6042 0.0352
vn -0.9946 -0.0931 0.0451
vn -0.0261 -0.9996 0.0067
vn 0.1427 -0.9887 0.0467
vn 0.1525 -0.9860 0.0675
vn 0.1376 -0.9882 0.0670
vn -0.9509 -0.3031 0.0622
vn -0.2926 -0.9143 -0.2799
vn -0.2363 -0.9711 -0.0332
vn -0.2145 -0.9767 -0.0019
vn 0.2456 -0.9639 0.1033
vn 0.4382 -0.8985 -0.0244
vn 0.0601 -0.9968 0.0534
vn 0.1115 -0.9937 0.0128
vn 0.4457 -0.8947 -0.0302
vn 0.0251 -0.9997 -0.0022
vn 0.1086 -0.9933 -0.0391
vn 0.2181 -0.9759 0.0064
vn 0.1238 -0.9922 0.0130
vn 0.1443 -0.9759 -0.1637
vn -0.0021 -0.8117 -0.5841
vn 0.0394 -0.9986 0.0357
vn -0.0409 -0.9989 0.0222
vn -0.0375 -0.9833 0.1781
vn 0.3146 -0.9492 -0.0059
vn 0.0864 -0.9958 -0.0288
vn 0.3521 -0.9359 -0.0029
vn 0.0077 -0.9628 -0.2700
vn 0.0636 -0.9948 -0.0796
vn 0.1531 -0.9882 0.0070
vn -0.0375 -0.9992 0.0149
vn -0.0894 -0.9956 0.0283
vn 0.5165 -0.8563 -0.0036
vn -0.0423 -0.9821 -0.1837
vn 0.0185 -0.1822 -0.9831
vn 0.3237 -0.9461 -0.0130
vn 0.9971 -0.0188 0.0738
vn 0.9918 0.0699 -0.1067
vn 0.9963 0.0691 -0.0511
vn 0.9998 0.0193 0.0045
vn 0.9995 -0.0296 -0.0100
vn 0.9965 0.0414 0.0726
vn 0.9994 0.0356 -0.0036
vn 0.9929 0.1120 0.0408
vn 0.9994 0.0290 -0.0165
vn 0.9972 0.0481 0.0568
vn 0.9903 0.1089 -0.0869
vn 0.9999 0.0137 0.0052
vn 0.9994 0.0177 0.0299
vn 0.9987 0.0476 0.0164
vn 0.9995 -0.0034 -0.0300
vn 0.9603 0.2791 0.0036
vn 0.9960 -0.0811 -0.0384
vn 0.9969 0.0196 0.0757
vn 0.9475 0.3172 0.0396
vn 0.5893 0.8078 0.0108
vn 0.9679 0.1201 -0.2209
vn 0.8724 0.4886 -0.0106
vn 0.2090 0.9776 -0.0240
vn 0.5528 0.0597 -0.8312
vn 0.5893 -0.0068 -0.8079
vn 0.3056 0.0015 -0.9522
vn 0.9981 -0.0612 -0.0008
vn 0.5756 0.5611 -0.5949
vn 0.9943 -0.0490 -0.0944
vn 0.9896 -0.1429 -0.0182
vn 0.9982 -0.0438 -0.0404
vn 0.8060 0.5914 0.0254
vn 0.9614 0.2750 0.0019
vn 0.8199 0.5718 -0.0294
vn 0.9900 -0.1374 0.0335
vn 0.9975 -0.0157 -0.0685
vn 0.4200 0.9075 -0.0079
vn 0.9838 0.1758 -0.0354
vn 0.9932 -0.1164 -0.0098
vn 0.9985 -0.0452 -0.0322
vn 0.9972 0.0639 -0.0376
vn 0.9953 -0.0619 -0.0744
vn 0.3138 0.9493 -0.0207
vn -0.0320 0.2417 -0.9698
vn 0.1314 0.3007 -0.9446
vn 0.0196 0.3900 -0.9206
vn 0.1184 0.4885 -0.8645
vn -0.0336 0.2393 -0.9704
vn -0.0187 -0.2729 -0.9618
vn -0.0487 0.2921 -0.9551
vn -0.0459 -0.6899 -0.7224
vn 0.2296 0.3768 -0.8974
vn 0.0799 0.1171 -0.9899
vn 0.0170 0.2098 -0.9776
vn -0.0328 -0.0409 -0.9986
vn 0.1053 0.4113 -0.9054
vn -0.0620 0.0646 -0.9960
vn -0.0230 -0.5221 -0.8526
vn -0.1470 0.1552 -0.9769
vn -0.0254 0.0498 -0.9984
vn -0.1941 0.4055 -0.8933
vn -0.1142 0.2348 -0.9653
vn -0.1086 0.3997 -0.9102
vn -0.2017 -0.0936 -0.9750
vn -0.1530 0.2898 -0.9448
vn 0.0702 0.2332 -0.9699
vn 0.3442 0.5479 -0.7625
vn 0.1655 0.6838 -0.7106
vn -0.1259 0.5046 -0.8541
vn -0.0723 0.1723 -0.9824
vn -0.3932 0.6127 -0.6856
vn -0.2102 0.4711 -0.8567
vn 0.0883 0.1286 -0.9878
vn 0.0987 0.0802 -0.9919
vn 0.0938 0.1056 -0.9900
vn -0.0722 0.2831 -0.9564
vn -0.4981 0.5984 -0.6276
vn -0.1947 0.4744 -0.8585
vn -0.0913 -0.1249 0.9880
vn -0.1000 -0.2098 0.9726
vn -0.1954 -0.0072 0.9807
vn 0.5557 -0.0158 0.8313
vn 0.1334 -0.0184 0.9909
vn 0.3554 0.0096 0.9347
vn -0.2830 -0.0716 0.9564
vn 0.1308 -0.0362 0.9907
vn 0.0657 -0.0946 0.9933
vn -0.0263 -0.0986 0.9948
vn -0.0213 -0.0849 0.9962
vn 0.0380 -0.0726 0.9966
vn -0.0055 -0.0777 0.9970
vn -0.1908 -0.1702 0.9668
vn -0.1522 -0.0181 0.9882
vn -0.0874 -0.0640 0.9941
vn -0.0089 -0.0084 0.9999
vn 0.4666 -0.0830 0.8806
vn 0.9984 0.0270 -0.0495
vn 0.9730 0.0992 0.2083
vn 0.9385 0.0542 0.3409
vn 0.0337 -0.1411 0.9894
vn -0.1175 -0.4555 0.8824
vn 0.5049 -0.0787 0.8596
vn 0.9237 -0.0154 0.3828
vn -0.5385 -0.0310 0.8421
vn -0.2760 -0.0435 0.9602
vn 0.0430 -0.0628 0.9971
vn -0.0935 -0.0749 0.9928
vn -0.1647 -0.1120 0.9800
vn 0.9740 0.0315 0.2242
vn -0.0117 -0.0050 0.9999
vn 0.0391 -0.0474 0.9981
vn 0.7213 -0.0968 0.6858
vn 0.9834 -0.0670 0.1687
vn 0.9484 -0.0661 0.3100
vn 0.0296 0.0176 0.9994
vn -0.0302 -0.1149 0.9929
vn -0.0159 -0.0268 0.9995
vn -0.1428 -0.0156 0.9896
vn 0.0895 -0.0384 0.9952
vn 0.0943 -0.0346 0.9949
vn 0.0361 0.6316 0.7744
vn -0.1338 0.0453 0.9900
vn -0.1836 0.4569 0.8704
vn -0.1550 -0.0620 0.9860
vn -0.0905 0.7358 0.6711
vn 0.0030 0.7470 0.6648
vn 0.0929 0.3007 0.9492
vn 0.0393 0.9530 0.3005
vn 0.0503 -0.0467 0.9976
vn 0.0935 -0.0720 0.9930
vn 0.0546 -0.0422 0.9976
vn 0.8867 -0.0357 0.4609
vn -0.2756 -0.0162 0.9611
vn 0.9986 0.0043 0.0532
vn 0.0342 0.5911 0.8059
vn 0.6564 -0.0904 0.7490
vn -0.2518 0.2011 0.9467
vn -0.2047 -0.1575 0.9661
vn 0.7220 0.6496 0.2382
vn 0.5726 0.7908 0.2164
vn 0.6400 0.1218 0.7587
vn -0.3660 0.8157 0.4480
vn 0.2537 0.0558 0.9657
vn 0.2566 0.7853 0.5634
vn 0.9998 0.0163 -0.0089
vn 0.9658 0.2345 0.1106
vn -0.2706 -0.0465 0.9616
vn -0.0479 -0.1029 0.9935
vn 0.9904 -0.1231 0.0622
vn -0.0603 0.9193 0.3889
vn 0.0843 0.8576 0.5073
vn 0.9981 0.0616 -0.0046
vn 0.9991 -0.0088 -0.0410
vn -0.0647 -0.0493 0.9967
vn 0.0484 -0.0837 0.9953
vn -0.1842 0.2825 0.9414
vn 0.8715 0.4830 -0.0851
vn 0.0151 -0.0951 -0.9953
vn -0.0049 -0.5622 -0.8270
vn 0.0189 -0.5043 -0.8633
vn -0.0534 0.1175 -0.9916
vn 0.0089 0.2139 -0.9768
vn 0.0974 0.0981 -0.9904
vn 0.0887 0.0387 -0.9953
vn -0.9740 -0.2090 0.0871
vn -0.9964 -0.0842 -0.0014
vn -0.9976 -0.0691 0.0034
vn 0.1283 0.9831 0.1304
vn -0.8260 0.5494 -0.1260
vn -0.7408 0.3824 0.5523
vn -0.9960 -0.0873 -0.0175
vn -0.9955 -0.0860 -0.0394
vn -0.9946 -0.1030 -0.0126
vn -0.9831 0.1831 0.0081
vn -0.9967 -0.0811 -0.0067
vn -0.9982 -0.0574 -0.0147
vn -0.6549 -0.2515 0.7127
vn -0.8949 -0.1488 0.4207
vn -0.9466 -0.0206 0.3218
vn -0.9748 -0.1666 -0.1484
vn -0.9273 -0.3704 -0.0539
vn -0.7441 -0.2623 0.6145
vn -0.9897 -0.1426 -0.0110
vn -0.4397 0.4845 0.7563
vn -0.9934 -0.1058 -0.0448
vn -0.9565 0.1928 0.2188
vn -0.9946 -0.0936 -0.0452
vn -0.9957 -0.0869 -0.0327
vn -0.8751 -0.3350 0.3494
vn -0.9639 -0.1454 0.2231
vn -0.9708 0.2398 -0.0016
vn -0.7495 0.6614 0.0288
vn -0.5994 0.7998 0.0325
vn -0.9180 0.3961 0.0176
vn -0.9912 -0.1209 -0.0537
vn -0.8902 0.4555 -0.0100
vn -0.6710 0.7410 0.0256
vn -0.1963 0.9795 0.0448
vn -0.9857 -0.0210 0.1674
vn -0.5141 0.8564 0.0476
vn -0.9769 0.1842 0.1080
vn -0.9327 -0.3550 0.0644
vn -0.9211 -0.3869 -0.0442
vn -0.6089 0.7924 0.0369
vn -0.9449 -0.2807 -0.1681
vn -0.6536 -0.0627 0.7542
vn -0.2758 -0.0900 0.9570
vn -0.2552 0.3276 0.9097
vn 0.1344 -0.0557 0.9894
vn 0.1247 -0.0286 0.9918
vn -0.4787 -0.0025 0.8780
vn -0.0841 -0.0671 0.9942
vn -0.6214 -0.0715 0.7802
vn 0.0184 -0.0364 0.9992
vn -0.2335 -0.0485 0.9711
vn -0.2937 -0.0693 0.9534
vn -0.5915 -0.0307 0.8057
vn 0.0554 -0.0972 0.9937
vn 0.1607 -0.0972 0.9822
vn -0.1489 -0.0380 0.9881
vn 0.1300 -0.0493 0.9903
vn 0.2021 -0.0896 0.9753
vn 0.0279 -0.0448 0.9986
vn -0.8345 -0.0072 0.5509
vn -0.6822 0.6080 0.4061
vn -0.9960 0.0324 0.0835
vn 0.0268 0.6667 0.7449
vn -0.4188 0.7524 0.5085
vn -0.4391 -0.0192 0.8982
vn -0.2109 0.8102 0.5469
vn -0.9421 0.2576 -0.2149
vn -0.8474 0.3005 -0.4378
vn -0.9830 -0.0686 0.1705
vn -0.8963 0.3893 -0.2124
vn -0.7591 -0.6268 0.1758
vn -0.9716 0.1646 0.1698
vn -0.5882 -0.0269 0.8083
vn -0.8056 -0.0840 0.5865
vn -0.8717 -0.3065 -0.3824
vn -0.7524 0.6553 0.0670
vn -0.4983 0.8662 0.0369
vn -0.9996 -0.0193 -0.0181
vn -0.9677 0.2470 0.0496
vn -0.9950 -0.0356 0.0930
vn -0.8955 0.4373 0.0825
vn -0.9107 0.4099 0.0520
vn -0.9980 -0.0613 0.0120
vn -0.9920 -0.1260 0.0110
vn -0.9945 -0.1045 0.0107
vn -0.9794 0.2021 0.0022
vn -0.1861 0.9817 0.0417
vn -0.9846 -0.1700 0.0407
vn -0.6021 0.7984 0.0108
vn -0.9788 -0.1975 -0.0533
vn -0.9992 -0.0072 0.0390
vn -0.9420 0.3311 0.0544
vn -0.9978 -0.0213 0.0624
vn -0.9989 0.0340 0.0335
vn -0.9923 -0.0256 0.1212
vn -0.9960 -0.0867 -0.0212
vn -0.8118 0.5795 0.0716
vn -0.9923 0.1238 -0.0020
vn -0.9907 -0.0201 0.1347
vn -0.9373 0.3447 0.0511
vn -0.8029 0.5930 0.0605
vn -0.9957 -0.0435 0.0821
vn -0.9914 -0.0721 0.1095
vn -0.8102 0.5861 -0.0132
vn -0.9868 -0.1076 0.1212
vn -0.9905 -0.0993 0.0951
vn -0.9930 0.0319 0.1139
vn -0.9899 0.0060 0.1415
vn -0.9895 0.0297 0.1412
vn -0.9915 0.0082 0.1295
vn -0.9896 0.0050 0.1435
vn -0.9942 0.0073 0.1075
vn -0.9917 -0.0000 0.1285
vn -0.9911 0.0027 0.1329
vn -0.9723 0.0251 0.2323
vn -0.9875 -0.1224 0.0992
vn -0.9936 -0.0229 0.1103
vn -0.9888 -0.0761 0.1287
vn -0.9643 0.2003 0.1733
vn -0.9909 -0.0478 0.1260
vn -0.9921 -0.0373 0.1195
vn -0.9939 -0.0090 0.1097
vn -0.9739 0.1340 0.1832
vn -0.9907 -0.0228 0.1341
vn -0.9964 0.0054 0.0850
vn -0.9927 -0.0010 0.1206
vn -0.9285 0.0658 -0.3655
vn -0.9668 0.0926 -0.2382
vn -0.9519 -0.0186 -0.3060
vn -0.9970 -0.0409 0.0654
vn -0.9986 0.0470 -0.0247
vn -0.9988 -0.0107 0.0483
vn -0.9963 0.0012 -0.0864
vn -0.9943 0.0947 -0.0488
vn -0.9977 0.0463 -0.0499
vn -0.9879 0.1471 -0.0482
vn -0.9855 0.1680 -0.0231
vn -0.9883 0.1482 -0.0361
vn -0.9999 0.0087 -0.0113
vn -0.9998 -0.0133 0.0133
vn -0.9945 -0.1037 -0.0171
vn -0.9966 -0.0231 0.0791
vn -0.9893 0.1323 0.0613
vn -0.9949 -0.0111 0.1006
vn -0.9956 0.0122 0.0933
vn -0.7929 0.2764 -0.5430
vn -0.9391 0.0554 -0.3392
vn -0.9942 0.0638 -0.0860
vn -0.9974 0.0047 0.0715
vn -0.9983 -0.0195 0.0553
vn -0.9956 0.0051 0.0941
vn -0.9928 0.0033 0.1198
vn -0.9811 -0.1919 -0.0265
vn -0.9813 -0.1922 -0.0109
vn -0.9912 0.1081 0.0761
vn -0.9059 0.4156 -0.0820
vn -0.9920 0.0018 0.1263
vn -0.9947 -0.0020 0.1033
vn -0.9857 -0.1221 0.1165
vn -0.9737 0.2276 -0.0010
vn -0.9952 0.0974 0.0102
vn -0.9913 -0.1036 0.0815
vn -0.9980 -0.0568 0.0270
vn -0.9985 -0.0545 -0.0011
vn -0.9928 -0.1143 -0.0350
vn -0.9893 -0.1364 0.0524
vn -0.9941 -0.1069 -0.0181
vn -0.9997 0.0226 0.0098
vn -0.9937 0.0835 -0.0742
vn -0.9937 -0.1118 -0.0099
vn -0.9970 0.0771 -0.0096
vn -0.9953 0.0738 -0.0620
vn -0.9979 0.0606 0.0218
vn -0.9993 0.0110 0.0362
vn -0.9764 0.2107 -0.0479
vn -0.9994 0.0353 -0.0002
vn -0.9886 -0.1497 -0.0158
vn -0.9937 -0.1123 0.0025
vn -0.9984 -0.0159 0.0536
vn -0.9854 -0.1681 -0.0257
vn -0.9932 -0.0313 0.1122
vn -0.9976 -0.0297 0.0628
vn -0.9691 -0.2462 0.0146
vn -0.9819 0.1840 0.0458
vn -0.9912 0.1291 0.0306
vn -0.9695 0.2445 -0.0182
vn -0.9980 0.0348 0.0530
vn -0.9949 -0.0436 0.0909
vn -0.9965 0.0395 0.0732
vn -0.9960 -0.0757 0.0480
vn -0.9928 0.0800 -0.0896
vn -0.9987 0.0482 -0.0156
vn -0.9926 0.0022 0.1212
vn -0.9802 0.1857 -0.0688
vn -0.9763 0.2155 -0.0210
vn -0.9855 0.1658 -0.0369
vn -0.9932 -0.0762 0.0884
vn -0.9992 -0.0265 0.0289
vn -0.5211 0.0296 -0.8530
vn -0.9895 0.1262 0.0705
vn -0.9906 0.1351 -0.0235
vn -0.9957 -0.0119 0.0922
vn -0.9949 -0.0428 0.0915
vn -0.9969 -0.0080 0.0782
vn -0.9818 0.1882 -0.0265
vn -0.9984 0.0291 0.0478
vn -0.9970 -0.0250 0.0734
vn -0.9976 0.0658 0.0190
vn -0.9963 0.0369 0.0775
vn -0.9985 -0.0499 -0.0233
vn -0.9990 0.0237 0.0367
vn -0.9988 -0.0434 0.0210
vn -0.9962 -0.0153 0.0862
vn -0.9983 -0.0341 0.0471
vn -0.7899 -0.0240 -0.6128
vn -0.9959 0.0649 0.0624
vn -0.9935 0.1137 0.0021
vn -0.0146 -0.2680 -0.9633
vn 0.1081 -0.3412 -0.9338
vn -0.2272 0.1070 -0.9679
vn 0.1084 0.9214 -0.3731
vn -0.3214 0.9463 -0.0339
vn -0.2794 0.9599 -0.0241
vn -0.6639 0.7478 0.0060
vn -0.1741 0.9847 0.0055
vn -0.3578 0.9333 0.0299
vn -0.4430 0.8965 -0.0042
vn 0.0263 0.9956 0.0901
vn -0.0089 0.9936 0.1123
vn 0.0398 0.9975 0.0590
vn -0.1730 0.9849 0.0023
vn -0.0550 0.9985 0.0060
vn -0.0731 0.9972 -0.0183
vn -0.5341 0.8453 0.0164
vn -0.0347 0.9994 0.0040
vn 0.0042 0.9988 0.0496
vn -0.0287 0.9995 -0.0118
vn 0.4038 0.9146 0.0185
vn 0.0903 0.9957 0.0189
vn 0.4524 0.8918 -0.0033
vn -0.9678 0.2466 0.0499
vn 0.6917 0.7220 0.0147
vn 0.3979 0.9174 -0.0090
vn 0.0085 0.9998 0.0154
vn -0.0029 0.9998 -0.0210
vn -0.3503 0.9366 -0.0007
vn -0.0126 0.9994 0.0319
vn -0.5476 0.8360 0.0350
vn -0.9505 0.2997 0.0819
vn 0.0285 0.9996 -0.0061
vn -0.1015 0.9948 -0.0032
vn 0.0519 0.9973 0.0528
vn 0.0342 0.9973 0.0651
vn -0.0328 0.9993 0.0204
vn -0.0424 0.9987 -0.0295
vn 0.0893 0.9960 0.0005
vn 0.1663 0.9861 0.0035
vn -0.4953 0.8687 -0.0059
vn -0.0021 0.9993 -0.0379
vn 0.0715 0.9974 -0.0117
vn -0.1740 0.9844 0.0257
vn 0.0507 0.9973 0.0523
vn 0.0442 0.9924 0.1146
vn 0.0923 0.9913 0.0935
vn 0.4796 -0.0629 -0.8752
vn 0.3071 -0.0421 -0.9508
vn 0.2116 -0.3193 -0.9237
vn 0.1003 -0.3028 -0.9478
vn -0.1065 -0.1470 -0.9834
vn 0.3284 -0.5239 -0.7859
vn -0.9970 -0.0217 0.0746
vn -0.9953 -0.0372 0.0896
vn -0.9947 -0.0472 0.0912
vn -0.9962 -0.0378 0.0786
vn -0.9936 -0.1131 -0.0015
vn -0.9995 -0.0024 0.0306
vn -0.9958 -0.0879 0.0269
vn -0.9987 -0.0474 0.0179
vn -0.9967 -0.0621 0.0515
vn -0.9975 -0.0588 0.0388
vn -0.9921 -0.1245 -0.0152
vn -0.9903 -0.1361 0.0289
vn -0.9858 -0.1571 -0.0596
vn -0.9871 0.1196 0.1067
vn -0.9905 0.0527 0.1271
vn -0.9920 0.1159 0.0507
vn -0.9922 0.0677 0.1051
vn -0.9856 0.1656 0.0343
vn -0.9916 0.0088 0.1290
vn -0.9907 -0.0122 0.1358
vn -0.9921 -0.0126 0.1248
vn -0.9959 -0.0158 0.0886
vn -0.9947 -0.0026 0.1024
vn -0.9893 -0.1124 0.0935
vn -0.9923 -0.0028 0.1242
vn -0.9935 -0.0669 0.0916
vn -0.9843 -0.1551 0.0842
vn -0.9822 -0.1793 0.0569
vn -0.9960 -0.0385 0.0812
vn -0.9900 -0.0158 0.1399
vn -0.9963 -0.0258 0.0824
vn -0.9881 -0.1456 0.0493
vn -0.9937 -0.0753 0.0827
vn -0.9960 -0.0888 0.0035
vn -0.9867 -0.1506 0.0613
vn -0.9924 -0.0156 0.1222
vn -0.9969 -0.0776 -0.0089
vn -0.9934 -0.0419 0.1072
vn -0.9916 -0.0288 0.1262
vn -0.9941 -0.1086 -0.0000
vn -0.9954 0.0732 0.0620
vn -0.9990 0.0402 0.0197
vn -0.9999 -0.0042 -0.0091
vn -0.9919 -0.1269 -0.0025
vn -0.9988 -0.0213 0.0431
vn -0.9979 -0.0196 0.0616
vn -0.9527 -0.2949 0.0731
vn -0.7990 -0.6003 0.0340
vn -0.9932 -0.1161 0.0051
vn -0.9972 -0.0275 0.0698
vn -0.9877 -0.1093 -0.1117
vn -0.9968 -0.0676 0.0434
vn -0.7860 -0.6182 0.0083
vn -0.9999 -0.0074 0.0152
vn -0.8512 -0.0059 -0.5248
vn -0.9431 -0.1753 -0.2826
vn -0.9655 -0.0869 -0.2455
vn -0.9783 -0.1179 -0.1707
vn -0.9962 0.0035 0.0866
vn -0.9907 0.1090 -0.0819
vn -0.8957 0.2570 -0.3628
vn -0.9941 0.0159 0.1070
vn -0.9126 -0.1605 -0.3761
vn -0.9721 -0.0186 -0.2339
vn -0.9840 0.1704 -0.0529
vn -0.9999 0.0129 0.0065
vn -0.9910 0.0338 -0.1295
vn -0.9566 -0.2908 -0.0201
vn -0.9787 0.1735 -0.1098
vn -0.9971 0.0369 0.0659
vn -0.9966 0.0707 0.0420
vn -0.9735 -0.0436 -0.2246
vn -0.8616 -0.5074 0.0165
vn -0.9947 0.0065 0.1023
vn -0.9917 -0.0027 0.1285
vn 0.9949 -0.0660 -0.0759
vn 0.0345 0.9985 0.0433
vn -0.0472 0.9955 0.0821
vn -0.1176 0.9928 0.0245
vn 0.9902 -0.1224 -0.0673
vn 0.9975 -0.0592 -0.0389
vn 0.9913 -0.1153 -0.0631
vn 0.9771 0.2030 -0.0639
vn 0.3790 0.9253 -0.0118
vn 0.8806 0.4736 0.0177
vn 0.9982 0.0407 0.0451
vn 0.9981 -0.0609 -0.0134
vn 0.9952 -0.0892 -0.0401
vn 0.4190 0.9080 -0.0023
vn 0.3023 0.9527 0.0321
vn 0.0998 0.9950 -0.0050
vn -0.1148 0.9934 -0.0036
vn 0.8939 0.4472 -0.0297
vn 0.9984 -0.0351 -0.0455
vn 0.8620 0.5056 0.0374
vn 0.9820 0.1872 -0.0253
vn 0.7301 0.6823 -0.0370
vn 0.8213 0.5688 -0.0428
vn 0.9938 -0.0983 -0.0519
vn 0.9024 0.4309 -0.0057
vn 0.3171 0.9484 -0.0054
vn 0.8752 0.4837 -0.0040
vn 0.5728 0.8196 -0.0096
vn 0.9926 -0.1059 -0.0595
vn 0.9229 0.3833 -0.0377
vn 0.9268 0.3747 -0.0245
vn 0.9907 -0.1131 -0.0751
vn 0.8594 0.5099 -0.0381
vn 0.4121 0.9110 0.0151
vn 0.8639 0.5021 0.0406
vn 0.9951 0.0972 0.0185
vn 0.9937 -0.0601 -0.0944
vn 0.9496 0.3044 -0.0748
vn 0.9960 -0.0227 -0.0863
vn 0.8834 0.4676 0.0307
vn 0.9981 0.0620 0.0018
vn 0.1411 0.9899 0.0161
vn -0.0835 0.9942 0.0681
vn -0.0005 0.9948 0.1020
vn 0.0513 0.9933 0.1039
vn 0.9904 -0.1110 -0.0827
vn 0.9898 -0.1290 -0.0600
vn 0.9942 -0.0948 -0.0515
vn 0.9937 -0.0964 -0.0569
vn 0.9958 -0.0832 -0.0386
vn 0.9912 -0.1291 -0.0298
vn -0.0470 0.9958 0.0790
vn 0.9986 -0.0421 -0.0318
vn -0.5542 0.0930 0.8272
vn -0.3065 0.0898 0.9476
vn -0.3589 0.0386 0.9326
vn 0.1964 0.0393 0.9797
vn -0.4213 0.0353 0.9062
vn -0.4218 0.0832 0.9029
vn -0.3145 0.0353 0.9486
vn -0.7121 0.0345 0.7013
vn -0.5471 0.0279 0.8366
vn 0.1891 0.0652 0.9798
vn -0.0169 0.0210 0.9996
vn -0.3074 0.0307 0.9511
vn -0.2437 -0.0249 0.9695
vn -0.3472 0.1033 0.9321
vn -0.9991 0.0374 0.0210
vn -0.4678 0.0850 0.8797
vn -0.9752 -0.0179 0.2207
vn -0.5356 -0.0117 0.8444
vn -0.9821 0.1885 0.0020
vn -0.9112 0.0881 0.4025
vn -0.9945 -0.0161 -0.1036
vn -0.2344 0.1057 0.9664
vn -0.9848 -0.0886 0.1492
vn -0.9870 0.0066 -0.1606
vn -0.9975 0.0385 0.0590
vn -0.9952 0.0922 0.0335
vn -0.8856 -0.3850 0.2597
vn -0.9954 0.0908 -0.0306
vn 0.0417 0.0389 0.9984
vn -0.4874 -0.0466 0.8720
vn -0.3998 -0.7840 0.4749
vn -0.0070 -0.0250 0.9997
vn 0.2309 -0.1067 0.9671
vn 0.0068 -0.0594 0.9982
vn -0.9516 0.0467 0.3039
vn -0.9910 0.0567 -0.1209
vn -0.9471 0.0290 -0.3196
vn -0.9403 0.0390 -0.3381
vn -0.8936 0.0843 -0.4409
vn 0.3396 -0.9178 -0.2058
vn -0.6996 -0.2981 0.6494
vn -0.8177 -0.5539 0.1571
vn -0.8938 -0.1136 0.4339
vn -0.9840 0.0516 -0.1704
vn -0.9936 -0.0094 -0.1123
vn -0.9960 -0.0887 -0.0070
vn -0.7418 -0.3348 -0.5811
vn -0.7975 0.1283 -0.5895
vn -0.9617 0.0301 -0.2725
vn -0.9297 0.3509 -0.1121
vn -0.8888 -0.0021 0.4583
vn -0.8870 0.0392 0.4601
vn -0.9217 0.1377 -0.3626
vn -0.2648 -0.0192 0.9641
vn -0.9411 0.0151 0.3378
vn -0.5592 -0.0207 0.8288
vn -0.0860 0.0378 0.9956
vn -0.0678 0.0415 0.9968
vn -0.5832 0.0855 0.8079
vn -0.0283 0.0858 0.9959
vn 0.1352 0.0908 0.9866
vn -0.6482 0.0463 0.7601
vn 0.2141 0.0484 0.9756
vn -0.9910 -0.0058 0.1335
vn 0.2214 0.0610 0.9733
vn -0.0390 0.0355 0.9986
vn -0.9870 0.1584 -0.0279
vn -0.9922 0.0424 -0.1173
vn -0.9993 0.0027 0.0364
vn -0.9619 0.0643 -0.2658
vn -0.9833 0.0148 -0.1814
vn -0.9710 0.0137 0.2388
vn -0.9977 0.0657 -0.0167
vn -0.9630 0.2683 0.0257
vn -0.9840 0.1243 0.1279
vn -0.9773 0.1791 0.1131
vn -0.9921 0.0610 0.1096
vn -0.9953 0.0881 0.0414
vn -0.9937 0.0449 0.1030
vn -0.9927 0.0400 0.1140
vn -0.9713 -0.0055 -0.2377
vn -0.9991 0.0300 -0.0308
vn -0.9929 0.1175 0.0200
vn -0.9982 -0.0427 -0.0415
vn -0.9971 0.0349 0.0669
vn -0.9078 0.0090 0.4193
vn -0.1623 0.0202 0.9865
vn 0.1809 0.0627 0.9815
vn 0.0504 -0.0632 0.9967
vn 0.2983 -0.1233 0.9465
vn 0.0727 -0.0060 0.9973
vn -0.6292 0.0148 0.7771
vn -0.6949 -0.0000 0.7191
vn -0.6536 -0.0560 0.7548
vn -0.7819 -0.0218 0.6230
vn -0.1240 -0.0241 0.9920
vn -0.3234 -0.0608 0.9443
vn -0.0184 0.9776 -0.2098
vn -0.0262 0.9980 -0.0574
vn 0.2779 -0.0986 -0.9555
vn 0.4517 -0.0458 -0.8910
vn 0.5420 0.0415 -0.8394
vn 0.4612 -0.0158 -0.8872
vn 0.0131 -0.0013 -0.9999
vn 0.3712 -0.0150 -0.9284
vn 0.4425 0.0022 -0.8968
vn 0.5555 0.0270 -0.8311
vn -0.0841 -0.0155 -0.9963
vn 0.2814 -0.0268 -0.9592
vn 0.2455 0.0101 -0.9693
vn 0.1875 -0.0026 -0.9823
vn -0.2121 0.0144 -0.9771
vn -0.1886 -0.1989 -0.9617
vn -0.2256 -0.3659 -0.9029
vn -0.1761 -0.3922 -0.9029
vn -0.1174 0.0102 -0.9930
vn 0.2756 -0.1846 -0.9434
vn 0.1649 -0.0215 -0.9861
vn 0.1806 -0.0503 -0.9823
vn 0.2119 -0.5245 -0.8246
vn -0.2179 -0.5365 -0.8153
vn 0.2836 -0.4591 -0.8419
vn -0.2203 -0.6931 -0.6864
vn -0.2872 -0.5168 -0.8065
vn -0.9967 -0.0000 0.0810
vn -0.9977 -0.0042 0.0676
vn -0.9915 -0.0950 0.0883
vn -0.3907 0.0317 -0.9200
vn 0.3544 0.0542 -0.9335
vn 0.3058 0.0474 -0.9509
vn -0.3201 -0.0301 -0.9469
vn 0.2737 -0.1138 -0.9551
vn -0.0938 -0.4609 -0.8825
vn -0.3524 -0.1185 -0.9283
vn -0.8683 -0.4415 -0.2260
vn -0.5416 -0.7344 -0.4092
vn -0.3704 -0.4832 -0.7933
vn -0.3312 -0.5230 -0.7854
vn -0.4658 -0.0780 -0.8814
vn 0.2543 -0.1140 -0.9604
vn -0.9968 0.0017 -0.0799
vn -0.9948 -0.0097 -0.1018
vn -0.9997 -0.0233 -0.0108
vn -0.0858 0.9961 -0.0210
vn 0.4015 -0.0747 -0.9128
vn -0.9982 -0.0178 -0.0574
vn -0.9989 -0.0371 -0.0278
vn -0.9990 -0.0417 -0.0161
vn -0.9996 -0.0093 -0.0250
vn -1.0000 0.0023 -0.0077
vn -0.9989 0.0320 -0.0347
vn -0.9896 0.0115 -0.1430
vn -0.9967 -0.0214 -0.0778
vn -0.0759 -0.2164 -0.9733
vn 0.0030 -0.1584 -0.9874
vn -0.0972 -0.2324 -0.9678
vn -0.0332 0.9985 -0.0447
vn -0.0207 0.9991 -0.0360
vn -0.0782 -0.2929 -0.9529
vn -0.0624 -0.2346 -0.9701
vn -0.9967 0.0188 -0.0786
vn -0.9481 0.0019 -0.3180
vn -0.9884 0.0224 -0.1504
vn -0.3187 -0.4940 -0.8090
vn -0.0024 -0.2962 -0.9551
vn 0.1858 -0.1967 -0.9627
vn 0.1607 -0.3377 -0.9274
vn -0.0425 0.6863 -0.7261
vn -0.0137 0.7401 -0.6724
vn -0.9929 -0.0157 -0.1175
vn -0.4533 -0.2903 -0.8428
vn -0.8279 0.2377 -0.5080
vn -0.0644 0.0041 -0.9979
vn -0.7039 -0.0204 -0.7100
vn -0.5061 -0.6031 0.6165
vn -0.9966 -0.0112 0.0812
vn 0.3600 -0.4459 -0.8195
vn 0.0591 -0.2775 -0.9589
vn 0.0084 -0.1605 -0.9870
vn 0.1733 -0.3809 -0.9083
vn -0.9911 0.1157 0.0654
vn -0.9885 0.1477 0.0317
vn -0.9859 0.1597 -0.0505
vn -0.6439 -0.1428 -0.7517
vn 0.0080 -0.1585 -0.9873
vn 0.2841 -0.4334 -0.8552
vn -0.1350 0.0048 -0.9908
vn -0.6928 0.0077 -0.7210
vn -0.5961 -0.7113 -0.3726
vn -0.8270 0.0044 -0.5622
vn -0.0021 -0.0680 -0.9977
vn -0.3363 0.2461 -0.9090
vn -0.1252 -0.1992 -0.9719
vn 0.3890 0.0237 -0.9209
vn -0.2584 0.0078 -0.9660
vn 0.4481 -0.0269 -0.8936
vn -0.3075 0.0108 -0.9515
vn 0.2747 -0.4339 -0.8581
vn -0.8188 0.5734 0.0274
vn -0.4894 0.8720 0.0119
vn -0.8427 0.5333 -0.0738
vn -0.8581 -0.1911 -0.4766
vn -0.0356 0.5012 -0.8646
vn -0.0305 0.0616 -0.9976
vn 0.5150 -0.0157 -0.8571
vn 0.3856 0.0165 -0.9225
vn -0.2024 -0.7979 -0.5678
vn 0.0504 -0.7550 -0.6537
vn -0.6015 -0.4024 -0.6901
vn -0.0270 0.9042 -0.4263
vn -0.0270 0.9941 -0.1051
vn -0.1007 -0.9798 -0.1727
vn 0.0064 0.3134 -0.9496
vn -0.4751 0.8792 -0.0366
vn -0.9073 0.4204 0.0090
vn -0.7646 0.6433 0.0389
vn -0.1736 0.6705 -0.7214
vn -0.3356 0.5277 -0.7803
vn -0.0258 0.9978 -0.0614
vn -0.1262 0.9914 -0.0335
vn -0.0607 0.9970 -0.0483
vn -0.9927 -0.1189 -0.0215
vn -0.9445 -0.0010 -0.3285
vn -0.7843 -0.0047 -0.6204
vn -0.9671 -0.0110 -0.2542
vn -0.0348 0.1972 -0.9797
vn -0.0288 0.0554 -0.9981
vn -0.1116 0.9937 -0.0118
vn -0.0463 0.9987 -0.0220
vn 0.0093 1.0000 -0.0032
vn 0.0095 -0.1043 -0.9945
vn 0.2492 -0.4580 -0.8533
vn -0.9904 0.0900 0.1047
vn -0.9966 -0.0240 0.0794
vn -0.9970 -0.0040 0.0773
vn -0.9967 -0.0320 0.0750
vn -0.9976 0.0105 0.0689
vn -0.9976 -0.0217 0.0654
vn -0.7242 0.0212 -0.6893
vn -0.9984 0.0088 0.0551
vn -0.9983 0.0354 0.0470
vn -0.9994 0.0183 0.0285
vn -0.9972 -0.0098 0.0745
vn -0.9951 -0.0457 0.0880
vn -0.3614 0.9320 0.0289
vn -0.4417 0.8972 0.0007
vn -0.9995 0.0048 0.0321
vn -0.9999 0.0129 -0.0112
vn -0.8132 0.5794 0.0551
vn -0.9978 -0.0170 0.0642
vn -0.9830 -0.0126 -0.1830
vn -0.9919 0.0016 -0.1267
vn 0.0340 -0.4256 -0.9043
vn -0.9683 -0.0067 -0.2498
vn -0.0168 0.3888 -0.9212
vn -0.0386 0.8537 -0.5193
vn -0.0245 0.4831 -0.8752
vn -0.0057 0.9881 -0.1539
vn 0.2563 -0.3946 -0.8824
vn -0.4353 -0.6587 -0.6138
vn -0.2377 0.9695 -0.0600
vn 0.3176 -0.3204 -0.8924
vn -0.9972 -0.0174 0.0733
vn -0.9976 -0.0155 0.0673
vn 0.1765 -0.4368 -0.8821
vn -0.9996 -0.0258 0.0064
vn -0.9886 0.1266 0.0815
vn -0.9189 0.3933 0.0313
vn -0.1103 -0.2861 -0.9518
vn -0.0775 0.9968 -0.0180
vn -0.9490 -0.0430 -0.3123
vn -0.6829 0.0126 -0.7304
vn -0.0440 0.9965 -0.0709
vn -0.9951 0.0539 0.0823
vn -0.9962 0.0795 0.0358
vn -0.9984 -0.0009 0.0567
vn -0.9983 0.0535 0.0249
vn -0.9968 0.0601 0.0522
vn -0.9968 0.0790 0.0078
vn -0.9962 -0.0182 0.0853
vn -0.9952 0.0936 0.0286
vn -0.2741 0.9613 -0.0286
vn -0.3819 0.1057 -0.9181
vn 0.2662 0.1382 -0.9540
vn -0.1916 0.0153 -0.9814
vn -0.2137 0.9769 -0.0040
vn -0.9952 0.0976 0.0036
vn -0.9965 -0.0349 0.0761
vn 0.0393 -0.5792 -0.8142
vn -0.9771 -0.2000 -0.0732
vn -0.9990 -0.0359 0.0270
vn -0.9978 -0.0158 0.0639
vn -0.9912 -0.1320 -0.0138
vn -0.2931 0.7953 -0.5306
vn -0.5575 0.6392 -0.5298
vn -0.8904 0.4500 0.0681
vn -0.9014 0.4324 -0.0231
vn -0.9979 -0.0148 0.0630
vn -0.9981 -0.0149 0.0594
vn -0.9987 -0.0405 0.0298
vn -0.9970 0.0246 0.0728
vn -0.9998 0.0076 -0.0184
vn -0.9723 0.2308 -0.0361
vn -0.9962 0.0101 0.0866
vn -0.0320 0.9392 -0.3420
vn -0.4694 0.8229 -0.3202
vn -0.3949 0.9183 -0.0266
vn -0.4793 0.8776 -0.0128
vn -0.9492 0.0045 -0.3146
vn -0.9945 0.0253 -0.1019
vn -0.8196 0.5638 -0.1020
vn -0.8745 0.4825 0.0494
vn -0.7912 -0.5665 0.2304
vn -0.4174 -0.0202 -0.9085
vn -0.9864 0.1184 -0.1142
vn 0.1288 0.0935 -0.9872
vn -0.5131 -0.0002 -0.8583
vn -0.2150 -0.9738 -0.0737
vn 0.0042 0.2068 -0.9784
vn -0.9896 0.0043 -0.1436
vn 0.1727 -0.4102 -0.8955
vn -0.2002 0.0059 -0.9797
vn 0.5337 -0.1025 -0.8394
vn 0.0212 0.9988 -0.0431
vn -0.0162 0.4501 -0.8928
vn -0.1408 -0.1740 -0.9746
vn 0.3300 -0.2574 -0.9082
vn 0.1055 -0.2093 -0.9721
vn 0.3590 -0.0096 -0.9333
vn 0.5214 0.0012 -0.8533
vn -0.8118 -0.0267 -0.5834
vn -0.9993 0.0306 -0.0212
vn -0.9959 0.0177 -0.0891
vn -0.9993 0.0268 -0.0273
vn -0.9857 -0.1682 0.0026
vn 0.4792 0.0101 -0.8777
vn -0.9950 0.0980 0.0209
vn -0.9380 -0.0105 -0.3465
vn -0.9458 0.2862 -0.1537
vn -0.9965 -0.0141 0.0822
vn -0.4721 0.0371 -0.8807
vn -0.6466 0.2431 -0.7231
vn -0.5083 -0.0163 -0.8610
vn -0.6068 -0.0361 -0.7940
vn -0.4110 0.0538 -0.9101
vn -0.2461 -0.0034 -0.9692
vn 0.2901 0.1300 -0.9481
vn 0.1983 0.3583 -0.9123
vn 0.3255 0.2389 -0.9149
vn 0.0379 -0.0469 -0.9982
vn -0.0028 0.2160 -0.9764
vn -0.2653 -0.0179 -0.9640
vn -0.3303 -0.0160 -0.9437
vn -0.9379 -0.0274 0.3457
vn -0.3412 -0.0062 -0.9400
vn -0.4621 -0.0506 -0.8854
vn -0.0183 -0.0414 -0.9990
vn 0.2528 0.1195 -0.9601
vn 0.3015 -0.0288 -0.9530
vn 0.2612 0.0311 -0.9648
vn 0.0437 -0.0432 -0.9981
vn 0.2180 -0.1723 -0.9606
vn -0.4386 0.0093 -0.8986
vn -0.1514 -0.0073 -0.9884
vn 0.3540 0.0295 -0.9348
vn 0.1083 0.0372 -0.9934
vn -0.2298 0.0465 -0.9721
vn -0.4640 -0.0321 -0.8853
vn -0.2909 -0.0033 -0.9567
vn -0.2916 -0.0392 -0.9557
vn -0.3298 0.0076 -0.9440
vn -0.3255 0.0215 -0.9453
vn -0.0374 -0.0200 -0.9991
vn -0.2138 -0.1228 -0.9691
vn -0.5731 -0.0467 -0.8181
vn -0.0056 0.9135 -0.4067
vn 0.1025 0.9928 -0.0624
vn -0.2338 0.9689 -0.0810
vn 0.0329 0.9957 0.0869
vn 0.2234 0.8698 -0.4398
vn -0.4439 0.8596 -0.2530
vn -0.0627 0.9972 -0.0414
vn -0.0041 0.9965 0.0837
vn 0.0435 0.9976 -0.0541
vn -0.0516 0.9966 0.0646
vn 0.0430 0.9975 -0.0562
vn -0.0805 0.9965 0.0232
vn 0.9982 -0.0562 -0.0196
vn 0.9944 -0.0929 -0.0494
vn 0.9996 0.0278 -0.0020
vn 0.9959 0.0900 0.0094
vn 0.1166 0.9890 0.0910
vn 0.1575 0.9670 -0.2003
vn -0.1292 0.9893 0.0681
vn -0.5075 0.8443 -0.1720
vn -0.9802 0.1712 -0.0992
vn -0.7186 0.5952 -0.3596
vn 0.2787 0.8838 -0.3758
vn 0.4570 0.7255 -0.5146
vn 0.4314 0.7381 -0.5188
vn 0.0194 0.9898 -0.1413
vn 0.0424 0.9881 -0.1477
vn 0.0953 0.9933 0.0661
vn -0.7604 0.6491 0.0207
vn -0.5959 0.8030 -0.0088
vn 0.2478 0.8957 -0.3691
vn 0.1797 0.9821 0.0564
vn 0.1256 0.9882 0.0873
vn 0.1409 0.9888 0.0498
vn -0.6680 0.7378 -0.0973
vn -0.4687 0.8752 -0.1196
vn 0.2504 0.9664 0.0586
vn -0.0013 0.9900 -0.1408
vn -0.0786 0.9946 0.0677
vn 0.0507 0.9413 0.3336
vn -0.3767 0.9099 -0.1739
vn -0.0342 0.9985 -0.0437
vn 0.2886 0.9232 -0.2537
vn 0.3357 0.8813 -0.3325
vn 0.4462 0.7070 -0.5488
vn -0.2454 0.8436 -0.4776
vn -0.1728 0.9003 -0.3996
vn -0.1394 0.9013 -0.4102
vn -0.1331 0.9904 0.0373
vn -0.1454 0.9894 -0.0059
vn -0.9313 0.3435 -0.1212
vn 0.1652 0.9860 0.0211
vn -0.0518 0.9986 -0.0077
vn 0.2644 0.8759 -0.4037
vn 0.0308 0.9805 -0.1939
vn 0.0331 0.9994 -0.0052
vn -0.2061 0.9785 -0.0058
vn -0.4404 0.8719 -0.2142
vn 0.1206 0.9890 0.0859
vn -0.3038 0.9522 0.0312
vn 0.1063 0.9011 -0.4204
vn 0.3121 0.7733 -0.5519
vn 0.0682 0.9947 -0.0774
vn -0.0762 0.9971 0.0033
vn 0.1793 0.9816 0.0652
vn 0.2614 0.9249 -0.2761
vn 0.4193 0.7938 -0.4406
vn 0.1235 0.9917 0.0351
vn -0.3180 0.9136 -0.2536
vn 0.2855 0.9583 -0.0117
vn -0.6117 0.7414 -0.2760
vn -0.3952 0.9130 -0.1014
vn 0.1694 0.9852 0.0254
vn -0.0877 0.9955 0.0350
vn -0.2266 0.9740 -0.0018
vn 0.1473 0.9426 -0.2995
vn 0.2103 0.9706 0.1172
vn -0.0545 0.9981 0.0292
vn 0.2274 0.8725 -0.4324
vn 0.0881 0.9593 -0.2684
vn 0.2441 0.9153 -0.3203
vn -0.0389 0.9991 -0.0176
vn 0.8387 0.5445 -0.0109
vn 0.9629 0.2698 0.0006
vn 0.0320 0.9900 -0.1377
vn 0.6679 0.7442 -0.0101
vn 0.4088 0.9126 0.0025
vn 0.8808 0.4719 -0.0383
vn 0.3674 0.9301 0.0031
vn 0.1198 0.9927 -0.0130
vn -0.1756 0.9844 -0.0059
vn 0.0148 0.9851 -0.1712
vn -0.2771 0.9536 -0.1180
vn -0.2782 0.9601 -0.0282
vn 0.9975 -0.0477 -0.0527
vn 0.9996 -0.0137 -0.0250
vn -0.1709 0.9853 0.0027
vn -0.2612 0.9611 0.0897
vn -0.1791 0.9838 0.0043
vn -0.1287 0.9892 0.0707
vn 0.9963 -0.0509 -0.0694
vn 0.9990 -0.0442 0.0083
vn 0.9524 -0.3042 0.0189
vn 0.9999 0.0112 -0.0031
vn 0.9894 -0.1330 -0.0575
vn 0.9930 -0.1028 -0.0577
vn 0.9934 -0.1035 -0.0496
vn 0.9594 -0.2773 -0.0515
vn 0.9078 -0.4167 -0.0468
vn 0.9922 -0.1015 -0.0724
vn 0.8916 -0.4483 -0.0630
vn 0.9193 -0.3907 -0.0464
vn 0.9936 -0.1016 -0.0495
vn 0.9966 -0.0702 -0.0439
vn 0.9927 -0.1108 -0.0482
vn 0.9246 -0.3806 -0.0153
vn 0.9026 -0.4233 -0.0787
vn 0.9847 -0.1359 -0.1093
vn 0.9910 -0.1248 -0.0484
vn 0.9977 -0.0547 -0.0402
vn 0.9991 -0.0214 -0.0359
vn 0.9957 -0.0578 -0.0718
vn 0.9888 -0.1328 -0.0679
vn 0.9887 -0.0988 -0.1127
vn 0.9964 -0.0798 -0.0292
vn 0.9940 -0.0957 -0.0524
vn 0.9998 -0.0166 -0.0092
vn 0.9641 -0.2651 0.0153
vn 0.9793 -0.2022 0.0097
vn 0.9979 0.0595 0.0252
vn 0.9983 0.0326 0.0475
vn 0.9957 0.0832 0.0409
vn 0.9999 0.0074 0.0076
vn 0.9982 -0.0566 -0.0200
vn 0.9500 -0.3121 -0.0031
vn 0.9648 -0.2629 -0.0063
vn 0.9988 -0.0403 -0.0263
vn 0.9925 0.1055 0.0611
vn 0.9738 -0.2272 0.0009
vn 0.9879 -0.1270 -0.0893
vn 0.9611 -0.2762 -0.0036
vn 0.9476 -0.3194 -0.0115
vn 0.9069 -0.4208 -0.0220
vn 0.9393 -0.3432 0.0014
vn 0.8828 -0.4470 -0.1447
vn 0.7691 -0.2165 0.6013
vn 0.8892 -0.4555 -0.0431
vn 0.1546 0.0085 0.9879
vn 0.1324 0.0202 0.9910
vn 0.1588 0.0396 0.9865
vn 0.1879 0.0455 0.9811
vn 0.0482 0.0171 0.9987
vn 0.6694 -0.7418 -0.0411
vn 0.1591 0.0453 0.9862
vn 0.1340 0.0039 0.9910
vn -0.0111 0.0873 0.9961
vn 0.1248 0.0314 0.9917
vn -0.0177 -0.9990 0.0404
vn -0.0405 -0.9982 0.0445
vn -0.0744 -0.9971 0.0155
vn 0.1042 0.0342 0.9940
vn 0.1259 -0.3790 0.9168
vn -0.2505 0.0532 0.9666
vn -0.1522 -0.9865 0.0600
vn -0.1519 -0.9884 0.0096
vn -0.2041 -0.9789 -0.0060
vn -0.4452 0.0155 0.8953
vn 0.9663 -0.2517 -0.0537
vn 0.9386 -0.3411 -0.0510
vn 0.9968 -0.0745 -0.0303
vn 0.0635 -0.2178 0.9739
vn 0.0351 -0.0190 0.9992
vn 0.1204 -0.0022 0.9927
vn -0.1629 -0.9863 0.0256
vn -0.1672 -0.9850 0.0425
vn -0.3000 -0.9538 0.0140
vn 0.2257 -0.9448 -0.2374
vn -0.1307 -0.9621 -0.2392
vn 0.0463 -0.9989 0.0031
vn -0.6633 -0.7290 0.1690
vn 0.5039 0.0887 0.8592
vn 0.9866 -0.0361 -0.1593
vn 0.7279 0.0348 0.6848
vn 0.8294 -0.0172 0.5584
vn -0.0887 0.1344 0.9869
vn 0.9958 0.0567 0.0715
vn 0.9126 -0.4072 -0.0358
vn 0.1101 -0.2019 0.9732
vn 0.1595 -0.9588 -0.2350
vn 0.4345 -0.6907 -0.5781
vn 0.4385 -0.8894 -0.1289
vn 0.2387 -0.9161 -0.3222
vn 0.3387 -0.6795 -0.6508
vn 0.4194 -0.8955 -0.1488
vn 0.8099 -0.5776 0.1021
vn 0.4422 -0.5565 0.7034
vn 0.4909 -0.8709 0.0236
vn 0.9238 -0.2502 -0.2897
vn 0.8787 -0.4546 -0.1454
vn 0.8399 -0.2267 0.4932
vn -0.2110 -0.9750 -0.0691
vn -0.0478 -0.9936 0.1021
vn -0.1631 -0.9860 0.0351
vn -0.2899 -0.9017 -0.3207
vn -0.3734 -0.9276 0.0086
vn -0.1519 -0.9376 -0.3128
vn 0.9899 -0.1194 -0.0768
vn 0.0957 -0.9915 -0.0881
vn 0.0659 -0.9924 -0.1042
vn 0.0451 -0.9920 -0.1180
vn 0.0639 -0.8787 0.4731
vn -0.2514 -0.6610 0.7071
vn -0.3817 -0.9087 0.1690
vn 0.2996 -0.9516 0.0689
vn 0.1984 0.0410 0.9793
vn 0.8769 0.0585 -0.4771
vn 0.8134 0.1423 -0.5641
vn 0.9996 0.0132 -0.0239
vn 0.0445 -0.6219 0.7818
vn -0.1232 -0.9918 -0.0324
vn -0.0093 -0.9997 0.0230
vn 0.5338 -0.0023 0.8456
vn 0.1810 0.0467 0.9824
vn 0.0268 -0.2466 0.9687
vn 0.7894 -0.6138 -0.0105
vn -0.0970 -0.9946 0.0370
vn -0.4720 -0.8811 0.0284
vn 0.9981 0.0578 0.0221
vn 0.9949 0.0922 0.0418
vn 0.9999 0.0170 0.0032
vn 0.9999 -0.0155 -0.0074
vn 0.9708 -0.2397 -0.0067
vn -0.1284 -0.9913 0.0304
vn -0.3942 0.0358 0.9183
vn -0.1808 -0.9835 -0.0031
vn -0.2699 -0.9629 -0.0089
vn 0.0681 -0.1192 0.9905
vn 0.9919 0.1218 0.0364
vn 0.9891 0.1367 0.0540
vn 0.9899 0.1321 0.0508
vn -0.1149 -0.9534 0.2791
vn -0.2204 -0.9750 -0.0278
vn -0.0953 -0.9954 -0.0080
vn 0.1166 -0.9932 0.0006
vn -0.0273 -0.2727 0.9617
vn -0.5167 -0.8527 -0.0770
vn -0.3157 -0.9489 -0.0016
vn -0.8700 -0.4425 -0.2175
vn 0.9996 0.0287 0.0056
vn 0.9935 0.1137 0.0051
vn 0.9997 -0.0193 -0.0117
vn 0.9935 0.1124 0.0155
vn 0.8698 -0.4929 0.0220
vn 0.9842 -0.1755 0.0241
vn 0.9940 0.1012 0.0410
vn 0.9801 -0.1985 0.0051
vn 0.9856 0.1688 0.0077
vn 0.9785 0.2049 0.0226
vn 0.9872 -0.1596 0.0009
vn 0.9000 0.0182 -0.4355
vn 0.9902 0.1379 0.0198
vn 0.0149 0.1066 0.9942
vn 0.9797 -0.2005 -0.0012
vn 0.2059 -0.9786 0.0016
vn 0.0652 -0.9937 -0.0910
vn 0.1855 -0.8958 -0.4039
vn -0.0876 -0.9953 0.0419
vn -0.1504 -0.9830 -0.1051
vn -0.1867 -0.9671 0.1727
vn -0.1788 -0.9839 0.0009
vn 0.9971 0.0711 0.0263
vn 0.2782 -0.8903 -0.3605
vn 0.2390 -0.8982 -0.3689
vn 0.1642 -0.9384 -0.3040
vn 0.1288 -0.9378 -0.3224
vn 0.3296 -0.8458 -0.4195
vn 0.1690 -0.9691 0.1798
vn 0.0458 -0.9975 0.0546
vn 0.0724 -0.9952 0.0664
vn -0.1409 -0.9885 0.0551
vn 0.2297 -0.8835 -0.4082
vn 0.3430 -0.8410 -0.4184
vn 0.2500 -0.9099 -0.3310
vn -0.4107 -0.9118 -0.0025
vn -0.0326 -0.9911 -0.1287
vn 0.0866 -0.9942 0.0638
vn 0.0149 -0.9975 0.0690
vn 0.0163 -0.9809 -0.1938
vn -0.0292 -0.9870 -0.1578
vn 0.2930 -0.9560 -0.0096
vn 0.1907 -0.9183 -0.3470
vn -0.0630 -0.9947 -0.0809
vn 0.0747 -0.1362 0.9879
vn 0.1075 -0.0368 0.9935
vn 0.3252 -0.8411 -0.4322
vn -0.1331 -0.9869 -0.0918
vn -0.6812 -0.7319 0.0174
vn 0.0529 -0.9927 -0.1080
vn 0.6543 -0.7412 -0.1500
vn -0.2330 -0.0290 0.9720
vn 0.1057 -0.0316 0.9939
vn -0.2861 -0.0194 0.9580
vn -0.3265 -0.1735 0.9291
vn -0.3657 0.0838 0.9270
vn -0.4397 -0.0063 0.8981
vn -0.2413 -0.0823 0.9669
vn -0.7233 -0.6841 0.0939
vn -0.3307 -0.9425 0.0475
vn 0.3640 -0.9313 0.0113
vn -0.0085 -0.9995 -0.0303
vn -0.1116 -0.9925 0.0498
vn 0.0796 0.0775 0.9938
vn 0.1601 0.1538 0.9750
vn 0.1713 -0.9748 -0.1430
vn -0.5849 -0.1342 0.7999
vn -0.3601 -0.1919 0.9130
vn 0.2530 -0.9539 0.1611
vn 0.1082 -0.9861 -0.1263
vn -0.8480 -0.5198 0.1038
vn -0.2496 -0.9605 0.1227
vn 0.2248 -0.9603 0.1651
vn -0.2656 0.0492 0.9628
vn -0.0986 -0.9405 0.3253
vn 0.0788 -0.2575 0.9631
vn 0.0440 -0.7746 0.6309
vn 0.1076 -0.9930 0.0483
vn 0.1447 -0.9873 0.0655
vn 0.1589 -0.9761 -0.1484
vn -0.4959 -0.8684 0.0058
vn -0.0862 -0.9655 -0.2459
vn -0.0951 -0.9750 0.2007
vn -0.4291 -0.8895 -0.1571
vn 0.0482 -0.1173 0.9919
vn 0.0278 -0.0799 0.9964
vn 0.0570 -0.0517 0.9970
vn 0.0671 -0.1032 0.9924
vn -0.0007 -0.0326 0.9995
vn -0.0742 -0.9960 0.0503
vn -0.2438 -0.2086 0.9471
vn -0.1342 -0.1765 0.9751
vn 0.2728 -0.9618 -0.0242
vn 0.0348 -0.9680 -0.2486
vn -0.0586 -0.0380 0.9976
vn -0.5427 0.0253 0.8395
vn 0.1729 -0.9846 -0.0268
vn 0.2478 -0.9658 0.0761
vn -0.2045 0.0381 0.9781
vn 0.1565 -0.8112 0.5634
vn -0.2084 -0.9589 0.1927
vn 0.0644 -0.9960 0.0621
vn 0.4126 -0.0344 0.9103
vn -0.1333 -0.2758 0.9519
vn 0.0968 -0.2465 0.9643
vn 0.4577 -0.8887 -0.0284
vn 0.0682 -0.9974 0.0237
vn 0.5894 -0.8078 -0.0113
vn 0.8037 -0.5950 0.0066
vn -0.1872 -0.1914 0.9635
vn -0.2182 -0.0635 0.9738
vn -0.0888 -0.0191 0.9959
vn -0.5467 -0.1858 0.8165
vn 0.9805 -0.1961 0.0121
vn 0.8180 -0.5723 0.0579
vn -0.1554 0.0626 0.9859
vn -0.3118 -0.9501 -0.0110
vn 0.3499 -0.9368 0.0036
vn 0.7206 -0.6933 -0.0130
vn 0.5711 -0.8209 0.0060
vn 0.1516 0.2264 0.9622
vn 0.1884 0.1438 0.9715
vn 0.9915 -0.1030 -0.0795
vn 0.9973 0.0404 -0.0608
vn 0.9992 0.0379 -0.0154
vn 0.9842 0.1755 0.0225
vn 0.9721 0.2189 0.0840
vn 0.9841 0.1506 0.0946
vn 0.9374 0.3428 -0.0615
vn 0.9909 -0.1306 -0.0311
vn 0.9656 0.2331 -0.1152
vn 0.9352 0.1151 -0.3349
vn 0.9470 -0.3211 -0.0022
vn -0.1407 -0.9767 -0.1623
vn 0.9840 -0.1401 -0.1099
vn 0.9834 0.0615 -0.1707
vn 0.9727 0.1268 -0.1942
vn 0.9733 0.2240 -0.0497
vn 0.0676 -0.3397 0.9381
vn 0.9825 0.0637 0.1753
vn 0.2172 -0.9735 0.0714
vn 0.2766 -0.1104 0.9546
vn -0.2701 -0.9485 0.1655
vn -0.1650 -0.5817 0.7965
vn -0.7119 -0.6997 0.0609
vn -0.8692 -0.4145 0.2696
vn 0.9946 0.0734 0.0732
vn 0.0582 -0.4611 0.8855
vn 0.0997 0.0834 0.9915
vn 0.8480 -0.5297 -0.0155
vn 0.2221 -0.9717 0.0811
vn 0.0720 -0.9957 0.0585
vn -0.1851 -0.0876 0.9788
vn -0.2941 -0.9546 0.0467
vn -0.0426 -0.9860 -0.1612
vn 0.5581 -0.8298 0.0034
vn 0.0481 0.0628 0.9969
vn -0.1019 0.0009 0.9948
vn -0.3162 -0.0841 0.9450
vn -0.2748 0.0869 0.9576
vn -0.3604 -0.8986 0.2502
vn -0.2492 -0.9518 0.1785
vn -0.3376 0.0786 0.9380
vn -0.1360 -0.9802 0.1442
vn 0.0785 0.0980 0.9921
vn 0.9940 0.1017 0.0402
vn 0.9926 0.1120 0.0460
vn 0.9929 -0.1182 -0.0157
vn 0.9923 0.1047 0.0662
vn 0.9901 0.1271 0.0594
vn 0.1471 0.0774 0.9861
vn -0.4002 0.0475 0.9152
vn 0.1025 0.1791 0.9785
vn -0.2241 0.1282 0.9661
vn -0.0412 0.0830 0.9957
vn -0.2347 0.1165 0.9651
vn -0.2816 0.0573 0.9578
vn -0.1543 0.1470 0.9770
vn 0.5689 -0.1768 0.8031
vn 0.1695 -0.9420 -0.2896
vn 0.0561 -0.4131 0.9090
vn -0.0603 -0.9968 0.0516
vn 0.0632 -0.9944 -0.0844
vn -0.0481 -0.9988 -0.0057
vn 0.1235 -0.9421 0.3116
vn -0.0998 0.2656 0.9589
vn 0.0096 -0.0356 0.9993
vn 0.9896 -0.1374 -0.0420
vn 0.9949 -0.0787 -0.0634
vn 0.9719 -0.0641 -0.2266
vn -0.0725 -0.9973 0.0106
vn 0.2498 -0.9670 0.0502
vn 0.0678 -0.8816 0.4672
vn -0.0554 -0.0242 0.9982
vn -0.0217 -0.9266 0.3755
vn -0.0472 -0.9968 0.0647
vn 0.1410 -0.9399 -0.3110
vt 0.900116 0.771604
vt 0.904427 0.757371
vt 0.911946 0.763752
vt 0.886706 0.762166
vt 0.864365 0.793953
vt 0.860503 0.805225
vt 0.855674 0.807638
vt 0.861914 0.774381
vt 0.829765 0.802167
vt 0.865377 0.742633
vt 0.832262 0.748850
vt 0.852331 0.709985
vt 0.908340 0.738896
vt 0.828089 0.777380
vt 0.885556 0.779610
vt 0.826538 0.757456
vt 0.887771 0.784276
vt 0.937168 0.742218
vt 0.918906 0.746998
vt 0.927637 0.733789
vt 0.919813 0.757583
vt 0.856830 0.703456
vt 0.888687 0.706813
vt 0.918334 0.703282
vt 0.222726 0.608537
vt 0.190852 0.621770
vt 0.192163 0.611923
vt 0.280394 0.622304
vt 0.248771 0.611461
vt 0.277142 0.612192
vt 0.234168 0.503356
vt 0.253756 0.509123
vt 0.258922 0.540846
vt 0.094001 0.700449
vt 0.058573 0.694332
vt 0.115763 0.697180
vt 0.909154 0.715220
vt 0.932030 0.703841
vt 0.939040 0.718010
vt 0.208907 0.531586
vt 0.210693 0.579267
vt 0.193976 0.532094
vt 0.249073 0.603970
vt 0.274974 0.591516
vt 0.238027 0.570010
vt 0.240795 0.623048
vt 0.251920 0.623473
vt 0.207219 0.600114
vt 0.183376 0.595081
vt 0.275480 0.563805
vt 0.261819 0.572469
vt 0.828366 0.703563
vt 0.946468 0.734868
vt 0.289251 0.482594
vt 0.260344 0.473345
vt 0.297038 0.614437
vt 0.296496 0.621792
vt 0.286661 0.510279
vt 0.282001 0.532914
vt 0.968977 0.713818
vt 0.297071 0.506859
vt 0.192098 0.505379
vt 0.879548 0.720233
vt 0.967118 0.703592
vt 0.986967 0.701110
vt 0.975500 0.707798
vt 0.202873 0.459532
vt 0.293775 0.457096
vt 0.297597 0.462500
vt 0.294786 0.564083
vt 0.288679 0.576274
vt 0.273267 0.451599
vt 0.046658 0.619677
vt 0.119660 0.607404
vt 0.085981 0.624658
vt 0.167173 0.564964
vt 0.153785 0.554337
vt 0.167669 0.543909
vt 0.083129 0.588914
vt 0.119939 0.584989
vt 0.085387 0.606759
vt 0.000973 0.250140
vt 0.000973 0.223556
vt 0.004444 0.241502
vt 0.183934 0.548162
vt 0.169691 0.518567
vt 0.169498 0.505542
vt 0.167706 0.500236
vt 0.166404 0.526627
vt 0.157092 0.520349
vt 0.108189 0.563098
vt 0.119363 0.565387
vt 0.135109 0.557360
vt 0.154040 0.540398
vt 0.169912 0.539134
vt 0.141450 0.568096
vt 0.158473 0.451611
vt 0.167551 0.475229
vt 0.189611 0.461431
vt 0.190620 0.483174
vt 0.169167 0.485866
vt 0.116749 0.621935
vt 0.142037 0.494612
vt 0.125953 0.537658
vt 0.130732 0.507917
vt 0.306667 0.253564
vt 0.304657 0.268217
vt 0.304657 0.243109
vt 0.092290 0.546979
vt 0.111295 0.537313
vt 0.116568 0.514075
vt 0.105512 0.529458
vt 0.107176 0.476917
vt 0.139072 0.591748
vt 0.153996 0.583914
vt 0.125950 0.480506
vt 0.148118 0.468520
vt 0.306538 0.273333
vt 0.004422 0.262222
vt 0.182786 0.441091
vt 0.192272 0.421488
vt 0.197255 0.437643
vt 0.277560 0.391414
vt 0.244728 0.418776
vt 0.245452 0.379657
vt 0.178343 0.331271
vt 0.186269 0.305950
vt 0.207182 0.324304
vt 0.166973 0.448330
vt 0.169453 0.337573
vt 0.169346 0.311334
vt 0.208322 0.401630
vt 0.221388 0.354035
vt 0.226816 0.392516
vt 0.225707 0.474691
vt 0.167014 0.362734
vt 0.156348 0.383717
vt 0.149362 0.329418
vt 0.198269 0.352740
vt 0.151983 0.426025
vt 0.157790 0.435644
vt 0.128169 0.443714
vt 0.143400 0.386750
vt 0.126952 0.366394
vt 0.140546 0.364717
vt 0.169469 0.456797
vt 0.300738 0.106667
vt 0.299934 0.085279
vt 0.302222 0.087745
vt 0.166382 0.410015
vt 0.167470 0.392042
vt 0.169831 0.413454
vt 0.170043 0.428615
vt 0.180699 0.414958
vt 0.167464 0.423598
vt 0.195070 0.386487
vt 0.200544 0.387643
vt 0.269900 0.426375
vt 0.289509 0.433652
vt 0.283058 0.353314
vt 0.295229 0.376749
vt 0.169157 0.371232
vt 0.166467 0.317744
vt 0.140384 0.346844
vt 0.289678 0.336005
vt 0.108516 0.350859
vt 0.099064 0.404812
vt 0.097733 0.331217
vt 0.110361 0.396562
vt 0.128135 0.393982
vt 0.233376 0.336637
vt 0.271399 0.294581
vt 0.289560 0.313921
vt 0.302222 0.064353
vt 0.297279 0.321241
vt 0.295243 0.354735
vt 0.289308 0.408785
vt 0.297371 0.416280
vt 0.250489 0.306517
vt 0.120770 0.415317
vt 0.203342 0.419911
vt 0.248942 0.467530
vt 0.106262 0.430779
vt 0.169480 0.394609
vt 0.119727 0.439622
vt 0.292330 0.393135
vt 0.238004 0.011111
vt 0.214429 0.008803
vt 0.244444 0.008803
vt 0.776646 0.272015
vt 0.762575 0.267680
vt 0.758011 0.247319
vt 0.011524 0.883429
vt 0.024171 0.886696
vt 0.002844 0.890595
vt 0.792172 0.198797
vt 0.801247 0.167344
vt 0.801730 0.208770
vt 0.200114 0.886801
vt 0.232081 0.891901
vt 0.200919 0.892173
vt 0.022764 0.892695
vt 0.059874 0.892596
vt 0.217867 0.879446
vt 0.261363 0.884430
vt 0.256631 0.888228
vt 0.257670 0.859571
vt 0.236077 0.872168
vt 0.073232 0.886143
vt 0.090956 0.890010
vt 0.161690 0.885743
vt 0.153929 0.870521
vt 0.169969 0.864708
vt 0.188647 0.875944
vt 0.787655 0.240004
vt 0.788367 0.267046
vt 0.729068 0.209901
vt 0.735482 0.231631
vt 0.693611 0.196889
vt 0.798620 0.340151
vt 0.793603 0.312677
vt 0.799865 0.308463
vt 0.799562 0.362336
vt 0.803064 0.333019
vt 0.699761 0.228723
vt 0.315042 0.887842
vt 0.748704 0.189162
vt 0.760969 0.228737
vt 0.720121 0.169424
vt 0.705202 0.171248
vt 0.743176 0.135977
vt 0.799144 0.277304
vt 0.781764 0.293084
vt 0.797618 0.136268
vt 0.235309 0.861311
vt 0.204721 0.862867
vt 0.787474 0.120792
vt 0.779329 0.180100
vt 0.726570 0.249155
vt 0.708086 0.248208
vt 0.708256 0.326585
vt 0.702953 0.275831
vt 0.796410 0.227735
vt 0.758852 0.296021
vt 0.209149 0.850562
vt 0.786222 0.340775
vt 0.761554 0.108837
vt 0.779914 0.112459
vt 0.763025 0.157659
vt 0.782167 0.368972
vt 0.758337 0.389433
vt 0.754038 0.332334
vt 0.738392 0.347253
vt 0.727691 0.281940
vt 0.136654 0.870283
vt 0.132384 0.889721
vt 0.800144 0.079236
vt 0.797638 0.099156
vt 0.795050 0.078931
vt 0.285954 0.892158
vt 0.803808 0.238092
vt 0.151338 0.893333
vt 0.169561 0.586791
vt 0.167102 0.580748
vt 0.169115 0.568454
vt 0.182285 0.566143
vt 0.169057 0.604218
vt 0.166274 0.608384
vt 0.138413 0.623469
vt 0.155093 0.606288
vt 0.167767 0.624175
vt 0.799783 0.784958
vt 0.765240 0.770406
vt 0.794778 0.768260
vt 0.806544 0.725262
vt 0.827032 0.729669
vt 0.766391 0.749496
vt 0.241530 0.844522
vt 0.209345 0.812912
vt 0.223556 0.806423
vt 0.250255 0.824964
vt 0.228958 0.850390
vt 0.201231 0.845288
vt 0.244942 0.815381
vt 0.263104 0.814637
vt 0.055536 0.858114
vt 0.022834 0.841771
vt 0.144454 0.849265
vt 0.088800 0.811248
vt 0.057917 0.754748
vt 0.136142 0.796686
vt 0.035115 0.784907
vt 0.177448 0.779177
vt 0.175282 0.798834
vt 0.147402 0.805626
vt 0.032956 0.866679
vt 0.002227 0.880390
vt 0.011034 0.825168
vt 0.013080 0.775267
vt 0.035341 0.766118
vt 0.223709 0.760914
vt 0.236728 0.782053
vt 0.189484 0.768277
vt 0.144552 0.779055
vt 0.196718 0.793684
vt 0.139589 0.749088
vt 0.278294 0.820547
vt 0.282369 0.813059
vt 0.149232 0.831412
vt 0.172545 0.848707
vt 0.162043 0.835001
vt 0.192163 0.802615
vt 0.229714 0.794499
vt 0.262351 0.797501
vt 0.019417 0.795711
vt 0.008298 0.796093
vt 0.042826 0.810775
vt 0.257766 0.750141
vt 0.294801 0.754030
vt 0.264285 0.779184
vt 0.182561 0.838952
vt 0.214097 0.800844
vt 0.240602 0.769814
vt 0.303967 0.776711
vt 0.178799 0.763177
vt 0.031305 0.759414
vt 0.826709 0.708358
vt 0.801703 0.710700
vt 0.792221 0.702342
vt 0.781366 0.709518
vt 0.765551 0.703002
vt 0.727619 0.703684
vt 0.720522 0.710999
vt 0.760838 0.731961
vt 0.730060 0.724544
vt 0.691082 0.751304
vt 0.729668 0.759184
vt 0.706044 0.758019
vt 0.787743 0.719825
vt 0.670119 0.727351
vt 0.682870 0.739498
vt 0.719230 0.772857
vt 0.712256 0.768391
vt 0.729492 0.773854
vt 0.702160 0.763851
vt 0.348106 0.841033
vt 0.335331 0.852763
vt 0.317133 0.840734
vt 0.298371 0.810359
vt 0.304216 0.829371
vt 0.800833 0.471789
vt 0.800498 0.458833
vt 0.806667 0.486786
vt 0.805774 0.461218
vt 0.382349 0.840606
vt 0.374148 0.828801
vt 0.286380 0.829495
vt 0.339287 0.820436
vt 0.315419 0.821183
vt 0.347654 0.816020
vt 0.341663 0.767504
vt 0.336099 0.748996
vt 0.410397 0.884694
vt 0.384832 0.885910
vt 0.398955 0.877800
vt 0.291149 0.869132
vt 0.292311 0.851599
vt 0.358973 0.861370
vt 0.280425 0.860999
vt 0.329848 0.831962
vt 0.326874 0.740461
vt 0.362129 0.846743
vt 0.349521 0.788067
vt 0.802134 0.402005
vt 0.787521 0.391145
vt 0.383153 0.865221
vt 0.399579 0.856799
vt 0.302929 0.796460
vt 0.359735 0.800076
vt 0.799238 0.422924
vt 0.342205 0.756707
vt 0.289673 0.882954
vt 0.356458 0.878340
vt 0.367939 0.818448
vt 0.325624 0.889994
vt 0.229529 0.694332
vt 0.245891 0.696323
vt 0.239648 0.700665
vt 0.189110 0.741531
vt 0.200764 0.719226
vt 0.280774 0.702186
vt 0.279052 0.715741
vt 0.252764 0.710234
vt 0.158367 0.706968
vt 0.128188 0.720656
vt 0.000820 0.697275
vt 0.010688 0.708406
vt 0.003313 0.712840
vt 0.225330 0.725546
vt 0.254404 0.730792
vt 0.217567 0.751101
vt 0.008195 0.695908
vt 0.189006 0.701225
vt 0.041988 0.734232
vt 0.300000 0.341791
vt 0.267894 0.697289
vt 0.301380 0.698061
vt 0.160101 0.698836
vt 0.319596 0.703140
vt 0.013721 0.745945
vt 0.019881 0.729634
vt 0.022983 0.713223
vt 0.312121 0.718921
vt 0.281436 0.739607
vt 0.038015 0.699148
vt 0.337829 0.731084
vt 0.298893 0.382935
vt 0.297835 0.584575
vt 0.989358 0.716765
vt 0.983889 0.709754
vt 0.206342 0.697600
vt 0.352197 0.706461
vt 0.073490 0.530640
vt 0.054962 0.518669
vt 0.067366 0.540574
vt 0.047755 0.542777
vt 0.055737 0.509349
vt 0.076583 0.516570
vt 0.065739 0.529050
vt 0.085628 0.493643
vt 0.078598 0.462670
vt 0.099381 0.453314
vt 0.067965 0.545249
vt 0.087100 0.448788
vt 0.070051 0.487836
vt 0.048447 0.597018
vt 0.033101 0.608663
vt 0.003922 0.586831
vt 0.022011 0.551821
vt 0.024528 0.587884
vt 0.004926 0.604057
vt 0.000395 0.582670
vt 0.011152 0.616648
vt 0.500429 0.562605
vt 0.498632 0.584755
vt 0.493906 0.585959
vt 0.021029 0.623904
vt 0.058189 0.625104
vt 0.044386 0.625556
vt 0.030312 0.555044
vt 0.693383 0.703036
vt 0.676366 0.705664
vt 0.002652 0.560548
vt 0.002035 0.622530
vt 0.051963 0.451581
vt 0.038386 0.468139
vt 0.070866 0.435664
vt 0.002363 0.460641
vt 0.005564 0.471209
vt 0.002086 0.510992
vt 0.021178 0.476374
vt 0.015383 0.454175
vt 0.499379 0.513060
vt 0.495297 0.505410
vt 0.499367 0.462701
vt 0.005312 0.532366
vt 0.046220 0.508581
vt 0.090986 0.379650
vt 0.013382 0.499543
vt 0.031210 0.520095
vt 0.492990 0.530472
vt 0.947821 0.774912
vt 0.922646 0.766519
vt 0.951098 0.744036
vt 0.959110 0.729641
vt 0.971899 0.734939
vt 0.985916 0.742624
vt 0.974629 0.774163
vt 0.001822 0.760991
vt 0.895307 0.787921
vt 0.937911 0.783015
vt 0.957106 0.796767
vt 0.983982 0.774016
vt 0.973117 0.716121
vt 0.989327 0.764046
vt 0.981663 0.797343
vt 0.989634 0.793941
vt 0.003190 0.791125
vt 0.977042 0.880239
vt 0.971670 0.862951
vt 0.992354 0.881799
vt 0.928902 0.844468
vt 0.950292 0.853437
vt 0.934548 0.858820
vt 0.983415 0.889810
vt 0.991646 0.891956
vt 0.985374 0.895041
vt 0.962246 0.874896
vt 0.971523 0.884545
vt 0.878879 0.796509
vt 0.866670 0.804594
vt 0.874913 0.808620
vt 0.901146 0.813239
vt 0.886369 0.816797
vt 0.869182 0.813267
vt 0.298570 0.326348
vt 0.302222 0.316818
vt 0.302222 0.337778
vt 0.604445 0.010412
vt 0.604445 0.022222
vt 0.598157 0.019167
vt 0.299892 0.217778
vt 0.299892 0.193210
vt 0.302222 0.208507
vt 0.918452 0.806341
vt 0.949916 0.814020
vt 0.930793 0.817309
vt 0.917952 0.833028
vt 0.912256 0.836452
vt 0.895087 0.822136
vt 0.870685 0.034378
vt 0.854335 0.031991
vt 0.866913 0.015578
vt 0.807727 0.063373
vt 0.817331 0.069473
vt 0.809557 0.102582
vt 0.936744 0.077290
vt 0.916532 0.076057
vt 0.931554 0.067382
vt 0.864070 0.069094
vt 0.868681 0.060724
vt 0.872716 0.083036
vt 0.862716 0.087336
vt 0.844092 0.073284
vt 0.858346 0.071624
vt 0.846872 0.091426
vt 0.811126 0.117210
vt 0.806304 0.120678
vt 0.065721 0.031199
vt 0.052980 0.012334
vt 0.063927 0.011398
vt 0.829336 0.044668
vt 0.853251 0.019625
vt 0.024922 0.002950
vt 0.044516 0.005155
vt 0.034217 0.009299
vt 0.938143 0.100713
vt 0.935669 0.129382
vt 0.930628 0.115959
vt 0.835206 0.095919
vt 0.840506 0.068584
vt 0.078731 0.014586
vt 0.076359 0.002334
vt 0.873736 0.110441
vt 0.897731 0.088267
vt 0.302222 0.159023
vt 0.302222 0.195556
vt 0.299245 0.175098
vt 0.834218 0.020069
vt 0.803917 0.139189
vt 0.810062 0.158934
vt 0.931411 0.094594
vt 0.935393 0.144668
vt 0.899647 0.156352
vt 0.906267 0.135354
vt 0.891401 0.004312
vt 0.880058 0.011712
vt 0.876826 0.008359
vt 0.819109 0.113678
vt 0.861395 0.001730
vt 0.915708 0.002987
vt 0.904607 0.009855
vt 0.902788 0.001719
vt 0.919781 0.022841
vt 0.920448 0.044983
vt 0.891890 0.023339
vt 0.801264 0.124590
vt 0.935851 0.053457
vt 0.094224 0.008804
vt 0.106060 0.008697
vt 0.110386 0.018757
vt 0.846431 0.003483
vt 0.804404 0.197317
vt 0.135638 0.014416
vt 0.153237 0.009793
vt 0.936921 0.015113
vt 0.860919 0.081525
vt 0.808418 0.011859
vt 0.812887 0.007257
vt 0.809757 0.018657
vt 0.936873 0.002037
vt 0.817962 0.019349
vt 0.820908 0.003494
vt 0.035011 0.029550
vt 0.010271 0.016101
vt 0.936772 0.038255
vt 0.118908 0.014422
vt 0.853040 0.062427
vt 0.157965 0.014524
vt 0.808420 0.039218
vt 0.879636 0.002989
vt 0.831165 0.001602
vt 0.801348 0.087297
vt 0.008245 0.000124
vt 0.091068 0.002592
vt 0.031135 0.069565
vt 0.086009 0.049388
vt 0.868953 0.124884
vt 0.002689 0.005490
vt 0.899604 0.044543
vt 0.941472 0.014605
vt 0.006452 0.028941
vt 0.412027 0.007280
vt 0.426402 0.005528
vt 0.424062 0.011724
vt 0.984757 0.835161
vt 0.993333 0.844042
vt 0.004123 0.841853
vt 0.003808 0.818276
vt 0.981351 0.811257
vt 0.974910 0.814373
vt 0.950301 0.832412
vt 0.992119 0.820767
vt 0.966528 0.832463
vt 0.591732 0.644107
vt 0.583439 0.620939
vt 0.597424 0.619731
vt 0.535962 0.039484
vt 0.546667 0.031534
vt 0.546037 0.046590
vt 0.555205 0.582299
vt 0.567427 0.591015
vt 0.563743 0.611016
vt 0.514448 0.578079
vt 0.532428 0.588874
vt 0.526803 0.599106
vt 0.537234 0.637314
vt 0.537404 0.633301
vt 0.550243 0.633984
vt 0.543920 0.668247
vt 0.532861 0.661594
vt 0.540508 0.639882
vt 0.564012 0.565044
vt 0.308889 0.551407
vt 0.304796 0.556907
vt 0.304525 0.536003
vt 0.574518 0.652711
vt 0.557192 0.638599
vt 0.575555 0.569830
vt 0.586075 0.585827
vt 0.297394 0.557361
vt 0.308889 0.560000
vt 0.538666 0.048119
vt 0.301700 0.526669
vt 0.297532 0.541446
vt 0.553269 0.641509
vt 0.532532 0.633155
vt 0.534937 0.048889
vt 0.555539 0.656591
vt 0.513067 0.608734
vt 0.529428 0.647813
vt 0.505655 0.591903
vt 0.503122 0.559378
vt 0.511192 0.633730
vt 0.514972 0.658879
vt 0.511149 0.664717
vt 0.506129 0.619054
vt 0.307090 0.112789
vt 0.307205 0.085640
vt 0.314779 0.102676
vt 0.516927 0.643528
vt 0.505113 0.662970
vt 0.516303 0.681783
vt 0.521650 0.654745
vt 0.524776 0.676659
vt 0.508292 0.681125
vt 0.530640 0.691065
vt 0.938463 0.151773
vt 0.940409 0.043863
vt 0.988456 0.018358
vt 0.965823 0.064410
vt 0.954704 0.028891
vt 0.940626 0.131045
vt 0.945965 0.147153
vt 0.940196 0.150267
vt 0.945251 0.119350
vt 0.941550 0.056818
vt 0.000224 0.012659
vt 0.004444 0.025632
vt 0.000224 0.036117
vt 0.941247 0.089939
vt 0.940548 0.111684
vt 0.985477 0.087239
vt 0.956282 0.115080
vt 0.942138 0.073134
vt 0.970110 0.163447
vt 0.981999 0.114832
vt 0.113472 0.003755
vt 0.115012 0.006667
vt 0.094246 0.003904
vt 0.003220 0.047332
vt 0.002401 0.066667
vt 0.932925 0.168434
vt 0.519224 0.693735
vt 0.507915 0.693605
vt 0.533740 0.693042
vt 0.964430 0.008239
vt 0.940318 0.007059
vt 0.996763 0.017336
vt 1.000000 0.031303
vt 0.531522 0.699196
vt 0.993856 0.046292
vt 0.982334 0.007670
vt 0.525043 0.037778
vt 0.525043 0.012672
vt 0.533333 0.026438
vt 0.575038 0.691522
vt 0.558485 0.663259
vt 0.554137 0.677855
vt 0.545556 0.675826
vt 0.534937 0.024206
vt 0.589504 0.657699
vt 0.547109 0.690463
vt 0.558525 0.698584
vt 0.591995 0.695787
vt 0.593269 0.677826
vt 0.543592 0.012081
vt 0.307458 0.157230
vt 0.309996 0.145305
vt 0.312871 0.191285
vt 0.522125 0.556665
vt 0.509017 0.547470
vt 0.521399 0.489653
vt 0.506508 0.502271
vt 0.509403 0.476446
vt 0.525788 0.528436
vt 0.545524 0.509268
vt 0.541217 0.562346
vt 0.511362 0.529184
vt 0.501032 0.513390
vt 0.504332 0.547459
vt 0.315638 0.125314
vt 0.540510 0.478698
vt 0.502561 0.495651
vt 0.530046 0.468949
vt 0.516693 0.461898
vt 0.510538 0.444464
vt 0.540018 0.299276
vt 0.551675 0.290540
vt 0.563284 0.317381
vt 0.525488 0.296238
vt 0.507109 0.304376
vt 0.515104 0.289647
vt 0.522046 0.311330
vt 0.510196 0.346907
vt 0.507361 0.316753
vt 0.517408 0.331418
vt 0.530963 0.327725
vt 0.509033 0.290958
vt 0.523470 0.343313
vt 0.624834 0.392657
vt 0.633717 0.395322
vt 0.636268 0.409185
vt 0.642637 0.370522
vt 0.669524 0.384076
vt 0.647675 0.388822
vt 0.637492 0.302621
vt 0.667378 0.329977
vt 0.634813 0.342020
vt 0.634100 0.387347
vt 0.621591 0.421128
vt 0.606282 0.409089
vt 0.629827 0.407233
vt 0.638542 0.393828
vt 0.605070 0.372528
vt 0.595943 0.329169
vt 0.604918 0.316475
vt 0.633087 0.419947
vt 0.588216 0.363184
vt 0.647630 0.293694
vt 0.658942 0.314203
vt 0.691978 0.492270
vt 0.683305 0.491275
vt 0.688567 0.487891
vt 0.628898 0.536057
vt 0.633879 0.520339
vt 0.633316 0.546260
vt 0.697349 0.561115
vt 0.689894 0.561645
vt 0.697901 0.552875
vt 0.666084 0.553904
vt 0.674254 0.567900
vt 0.663954 0.567370
vt 0.638482 0.583953
vt 0.631093 0.606601
vt 0.617710 0.600648
vt 0.637741 0.454273
vt 0.639516 0.433557
vt 0.652935 0.437136
vt 0.706850 0.465994
vt 0.712152 0.486656
vt 0.697437 0.486613
vt 0.634994 0.433447
vt 0.660625 0.467988
vt 0.684038 0.453227
vt 0.687678 0.471200
vt 0.654612 0.410651
vt 0.706568 0.497235
vt 0.706718 0.516673
vt 0.699013 0.523463
vt 0.681393 0.500186
vt 0.672809 0.407395
vt 0.668772 0.432199
vt 0.706402 0.538342
vt 0.682889 0.511013
vt 0.641192 0.607342
vt 0.619846 0.528998
vt 0.620900 0.548017
vt 0.609119 0.545378
vt 0.710569 0.506950
vt 0.711028 0.494306
vt 0.602539 0.560136
vt 0.649197 0.553031
vt 0.657067 0.583994
vt 0.612736 0.567308
vt 0.679093 0.597505
vt 0.684195 0.583385
vt 0.690031 0.602122
vt 0.671339 0.483917
vt 0.675491 0.502537
vt 0.664994 0.506824
vt 0.597037 0.536302
vt 0.587767 0.533582
vt 0.585318 0.510517
vt 0.623282 0.615693
vt 0.694493 0.573824
vt 0.607284 0.490719
vt 0.608698 0.516789
vt 0.677925 0.534141
vt 0.665362 0.528100
vt 0.677270 0.522363
vt 0.612586 0.528354
vt 0.625621 0.492862
vt 0.635383 0.493920
vt 0.624571 0.518545
vt 0.708005 0.588138
vt 0.701611 0.577773
vt 0.693704 0.409737
vt 0.672008 0.513897
vt 0.716084 0.510513
vt 0.708640 0.560386
vt 0.709200 0.540737
vt 0.650917 0.509584
vt 0.707449 0.488976
vt 0.680695 0.544455
vt 0.665277 0.547136
vt 0.613753 0.453678
vt 0.626815 0.479051
vt 0.611917 0.471386
vt 0.716828 0.560327
vt 0.739629 0.577304
vt 0.639507 0.480637
vt 0.640758 0.519138
vt 0.623864 0.574748
vt 0.631133 0.560597
vt 0.620161 0.579044
vt 0.633624 0.441399
vt 0.600721 0.450580
vt 0.596664 0.483016
vt 0.706093 0.488703
vt 0.551111 0.060448
vt 0.549218 0.077778
vt 0.545502 0.071005
vt 0.546450 0.058678
vt 0.634230 0.509811
vt 0.727559 0.541892
vt 0.670000 0.735509
vt 0.660628 0.729156
vt 0.661071 0.708309
vt 0.494668 0.621706
vt 0.500648 0.624590
vt 0.316209 0.295429
vt 0.319848 0.313071
vt 0.304807 0.308088
vt 0.329512 0.399769
vt 0.311894 0.393145
vt 0.309538 0.367036
vt 0.399122 0.333789
vt 0.428875 0.281501
vt 0.462291 0.340060
vt 0.331665 0.369131
vt 0.353799 0.377307
vt 0.347684 0.430374
vt 0.301200 0.387948
vt 0.299805 0.400326
vt 0.307337 0.341729
vt 0.299984 0.357804
vt 0.369114 0.393835
vt 0.399407 0.362603
vt 0.384711 0.429221
vt 0.493687 0.428862
vt 0.467899 0.373517
vt 0.494503 0.406844
vt 0.509878 0.375344
vt 0.505333 0.396605
vt 0.502183 0.362954
vt 0.498932 0.439285
vt 0.494636 0.457170
vt 0.414258 0.396543
vt 0.410014 0.458931
vt 0.311899 0.424012
vt 0.372788 0.358190
vt 0.310968 0.263516
vt 0.500756 0.441160
vt 0.509419 0.420709
vt 0.437487 0.438862
vt 0.331332 0.307985
vt 0.352299 0.281504
vt 0.362555 0.306034
vt 0.351459 0.333882
vt 0.379485 0.465069
vt 0.467716 0.447056
vt 0.488824 0.479493
vt 0.307938 0.409350
vt 0.433655 0.538671
vt 0.470515 0.498830
vt 0.318838 0.256184
vt 0.334722 0.234475
vt 0.411449 0.289247
vt 0.300330 0.413749
vt 0.373443 0.264242
vt 0.632807 0.702575
vt 0.628185 0.703839
vt 0.624245 0.702651
vt 0.638454 0.715631
vt 0.638534 0.710631
vt 0.650703 0.718725
vt 0.648302 0.719256
vt 0.008983 0.622176
vt 0.496490 0.126878
vt 0.501044 0.120441
vt 0.502222 0.131163
vt 0.612336 0.430607
vt 0.590186 0.427839
vt 0.585810 0.463106
vt 0.575759 0.443914
vt 0.567118 0.531470
vt 0.578361 0.516248
vt 0.575482 0.548328
vt 0.563396 0.453830
vt 0.577947 0.483039
vt 0.573125 0.504537
vt 0.562192 0.517619
vt 0.554102 0.494415
vt 0.538348 0.460314
vt 0.647630 0.701110
vt 0.770290 0.446653
vt 0.751090 0.411563
vt 0.772936 0.391295
vt 0.753224 0.434312
vt 0.784832 0.443184
vt 0.667243 0.346040
vt 0.690529 0.380919
vt 0.689646 0.340033
vt 0.699446 0.303035
vt 0.678814 0.308424
vt 0.550313 0.440184
vt 0.566004 0.431167
vt 0.549388 0.403622
vt 0.538644 0.443765
vt 0.523396 0.435546
vt 0.556919 0.414154
vt 0.566352 0.332014
vt 0.580967 0.290739
vt 0.529225 0.405240
vt 0.527116 0.373533
vt 0.512759 0.395636
vt 0.519745 0.411513
vt 0.574753 0.358689
vt 0.523467 0.396026
vt 0.567921 0.401901
vt 0.554982 0.380486
vt 0.796557 0.600702
vt 0.777706 0.636124
vt 0.781672 0.585493
vt 0.788390 0.543206
vt 0.774431 0.538450
vt 0.774261 0.614004
vt 0.758339 0.605942
vt 0.799613 0.548210
vt 0.802210 0.617275
vt 0.798400 0.581409
vt 0.755300 0.645808
vt 0.763855 0.522818
vt 0.796988 0.636997
vt 0.802834 0.653974
vt 0.795789 0.653573
vt 0.712195 0.487229
vt 0.740889 0.491621
vt 0.734214 0.500398
vt 0.733141 0.483193
vt 0.740814 0.454420
vt 0.718569 0.478156
vt 0.716869 0.485923
vt 0.707961 0.436805
vt 0.550014 0.052915
vt 0.754510 0.508491
vt 0.750764 0.493936
vt 0.782907 0.488810
vt 0.793588 0.505092
vt 0.775585 0.510052
vt 0.799385 0.527220
vt 0.725161 0.499818
vt 0.728374 0.404484
vt 0.759686 0.473531
vt 0.762912 0.501308
vt 0.549371 0.047150
vt 0.545502 0.052876
vt 0.801394 0.507778
vt 0.729331 0.391919
vt 0.708297 0.382376
vt 0.022329 0.436730
vt 0.483732 0.283054
vt 0.465666 0.277437
vt 0.467721 0.220742
vt 0.065167 0.324592
vt 0.031113 0.338328
vt 0.071382 0.293988
vt 0.010334 0.316929
vt 0.493093 0.365186
vt 0.502288 0.378454
vt 0.025931 0.195640
vt 0.042979 0.193567
vt 0.043854 0.221619
vt 0.494660 0.283425
vt 0.492989 0.258408
vt 0.491238 0.214759
vt 0.474130 0.198408
vt 0.007300 0.281937
vt 0.034720 0.251368
vt 0.007820 0.307379
vt 0.010391 0.349652
vt 0.004616 0.357527
vt 0.004578 0.327470
vt 0.081207 0.378328
vt 0.502541 0.263471
vt 0.000818 0.167960
vt 0.006388 0.180091
vt 0.002575 0.210064
vt 0.092794 0.296902
vt 0.503333 0.394302
vt 0.501651 0.422079
vt 0.040884 0.390428
vt 0.007969 0.261474
vt 0.007457 0.251232
vt 0.002256 0.437219
vt 0.006915 0.420041
vt 0.497262 0.212126
vt 0.494388 0.311470
vt 0.542222 0.061357
vt 0.542222 0.077778
vt 0.535612 0.066518
vt 0.000236 0.281309
vt 0.024125 0.176577
vt 0.007295 0.376435
vt 0.051489 0.279533
vt 0.011869 0.233429
vt 0.027632 0.240396
vt 0.006539 0.163794
vt 0.006574 0.151716
vt 0.029201 0.153878
vt 0.501225 0.329481
vt 0.500148 0.359569
vt 0.486095 0.337795
vt 0.539273 0.049638
vt 0.000224 0.309342
vt 0.501473 0.283956
vt 0.502331 0.309388
vt 0.443429 0.227665
vt 0.007548 0.392302
vt 0.421786 0.220830
vt 0.408125 0.228918
vt 0.034383 0.376661
vt 0.058323 0.366590
vt 0.068982 0.232586
vt 0.092672 0.224356
vt 0.065310 0.192645
vt 0.037161 0.406551
vt 0.423098 0.200101
vt 0.501561 0.253245
vt 0.061735 0.154869
vt 0.493509 0.170086
vt 0.938806 0.221097
vt 0.942326 0.239048
vt 0.938269 0.241850
vt 0.948763 0.283083
vt 0.941100 0.274646
vt 0.941525 0.256187
vt 0.941262 0.305208
vt 0.940077 0.247432
vt 0.220308 0.001000
vt 0.233385 0.004024
vt 0.211660 0.002412
vt 0.206242 0.004444
vt 0.203088 0.000463
vt 0.238819 0.001180
vt 0.959821 0.271069
vt 0.970401 0.302081
vt 0.979769 0.310081
vt 0.985797 0.292301
vt 0.985411 0.312013
vt 0.794384 0.666551
vt 0.994241 0.322503
vt 0.721895 0.686611
vt 0.755647 0.690229
vt 0.716501 0.691484
vt 0.783503 0.673223
vt 0.776171 0.690953
vt 0.768207 0.674249
vt 0.986996 0.350430
vt 0.996762 0.347803
vt 0.743469 0.683892
vt 0.738135 0.670374
vt 1.000000 0.307672
vt 0.772130 0.657022
vt 0.792417 0.683685
vt 0.996687 0.274296
vt 0.801694 0.691147
vt 0.722887 0.658586
vt 0.968462 0.317779
vt 0.794492 0.700000
vt 0.804518 0.694811
vt 0.992650 0.370180
vt 0.987652 0.072001
vt 0.997446 0.079606
vt 0.986869 0.153575
vt 0.990922 0.124632
vt 0.997603 0.120879
vt 0.606642 0.643418
vt 0.630276 0.662611
vt 0.611999 0.684423
vt 0.642036 0.677348
vt 0.632957 0.681422
vt 0.000313 0.088889
vt 0.000313 0.068237
vt 0.002222 0.076904
vt 0.595556 0.041464
vt 0.595556 0.060000
vt 0.592386 0.051590
vt 0.508735 0.075556
vt 0.498275 0.071479
vt 0.511735 0.066127
vt 0.587189 0.053115
vt 0.585817 0.045260
vt 0.599504 0.647186
vt 0.656559 0.660233
vt 0.633054 0.660769
vt 0.630198 0.637884
vt 0.556135 0.072914
vt 0.564444 0.050071
vt 0.564444 0.077778
vt 0.635154 0.687256
vt 0.615735 0.678217
vt 0.620139 0.666335
vt 0.631432 0.690264
vt 0.608866 0.693399
vt 0.517716 0.075062
vt 0.608013 0.672301
vt 0.596844 0.674892
vt 0.593716 0.660711
vt 0.298629 0.510471
vt 0.304444 0.517870
vt 0.298629 0.528889
vt 0.600123 0.653125
vt 0.528889 0.075556
vt 0.525944 0.067410
vt 0.555367 0.059113
vt 0.994749 0.207949
vt 0.999304 0.233915
vt 0.996112 0.254108
vt 0.986816 0.255383
vt 0.977966 0.276656
vt 0.940480 0.216688
vt 0.943694 0.226140
vt 0.981888 0.228485
vt 0.179882 0.002657
vt 0.202222 0.003471
vt 0.184326 0.006059
vt 0.167867 0.002301
vt 0.984761 0.204347
vt 0.700132 0.692603
vt 0.695824 0.686171
vt 0.683659 0.688831
vt 0.979515 0.205508
vt 0.946478 0.197067
vt 0.940087 0.204669
vt 0.678101 0.649266
vt 0.664102 0.656530
vt 0.669869 0.649210
vt 0.665550 0.669889
vt 0.682336 0.662700
vt 0.670275 0.687076
vt 0.668728 0.640722
vt 0.668968 0.624488
vt 0.673470 0.616754
vt 0.686392 0.615292
vt 0.698100 0.633873
vt 0.677303 0.641274
vt 0.727480 0.639581
vt 0.656233 0.619197
vt 0.689475 0.672321
vt 0.662164 0.628987
vt 0.685233 0.648959
vt 0.698816 0.655438
vt 0.710411 0.651661
vt 0.653514 0.690207
vt 0.995068 0.190286
vt 0.982364 0.185824
vt 0.992900 0.171415
vt 0.985985 0.172329
vt 0.999850 0.169569
vt 0.999789 0.196769
vt 0.960894 0.170637
vt 0.662679 0.693230
vt 0.999980 0.217464
vt 0.158937 0.006667
vt 0.148705 0.002104
vt 0.939524 0.185500
vt 0.939794 0.168237
vt 0.135818 0.006389
vt 0.131441 0.002462
vt 0.936883 0.184859
vt 0.938551 0.172582
vt 0.938268 0.195698
vt 0.996367 0.159628
vt 0.997109 0.141691
vt 0.623457 0.695067
vt 0.415302 0.613184
vt 0.400971 0.580418
vt 0.838693 0.848519
vt 0.835433 0.873932
vt 0.814123 0.866472
vt 0.852871 0.877137
vt 0.840027 0.884662
vt 0.919113 0.879438
vt 0.873360 0.876969
vt 0.881943 0.866001
vt 0.908604 0.887199
vt 0.792446 0.881486
vt 0.805292 0.811595
vt 0.769628 0.811265
vt 0.775969 0.803187
vt 0.641959 0.875626
vt 0.662662 0.861447
vt 0.663522 0.866877
vt 0.808797 0.802107
vt 0.687993 0.864295
vt 0.716093 0.880877
vt 0.663249 0.876002
vt 0.739779 0.797519
vt 0.736507 0.806538
vt 0.719807 0.781292
vt 0.687715 0.851934
vt 0.689317 0.843319
vt 0.634223 0.281079
vt 0.659762 0.266671
vt 0.658560 0.283633
vt 0.754394 0.778144
vt 0.781454 0.818872
vt 0.765632 0.822216
vt 0.814352 0.834622
vt 0.823628 0.818511
vt 0.754435 0.803715
vt 0.755993 0.797638
vt 0.560000 0.045483
vt 0.554044 0.057778
vt 0.554044 0.042706
vt 0.692643 0.839001
vt 0.703290 0.838799
vt 0.704153 0.846060
vt 0.635580 0.123832
vt 0.659715 0.120189
vt 0.666178 0.141297
vt 0.340944 0.474253
vt 0.853614 0.851864
vt 0.679608 0.125559
vt 0.701643 0.128957
vt 0.702699 0.162706
vt 0.632480 0.137313
vt 0.627343 0.147931
vt 0.600629 0.135406
vt 0.615697 0.110983
vt 0.722999 0.110883
vt 0.675768 0.821434
vt 0.662244 0.813119
vt 0.686194 0.807691
vt 0.376419 0.540878
vt 0.411448 0.522085
vt 0.672464 0.837917
vt 0.657368 0.845504
vt 0.586502 0.117617
vt 0.583992 0.091723
vt 0.594046 0.108349
vt 0.719203 0.821410
vt 0.702692 0.800807
vt 0.682907 0.777521
vt 0.694378 0.777485
vt 0.421187 0.624343
vt 0.390088 0.624922
vt 0.695027 0.106421
vt 0.497684 0.102247
vt 0.502222 0.115831
vt 0.497684 0.120000
vt 0.629390 0.894244
vt 0.648620 0.888205
vt 0.664544 0.894125
vt 0.304444 0.596619
vt 0.299827 0.600000
vt 0.299827 0.586605
vt 0.623129 0.280829
vt 0.695602 0.854800
vt 0.670104 0.769722
vt 0.655191 0.780267
vt 0.676017 0.752255
vt 0.539575 0.130850
vt 0.520329 0.127525
vt 0.518523 0.092328
vt 0.723117 0.826955
vt 0.719671 0.832445
vt 0.708731 0.830956
vt 0.708388 0.827164
vt 0.671058 0.790299
vt 0.723252 0.778376
vt 0.698500 0.886260
vt 0.722013 0.893507
vt 0.580207 0.019774
vt 0.580207 0.000187
vt 0.581608 0.009473
vt 0.687362 0.893621
vt 0.648312 0.822257
vt 0.532146 0.077778
vt 0.526669 0.063981
vt 0.533333 0.062936
vt 0.627774 0.890479
vt 0.640003 0.885425
vt 0.765076 0.849427
vt 0.791153 0.839169
vt 0.797734 0.853775
vt 0.735435 0.888376
vt 0.689328 0.758962
vt 0.299805 0.454289
vt 0.304191 0.457798
vt 0.300226 0.487442
vt 0.704194 0.833478
vt 0.627550 0.868068
vt 0.638559 0.853757
vt 0.763785 0.869767
vt 0.744307 0.877989
vt 0.585054 0.019381
vt 0.587097 0.023668
vt 0.608889 0.033333
vt 0.599792 0.030933
vt 0.608889 0.021817
vt 0.356179 0.623458
vt 0.371060 0.607246
vt 0.533333 0.039550
vt 0.528778 0.054014
vt 0.627451 0.712223
vt 0.502817 0.092198
vt 0.507563 0.095146
vt 0.503330 0.111932
vt 0.890317 0.827111
vt 0.512397 0.009192
vt 0.520000 0.013449
vt 0.512397 0.022222
vt 0.364178 0.564050
vt 0.328635 0.561969
vt 0.342222 0.550343
vt 0.393190 0.006667
vt 0.379838 0.000407
vt 0.400000 0.000407
vt 0.526928 0.284637
vt 0.640388 0.090305
vt 0.685842 0.080988
vt 0.677745 0.094084
vt 0.634147 0.770469
vt 0.642893 0.793763
vt 0.336585 0.526286
vt 0.357847 0.514595
vt 0.349519 0.545090
vt 0.646150 0.749241
vt 0.669012 0.742004
vt 0.604603 0.296260
vt 0.610963 0.249117
vt 0.603754 0.237734
vt 0.617921 0.214936
vt 0.651978 0.248048
vt 0.678564 0.255434
vt 0.630078 0.080110
vt 0.581247 0.080680
vt 0.577980 0.262874
vt 0.564053 0.282013
vt 0.583203 0.240332
vt 0.634624 0.231497
vt 0.634787 0.252746
vt 0.312463 0.580048
vt 0.311057 0.559849
vt 0.611641 0.172963
vt 0.616061 0.150691
vt 0.507411 0.273337
vt 0.508406 0.250417
vt 0.518393 0.273412
vt 0.632673 0.102519
vt 0.612637 0.091866
vt 0.749481 0.801835
vt 0.749229 0.814780
vt 0.739447 0.813530
vt 0.710056 0.092379
vt 0.628241 0.751641
vt 0.622639 0.746754
vt 0.625485 0.730238
vt 0.457508 0.613709
vt 0.727913 0.820629
vt 0.726597 0.817745
vt 0.306861 0.592753
vt 0.313668 0.601952
vt 0.456332 0.622235
vt 0.752953 0.823660
vt 0.651636 0.205923
vt 0.660503 0.216589
vt 0.658005 0.735027
vt 0.538299 0.271844
vt 0.472554 0.625592
vt 0.539468 0.145510
vt 0.509806 0.167276
vt 0.826759 0.802350
vt 0.325339 0.588703
vt 0.766218 0.083971
vt 0.741006 0.078711
vt 0.337580 0.599604
vt 0.591950 0.215460
vt 0.571678 0.191598
vt 0.606709 0.197129
vt 0.592844 0.172698
vt 0.572677 0.218757
vt 0.547327 0.206924
vt 0.602370 0.260979
vt 0.562950 0.156805
vt 0.318354 0.439340
vt 0.862576 0.834800
vt 0.857405 0.829936
vt 0.869666 0.832904
vt 0.321877 0.476633
vt 0.546301 0.183144
vt 0.628283 0.265004
vt 0.751635 0.798517
vt 0.527085 0.255734
vt 0.673000 0.161482
vt 0.519614 0.050932
vt 0.523081 0.044533
vt 0.667274 0.243929
vt 0.524965 0.238612
vt 0.580420 0.033181
vt 0.591111 0.040707
vt 0.579821 0.044445
vt 0.508031 0.150370
vt 0.508154 0.134028
vt 0.673856 0.226415
vt 0.667810 0.198029
vt 0.647779 0.166765
vt 0.629151 0.185821
vt 0.635609 0.156120
vt 0.635026 0.168371
vt 0.636175 0.190272
vt 0.327267 0.623122
vt 0.309816 0.628889
vt 0.308943 0.625818
vt 0.310110 0.487838
vt 0.310960 0.519721
vt 0.525157 0.087095
vt 0.543995 0.101197
vt 0.502022 0.184957
vt 0.508385 0.195531
vt 0.310429 0.612481
vt 0.501722 0.144827
vt 0.506488 0.120738
vt 0.311111 0.189904
vt 0.303905 0.200000
vt 0.303905 0.183598
vt 0.305893 0.583956
vt 0.305495 0.166803
vt 0.559537 0.017853
vt 0.562090 0.007631
vt 0.564445 0.022498
vt 0.591111 0.062688
vt 0.587583 0.075556
vt 0.587583 0.060143
vt 0.519130 0.057432
vt 0.733220 0.838239
vt 0.515170 0.194255
vt 0.888108 0.832431
vt 0.879390 0.834097
vt 0.505383 0.066667
vt 0.500883 0.065727
vt 0.506667 0.061083
vt 0.624998 0.891798
vt 0.624017 0.811800
vt 0.633281 0.817833
vt 0.332637 0.627940
vt 0.665080 0.105420
vt 0.677839 0.743345
vt 0.784778 0.886011
vt 0.306667 0.127089
vt 0.301249 0.148889
vt 0.301218 0.116214
vt 0.496490 0.151111
vt 0.624423 0.781152
vt 0.457971 0.561577
vt 0.621325 0.708994
vt 0.627864 0.829864
vt 0.623694 0.845482
vt 0.745644 0.829941
vt 0.748094 0.822757
vt 0.754962 0.830707
vt 0.815650 0.848655
vt 0.798310 0.863390
vt 0.781551 0.079572
vt 0.527721 0.201214
vt 0.566059 0.110075
vt 0.299938 0.431366
vt 0.520000 0.040749
vt 0.510123 0.035169
vt 0.516275 0.033437
vt 0.513321 0.238887
vt 0.521927 0.224562
vt 0.600000 0.063171
vt 0.600000 0.075556
vt 0.591324 0.065985
vt 0.786769 0.857345
vt 0.735755 0.854328
vt 0.371352 0.627641
vt 0.507048 0.217260
vt 0.514249 0.251958
vt 0.000099 0.350239
vt 0.002222 0.342973
vt 0.002222 0.355556
vt 0.525810 0.039407
vt 0.529715 0.041671
vt 0.509788 0.028229
vt 0.520000 0.018163
vt 0.553976 0.089091
vt 0.593479 0.007966
vt 0.600000 0.000699
vt 0.600000 0.013333
vt 0.510648 0.203924
vt 0.681754 0.287476
vt 0.304398 0.509169
vt 0.503215 0.016970
vt 0.511111 0.009547
vt 0.509072 0.018943
vt 0.506662 0.033522
vt 0.501111 0.030789
vt 0.863199 0.838496
vt 0.879155 0.839315
vt 0.854923 0.835924
vt 0.844216 0.835011
vt 0.933055 0.868398
vt 0.534593 0.080909
vt 0.894259 0.833988
vt 0.553123 0.079414
vt 0.579821 0.022750
vt 0.920226 0.861474
vt 0.918798 0.894480
vt 0.939147 0.886978
vt 0.502500 0.078862
vt 0.893197 0.839093
vt 0.912137 0.838332
vt 0.906115 0.843204
vt 0.004444 0.382116
vt 0.000766 0.395556
vt 0.000766 0.378656
vt 0.916176 0.845432
vt 0.507582 0.041859
vt 0.499567 0.049809
vt 0.914425 0.853993
vt 0.830312 0.838835
vt 0.828533 0.834842
vt 0.848325 0.838228
vt 0.857285 0.846805
vt 0.863361 0.819880
vt 0.832874 0.826383
vt 0.889368 0.845820
vt 0.968749 0.895555
vt 0.958571 0.888577
vt 0.302222 0.234396
vt 0.302222 0.253333
vt 0.300315 0.241947
vt 0.506064 0.078711
vt 0.832987 0.812735
vt 0.782161 0.893516
vt 0.821533 0.891084
vt 0.850859 0.894945
vt 0.785530 0.832787
vt 0.747365 0.847877
vt 0.722853 0.842167
vt 0.752889 0.840095
vt 0.753780 0.836307
vt 0.775185 0.835040
vt 0.768406 0.838435
vt 0.812427 0.838826
vt 0.884603 0.819612
vt 0.875883 0.888217
vt 0.004265 0.368551
vt 0.595556 0.031387
vt 0.590300 0.028924
vt 0.595556 0.022875
vt 0.593060 0.037778
vt 0.511111 0.053333
vt 0.506667 0.238679
vt 0.503154 0.246667
vt 0.503154 0.231129
vt 0.755380 0.883918
vt 0.591111 0.013200
vt 0.590447 0.009667
vt 0.698460 0.839065
vt 0.729252 0.829847
vt 0.742997 0.832429
vt 0.801492 0.838000
vt 0.723366 0.822950
vt 0.588972 0.026667
vt 0.500883 0.053169
vt 0.559537 0.033333
vt 0.601378 0.053333
vt 0.604512 0.043662
vt 0.608889 0.053333
vt 0.693921 0.834737
vt 0.346201 0.001794
vt 0.377778 0.001794
vt 0.364747 0.008889
vt 0.514752 0.060000
vt 0.501802 0.188326
vt 0.506667 0.200575
vt 0.501802 0.217778
vt 0.374707 0.122305
vt 0.369047 0.127124
vt 0.367847 0.117211
vt 0.407204 0.182256
vt 0.399591 0.113753
vt 0.371665 0.113505
vt 0.426178 0.021764
vt 0.409938 0.016383
vt 0.404211 0.130356
vt 0.418314 0.168579
vt 0.441914 0.002590
vt 0.447314 0.015928
vt 0.434980 0.016075
vt 0.074991 0.126762
vt 0.089580 0.153962
vt 0.036521 0.100132
vt 0.023086 0.114706
vt 0.472275 0.004643
vt 0.456712 0.000054
vt 0.372675 0.215969
vt 0.412275 0.113491
vt 0.426367 0.131336
vt 0.575486 0.022208
vt 0.573302 0.035870
vt 0.571081 0.021216
vt 0.299919 0.289414
vt 0.304265 0.285056
vt 0.304444 0.298429
vt 0.395897 0.068467
vt 0.396884 0.086758
vt 0.368108 0.062744
vt 0.361276 0.101136
vt 0.368255 0.094004
vt 0.369420 0.107748
vt 0.300178 0.303372
vt 0.363533 0.158750
vt 0.378686 0.190478
vt 0.343495 0.183427
vt 0.574400 0.050167
vt 0.569956 0.068521
vt 0.569267 0.054768
vt 0.366341 0.084191
vt 0.352650 0.089160
vt 0.354160 0.026701
vt 0.332731 0.020396
vt 0.343952 0.014183
vt 0.367512 0.040799
vt 0.366778 0.011213
vt 0.378436 0.025267
vt 0.602562 0.044444
vt 0.596898 0.034421
vt 0.604444 0.034421
vt 0.342764 0.047250
vt 0.338142 0.032016
vt 0.347492 0.040504
vt 0.429850 0.168530
vt 0.466501 0.170786
vt 0.569611 0.041128
vt 0.337810 0.135317
vt 0.318830 0.144714
vt 0.446919 0.043708
vt 0.433638 0.033195
vt 0.565684 0.045454
vt 0.487666 0.141259
vt 0.502666 0.337320
vt 0.506667 0.325807
vt 0.506667 0.342222
vt 0.363873 0.023391
vt 0.364968 0.050125
vt 0.398475 0.004029
vt 0.400981 0.012795
vt 0.490398 0.004795
vt 0.476843 0.014274
vt 0.482380 0.002568
vt 0.382818 0.165396
vt 0.317787 0.234852
vt 0.297912 0.572491
vt 0.304444 0.569615
vt 0.300509 0.582222
vt 0.314852 0.054507
vt 0.337149 0.093155
vt 0.363241 0.012632
vt 0.582688 0.055915
vt 0.586667 0.057512
vt 0.580010 0.066667
vt 0.423346 0.093908
vt 0.413271 0.107413
vt 0.384248 0.142970
vt 0.572455 0.009972
vt 0.575556 0.000055
vt 0.462365 0.033318
vt 0.479098 0.021854
vt 0.306293 0.023576
vt 0.306345 0.011094
vt 0.321035 0.027537
vt 0.349749 0.111913
vt 0.565853 0.030015
vt 0.321885 0.017988
vt 0.321028 0.009784
vt 0.343515 0.159786
vt 0.318333 0.183369
vt 0.448434 0.061871
vt 0.444786 0.062186
vt 0.453862 0.049906
vt 0.437172 0.068099
vt 0.303480 0.228259
vt 0.310032 0.209030
vt 0.355280 0.125778
vt 0.435383 0.076122
vt 0.299919 0.315556
vt 0.338859 0.008315
vt 0.297912 0.560697
vt 0.580010 0.047166
vt 0.482477 0.049018
vt 0.400749 0.120201
vt 0.308614 0.041720
vt 0.427848 0.053668
vt 0.414670 0.087662
vt 0.427610 0.081476
vt 0.482443 0.062890
vt 0.369151 0.090280
vt 0.004907 0.127514
vt 0.011525 0.107226
vt 0.357477 0.068245
vt 0.002628 0.098875
vt 0.495674 0.100953
vt 0.493347 0.077887
vt 0.497207 0.051329
vt 0.491148 0.045419
vt 0.494860 0.007569
vt 0.498301 0.030978
vt 0.487915 0.112991
vt 0.465124 0.135864
vt 0.365661 0.061046
vt 0.335991 0.006667
vt 0.309700 0.000748
vt 0.342222 0.000748
vt 0.403734 0.043642
vt 0.006988 0.049259
vt 0.363990 0.078837
vt 0.387742 0.007329
vt 0.454046 0.087452
vt 0.111726 0.081893
vt 0.065101 0.072431
vt 0.365189 0.068916
vt 0.474049 0.086117
vt 0.306484 0.202423
vt 0.368121 0.080540
vt 0.473915 0.027644
vt 0.465219 0.036376
vt 0.314235 0.003081
vt 0.555556 0.040000
vt 0.547356 0.019837
vt 0.555556 0.010100
vt 0.462277 0.113032
vt 0.469297 0.123835
vt 0.435125 0.109888
vt 0.107276 0.100225
vt 0.571715 0.077778
vt 0.575556 0.073411
vt 0.484183 0.011612
vt 0.566064 0.039988
vt 0.153075 0.281956
vt 0.166716 0.288416
vt 0.155705 0.306329
vt 0.138604 0.170964
vt 0.110725 0.191308
vt 0.119521 0.148552
vt 0.165393 0.191858
vt 0.167590 0.158409
vt 0.128342 0.116579
vt 0.167420 0.110268
vt 0.166936 0.138703
vt 0.126017 0.258318
vt 0.113862 0.284910
vt 0.126009 0.092674
vt 0.167967 0.046703
vt 0.167194 0.085850
vt 0.153860 0.044791
vt 0.139313 0.211876
vt 0.113963 0.312736
vt 0.107110 0.058098
vt 0.122536 0.054523
vt 0.146372 0.079582
vt 0.121851 0.027709
vt 0.151596 0.250577
vt 0.138865 0.260804
vt 0.122335 0.342574
vt 0.169567 0.288998
vt 0.169603 0.256347
vt 0.178965 0.288044
vt 0.199834 0.248354
vt 0.198078 0.272159
vt 0.188667 0.225156
vt 0.138038 0.294486
vt 0.166746 0.229132
vt 0.166657 0.258828
vt 0.132649 0.316929
vt 0.203989 0.305838
vt 0.115810 0.130409
vt 0.138297 0.043755
vt 0.169238 0.237278
vt 0.169091 0.223853
vt 0.167500 0.213768
vt 0.169162 0.210910
vt 0.168094 0.020564
vt 0.167184 0.010479
vt 0.047620 0.002222
vt 0.046616 0.000433
vt 0.071111 0.000181
vt 0.881875 0.255817
vt 0.878834 0.233078
vt 0.905434 0.244676
vt 0.918742 0.262512
vt 0.932769 0.216384
vt 0.169062 0.087623
vt 0.169127 0.109119
vt 0.899030 0.286249
vt 0.858431 0.270353
vt 0.933564 0.261408
vt 0.927690 0.294562
vt 0.423299 0.785826
vt 0.391963 0.779442
vt 0.429698 0.777682
vt 0.954975 0.361622
vt 0.949368 0.377005
vt 0.940364 0.368110
vt 0.448261 0.741132
vt 0.441865 0.770256
vt 0.436940 0.756742
vt 0.939204 0.295988
vt 0.170109 0.177353
vt 0.169996 0.153880
vt 0.193497 0.130534
vt 0.883042 0.211019
vt 0.892269 0.190461
vt 0.904591 0.215462
vt 0.464774 0.764769
vt 0.460928 0.752080
vt 0.490113 0.757376
vt 0.492265 0.838193
vt 0.504189 0.834959
vt 0.500673 0.845098
vt 0.516401 0.837472
vt 0.262949 0.009556
vt 0.251590 0.015794
vt 0.239867 0.013259
vt 0.272943 0.011186
vt 0.806055 0.304077
vt 0.812753 0.324518
vt 0.807630 0.332485
vt 0.230519 0.016046
vt 0.169935 0.058236
vt 0.878630 0.217191
vt 0.594500 0.732668
vt 0.590632 0.728442
vt 0.607853 0.713117
vt 0.598637 0.715532
vt 0.002222 0.263994
vt 0.000100 0.271111
vt 0.000100 0.256280
vt 0.604588 0.709359
vt 0.610452 0.698938
vt 0.617600 0.702494
vt 0.583838 0.703715
vt 0.175449 0.022697
vt 0.169894 0.014471
vt 0.173484 0.010732
vt 0.490930 0.750230
vt 0.546352 0.723760
vt 0.535439 0.750412
vt 0.568390 0.840040
vt 0.585685 0.836378
vt 0.589237 0.859829
vt 0.169085 0.133757
vt 0.595774 0.792092
vt 0.557218 0.797534
vt 0.562061 0.780468
vt 0.018136 0.000181
vt 0.612190 0.809393
vt 0.620556 0.830856
vt 0.605979 0.832389
vt 0.409026 0.834309
vt 0.882822 0.290216
vt 0.228449 0.030601
vt 0.218587 0.019245
vt 0.200851 0.012565
vt 0.968361 0.381495
vt 0.480863 0.721709
vt 0.454827 0.717435
vt 0.209502 0.009888
vt 0.914569 0.289549
vt 0.993614 0.382622
vt 0.982778 0.373888
vt 0.168995 0.165330
vt 0.450803 0.875149
vt 0.447352 0.885117
vt 0.216874 0.176941
vt 0.208597 0.248062
vt 0.198567 0.214044
vt 0.200700 0.174267
vt 0.168971 0.194982
vt 0.397325 0.765852
vt 0.938797 0.318555
vt 0.413712 0.757422
vt 0.513225 0.754996
vt 0.867289 0.199114
vt 0.256142 0.228720
vt 0.225128 0.258815
vt 0.242185 0.217135
vt 0.620378 0.862389
vt 0.616394 0.882573
vt 0.611496 0.876968
vt 0.412783 0.726889
vt 0.422117 0.711776
vt 0.837914 0.212554
vt 0.563387 0.833912
vt 0.581944 0.832982
vt 0.559479 0.835818
vt 0.546778 0.001018
vt 0.568889 0.004408
vt 0.542503 0.007194
vt 0.223506 0.104260
vt 0.276311 0.247147
vt 0.290747 0.230750
vt 0.280779 0.201938
vt 0.296062 0.218481
vt 0.292131 0.250441
vt 0.224988 0.210275
vt 0.293766 0.188183
vt 0.271971 0.169259
vt 0.266180 0.136505
vt 0.291666 0.130372
vt 0.206567 0.023143
vt 0.243908 0.132270
vt 0.926731 0.338800
vt 0.292806 0.163480
vt 0.476996 0.820754
vt 0.485132 0.801472
vt 0.492843 0.830008
vt 0.446703 0.783859
vt 0.526978 0.770099
vt 0.386693 0.745670
vt 0.405320 0.748595
vt 0.260528 0.262439
vt 0.564155 0.751901
vt 0.550843 0.765357
vt 0.554938 0.754663
vt 0.539770 0.767072
vt 0.306667 0.276575
vt 0.302615 0.282222
vt 0.302615 0.274118
vt 0.512127 0.850511
vt 0.514028 0.879728
vt 0.481202 0.867393
vt 0.540899 0.890437
vt 0.581648 0.885649
vt 0.577598 0.889865
vt 0.496861 0.806340
vt 0.527667 0.783123
vt 0.508733 0.803840
vt 0.531632 0.887679
vt 0.592956 0.764964
vt 0.425475 0.809441
vt 0.441646 0.797688
vt 0.577190 0.858284
vt 0.588384 0.868218
vt 0.558130 0.865653
vt 0.504362 0.819888
vt 0.482104 0.741774
vt 0.861840 0.182725
vt 0.969546 0.369268
vt 0.514221 0.788631
vt 0.510487 0.773796
vt 0.537074 0.835107
vt 0.561000 0.817074
vt 0.302222 0.026667
vt 0.298445 0.017612
vt 0.302222 0.000136
vt 0.832363 0.258900
vt 0.853085 0.239784
vt 0.819931 0.192018
vt 0.825300 0.213268
vt 0.819370 0.201264
vt 0.825030 0.242311
vt 0.832558 0.236302
vt 0.803309 0.544103
vt 0.805430 0.552706
vt 0.471408 0.705042
vt 0.498722 0.721853
vt 0.474165 0.784189
vt 0.914704 0.359915
vt 0.898161 0.337436
vt 0.500083 0.795019
vt 0.306016 0.071111
vt 0.300307 0.043585
vt 0.306667 0.039517
vt 0.523031 0.862181
vt 0.579620 0.808969
vt 0.532481 0.835754
vt 0.524442 0.841340
vt 0.360630 0.810591
vt 0.941919 0.324710
vt 0.890162 0.385725
vt 0.898311 0.372921
vt 0.900311 0.380902
vt 0.615355 0.794059
vt 0.607265 0.793914
vt 0.612760 0.783888
vt 0.604938 0.807402
vt 0.530420 0.798108
vt 0.522273 0.834885
vt 0.347141 0.742164
vt 0.373761 0.742808
vt 0.351717 0.755662
vt 0.840251 0.150468
vt 0.846282 0.130195
vt 0.856498 0.168695
vt 0.842306 0.180519
vt 0.859491 0.121184
vt 0.462467 0.790859
vt 0.818805 0.158135
vt 0.823233 0.141946
vt 0.538891 0.858803
vt 0.564695 0.848773
vt 0.874916 0.166896
vt 0.815024 0.167254
vt 0.531705 0.876180
vt 0.478673 0.855226
vt 0.939059 0.268986
vt 0.814466 0.200657
vt 0.505603 0.001234
vt 0.499441 0.005888
vt 0.487512 0.001018
vt 0.613836 0.717180
vt 0.476301 0.883779
vt 0.537586 0.839967
vt 0.464824 0.806394
vt 0.805637 0.214515
vt 0.809380 0.266665
vt 0.809285 0.246790
vt 0.817269 0.287514
vt 0.833503 0.218314
vt 0.851938 0.217664
vt 0.393372 0.702500
vt 0.388882 0.715252
vt 0.380599 0.701470
vt 0.295773 0.271002
vt 0.298736 0.241981
vt 0.351626 0.697708
vt 0.299927 0.229195
vt 0.302222 0.262132
vt 0.299529 0.286667
vt 0.299529 0.253024
vt 0.193373 0.009264
vt 0.807811 0.222294
vt 0.814256 0.219844
vt 0.814393 0.239259
vt 0.814616 0.213074
vt 0.817558 0.222285
vt 0.000159 0.398358
vt 0.004444 0.400903
vt 0.000159 0.417778
vt 0.168795 0.028689
vt 0.176094 0.044930
vt 0.169191 0.040906
vt 0.299143 0.005361
vt 0.942209 0.349566
vt 0.607751 0.888333
vt 0.614770 0.890712
vt 0.434958 0.705181
vt 0.404139 0.698527
vt 0.444742 0.700991
vt 0.298358 0.122535
vt 0.297668 0.177848
vt 0.500040 0.702375
vt 0.869175 0.345716
vt 0.880056 0.327006
vt 0.248007 0.068865
vt 0.253819 0.072383
vt 0.226301 0.075988
vt 0.260557 0.100367
vt 0.274914 0.074308
vt 0.289735 0.077304
vt 0.283022 0.047184
vt 0.294049 0.064982
vt 0.274616 0.050221
vt 0.269378 0.022662
vt 0.293598 0.111291
vt 0.607019 0.880984
vt 0.290593 0.027949
vt 0.236471 0.040254
vt 0.261892 0.032672
vt 0.281111 0.063631
vt 0.916743 0.374090
vt 0.294250 0.012175
vt 0.283750 0.012916
vt 0.442729 0.818109
vt 0.811369 0.293006
vt 0.607887 0.835067
vt 0.619417 0.834896
vt 0.531833 0.013333
vt 0.525589 0.009421
vt 0.805607 0.292588
vt 0.248186 0.061827
vt 0.880189 0.379255
vt 0.882021 0.368817
vt 0.294782 0.048936
vt 0.805382 0.523746
vt 0.401789 0.815525
vt 0.396646 0.799458
vt 0.812684 0.301308
vt 0.618430 0.887610
vt 0.501017 0.484445
vt 0.501017 0.464818
vt 0.506667 0.473595
vt 0.551370 0.007547
vt 0.554710 0.842274
vt 0.549160 0.834918
vt 0.298216 0.078713
vt 0.844674 0.298849
vt 0.467729 0.889715
vt 0.471820 0.891011
vt 0.832292 0.273261
vt 0.824388 0.286899
vt 0.937055 0.372301
vt 0.300307 0.027790
vt 0.822816 0.302785
vt 0.915605 0.388889
vt 0.361761 0.764261
vt 0.372770 0.754982
vt 0.381533 0.757715
vt 0.938146 0.357715
vt 0.387794 0.732950
vt 0.853599 0.370247
vt 0.936876 0.380164
vt 0.235954 0.272973
vt 0.259624 0.284307
vt 0.289407 0.292872
vt 0.225384 0.304057
vt 0.222595 0.281392
vt 0.860574 0.306481
vt 0.939553 0.333343
vt 0.297778 0.003047
vt 0.283013 0.003593
vt 0.288908 0.000463
vt 0.260395 0.003516
vt 0.269420 0.001013
vt 0.431389 0.889624
vt 0.850974 0.330048
vt 0.824766 0.348762
vt 0.835294 0.319751
vt 0.825065 0.318302
vt 0.817453 0.339734
vt 0.810218 0.358427
vt 0.293531 0.005125
vt 0.574024 0.739302
vt 0.585484 0.729360
vt 0.856597 0.378089
vt 0.542707 0.835582
vt 0.520371 0.002050
vt 0.515519 0.006452
vt 0.562483 0.734169
vt 0.941005 0.377755
vt 0.602551 0.859949
vt 0.600173 0.841559
vt 0.616030 0.850371
vt 0.622223 0.843366
vt 0.988654 0.383185
vt 0.624444 0.876838
vt 0.827680 0.352274
vt 0.824506 0.372104
vt 0.295650 0.004979
vt 0.807397 0.370107
vt 0.189651 0.059740
vt 0.211788 0.061751
vt 0.002222 0.337778
vt 0.002071 0.324238
vt 0.002222 0.311648
vt 0.196446 0.028777
vt 0.808902 0.372728
vt 0.823545 0.382082
vt 0.193489 0.006667
vt 0.215046 0.006194
vt 0.244444 0.006667
vt 0.298319 0.038724
vt 0.572653 0.718613
vt 0.573675 0.699893
vt 0.562779 0.706004
vt 0.543861 0.702613
vt 0.594233 0.722351
vt 0.610164 0.747451
vt 0.885413 0.171972
vt 0.853857 0.386188
vt 0.867972 0.385479
vt 0.606078 0.754026
vt 0.578541 0.745493
vt 0.611290 0.761612
vt 0.619980 0.774073
vt 0.617313 0.750328
vt 0.306667 0.145785
vt 0.305705 0.157778
vt 0.305705 0.138564
s 1
f 1/1/1 2/2/2 397/3/3
f 8/4/4 2/2/2 1/1/1
f 10/5/5 407/6/6 9/7/7
f 15/8/8 10/5/5 1265/9/9
f 13/10/10 14/11/11 55/12/12
f 45/13/13 8/4/4 13/10/10
f 11/14/14 15/8/8 1265/9/9
f 15/8/8 13/10/10 8/4/4
f 15/8/8 8/4/4 4/15/15
f 15/8/8 4/15/15 10/5/5
f 11/14/14 12/16/16 14/11/11
f 14/11/11 15/8/8 11/14/14
f 4/15/15 3/17/17 10/5/5
f 14/11/11 13/10/10 15/8/8
f 4/15/15 1/1/1 3/17/17
f 10/5/5 9/7/7 1265/9/9
f 7/18/18 5/19/19 41/20/20
f 1/1/1 4/15/15 8/4/4
f 45/13/13 5/19/19 2/2/2
f 2/2/2 5/19/19 6/21/21
f 8/4/4 45/13/13 2/2/2
f 6/21/21 397/3/3 2/2/2
f 22/22/22 23/23/23 55/12/12
f 23/23/23 22/22/22 27/24/24
f 19/25/25 22/26/22 20/27/26
f 38/28/27 35/29/28 37/30/29
f 40/31/30 36/32/31 31/33/32
f 58/34/33 26/35/34 57/36/35
f 43/37/36 21/38/37 51/39/38
f 30/40/39 29/41/40 81/42/41
f 37/30/29 18/43/42 34/44/43
f 31/33/32 33/45/44 40/31/30
f 27/46/24 35/29/28 21/47/37
f 33/45/44 30/40/39 40/31/30
f 33/45/44 29/41/40 30/40/39
f 29/41/40 44/48/45 17/49/46
f 31/33/32 48/50/47 16/51/48
f 38/28/27 21/47/37 35/29/28
f 18/43/42 29/41/40 33/45/44
f 260/52/49 22/22/22 55/12/12
f 41/20/20 50/53/50 7/18/18
f 16/51/48 34/44/43 18/43/42
f 19/25/25 29/41/40 18/43/42
f 32/54/51 36/32/31 39/55/52
f 24/56/53 49/57/54 37/30/29
f 36/32/31 54/58/55 52/59/56
f 46/60/57 41/20/20 51/39/38
f 54/58/55 32/54/51 57/61/35
f 40/31/30 30/40/39 42/62/58
f 16/51/48 33/45/44 31/33/32
f 53/63/59 45/13/13 13/10/10
f 13/10/10 55/12/12 53/63/59
f 19/25/25 18/43/42 35/29/28
f 55/12/12 23/23/23 53/63/59
f 38/64/27 49/65/54 47/66/60
f 19/25/25 44/48/45 29/41/40
f 35/29/28 27/46/24 19/25/25
f 81/42/41 42/62/58 30/40/39
f 53/63/59 23/23/23 43/37/36
f 40/31/30 42/62/58 114/67/61
f 44/48/45 19/25/25 20/27/26
f 18/43/42 37/30/29 35/29/28
f 20/27/26 17/49/46 44/48/45
f 52/59/56 48/50/47 31/33/32
f 37/30/29 34/44/43 24/56/53
f 46/60/57 50/53/50 41/20/20
f 28/68/62 56/69/63 32/54/51
f 57/61/35 26/70/34 54/58/55
f 56/69/63 57/61/35 32/54/51
f 38/64/27 46/60/57 51/39/38
f 48/50/47 25/71/64 16/51/48
f 26/70/34 48/50/47 52/59/56
f 24/56/53 34/44/43 25/71/64
f 46/60/57 38/64/27 47/66/60
f 25/71/64 48/50/47 26/70/34
f 31/33/32 36/32/31 52/59/56
f 18/43/42 33/45/44 16/51/48
f 5/19/19 45/13/13 41/20/20
f 36/32/31 32/54/51 54/58/55
f 22/26/22 19/25/25 27/46/24
f 34/44/43 16/51/48 25/71/64
f 37/30/29 49/57/54 38/28/27
f 27/24/24 21/38/37 43/37/36
f 40/31/30 39/55/52 36/32/31
f 51/39/38 41/20/20 43/37/36
f 43/37/36 45/13/13 53/63/59
f 43/37/36 41/20/20 45/13/13
f 38/64/27 51/39/38 21/38/37
f 54/58/55 26/70/34 52/59/56
f 39/55/52 59/72/65 32/54/51
f 27/24/24 43/37/36 23/23/23
f 59/72/65 28/68/62 32/54/51
f 367/73/66 63/74/67 60/75/68
f 76/76/69 82/77/70 77/78/71
f 63/74/67 90/79/72 84/80/73
f 63/74/67 367/73/66 72/81/74
f 90/79/72 63/74/67 72/81/74
f 79/82/75 67/83/76 68/84/77
f 206/85/78 68/86/77 81/42/41
f 78/87/79 68/86/77 67/88/76
f 68/86/77 78/87/79 42/62/58
f 68/86/77 42/62/58 81/42/41
f 79/89/75 73/90/80 67/88/76
f 86/91/81 65/92/82 84/80/73
f 74/93/83 62/94/84 82/77/70
f 206/85/78 88/95/85 68/86/77
f 85/96/86 65/92/82 74/93/83
f 109/97/87 80/98/88 67/88/76
f 65/92/82 85/96/86 84/80/73
f 87/99/89 66/100/90 70/101/91
f 82/77/70 62/94/84 77/78/71
f 63/74/67 69/102/92 60/75/68
f 73/90/80 71/103/93 67/88/76
f 62/94/84 74/93/83 61/104/94
f 73/90/80 62/94/84 64/105/95
f 64/105/95 71/103/93 73/90/80
f 79/89/75 62/94/84 73/90/80
f 77/78/71 79/89/75 88/95/85
f 82/77/70 85/96/86 74/93/83
f 76/76/69 85/96/86 82/77/70
f 70/106/91 67/107/76 80/108/88
f 355/109/96 89/110/97 86/91/81
f 351/111/98 64/105/95 61/104/94
f 89/110/97 350/112/99 351/111/98
f 79/89/75 77/78/71 62/94/84
f 61/104/94 89/110/97 351/111/98
f 74/93/83 65/92/82 89/110/97
f 74/93/83 89/110/97 61/104/94
f 351/111/98 348/113/100 64/105/95
f 85/96/86 83/114/101 84/80/73
f 90/79/72 86/91/81 84/80/73
f 75/115/102 85/96/86 76/76/69
f 83/114/101 63/74/67 84/80/73
f 64/105/95 152/116/103 71/103/93
f 67/88/76 71/103/93 110/117/104
f 65/92/82 86/91/81 89/110/97
f 70/106/91 78/118/79 67/107/76
f 42/62/58 78/87/79 70/101/91
f 114/67/61 42/62/58 66/100/90
f 68/84/77 88/119/85 79/82/75
f 62/94/84 61/104/94 64/105/95
f 66/100/90 42/62/58 70/101/91
f 131/120/105 100/121/106 103/122/107
f 92/123/108 93/124/109 98/125/110
f 108/126/111 112/127/112 119/128/113
f 109/97/87 111/129/114 80/98/88
f 108/126/111 135/130/115 150/131/116
f 108/126/111 150/131/116 112/127/112
f 97/132/117 127/133/118 117/134/119
f 114/67/61 104/135/120 40/31/30
f 122/136/121 137/137/122 1424/138/123
f 108/126/111 119/128/113 139/139/124
f 99/140/125 107/141/126 95/142/127
f 101/143/128 141/144/129 125/145/130
f 70/101/91 120/146/131 87/99/89
f 125/145/130 137/137/122 101/143/128
f 129/147/132 128/148/133 115/149/134
f 39/55/52 40/31/30 104/135/120
f 121/150/135 128/151/133 129/152/132
f 116/153/136 132/154/137 131/120/105
f 129/152/132 118/155/138 121/150/135
f 113/156/139 127/133/118 133/157/140
f 87/99/89 114/67/61 66/100/90
f 96/158/141 136/159/142 59/72/65
f 144/160/143 91/161/144 92/123/108
f 134/162/145 128/151/133 122/136/121
f 137/137/122 122/136/121 128/151/133
f 128/151/133 121/150/135 137/137/122
f 135/130/115 1436/163/146 150/131/116
f 137/137/122 126/164/147 1424/138/123
f 148/165/148 144/160/143 98/125/110
f 145/166/149 149/167/150 146/168/151
f 142/169/152 145/166/149 130/170/153
f 127/133/118 119/128/113 140/171/154
f 1721/172/155 147/173/156 148/165/148
f 136/159/142 28/68/62 59/72/65
f 134/174/145 115/149/134 128/148/133
f 148/165/148 98/125/110 140/171/154
f 143/175/157 148/165/148 147/173/156
f 134/162/145 122/136/121 135/130/115
f 138/176/158 144/160/143 148/165/148
f 111/129/114 109/97/87 107/141/126
f 105/177/159 325/178/160 136/159/142
f 1721/172/155 148/165/148 1720/179/161
f 110/117/104 109/97/87 67/88/76
f 140/171/154 98/125/110 127/133/118
f 144/160/143 138/176/158 91/161/144
f 108/126/111 134/162/145 135/130/115
f 109/97/87 110/117/104 107/141/126
f 127/133/118 139/139/124 119/128/113
f 145/166/149 141/144/129 130/170/153
f 140/171/154 1720/179/161 148/165/148
f 137/137/122 121/150/135 101/143/128
f 70/101/91 80/98/88 120/146/131
f 121/150/135 118/155/138 99/140/125
f 99/140/125 124/180/162 130/170/153
f 99/140/125 101/143/128 121/150/135
f 102/181/163 93/124/109 104/135/120
f 39/55/52 104/135/120 94/182/164
f 142/169/152 149/167/150 145/166/149
f 87/99/89 103/122/107 114/67/61
f 95/142/127 124/180/162 99/140/125
f 103/122/107 87/99/89 131/120/105
f 102/181/163 104/135/120 114/67/61
f 142/169/152 124/180/162 149/167/150
f 124/180/162 151/183/165 149/167/150
f 115/184/134 132/154/137 129/152/132
f 125/145/130 126/164/147 137/137/122
f 113/156/139 139/139/124 127/133/118
f 139/139/124 113/156/139 108/126/111
f 113/156/139 134/162/145 108/126/111
f 135/130/115 122/136/121 1436/163/146
f 122/136/121 1424/138/123 1436/163/146
f 133/157/140 100/121/106 113/156/139
f 129/152/132 116/153/136 118/155/138
f 120/146/131 111/129/114 116/153/136
f 124/180/162 95/142/127 123/185/166
f 124/180/162 123/185/166 151/183/165
f 99/140/125 130/170/153 101/143/128
f 124/180/162 142/169/152 130/170/153
f 130/170/153 141/144/129 101/143/128
f 132/154/137 100/121/106 131/120/105
f 113/156/139 115/184/134 134/162/145
f 127/133/118 98/125/110 117/134/119
f 116/153/136 111/129/114 118/155/138
f 92/123/108 91/161/144 106/186/167
f 133/157/140 97/132/117 102/181/163
f 105/177/159 92/123/108 106/186/167
f 28/187/62 136/188/142 56/189/63
f 97/132/117 117/134/119 93/124/109
f 93/124/109 92/123/108 96/158/141
f 127/133/118 97/132/117 133/157/140
f 98/125/110 144/160/143 92/123/108
f 102/181/163 114/67/61 103/122/107
f 132/154/137 116/153/136 129/152/132
f 87/99/89 116/153/136 131/120/105
f 71/103/93 152/116/103 110/117/104
f 115/184/134 113/156/139 132/154/137
f 118/155/138 107/141/126 99/140/125
f 96/158/141 59/72/65 39/55/52
f 105/177/159 96/158/141 92/123/108
f 118/155/138 111/129/114 107/141/126
f 98/125/110 93/124/109 117/134/119
f 132/154/137 113/156/139 100/121/106
f 39/55/52 94/182/164 96/158/141
f 123/185/166 95/142/127 152/116/103
f 136/159/142 96/158/141 105/177/159
f 152/116/103 107/141/126 110/117/104
f 116/153/136 87/99/89 120/146/131
f 80/98/88 111/129/114 120/146/131
f 103/122/107 100/121/106 102/181/163
f 104/135/120 93/124/109 96/158/141
f 95/142/127 107/141/126 152/116/103
f 94/182/164 104/135/120 96/158/141
f 97/132/117 93/124/109 102/181/163
f 106/186/167 325/178/160 105/177/159
f 100/121/106 133/157/140 102/181/163
f 157/190/168 159/191/169 166/192/170
f 161/193/171 162/194/172 172/195/173
f 169/196/174 175/197/175 155/198/176
f 179/199/177 180/200/178 194/201/179
f 164/202/180 162/194/172 177/203/181
f 173/204/182 185/205/183 192/206/184
f 182/207/185 185/205/183 183/208/186
f 177/203/181 168/209/187 175/210/175
f 162/194/172 164/202/180 172/195/173
f 170/211/188 227/212/189 154/213/190
f 173/204/182 170/211/188 181/214/191
f 157/190/168 188/215/192 158/216/193
f 192/206/184 180/200/178 179/199/177
f 189/217/194 160/218/195 190/219/196
f 162/194/172 168/209/187 177/203/181
f 193/220/197 204/221/198 180/222/178
f 178/223/199 193/220/197 192/224/184
f 190/219/196 160/218/195 1154/225/200
f 192/206/184 185/205/183 288/226/201
f 165/227/202 160/218/195 189/217/194
f 188/215/192 195/228/203 169/196/174
f 1090/229/204 190/219/196 1198/230/205
f 189/217/194 190/219/196 1090/229/204
f 170/211/188 154/213/190 181/214/191
f 1090/229/204 1115/231/206 189/217/194
f 1115/231/206 165/227/202 189/217/194
f 158/216/193 194/232/179 186/233/207
f 177/234/181 175/197/175 169/196/174
f 184/235/208 173/204/182 176/236/209
f 177/234/181 169/196/174 197/237/210
f 163/238/211 197/237/210 169/196/174
f 187/239/212 1154/225/200 160/218/195
f 173/204/182 181/214/191 176/236/209
f 166/192/170 195/228/203 188/215/192
f 198/240/213 196/241/214 1220/242/215
f 155/198/176 171/243/216 169/196/174
f 153/244/217 166/192/170 159/191/169
f 194/232/179 188/215/192 171/243/216
f 195/228/203 166/192/170 160/218/195
f 188/215/192 157/190/168 166/192/170
f 157/190/168 158/216/193 186/233/207
f 159/191/169 157/190/168 153/244/217
f 157/190/168 186/233/207 153/244/217
f 160/218/195 166/192/170 187/239/212
f 194/232/179 158/216/193 188/215/192
f 180/222/178 192/224/184 193/220/197
f 184/235/208 176/236/209 222/245/218
f 186/233/207 200/246/219 153/244/217
f 1085/247/220 174/248/221 191/249/222
f 204/221/198 200/246/219 186/233/207
f 201/250/223 830/251/224 202/252/225
f 202/252/225 199/253/226 196/241/214
f 200/246/219 193/220/197 178/223/199
f 203/254/227 202/252/225 196/241/214
f 173/204/182 184/235/208 183/208/186
f 202/252/225 203/254/227 153/244/217
f 227/212/189 170/211/188 156/255/228
f 200/246/219 202/252/225 153/244/217
f 204/221/198 193/220/197 200/246/219
f 202/252/225 200/246/219 201/250/223
f 178/223/199 201/250/223 200/246/219
f 1154/225/200 187/239/212 198/240/213
f 166/192/170 203/254/227 187/239/212
f 153/244/217 203/254/227 166/192/170
f 191/249/222 163/238/211 165/227/202
f 195/228/203 160/218/195 165/227/202
f 191/249/222 165/227/202 1115/231/206
f 169/196/174 165/227/202 163/238/211
f 169/196/174 171/243/216 188/215/192
f 168/209/187 156/255/228 155/256/176
f 156/255/228 170/211/188 155/256/176
f 163/238/211 191/249/222 197/237/210
f 174/248/221 197/237/210 191/249/222
f 172/257/173 164/258/180 167/259/229
f 197/237/210 174/248/221 164/258/180
f 177/234/181 197/237/210 164/258/180
f 198/240/213 187/239/212 203/254/227
f 288/226/201 178/260/199 192/206/184
f 179/199/177 194/201/179 170/211/188
f 170/211/188 173/204/182 179/199/177
f 164/258/180 174/248/221 167/259/229
f 165/227/202 169/196/174 195/228/203
f 155/198/176 170/261/188 171/243/216
f 183/208/186 184/235/208 182/207/185
f 196/241/214 198/240/213 203/254/227
f 173/204/182 183/208/186 185/205/183
f 155/256/176 175/210/175 168/209/187
f 171/262/216 170/211/188 194/201/179
f 194/232/179 180/222/178 204/221/198
f 204/221/198 186/233/207 194/232/179
f 173/204/182 192/206/184 179/199/177
f 209/263/230 210/264/231 208/265/232
f 208/265/232 77/78/71 88/95/85
f 205/266/233 81/42/41 29/41/40
f 206/85/78 81/42/41 205/266/233
f 209/263/230 17/49/46 207/267/234
f 210/264/231 207/267/234 212/268/235
f 209/263/230 208/265/232 205/266/233
f 263/269/236 211/270/237 260/271/49
f 260/271/49 211/270/237 212/268/235
f 205/266/233 17/49/46 209/263/230
f 209/263/230 207/267/234 210/264/231
f 210/264/231 211/270/237 75/115/102
f 208/265/232 76/76/69 77/78/71
f 29/41/40 17/49/46 205/266/233
f 63/74/67 83/114/101 211/270/237
f 63/74/67 211/270/237 263/269/236
f 75/115/102 76/76/69 210/264/231
f 210/264/231 76/76/69 208/265/232
f 211/270/237 83/114/101 75/115/102
f 210/264/231 212/268/235 211/270/237
f 85/96/86 75/115/102 83/114/101
f 206/85/78 205/266/233 88/95/85
f 208/265/232 88/95/85 205/266/233
f 214/272/238 268/273/239 213/274/240
f 12/16/16 274/275/241 262/276/242
f 12/16/16 11/14/14 213/274/240
f 11/14/14 214/272/238 213/274/240
f 14/11/11 12/16/16 262/276/242
f 213/274/240 215/277/243 12/16/16
f 184/235/208 217/278/244 182/207/185
f 218/279/245 243/280/246 229/281/247
f 220/282/248 184/235/208 222/245/218
f 220/282/248 222/245/218 226/283/249
f 217/278/244 218/279/245 229/281/247
f 217/278/244 184/235/208 220/282/248
f 229/281/247 223/284/250 255/285/251
f 229/281/247 182/207/185 217/278/244
f 243/280/246 223/284/250 229/281/247
f 218/279/245 217/278/244 226/283/249
f 221/286/252 235/287/253 246/288/254
f 241/289/255 225/290/256 216/291/257
f 225/290/256 241/289/255 236/292/258
f 238/293/259 231/294/260 230/295/261
f 156/255/228 246/288/254 227/212/189
f 228/296/262 221/286/252 162/194/172
f 235/287/253 228/296/262 161/193/171
f 400/297/263 234/298/264 235/287/253
f 247/299/265 232/300/266 236/292/258
f 246/288/254 235/287/253 241/289/255
f 329/301/267 250/302/268 249/303/269
f 222/245/218 176/236/209 226/283/249
f 249/303/269 250/302/268 238/293/259
f 216/291/257 242/304/270 230/295/261
f 252/305/271 231/294/260 238/293/259
f 328/306/272 242/304/270 216/291/257
f 237/307/273 255/285/251 240/308/274
f 230/295/261 239/309/275 216/291/257
f 245/310/276 176/236/209 181/214/191
f 233/311/277 230/295/261 251/312/278
f 238/293/259 250/302/268 254/313/279
f 162/194/172 221/286/252 168/209/187
f 239/309/275 241/289/255 216/291/257
f 255/285/251 257/314/280 240/308/274
f 219/315/281 256/316/282 247/299/265
f 235/287/253 234/298/264 224/317/283
f 335/318/284 302/319/285 258/320/286
f 253/321/287 176/236/209 245/310/276
f 233/311/277 227/212/189 246/288/254
f 239/309/275 233/311/277 246/288/254
f 328/306/272 216/291/257 225/290/256
f 251/312/278 244/322/288 218/279/245
f 245/310/276 233/311/277 253/321/287
f 243/280/246 254/313/279 223/284/250
f 329/301/267 248/323/289 250/302/268
f 400/297/263 235/287/253 161/193/171
f 254/313/279 243/280/246 244/322/288
f 230/295/261 233/311/277 239/309/275
f 176/236/209 253/321/287 226/283/249
f 233/311/277 251/312/278 253/321/287
f 253/321/287 251/312/278 226/283/249
f 227/212/189 233/311/277 154/213/190
f 218/279/245 226/283/249 251/312/278
f 224/317/283 256/316/282 219/315/281
f 244/322/288 252/305/271 254/313/279
f 245/310/276 181/214/191 154/213/190
f 250/302/268 248/323/289 258/320/286
f 258/320/286 302/319/285 299/324/290
f 319/325/291 238/293/259 242/304/270
f 231/294/260 251/312/278 230/295/261
f 162/194/172 161/193/171 228/296/262
f 244/322/288 251/312/278 252/305/271
f 228/296/262 235/287/253 221/286/252
f 223/284/250 254/313/279 257/314/280
f 335/318/284 258/320/286 248/323/289
f 252/305/271 238/293/259 254/313/279
f 243/280/246 218/279/245 244/322/288
f 220/282/248 226/283/249 217/278/244
f 252/305/271 251/312/278 231/294/260
f 257/314/280 255/285/251 223/284/250
f 221/286/252 156/255/228 168/209/187
f 254/313/279 250/302/268 257/314/280
f 241/289/255 239/309/275 246/288/254
f 232/300/266 225/290/256 236/292/258
f 238/293/259 230/295/261 242/304/270
f 235/287/253 224/317/283 241/289/255
f 247/299/265 330/326/292 232/300/266
f 224/317/283 247/299/265 236/292/258
f 257/314/280 250/302/268 258/320/286
f 224/317/283 219/315/281 247/299/265
f 241/289/255 224/317/283 236/292/258
f 233/311/277 245/310/276 154/213/190
f 229/281/247 255/285/251 237/307/273
f 246/288/254 156/255/228 221/286/252
f 234/298/264 256/316/282 224/317/283
f 259/327/293 14/11/11 262/276/242
f 14/11/11 259/327/293 55/12/12
f 261/328/294 263/329/236 259/327/293
f 17/49/46 20/27/26 207/267/234
f 263/329/236 264/330/295 69/331/92
f 20/27/26 22/26/22 207/267/234
f 260/52/49 259/327/293 263/329/236
f 262/276/242 274/275/241 259/327/293
f 264/330/295 263/329/236 261/328/294
f 259/327/293 274/275/241 261/328/294
f 212/268/235 207/267/234 260/271/49
f 260/52/49 55/12/12 259/327/293
f 22/26/22 260/271/49 207/267/234
f 69/331/92 264/330/295 60/332/68
f 265/333/296 60/332/68 264/330/295
f 69/102/92 63/74/67 263/269/236
f 267/334/297 265/333/296 264/330/295
f 267/334/297 266/335/298 265/333/296
f 215/277/243 213/274/240 268/273/239
f 1142/336/299 270/337/300 275/338/301
f 271/339/302 274/275/241 267/334/297
f 215/277/243 274/275/241 12/16/16
f 267/334/297 264/330/295 271/339/302
f 696/340/303 266/335/298 277/341/304
f 272/342/305 269/343/306 276/344/307
f 264/330/295 261/328/294 271/339/302
f 267/334/297 274/275/241 215/277/243
f 277/341/304 266/335/298 270/337/300
f 1142/336/299 275/338/301 273/345/308
f 266/335/298 267/334/297 270/337/300
f 269/343/306 273/345/308 275/338/301
f 275/338/301 270/337/300 276/344/307
f 270/337/300 1142/336/299 277/341/304
f 275/338/301 276/344/307 269/343/306
f 270/337/300 215/277/243 268/273/239
f 271/339/302 261/328/294 274/275/241
f 270/337/300 267/334/297 215/277/243
f 268/273/239 276/344/307 270/337/300
f 309/346/309 291/347/310 294/348/311
f 240/308/274 295/349/312 300/350/313
f 766/351/314 297/352/315 289/353/316
f 297/352/315 293/354/317 289/353/316
f 1533/355/318 309/346/309 303/356/319
f 313/357/320 240/308/274 300/350/313
f 306/358/321 311/359/322 301/360/323
f 296/361/324 302/319/285 286/362/325
f 289/363/316 293/364/317 290/365/326
f 312/366/327 298/367/328 305/368/329
f 185/205/183 182/207/185 310/369/330
f 300/350/313 294/348/311 298/367/328
f 282/370/331 311/359/322 306/358/321
f 302/319/285 287/371/332 286/362/325
f 291/347/310 298/367/328 294/348/311
f 294/348/311 300/350/313 282/370/331
f 305/368/329 291/347/310 314/372/333
f 285/373/334 299/324/290 296/361/324
f 283/374/335 279/375/336 178/223/199
f 293/364/317 292/376/337 290/365/326
f 300/350/313 295/349/312 311/359/322
f 182/207/185 237/307/273 313/357/320
f 314/372/333 1533/355/318 1635/377/338
f 284/378/339 257/314/280 258/320/286
f 284/378/339 285/373/334 1594/379/340
f 283/374/335 281/380/341 279/375/336
f 286/362/325 307/381/342 296/361/324
f 284/378/339 1594/379/340 301/360/323
f 295/349/312 257/314/280 284/378/339
f 281/380/341 283/374/335 293/354/317
f 298/367/328 291/347/310 305/368/329
f 284/378/339 301/360/323 295/349/312
f 292/376/337 305/368/329 1635/377/338
f 309/346/309 306/358/321 303/356/319
f 298/367/328 312/366/327 310/369/330
f 299/324/290 284/378/339 258/320/286
f 308/382/343 312/366/327 280/383/344
f 304/384/345 303/356/319 306/358/321
f 306/358/321 301/360/323 304/384/345
f 308/382/343 185/205/183 310/369/330
f 306/358/321 309/346/309 282/370/331
f 283/385/335 288/226/201 280/383/344
f 300/350/313 311/359/322 282/370/331
f 288/226/201 308/382/343 280/383/344
f 237/307/273 240/308/274 313/357/320
f 280/383/344 305/368/329 292/376/337
f 257/314/280 295/349/312 240/308/274
f 237/307/273 182/207/185 229/281/247
f 298/367/328 313/357/320 300/350/313
f 182/207/185 313/357/320 310/369/330
f 298/367/328 310/369/330 313/357/320
f 312/366/327 305/368/329 280/383/344
f 284/378/339 299/324/290 285/373/334
f 294/348/311 282/370/331 309/346/309
f 309/346/309 1533/355/318 314/372/333
f 314/372/333 1635/377/338 305/368/329
f 280/383/344 293/364/317 283/385/335
f 314/372/333 291/347/310 309/346/309
f 310/369/330 312/366/327 308/382/343
f 280/383/344 292/376/337 293/364/317
f 301/360/323 311/359/322 295/349/312
f 283/385/335 178/260/199 288/226/201
f 279/375/336 201/250/223 178/223/199
f 297/352/315 281/380/341 293/354/317
f 296/361/324 299/324/290 302/319/285
f 308/382/343 288/226/201 185/205/183
f 106/386/167 91/387/144 322/388/346
f 328/306/272 316/389/347 319/325/291
f 328/306/272 337/390/348 316/389/347
f 334/391/349 339/392/350 318/393/351
f 333/394/352 328/306/272 326/395/353
f 49/396/54 338/397/354 341/398/355
f 337/390/348 328/306/272 333/394/352
f 329/301/267 323/399/356 327/400/357
f 332/401/358 316/389/347 323/399/356
f 49/396/54 24/402/53 338/397/354
f 248/323/289 329/301/267 335/318/284
f 337/390/348 333/394/352 320/403/359
f 315/404/360 326/395/353 225/290/256
f 334/391/349 322/388/346 91/387/144
f 334/405/349 91/161/144 138/176/158
f 334/391/349 318/393/351 322/388/346
f 138/406/158 143/407/157 334/391/349
f 333/394/352 56/408/63 320/403/359
f 143/407/157 1672/409/361 334/391/349
f 323/399/356 316/389/347 337/390/348
f 322/388/346 318/393/351 323/399/356
f 321/410/362 331/411/363 315/404/360
f 334/391/349 1672/409/361 339/392/350
f 317/412/364 58/34/33 326/395/353
f 343/413/365 302/319/285 340/414/366
f 327/400/357 339/392/350 340/414/366
f 24/402/53 324/415/367 338/397/354
f 337/390/348 320/403/359 322/388/346
f 343/413/365 340/414/366 339/392/350
f 339/392/350 1672/409/361 343/413/365
f 340/414/366 335/318/284 327/400/357
f 315/404/360 317/412/364 326/395/353
f 340/414/366 302/319/285 335/318/284
f 322/388/346 323/399/356 337/390/348
f 318/393/351 327/400/357 323/399/356
f 329/301/267 332/401/358 323/399/356
f 338/397/354 324/415/367 317/412/364
f 343/413/365 342/416/368 302/319/285
f 321/410/362 315/404/360 330/326/292
f 249/303/269 316/389/347 332/401/358
f 326/395/353 58/34/33 333/394/352
f 249/303/269 319/325/291 316/389/347
f 148/165/148 143/175/157 138/176/158
f 329/301/267 249/303/269 332/401/358
f 325/178/160 106/186/167 322/417/346
f 24/56/53 25/71/64 324/418/367
f 238/293/259 319/325/291 249/303/269
f 49/65/54 341/419/355 336/420/369
f 327/400/357 318/393/351 339/392/350
f 328/306/272 225/290/256 326/395/353
f 342/416/368 287/371/332 302/319/285
f 25/71/64 26/70/34 324/418/367
f 26/35/34 58/34/33 324/415/367
f 317/412/364 315/404/360 331/411/363
f 317/412/364 331/411/363 338/397/354
f 56/408/63 333/394/352 58/34/33
f 330/326/292 225/290/256 232/300/266
f 286/362/325 287/371/332 342/416/368
f 56/69/63 136/159/142 325/178/160
f 328/306/272 319/325/291 242/304/270
f 58/34/33 57/36/35 56/408/63
f 56/408/63 325/421/160 320/403/359
f 58/34/33 317/412/364 324/415/367
f 327/400/357 335/318/284 329/301/267
f 331/411/363 321/410/362 338/397/354
f 330/326/292 315/404/360 225/290/256
f 343/413/365 1672/409/361 1634/422/370
f 1634/422/370 342/416/368 343/413/365
f 320/403/359 325/421/160 322/388/346
f 355/109/96 354/423/371 89/110/97
f 371/424/372 345/425/373 344/426/374
f 346/427/375 353/428/376 347/429/377
f 348/113/100 351/111/98 349/430/378
f 89/110/97 354/423/371 350/112/99
f 348/113/100 152/116/103 64/105/95
f 352/431/379 348/113/100 349/430/378
f 152/116/103 384/432/380 123/185/166
f 351/111/98 353/428/376 349/430/378
f 353/428/376 350/112/99 354/423/371
f 354/423/371 345/425/373 347/429/377
f 348/113/100 384/432/380 152/116/103
f 351/111/98 350/112/99 353/428/376
f 356/433/381 344/426/374 345/425/373
f 355/109/96 345/425/373 354/423/371
f 375/434/382 348/113/100 352/431/379
f 348/113/100 375/434/382 384/432/380
f 353/428/376 354/423/371 347/429/377
f 376/435/383 349/430/378 353/428/376
f 356/433/381 358/436/384 344/426/374
f 86/91/81 90/79/72 355/109/96
f 356/433/381 355/109/96 90/79/72
f 371/424/372 347/429/377 345/425/373
f 356/433/381 345/425/373 355/109/96
f 358/436/384 356/433/381 90/79/72
f 347/429/377 371/424/372 346/427/375
f 360/437/385 358/436/384 367/73/66
f 361/438/386 365/439/387 362/440/388
f 362/440/388 360/437/385 357/441/389
f 361/438/386 357/441/389 363/442/390
f 360/437/385 366/443/391 357/441/389
f 368/444/392 363/445/390 1114/446/393
f 366/443/391 360/437/385 765/447/394
f 360/437/385 362/440/388 358/436/384
f 367/73/66 359/448/395 744/449/396
f 358/436/384 364/450/397 344/426/374
f 365/439/387 364/450/397 362/440/388
f 364/450/397 358/436/384 362/440/388
f 359/451/395 265/333/296 744/452/396
f 72/81/74 367/73/66 90/79/72
f 367/73/66 765/447/394 360/437/385
f 361/438/386 368/453/392 365/439/387
f 357/441/389 699/454/398 363/442/390
f 358/436/384 90/79/72 367/73/66
f 60/332/68 265/333/296 359/451/395
f 60/75/68 359/448/395 367/73/66
f 361/438/386 363/442/390 368/453/392
f 357/441/389 361/438/386 362/440/388
f 370/455/399 376/435/383 373/456/400
f 376/435/383 370/455/399 382/457/401
f 714/458/402 381/459/403 383/460/404
f 379/461/405 372/462/406 373/456/400
f 383/463/404 378/464/407 714/465/402
f 353/428/376 346/427/375 376/435/383
f 368/453/392 377/466/408 365/439/387
f 368/453/392 383/460/404 377/466/408
f 369/467/409 379/461/405 373/456/400
f 349/430/378 376/435/383 352/431/379
f 346/427/375 369/467/409 373/456/400
f 149/167/150 151/183/165 384/432/380
f 852/468/410 384/432/380 375/434/382
f 384/432/380 852/468/410 149/167/150
f 123/185/166 384/432/380 151/183/165
f 382/457/401 375/434/382 352/431/379
f 383/460/404 374/469/411 377/466/408
f 376/435/383 382/457/401 352/431/379
f 365/439/387 374/469/411 380/470/412
f 380/470/412 364/450/397 365/439/387
f 374/469/411 369/467/409 380/470/412
f 374/469/411 381/459/403 379/461/405
f 371/424/372 344/426/374 369/467/409
f 383/463/404 368/444/392 1163/471/413
f 380/470/412 369/467/409 344/426/374
f 383/460/404 381/459/403 374/469/411
f 374/469/411 365/439/387 377/466/408
f 374/469/411 379/461/405 369/467/409
f 346/427/375 373/456/400 376/435/383
f 364/450/397 380/470/412 344/426/374
f 381/459/403 372/462/406 379/461/405
f 371/424/372 369/467/409 346/427/375
f 388/472/414 391/473/415 387/474/416
f 321/410/362 330/326/292 247/299/265
f 387/474/416 50/53/50 385/475/417
f 387/474/416 7/18/18 50/53/50
f 392/476/418 395/477/419 393/478/420
f 386/479/421 321/410/362 247/299/265
f 408/480/422 391/473/415 390/481/423
f 388/472/414 393/478/420 396/482/424
f 50/53/50 46/60/57 385/475/417
f 394/483/425 393/478/420 395/477/419
f 388/472/414 396/482/424 390/481/423
f 392/476/418 385/475/417 416/484/426
f 395/477/419 386/485/421 394/483/425
f 393/478/420 387/474/416 392/476/418
f 500/486/427 393/478/420 394/483/425
f 385/475/417 392/476/418 387/474/416
f 391/473/415 388/472/414 390/481/423
f 391/473/415 6/21/21 7/18/18
f 391/473/415 397/3/3 6/21/21
f 6/21/21 5/19/19 7/18/18
f 389/487/428 500/486/427 394/483/425
f 386/479/421 256/316/282 389/488/428
f 386/485/421 389/487/428 394/483/425
f 7/18/18 387/474/416 391/473/415
f 386/479/421 247/299/265 256/316/282
f 393/478/420 388/472/414 387/474/416
f 399/489/429 398/490/430 400/491/263
f 492/492/431 501/493/432 403/494/433
f 400/491/263 401/495/434 399/489/429
f 401/495/434 172/496/173 167/497/229
f 161/193/171 172/195/173 400/297/263
f 402/498/435 399/489/429 404/499/436
f 399/489/429 402/498/435 398/490/430
f 403/494/433 501/493/432 402/498/435
f 398/490/430 402/498/435 501/493/432
f 401/495/434 400/491/263 172/496/173
f 401/495/434 404/499/436 399/489/429
f 409/500/437 407/6/6 3/17/17
f 405/501/438 409/500/437 406/502/439
f 407/6/6 10/5/5 3/17/17
f 3/17/17 408/480/422 409/500/437
f 414/503/440 410/504/441 406/502/439
f 406/502/439 410/504/441 1121/505/442
f 405/506/438 407/507/6 409/508/437
f 405/501/438 406/502/439 1121/505/442
f 1121/509/442 407/510/6 405/511/438
f 397/512/3 3/513/17 1/514/1
f 413/515/443 499/516/444 415/517/445
f 391/473/415 408/480/422 397/3/3
f 3/17/17 397/3/3 408/480/422
f 415/517/445 411/518/446 413/515/443
f 1150/519/447 412/520/448 411/518/446
f 409/500/437 408/480/422 406/502/439
f 406/502/439 408/480/422 414/503/440
f 396/482/424 413/515/443 390/481/423
f 414/503/440 412/520/448 410/504/441
f 414/503/440 413/515/443 412/520/448
f 412/520/448 413/515/443 411/518/446
f 413/515/443 414/503/440 408/480/422
f 413/515/443 408/480/422 390/481/423
f 396/482/424 499/516/444 413/515/443
f 395/477/419 341/419/355 386/485/421
f 336/420/369 392/476/418 416/484/426
f 47/66/60 416/484/426 46/60/57
f 395/477/419 392/476/418 336/420/369
f 338/397/354 386/479/421 341/398/355
f 336/420/369 47/66/60 49/65/54
f 416/484/426 47/66/60 336/420/369
f 385/475/417 46/60/57 416/484/426
f 395/477/419 336/420/369 341/419/355
f 386/479/421 338/397/354 321/410/362
f 425/521/449 428/522/450 426/523/451
f 437/524/452 447/525/453 455/526/454
f 423/527/455 418/528/456 441/529/457
f 430/530/458 429/531/459 438/532/460
f 438/532/460 417/533/461 430/530/458
f 424/534/462 454/535/463 432/536/464
f 444/537/465 471/538/466 455/526/454
f 475/539/467 439/540/468 477/541/469
f 428/522/450 446/542/470 440/543/471
f 431/544/472 437/545/452 474/546/473
f 421/547/474 460/548/475 420/549/476
f 424/534/462 432/536/464 451/550/477
f 447/525/453 433/551/478 451/550/477
f 479/552/479 477/541/469 455/553/454
f 466/554/480 438/532/460 436/555/481
f 462/556/482 484/557/483 461/558/484
f 435/559/485 440/543/471 446/542/470
f 462/560/482 444/537/465 483/561/486
f 423/527/455 422/562/487 418/528/456
f 452/563/488 467/564/489 476/565/490
f 450/566/491 443/567/492 458/568/493
f 486/569/494 455/526/454 451/550/477
f 458/568/493 443/567/492 426/523/451
f 426/523/451 485/570/495 458/568/493
f 482/571/496 481/572/497 1357/573/498
f 488/574/499 453/575/500 468/576/501
f 464/577/502 471/538/466 462/560/482
f 441/529/457 453/575/500 487/578/503
f 450/566/491 481/572/497 468/576/501
f 464/579/502 462/580/482 478/581/504
f 485/570/495 426/523/451 434/582/505
f 465/583/506 462/560/482 483/561/486
f 446/542/470 433/551/478 447/525/453
f 484/584/483 462/580/482 465/585/506
f 481/572/497 482/571/496 442/586/507
f 430/530/458 417/533/461 463/587/508
f 1290/588/509 480/589/510 449/590/511
f 445/591/512 442/586/507 482/571/496
f 433/551/478 424/534/462 451/550/477
f 426/523/451 435/559/485 434/582/505
f 486/569/494 444/537/465 455/526/454
f 427/592/513 469/593/514 435/559/485
f 474/546/473 473/594/515 472/595/516
f 417/533/461 438/532/460 466/554/480
f 489/596/517 487/578/503 453/575/500
f 489/596/517 453/575/500 488/574/499
f 426/523/451 428/522/450 440/543/471
f 478/581/504 462/580/482 461/597/484
f 468/576/501 443/567/492 450/566/491
f 448/598/518 433/551/478 446/542/470
f 488/574/499 468/576/501 481/572/497
f 429/531/459 448/598/518 446/542/470
f 484/584/483 465/585/506 1412/599/519
f 447/525/453 431/600/472 446/542/470
f 454/535/463 463/587/508 432/536/464
f 441/529/457 487/578/503 423/527/455
f 448/598/518 429/531/459 430/530/458
f 427/592/513 431/600/472 449/590/511
f 485/570/495 457/601/520 458/568/493
f 488/574/499 442/586/507 489/596/517
f 448/598/518 454/535/463 424/534/462
f 421/547/474 420/549/476 422/562/487
f 434/582/505 435/559/485 456/602/521
f 456/602/521 435/559/485 469/593/514
f 437/545/452 477/541/469 439/540/468
f 455/526/454 477/603/469 437/524/452
f 431/544/472 474/546/473 449/604/511
f 430/530/458 454/535/463 448/598/518
f 417/533/461 432/536/464 463/587/508
f 452/563/488 476/565/490 460/548/475
f 420/549/476 476/565/490 436/555/481
f 473/594/515 474/546/473 439/540/468
f 454/535/463 430/530/458 463/587/508
f 479/552/479 464/579/502 478/581/504
f 446/542/470 428/522/450 429/531/459
f 427/592/513 449/590/511 480/589/510
f 479/552/479 455/553/454 471/605/466
f 1284/606/522 473/594/515 459/607/523
f 470/608/524 466/554/480 436/555/481
f 474/546/473 472/595/516 449/604/511
f 420/549/476 460/548/475 476/565/490
f 479/552/479 478/581/504 475/539/467
f 449/604/511 472/595/516 1290/609/509
f 475/539/467 473/594/515 439/540/468
f 443/567/492 468/576/501 425/521/449
f 443/567/492 425/521/449 426/523/451
f 429/531/459 428/522/450 425/521/449
f 419/610/525 425/521/449 468/576/501
f 481/572/497 442/586/507 488/574/499
f 422/562/487 420/549/476 436/555/481
f 427/592/513 446/542/470 431/600/472
f 469/593/514 427/592/513 480/589/510
f 418/528/456 453/575/500 441/529/457
f 419/610/525 418/528/456 436/555/481
f 445/591/512 542/611/526 442/586/507
f 426/523/451 440/543/471 435/559/485
f 477/541/469 479/552/479 475/539/467
f 444/537/465 462/560/482 471/538/466
f 474/546/473 437/545/452 439/540/468
f 1371/612/527 472/595/516 473/594/515
f 436/555/481 476/565/490 470/608/524
f 423/527/455 421/547/474 422/562/487
f 429/531/459 436/555/481 438/532/460
f 435/559/485 446/542/470 427/592/513
f 455/526/454 447/525/453 451/550/477
f 471/605/466 464/579/502 479/552/479
f 473/594/515 475/539/467 459/607/523
f 450/613/491 458/614/493 457/615/520
f 419/610/525 468/576/501 453/575/500
f 418/528/456 422/562/487 436/555/481
f 424/534/462 433/551/478 448/598/518
f 436/555/481 429/531/459 425/521/449
f 418/528/456 419/610/525 453/575/500
f 437/524/452 431/600/472 447/525/453
f 425/521/449 419/610/525 436/555/481
f 398/490/430 496/616/528 494/617/529
f 234/298/264 494/618/529 491/619/530
f 234/298/264 491/619/530 256/316/282
f 493/620/531 496/616/528 497/621/532
f 497/621/532 396/482/424 393/478/420
f 500/486/427 497/621/532 393/478/420
f 498/622/533 501/493/432 492/492/431
f 497/621/532 499/516/444 396/482/424
f 491/623/530 494/617/529 496/616/528
f 495/624/534 498/622/533 499/516/444
f 400/491/263 398/490/430 494/617/529
f 497/621/532 496/616/528 398/490/430
f 415/517/445 498/622/533 411/518/446
f 493/620/531 491/623/530 496/616/528
f 491/623/530 493/620/531 500/486/427
f 500/486/427 389/487/428 491/623/530
f 398/490/430 501/493/432 498/622/533
f 498/622/533 492/492/431 411/518/446
f 498/622/533 415/517/445 499/516/444
f 493/620/531 497/621/532 500/486/427
f 494/618/529 234/298/264 400/297/263
f 497/621/532 398/490/430 495/624/534
f 389/488/428 256/316/282 491/619/530
f 495/624/534 398/490/430 498/622/533
f 495/624/534 499/516/444 497/621/532
f 926/625/535 512/626/536 505/627/537
f 502/628/538 509/629/539 508/630/540
f 521/631/541 519/632/542 515/633/543
f 527/634/544 522/635/545 510/636/546
f 517/637/547 511/638/548 513/639/549
f 507/640/550 516/641/551 524/642/552
f 522/635/545 521/631/541 515/633/543
f 520/643/553 519/632/542 521/631/541
f 513/644/549 506/645/554 517/646/547
f 566/647/555 518/648/556 512/626/536
f 519/632/542 756/649/557 503/650/558
f 506/645/554 508/651/540 517/646/547
f 512/626/536 926/625/535 566/647/555
f 506/645/554 513/644/549 518/652/556
f 508/630/540 506/653/554 502/628/538
f 513/639/549 511/638/548 515/633/543
f 514/654/559 517/646/547 524/655/552
f 508/656/540 507/640/550 524/642/552
f 503/650/558 505/627/537 512/626/536
f 511/638/548 517/637/547 523/657/560
f 523/657/560 510/636/546 515/633/543
f 503/650/558 512/626/536 515/633/543
f 502/628/538 506/653/554 518/658/556
f 512/626/536 518/648/556 515/633/543
f 508/656/540 509/659/539 507/640/550
f 523/657/560 504/660/561 510/636/546
f 514/661/559 524/642/552 516/641/551
f 515/633/543 518/648/556 513/639/549
f 517/637/547 514/661/559 523/657/560
f 515/633/543 519/632/542 503/650/558
f 511/638/548 523/657/560 515/633/543
f 522/635/545 515/633/543 510/636/546
f 524/655/552 517/646/547 508/651/540
f 527/634/544 526/662/562 529/663/563
f 526/662/562 527/634/544 504/660/561
f 533/664/564 535/665/565 530/666/566
f 536/667/567 504/660/561 533/664/564
f 526/668/562 536/669/567 1314/670/568
f 535/665/565 533/664/564 531/671/569
f 539/672/570 530/666/566 537/673/571
f 504/660/561 527/634/544 510/636/546
f 535/665/565 531/671/569 532/674/572
f 535/665/565 537/673/571 530/666/566
f 532/674/572 516/641/551 535/665/565
f 539/672/570 533/664/564 530/666/566
f 539/672/570 536/667/567 533/664/564
f 531/671/569 514/661/559 532/674/572
f 523/657/560 531/671/569 504/660/561
f 526/662/562 504/660/561 536/667/567
f 514/661/559 516/641/551 532/674/572
f 535/665/565 534/675/573 537/673/571
f 528/676/574 539/672/570 537/673/571
f 531/671/569 523/657/560 514/661/559
f 534/675/573 516/641/551 538/677/575
f 531/671/569 533/664/564 504/660/561
f 535/665/565 516/641/551 534/675/573
f 554/678/576 452/563/488 460/548/475
f 489/596/517 545/679/577 487/578/503
f 559/680/578 553/681/579 549/682/580
f 547/683/581 543/684/582 546/685/583
f 542/611/526 545/679/577 489/596/517
f 544/686/584 543/684/582 547/683/581
f 487/578/503 545/679/577 541/687/585
f 423/688/455 550/689/586 421/690/474
f 550/691/586 544/686/584 548/692/587
f 917/693/588 551/694/589 540/695/590
f 541/687/585 545/679/577 549/682/580
f 543/684/582 544/686/584 551/694/589
f 552/696/591 551/694/589 921/697/592
f 554/678/576 460/548/475 547/683/581
f 921/697/592 551/694/589 917/693/588
f 553/681/579 541/687/585 549/682/580
f 550/691/586 551/694/589 544/686/584
f 540/695/590 423/527/455 541/687/585
f 546/698/583 554/699/576 547/700/581
f 552/696/591 543/684/582 551/694/589
f 421/690/474 550/689/586 548/701/587
f 550/691/586 423/527/455 540/695/590
f 421/690/474 548/701/587 547/702/581
f 421/547/474 547/683/581 460/548/475
f 553/681/579 540/695/590 541/687/585
f 540/695/590 551/694/589 550/691/586
f 544/686/584 547/683/581 548/692/587
f 549/682/580 545/679/577 542/611/526
f 452/563/488 554/678/576 555/703/593
f 489/596/517 442/586/507 542/611/526
f 487/578/503 541/687/585 423/527/455
f 537/673/571 557/704/594 558/705/595
f 557/704/594 534/675/573 538/677/575
f 557/704/594 538/677/575 561/706/596
f 562/707/597 542/611/526 490/708/598
f 559/680/578 549/682/580 542/611/526
f 559/680/578 542/611/526 562/707/597
f 528/676/574 537/673/571 558/705/595
f 534/675/573 557/704/594 537/673/571
f 559/680/578 558/709/595 557/710/594
f 561/706/596 556/711/599 557/704/594
f 557/710/594 556/712/599 559/680/578
f 559/680/578 562/707/597 560/713/600
f 563/714/601 561/715/596 565/716/602
f 566/647/555 926/625/535 568/717/603
f 567/718/604 563/719/601 565/720/602
f 518/648/556 566/647/555 567/718/604
f 567/721/604 502/628/538 518/658/556
f 935/722/605 568/717/603 926/625/535
f 563/719/601 564/723/606 561/706/596
f 563/719/601 568/717/603 564/723/606
f 538/677/575 565/720/602 561/706/596
f 507/640/550 565/720/602 538/677/575
f 570/724/607 556/711/599 564/723/606
f 919/725/608 570/724/607 568/717/603
f 566/647/555 568/717/603 567/718/604
f 935/722/605 569/726/609 568/717/603
f 509/629/539 567/721/604 565/727/602
f 561/706/596 564/723/606 556/711/599
f 565/720/602 507/640/550 509/659/539
f 568/717/603 570/724/607 564/723/606
f 563/719/601 567/718/604 568/717/603
f 509/629/539 502/628/538 567/721/604
f 538/677/575 516/641/551 507/640/550
f 575/728/610 529/729/563 1308/730/611
f 571/731/612 527/634/544 574/732/613
f 581/733/614 579/734/615 582/735/616
f 527/634/544 529/663/563 574/732/613
f 572/736/617 581/733/614 576/737/618
f 760/738/619 527/634/544 571/731/612
f 579/734/615 572/736/617 573/739/620
f 572/736/617 571/731/612 574/732/613
f 1308/740/611 573/739/620 575/741/610
f 574/732/613 575/741/610 573/739/620
f 572/736/617 579/734/615 581/733/614
f 527/634/544 760/738/619 522/635/545
f 574/732/613 529/663/563 575/741/610
f 526/668/562 578/742/621 529/729/563
f 581/733/614 751/743/622 576/737/618
f 1382/744/623 582/735/616 579/734/615
f 577/745/624 581/733/614 580/746/625
f 731/747/626 581/733/614 582/735/616
f 751/743/622 581/733/614 577/745/624
f 573/739/620 572/736/617 574/732/613
f 731/747/626 580/746/625 581/733/614
f 591/748/627 585/749/628 594/750/629
f 583/751/630 588/752/631 589/753/632
f 591/748/627 584/754/633 583/751/630
f 592/755/634 586/756/635 587/757/636
f 591/748/627 590/758/637 584/754/633
f 587/757/636 586/756/635 584/754/633
f 584/754/633 586/756/635 588/752/631
f 594/750/629 590/758/637 591/748/627
f 589/753/632 588/752/631 593/759/638
f 590/758/637 587/757/636 584/754/633
f 590/758/637 776/760/639 587/757/636
f 587/757/636 776/760/639 592/755/634
f 583/751/630 584/754/633 588/752/631
f 595/761/640 604/762/641 607/763/642
f 598/764/643 609/765/644 618/766/645
f 612/767/646 772/768/647 602/769/648
f 598/764/643 601/770/649 602/769/648
f 596/771/650 747/772/651 603/773/652
f 603/773/652 607/763/642 596/771/650
f 597/774/653 598/764/643 618/766/645
f 601/770/649 600/775/654 602/769/648
f 599/776/655 611/777/656 600/775/654
f 602/769/648 600/775/654 611/777/656
f 607/763/642 606/778/657 596/771/650
f 600/775/654 601/770/649 595/761/640
f 595/761/640 747/772/651 600/775/654
f 600/775/654 605/779/658 599/776/655
f 598/764/643 597/774/653 601/770/649
f 612/767/646 610/780/659 608/781/660
f 595/761/640 603/773/652 747/772/651
f 595/761/640 607/763/642 603/773/652
f 604/762/641 595/761/640 601/770/649
f 597/774/653 604/762/641 601/770/649
f 597/774/653 607/763/642 604/762/641
f 598/764/643 602/769/648 772/768/647
f 614/782/661 615/783/662 647/784/663
f 613/785/664 691/786/665 645/787/666
f 632/788/667 622/789/668 623/790/669
f 681/791/670 676/792/671 695/793/672
f 660/794/673 638/795/674 634/796/675
f 631/797/676 621/798/677 677/799/678
f 689/800/679 824/801/680 616/802/681
f 607/763/642 619/803/682 606/778/657
f 620/804/683 641/805/684 668/806/685
f 607/763/642 618/766/645 627/807/686
f 669/808/687 644/809/688 661/810/689
f 669/808/687 661/810/689 673/811/690
f 672/812/691 659/813/692 627/807/686
f 648/814/693 662/815/694 661/810/689
f 649/816/695 638/795/674 660/794/673
f 629/817/696 633/818/697 640/819/698
f 597/774/653 618/766/645 607/763/642
f 646/820/699 669/808/687 664/821/700
f 503/650/558 525/822/701 634/796/675
f 644/809/688 669/808/687 646/820/699
f 660/794/673 680/823/702 694/824/703
f 693/825/704 634/796/675 525/822/701
f 631/797/676 659/813/692 620/804/683
f 620/804/683 659/813/692 641/805/684
f 652/826/705 624/827/706 636/828/707
f 647/784/663 675/829/708 620/804/683
f 675/829/708 670/830/709 657/831/710
f 673/811/690 670/830/709 615/783/662
f 644/809/688 648/814/693 661/810/689
f 665/832/711 759/833/712 754/834/713
f 665/832/711 525/822/701 759/833/712
f 923/835/714 634/796/675 638/795/674
f 620/804/683 675/829/708 657/831/710
f 622/789/668 624/827/706 676/792/671
f 635/836/715 624/827/706 622/789/668
f 640/819/698 643/837/716 642/838/717
f 655/839/718 688/840/719 663/841/720
f 640/819/698 628/842/721 629/817/696
f 677/799/678 659/813/692 631/797/676
f 647/784/663 620/804/683 668/806/685
f 630/843/722 690/844/723 650/845/724
f 651/846/725 636/828/707 684/847/726
f 633/818/697 693/825/704 525/822/701
f 640/819/698 633/818/697 525/822/701
f 827/848/727 659/813/692 672/812/691
f 614/782/661 669/808/687 673/811/690
f 615/783/662 614/782/661 673/811/690
f 657/831/710 670/830/709 674/849/728
f 666/850/729 667/851/730 686/852/731
f 673/811/690 661/810/689 662/815/694
f 663/841/720 688/840/719 674/849/728
f 682/853/732 657/831/710 688/840/719
f 824/801/680 809/854/733 616/802/681
f 641/805/684 689/800/679 616/802/681
f 668/806/685 641/805/684 616/802/681
f 678/855/734 681/791/670 687/856/735
f 637/857/736 679/858/737 625/859/738
f 632/788/667 635/836/715 622/789/668
f 643/837/716 625/859/738 679/858/737
f 688/840/719 655/839/718 687/856/735
f 687/856/735 655/839/718 678/855/734
f 679/858/737 690/844/723 630/843/722
f 667/851/730 658/860/739 684/847/726
f 658/860/739 807/861/740 684/847/726
f 617/862/741 682/853/732 685/863/742
f 643/837/716 630/843/722 642/838/717
f 623/790/669 686/852/731 667/851/730
f 623/790/669 667/851/730 632/788/667
f 632/788/667 667/851/730 684/847/726
f 613/785/664 629/817/696 691/786/665
f 650/845/724 691/786/665 629/817/696
f 623/790/669 622/789/668 678/855/734
f 633/818/697 639/864/743 693/825/704
f 692/865/744 639/864/743 633/818/697
f 684/847/726 635/836/715 632/788/667
f 679/858/737 637/857/736 631/797/676
f 660/794/673 692/865/744 680/823/702
f 694/824/703 649/816/695 660/794/673
f 660/794/673 654/866/745 639/864/743
f 634/796/675 654/866/745 660/794/673
f 685/863/742 690/844/723 617/862/741
f 621/798/677 619/803/682 607/763/642
f 653/867/746 621/798/677 631/797/676
f 637/857/736 625/859/738 745/868/747
f 695/793/672 694/824/703 680/823/702
f 621/798/677 627/807/686 677/799/678
f 673/811/690 662/815/694 670/830/709
f 651/846/725 684/847/726 807/861/740
f 665/832/711 656/869/748 643/837/716
f 627/807/686 621/798/677 607/763/642
f 650/845/724 629/817/696 628/842/721
f 650/845/724 628/842/721 642/838/717
f 623/790/669 678/855/734 648/814/693
f 678/855/734 655/839/718 648/814/693
f 655/839/718 662/815/694 648/814/693
f 648/814/693 644/809/688 686/852/731
f 646/820/699 686/852/731 644/809/688
f 646/820/699 666/850/729 686/852/731
f 650/845/724 642/838/717 630/843/722
f 654/866/745 634/796/675 693/825/704
f 671/870/749 664/821/700 669/808/687
f 669/808/687 614/782/661 671/870/749
f 647/784/663 615/783/662 675/829/708
f 615/783/662 670/830/709 675/829/708
f 662/815/694 674/849/728 670/830/709
f 631/797/676 620/804/683 617/862/741
f 680/823/702 685/863/742 688/840/719
f 620/804/683 657/831/710 682/853/732
f 652/826/705 649/816/695 694/824/703
f 659/813/692 689/800/679 641/805/684
f 671/871/749 614/872/661 616/873/681
f 663/841/720 674/849/728 662/815/694
f 689/800/679 659/813/692 827/848/727
f 809/874/733 671/871/749 616/873/681
f 668/806/685 616/802/681 647/784/663
f 616/802/681 614/782/661 647/784/663
f 688/840/719 657/831/710 674/849/728
f 679/858/737 630/843/722 643/837/716
f 663/841/720 662/815/694 655/839/718
f 688/840/719 685/863/742 682/853/732
f 676/792/671 681/791/670 622/789/668
f 678/855/734 622/789/668 681/791/670
f 656/869/748 745/868/747 643/837/716
f 680/823/702 688/840/719 687/856/735
f 683/875/750 691/786/665 650/845/724
f 683/875/750 650/845/724 690/844/723
f 665/832/711 640/819/698 525/822/701
f 685/863/742 645/787/666 691/786/665
f 625/859/738 643/837/716 745/868/747
f 627/807/686 618/766/645 609/765/644
f 640/819/698 642/838/717 628/842/721
f 679/858/737 631/797/676 617/862/741
f 619/803/682 621/798/677 653/867/746
f 645/787/666 680/823/702 692/865/744
f 645/787/666 633/818/697 629/817/696
f 613/785/664 645/787/666 629/817/696
f 617/862/741 690/844/723 679/858/737
f 617/862/741 620/804/683 682/853/732
f 693/825/704 639/864/743 654/866/745
f 665/832/711 643/837/716 640/819/698
f 645/787/666 692/865/744 633/818/697
f 627/807/686 609/765/644 672/812/691
f 680/823/702 645/787/666 685/863/742
f 684/847/726 636/828/707 624/827/706
f 692/865/744 660/794/673 639/864/743
f 690/844/723 685/863/742 683/875/750
f 685/863/742 691/786/665 683/875/750
f 680/823/702 681/791/670 695/793/672
f 680/823/702 687/856/735 681/791/670
f 653/867/746 631/797/676 637/857/736
f 635/836/715 684/847/726 624/827/706
f 624/827/706 694/824/703 676/792/671
f 686/852/731 623/790/669 648/814/693
f 626/876/751 658/860/739 667/851/730
f 676/792/671 694/824/703 695/793/672
f 624/827/706 652/826/705 694/824/703
f 677/799/678 627/807/686 659/813/692
f 696/340/303 277/341/304 278/877/752
f 278/877/752 697/878/753 696/340/303
f 743/879/754 266/335/298 696/340/303
f 266/335/298 743/879/754 265/333/296
f 265/333/296 743/879/754 744/452/396
f 363/445/390 700/880/755 1114/446/393
f 700/880/755 363/445/390 699/881/398
f 705/882/756 737/883/757 706/884/758
f 713/885/759 724/886/760 718/887/761
f 715/888/762 858/889/763 717/890/764
f 708/891/765 722/892/766 713/885/759
f 722/892/766 725/893/767 713/885/759
f 586/894/635 724/886/760 588/895/631
f 727/896/768 718/887/761 592/897/634
f 701/898/769 704/899/770 719/900/771
f 711/901/772 726/902/773 881/903/774
f 733/904/775 706/905/758 727/906/768
f 711/901/772 710/907/776 709/908/777
f 713/885/759 718/887/761 708/891/765
f 719/900/771 732/909/778 721/910/779
f 586/894/635 718/887/761 724/886/760
f 713/885/759 1234/911/780 724/886/760
f 592/897/634 718/887/761 586/894/635
f 704/899/770 703/912/781 715/888/762
f 701/898/769 719/900/771 725/893/767
f 706/884/758 723/913/782 705/882/756
f 719/900/771 704/899/770 732/909/778
f 723/914/782 728/915/783 731/747/626
f 726/902/773 716/916/784 732/909/778
f 704/899/770 717/890/764 726/902/773
f 714/465/402 709/908/777 710/907/776
f 720/917/785 707/918/786 729/919/787
f 703/912/781 736/920/788 729/919/787
f 721/910/779 1229/921/789 719/900/771
f 730/922/790 711/901/772 734/923/791
f 735/924/792 724/886/760 1234/911/780
f 729/919/787 715/888/762 703/912/781
f 734/923/791 709/908/777 378/464/407
f 735/924/792 588/895/631 724/886/760
f 730/922/790 726/902/773 711/901/772
f 721/910/779 716/916/784 1099/925/793
f 716/916/784 726/902/773 730/922/790
f 704/899/770 701/898/769 703/912/781
f 734/923/791 1163/471/413 702/926/794
f 720/917/785 1321/927/795 1331/928/796
f 701/898/769 722/892/766 703/912/781
f 727/896/768 708/891/765 718/887/761
f 717/890/764 704/899/770 715/888/762
f 704/899/770 726/902/773 732/909/778
f 736/920/788 720/917/785 729/919/787
f 716/916/784 730/922/790 702/926/794
f 712/929/797 858/889/763 715/888/762
f 1321/927/795 705/882/756 723/913/782
f 705/882/756 1321/927/795 720/917/785
f 720/917/785 1331/928/796 707/918/786
f 720/917/785 737/883/757 705/882/756
f 719/900/771 1229/921/789 725/893/767
f 708/891/765 727/896/768 737/883/757
f 734/923/791 711/901/772 709/908/777
f 706/905/758 733/904/775 728/915/783
f 593/930/638 588/895/631 735/924/792
f 708/891/765 720/917/785 736/920/788
f 708/891/765 737/883/757 720/917/785
f 722/892/766 708/891/765 736/920/788
f 729/919/787 707/918/786 867/931/798
f 867/931/798 712/929/797 729/919/787
f 729/919/787 712/929/797 715/888/762
f 727/896/768 706/884/758 737/883/757
f 378/464/407 709/908/777 714/465/402
f 722/892/766 701/898/769 725/893/767
f 733/904/775 727/906/768 592/755/634
f 706/905/758 728/915/783 723/914/782
f 736/920/788 703/912/781 722/892/766
f 721/910/779 732/909/778 716/916/784
f 734/923/791 702/926/794 730/922/790
f 739/932/799 738/933/800 699/934/398
f 742/935/801 738/933/800 741/936/802
f 698/937/803 740/938/804 741/936/802
f 739/939/799 366/443/391 765/447/394
f 742/940/801 741/941/802 740/942/804
f 366/443/391 739/939/799 699/454/398
f 738/933/800 739/932/799 741/936/802
f 366/443/391 699/454/398 357/441/389
f 698/937/803 696/340/303 697/878/753
f 696/340/303 698/937/803 743/879/754
f 748/943/805 596/771/650 653/867/746
f 596/771/650 748/943/805 747/772/651
f 747/772/651 745/868/747 746/944/806
f 596/771/650 606/778/657 619/803/682
f 619/803/682 653/867/746 596/771/650
f 747/772/651 748/943/805 745/868/747
f 748/943/805 653/867/746 637/857/736
f 745/868/747 748/943/805 637/857/736
f 750/945/807 749/946/808 745/868/747
f 753/947/809 752/948/810 759/833/712
f 520/643/553 755/949/811 756/649/557
f 763/950/812 750/945/807 764/951/813
f 754/834/713 757/952/814 764/951/813
f 519/632/542 520/643/553 756/649/557
f 760/738/619 576/737/618 762/953/815
f 757/952/814 753/947/809 762/953/815
f 757/952/814 752/948/810 753/947/809
f 576/737/618 751/743/622 758/954/816
f 656/869/748 665/832/711 754/834/713
f 656/869/748 764/951/813 750/945/807
f 656/869/748 750/945/807 745/868/747
f 751/743/622 763/950/812 758/954/816
f 749/946/808 750/945/807 763/950/812
f 758/954/816 764/951/813 757/952/814
f 503/650/558 756/649/557 525/822/701
f 521/631/541 760/738/619 520/643/553
f 753/947/809 520/643/553 760/738/619
f 572/736/617 576/737/618 760/738/619
f 753/947/809 760/738/619 762/953/815
f 755/949/811 525/822/701 756/649/557
f 656/869/748 754/834/713 764/951/813
f 522/635/545 760/738/619 521/631/541
f 577/745/624 761/955/817 751/743/622
f 764/951/813 758/954/816 763/950/812
f 759/833/712 755/949/811 753/947/809
f 758/954/816 762/953/815 576/737/618
f 752/948/810 757/952/814 754/834/713
f 755/949/811 759/833/712 525/822/701
f 754/834/713 759/833/712 752/948/810
f 520/643/553 753/947/809 755/949/811
f 757/952/814 762/953/815 758/954/816
f 572/736/617 760/738/619 571/731/612
f 698/937/803 741/936/802 743/879/754
f 765/956/394 741/936/802 739/932/799
f 765/956/394 743/879/754 741/936/802
f 744/452/396 743/879/754 765/956/394
f 765/447/394 367/73/66 744/449/396
f 281/380/341 767/957/818 768/958/819
f 201/250/223 279/375/336 769/959/820
f 770/960/821 768/958/819 767/957/818
f 769/959/820 279/375/336 281/380/341
f 281/380/341 771/961/822 767/957/818
f 771/961/822 281/380/341 297/352/315
f 769/959/820 281/380/341 768/958/819
f 771/961/822 766/351/314 767/957/818
f 297/352/315 766/351/314 771/961/822
f 612/767/646 608/781/660 772/768/647
f 609/765/644 775/962/823 828/963/824
f 775/962/823 772/768/647 773/964/825
f 1122/965/826 196/241/214 774/966/827
f 774/966/827 196/241/214 773/964/825
f 608/781/660 774/966/827 772/768/647
f 598/764/643 772/768/647 775/962/823
f 772/768/647 774/966/827 773/964/825
f 775/962/823 773/964/825 828/963/824
f 775/962/823 609/765/644 598/764/643
f 780/967/828 781/968/829 749/946/808
f 781/968/829 746/944/806 749/946/808
f 787/969/830 779/970/831 784/971/832
f 779/970/831 787/969/830 789/972/833
f 782/973/834 594/750/629 788/974/835
f 599/776/655 782/973/834 788/974/835
f 786/975/836 785/976/837 787/969/830
f 787/969/830 784/971/832 786/975/836
f 728/915/783 790/977/838 791/978/839
f 778/979/840 782/973/834 599/776/655
f 728/915/783 791/978/839 784/971/832
f 761/955/817 780/967/828 763/950/812
f 791/978/839 792/980/841 786/975/836
f 779/970/831 761/955/817 784/971/832
f 728/915/783 733/904/775 790/977/838
f 780/967/828 779/970/831 789/972/833
f 783/981/842 789/972/833 787/969/830
f 746/944/806 783/981/842 747/772/651
f 776/760/639 785/976/837 592/755/634
f 781/968/829 789/972/833 746/944/806
f 783/981/842 777/982/843 778/979/840
f 580/746/625 784/971/832 761/955/817
f 733/904/775 792/980/841 790/977/838
f 761/955/817 763/950/812 751/743/622
f 761/955/817 779/970/831 780/967/828
f 786/975/836 792/980/841 785/976/837
f 792/980/841 733/904/775 785/976/837
f 749/946/808 763/950/812 780/967/828
f 790/977/838 792/980/841 791/978/839
f 600/775/654 747/772/651 605/779/658
f 786/975/836 784/971/832 791/978/839
f 777/982/843 787/969/830 785/976/837
f 590/758/637 594/750/629 782/973/834
f 580/746/625 728/915/783 784/971/832
f 783/981/842 778/979/840 747/772/651
f 761/955/817 577/745/624 580/746/625
f 745/868/747 749/946/808 746/944/806
f 590/758/637 782/973/834 778/979/840
f 778/979/840 777/982/843 590/758/637
f 777/982/843 785/976/837 590/758/637
f 778/979/840 605/779/658 747/772/651
f 783/981/842 746/944/806 789/972/833
f 789/972/833 781/968/829 780/967/828
f 777/982/843 783/981/842 787/969/830
f 599/776/655 605/779/658 778/979/840
f 580/746/625 731/747/626 728/915/783
f 785/976/837 733/904/775 592/755/634
f 590/758/637 785/976/837 776/760/639
f 799/983/844 793/984/845 797/985/846
f 804/986/847 807/861/740 796/987/848
f 794/988/849 797/985/846 793/984/845
f 794/988/849 793/984/845 800/989/850
f 801/990/851 806/991/852 803/992/853
f 800/989/850 898/993/854 807/861/740
f 807/861/740 795/994/855 796/987/848
f 800/989/850 797/985/846 794/988/849
f 797/985/846 801/990/851 803/992/853
f 797/985/846 803/992/853 799/983/844
f 799/983/844 803/992/853 806/991/852
f 802/995/856 908/996/857 805/997/858
f 804/986/847 797/985/846 800/989/850
f 626/876/751 795/994/855 807/861/740
f 804/986/847 801/990/851 797/985/846
f 806/991/852 908/996/857 802/995/856
f 800/989/850 807/861/740 804/986/847
f 658/860/739 626/876/751 807/861/740
f 799/983/844 806/991/852 802/995/856
f 799/983/844 802/995/856 793/984/845
f 793/984/845 802/995/856 805/997/858
f 671/870/749 808/998/859 664/821/700
f 811/999/860 825/1000/861 816/1001/862
f 817/1002/863 770/960/821 767/957/818
f 768/958/819 770/960/821 817/1002/863
f 816/1001/862 822/1003/864 817/1002/863
f 666/850/729 664/821/700 823/1004/865
f 664/821/700 666/850/729 646/820/699
f 689/800/679 810/1005/866 824/801/680
f 671/871/749 809/874/733 808/1006/859
f 823/1004/865 822/1003/864 825/1000/861
f 814/1007/867 811/999/860 818/1008/868
f 825/1000/861 814/1007/867 795/994/855
f 813/1009/869 820/1010/870 815/1011/871
f 815/1011/871 796/987/848 795/994/855
f 808/998/859 823/1004/865 664/821/700
f 821/1012/872 804/986/847 815/1011/871
f 796/987/848 815/1011/871 804/986/847
f 826/1013/873 626/876/751 666/850/729
f 801/990/851 804/986/847 821/1012/872
f 810/1005/866 832/1014/874 817/1002/863
f 820/1010/870 813/1009/869 766/351/314
f 819/1015/875 817/1002/863 767/957/818
f 822/1003/864 824/801/680 810/1005/866
f 766/351/314 819/1015/875 767/957/818
f 666/850/729 823/1004/865 826/1013/873
f 813/1009/869 818/1008/868 819/1015/875
f 812/1016/876 813/1009/869 815/1011/871
f 821/1012/872 815/1011/871 820/1010/870
f 819/1015/875 766/351/314 813/1009/869
f 818/1008/868 813/1009/869 812/1016/876
f 812/1016/876 815/1011/871 814/1007/867
f 626/876/751 826/1013/873 825/1000/861
f 626/876/751 825/1000/861 795/994/855
f 823/1017/865 808/1006/859 824/1018/680
f 824/1018/680 808/1006/859 809/874/733
f 811/999/860 816/1001/862 817/1002/863
f 822/1003/864 823/1004/865 824/801/680
f 666/850/729 626/876/751 667/851/730
f 822/1003/864 816/1001/862 825/1000/861
f 823/1004/865 825/1000/861 826/1013/873
f 795/994/855 814/1007/867 815/1011/871
f 814/1007/867 825/1000/861 811/999/860
f 1628/1019/877 821/1012/872 820/1010/870
f 811/999/860 819/1015/875 818/1008/868
f 810/1005/866 817/1002/863 822/1003/864
f 818/1008/868 812/1016/876 814/1007/867
f 811/999/860 817/1002/863 819/1015/875
f 829/1020/878 199/253/226 202/252/225
f 769/959/820 768/958/819 830/251/224
f 831/1021/879 829/1020/878 810/1005/866
f 199/253/226 831/1021/879 196/241/214
f 832/1014/874 829/1020/878 768/958/819
f 829/1020/878 831/1021/879 199/253/226
f 773/964/825 831/1021/879 828/963/824
f 609/765/644 828/963/824 672/812/691
f 768/958/819 817/1002/863 832/1014/874
f 810/1005/866 689/800/679 827/848/727
f 773/964/825 196/241/214 831/1021/879
f 829/1020/878 832/1014/874 810/1005/866
f 829/1020/878 202/252/225 830/251/224
f 830/251/224 768/958/819 829/1020/878
f 827/848/727 672/812/691 828/963/824
f 827/848/727 831/1021/879 810/1005/866
f 827/848/727 828/963/824 831/1021/879
f 769/959/820 830/251/224 201/250/223
f 839/1022/880 370/455/399 373/456/400
f 865/1023/881 835/1024/882 843/1025/883
f 863/1026/884 853/1027/885 886/1028/886
f 851/1029/887 886/1028/886 853/1027/885
f 850/1030/888 841/1031/889 881/903/774
f 873/1032/890 866/1033/891 880/1034/892
f 838/1035/893 865/1023/881 857/1036/894
f 865/1023/881 843/1025/883 857/1036/894
f 146/168/151 149/167/150 852/468/410
f 861/1037/895 843/1025/883 869/1038/896
f 877/1039/897 848/1040/898 844/1041/899
f 837/1042/900 875/1043/901 840/1044/902
f 855/1045/903 852/468/410 375/434/382
f 838/1035/893 857/1036/894 870/1046/904
f 885/1047/905 882/1048/906 846/1049/907
f 854/1050/908 852/468/410 863/1026/884
f 878/1051/909 859/1052/910 881/903/774
f 370/455/399 868/1053/911 382/457/401
f 848/1040/898 870/1054/904 864/1055/912
f 710/1056/776 859/1057/910 714/458/402
f 857/1036/894 861/1037/895 846/1058/907
f 865/1023/881 838/1035/893 879/1059/913
f 852/468/410 855/1045/903 863/1026/884
f 884/1060/914 882/1061/906 885/1062/905
f 877/1039/897 838/1063/893 870/1054/904
f 876/1064/915 873/1032/890 882/1048/906
f 841/1065/889 837/1042/900 853/1027/885
f 851/1029/887 860/1066/916 886/1028/886
f 864/1055/912 836/1067/917 845/1068/918
f 884/1069/914 883/1070/919 874/1071/920
f 882/1048/906 884/1069/914 876/1064/915
f 840/1072/902 875/1073/901 850/1030/888
f 865/1023/881 849/1074/921 717/890/764
f 884/1060/914 885/1062/905 883/1075/919
f 879/1059/913 840/1072/902 850/1030/888
f 876/1064/915 866/1033/891 873/1032/890
f 849/1074/921 850/1030/888 881/903/774
f 854/1050/908 146/168/151 852/468/410
f 879/1076/913 838/1063/893 877/1039/897
f 877/1077/897 844/1078/899 879/1059/913
f 855/1045/903 375/434/382 382/457/401
f 717/890/764 835/1024/882 865/1023/881
f 872/1079/922 835/1024/882 858/889/763
f 839/1022/880 373/456/400 372/462/406
f 878/1080/909 841/1065/889 853/1027/885
f 863/1026/884 886/1028/886 854/1050/908
f 865/1023/881 879/1059/913 849/1074/921
f 871/1081/923 858/889/763 1310/1082/924
f 877/1039/897 870/1054/904 848/1040/898
f 853/1027/885 847/1083/925 878/1080/909
f 881/903/774 726/902/773 849/1074/921
f 847/1083/925 856/1084/926 868/1053/911
f 381/459/403 714/458/402 372/462/406
f 1310/1082/924 712/929/797 867/931/798
f 834/1085/927 848/1040/898 845/1068/918
f 1310/1082/924 858/889/763 712/929/797
f 855/1045/903 856/1084/926 863/1026/884
f 836/1067/917 873/1032/890 845/1068/918
f 873/1032/890 880/1034/892 845/1068/918
f 872/1079/922 858/889/763 871/1081/923
f 848/1040/898 860/1066/916 851/1029/887
f 856/1084/926 855/1045/903 868/1053/911
f 879/1059/913 844/1078/899 840/1072/902
f 858/889/763 835/1024/882 717/890/764
f 726/902/773 717/890/764 849/1074/921
f 834/1085/927 886/1028/886 848/1040/898
f 839/1022/880 372/462/406 859/1057/910
f 711/901/772 859/1052/910 710/907/776
f 853/1027/885 840/1044/902 851/1029/887
f 836/1067/917 864/1055/912 846/1049/907
f 886/1028/886 834/1085/927 833/1086/928
f 846/1049/907 882/1048/906 836/1067/917
f 878/1080/909 868/1053/911 859/1057/910
f 848/1040/898 886/1028/886 860/1066/916
f 848/1040/898 864/1055/912 845/1068/918
f 840/1044/902 844/1041/899 851/1029/887
f 850/1030/888 849/1074/921 879/1059/913
f 866/1033/891 874/1071/920 887/1087/929
f 876/1064/915 874/1071/920 866/1033/891
f 859/1052/910 711/901/772 881/903/774
f 840/1044/902 853/1027/885 837/1042/900
f 843/1025/883 835/1024/882 872/1079/922
f 868/1053/911 370/455/399 862/1088/930
f 859/1057/910 372/462/406 714/458/402
f 841/1065/889 875/1043/901 837/1042/900
f 841/1031/889 878/1051/909 881/903/774
f 859/1057/910 862/1088/930 839/1022/880
f 841/1031/889 850/1030/888 875/1073/901
f 851/1029/887 844/1041/899 848/1040/898
f 871/1081/923 1297/1089/931 872/1079/922
f 887/1087/929 880/1034/892 866/1033/891
f 853/1027/885 856/1084/926 847/1083/925
f 836/1067/917 882/1048/906 873/1032/890
f 870/1046/904 857/1036/894 864/1090/912
f 876/1064/915 884/1069/914 874/1071/920
f 834/1085/927 845/1068/918 880/1034/892
f 874/1071/920 842/1091/932 887/1087/929
f 861/1037/895 869/1038/896 885/1092/905
f 872/1079/922 1297/1089/931 843/1025/883
f 861/1037/895 885/1092/905 846/1058/907
f 868/1053/911 862/1088/930 859/1057/910
f 847/1083/925 868/1053/911 878/1080/909
f 855/1045/903 382/457/401 868/1053/911
f 370/455/399 839/1022/880 862/1088/930
f 846/1058/907 864/1090/912 857/1036/894
f 887/1087/929 834/1085/927 880/1034/892
f 863/1026/884 856/1084/926 853/1027/885
f 843/1025/883 861/1037/895 857/1036/894
f 950/1093/933 890/1094/934 889/1095/935
f 893/1096/936 894/1097/937 895/1098/938
f 888/1099/939 894/1097/937 893/1096/936
f 895/1098/938 896/1100/940 890/1094/934
f 895/1101/938 1685/1102/941 896/1103/940
f 889/1104/935 890/1105/934 896/1103/940
f 895/1101/938 894/1106/937 1685/1102/941
f 890/1094/934 892/1107/942 893/1096/936
f 888/1099/939 893/1096/936 891/1108/943
f 895/1098/938 890/1094/934 893/1096/936
f 892/1107/942 891/1108/943 893/1096/936
f 899/1109/944 947/1110/945 900/1111/946
f 805/997/858 908/996/857 909/1112/947
f 947/1110/945 904/1113/948 900/1111/946
f 800/989/850 793/984/845 898/993/854
f 901/1114/949 904/1115/948 902/1116/950
f 911/1117/951 914/1118/952 907/1119/953
f 897/1120/954 904/1113/948 914/1121/952
f 897/1120/954 899/1109/944 904/1113/948
f 905/1122/955 901/1114/949 915/1123/956
f 905/1124/955 914/1121/952 904/1113/948
f 907/1119/953 910/1125/957 911/1117/951
f 904/1115/948 901/1114/949 905/1122/955
f 900/1111/946 904/1113/948 899/1109/944
f 898/993/854 907/1119/953 915/1123/956
f 909/1112/947 906/1126/958 911/1117/951
f 909/1112/947 911/1117/951 910/1125/957
f 907/1119/953 914/1118/952 915/1123/956
f 904/1113/948 947/1110/945 902/1127/950
f 898/993/854 793/984/845 910/1125/957
f 915/1123/956 914/1118/952 905/1122/955
f 906/1126/958 916/1128/959 914/1118/952
f 914/1118/952 911/1117/951 906/1126/958
f 975/1129/960 915/1123/956 901/1114/949
f 909/1112/947 916/1128/959 906/1126/958
f 899/1109/944 897/1120/954 913/1130/961
f 908/996/857 916/1128/959 909/1112/947
f 903/1131/962 916/1128/959 1518/1132/963
f 897/1120/954 914/1121/952 903/1133/962
f 914/1118/952 916/1128/959 903/1131/962
f 907/1119/953 898/993/854 910/1125/957
f 910/1125/957 793/984/845 805/997/858
f 805/997/858 909/1112/947 910/1125/957
f 553/681/579 917/693/588 540/695/590
f 918/1134/964 917/693/588 553/681/579
f 559/680/578 556/712/599 553/681/579
f 556/712/599 570/1135/607 918/1134/964
f 917/693/588 918/1134/964 570/1135/607
f 553/681/579 556/712/599 918/1134/964
f 920/1136/965 552/696/591 922/1137/966
f 922/1137/966 552/696/591 921/697/592
f 917/693/588 922/1137/966 921/697/592
f 919/1138/608 922/1137/966 917/693/588
f 919/1138/608 917/693/588 570/1135/607
f 930/1139/967 926/625/535 505/627/537
f 923/835/714 505/627/537 634/796/675
f 505/627/537 923/835/714 931/1140/968
f 925/1141/969 919/725/608 569/726/609
f 931/1140/968 938/1142/970 932/1143/971
f 569/1144/609 935/1145/605 939/1146/972
f 926/1147/535 930/1148/967 941/1149/973
f 935/1150/605 941/1151/973 929/1152/974
f 569/726/609 919/725/608 568/717/603
f 941/1149/973 924/1153/975 929/1154/974
f 941/1155/973 935/722/605 926/625/535
f 969/1156/976 938/1142/970 942/1157/977
f 923/835/714 638/795/674 927/1158/978
f 931/1140/968 923/835/714 927/1158/978
f 931/1140/968 942/1157/977 938/1142/970
f 931/1140/968 930/1139/967 505/627/537
f 934/1159/979 933/1160/980 569/1161/609
f 932/1143/971 980/1162/981 933/1163/980
f 937/1164/982 930/1139/967 931/1140/968
f 927/1158/978 942/1157/977 931/1140/968
f 634/796/675 505/627/537 503/650/558
f 980/1162/981 936/1165/983 928/1166/984
f 929/1152/974 939/1167/972 935/1150/605
f 980/1162/981 928/1166/984 925/1141/969
f 940/1168/985 934/1169/979 929/1170/974
f 925/1141/969 928/1166/984 919/725/608
f 933/1171/980 937/1172/982 931/1173/968
f 937/1164/982 940/1168/985 929/1170/974
f 925/1141/969 569/726/609 933/1163/980
f 937/1164/982 924/1174/975 930/1139/967
f 924/1153/975 941/1149/973 930/1148/967
f 925/1141/969 933/1163/980 980/1162/981
f 937/1164/982 929/1170/974 924/1174/975
f 940/1168/985 937/1164/982 933/1163/980
f 569/1175/609 939/1167/972 934/1176/979
f 929/1152/974 934/1176/979 939/1167/972
f 931/1140/968 932/1143/971 933/1163/980
f 934/1159/979 940/1177/985 933/1160/980
f 953/1178/986 967/1179/987 954/1180/988
f 891/1108/943 947/1110/945 899/1109/944
f 947/1110/945 949/1181/989 902/1127/950
f 891/1108/943 948/1182/990 947/1110/945
f 948/1182/990 949/1181/989 947/1110/945
f 943/1183/991 944/1184/992 890/1094/934
f 944/1184/992 951/1185/993 890/1094/934
f 943/1186/991 890/1187/934 950/1188/933
f 946/1189/994 943/1186/991 950/1188/933
f 977/1190/995 953/1178/986 951/1185/993
f 892/1107/942 949/1181/989 948/1182/990
f 951/1185/993 953/1178/986 949/1181/989
f 890/1094/934 951/1185/993 892/1107/942
f 949/1181/989 953/1178/986 954/1180/988
f 954/1180/988 902/1127/950 949/1181/989
f 901/1114/949 954/1191/988 971/1192/996
f 954/1191/988 967/1193/987 971/1192/996
f 892/1107/942 948/1182/990 891/1108/943
f 951/1185/993 944/1184/992 952/1194/997
f 944/1184/992 943/1183/991 945/1195/998
f 951/1185/993 949/1181/989 892/1107/942
f 902/1116/950 954/1191/988 901/1114/949
f 899/1109/944 913/1130/961 891/1108/943
f 943/1183/991 946/1196/994 945/1195/998
f 958/1197/999 957/1198/1000 955/1199/1001
f 961/1200/1002 970/1201/1003 962/1202/1004
f 963/1203/1005 968/1204/1006 960/1205/1007
f 963/1203/1005 955/1199/1001 957/1198/1000
f 651/846/725 807/861/740 898/993/854
f 962/1202/1004 970/1201/1003 967/1193/987
f 966/1206/1008 956/1207/1009 964/1208/1010
f 651/846/725 912/1209/1011 956/1207/1009
f 960/1205/1007 959/1210/1012 652/826/705
f 968/1204/1006 959/1210/1012 960/1205/1007
f 967/1193/987 970/1201/1003 973/1211/1013
f 973/1211/1013 971/1192/996 967/1193/987
f 965/1212/1014 959/1210/1012 968/1204/1006
f 976/1213/1015 970/1201/1003 958/1197/999
f 968/1204/1006 963/1203/1005 965/1212/1014
f 970/1201/1003 976/1213/1015 972/1214/1016
f 956/1207/1009 912/1209/1011 974/1215/1017
f 971/1192/996 974/1215/1017 901/1114/949
f 652/826/705 959/1210/1012 649/816/695
f 963/1203/1005 960/1205/1007 966/1206/1008
f 898/993/854 915/1123/956 912/1209/1011
f 962/1202/1004 981/1216/1018 961/1200/1002
f 955/1199/1001 963/1203/1005 964/1208/1010
f 964/1208/1010 958/1197/999 955/1199/1001
f 956/1207/1009 966/1206/1008 636/828/707
f 912/1209/1011 651/846/725 898/993/854
f 964/1208/1010 976/1213/1015 958/1197/999
f 965/1212/1014 963/1203/1005 969/1156/976
f 971/1192/996 972/1214/1016 974/1215/1017
f 972/1214/1016 956/1207/1009 974/1215/1017
f 912/1209/1011 975/1129/960 974/1215/1017
f 956/1207/1009 636/828/707 651/846/725
f 961/1200/1002 981/1216/1018 969/1156/976
f 975/1129/960 901/1114/949 974/1215/1017
f 942/1157/977 927/1158/978 969/1156/976
f 964/1208/1010 956/1207/1009 976/1213/1015
f 638/795/674 649/816/695 927/1158/978
f 975/1129/960 912/1209/1011 915/1123/956
f 956/1207/1009 972/1214/1016 976/1213/1015
f 971/1192/996 973/1211/1013 972/1214/1016
f 963/1203/1005 957/1198/1000 969/1156/976
f 972/1214/1016 973/1211/1013 970/1201/1003
f 981/1216/1018 938/1142/970 969/1156/976
f 958/1197/999 961/1200/1002 957/1198/1000
f 957/1198/1000 961/1200/1002 969/1156/976
f 966/1206/1008 964/1208/1010 963/1203/1005
f 960/1205/1007 652/826/705 966/1206/1008
f 652/826/705 636/828/707 966/1206/1008
f 958/1197/999 970/1201/1003 961/1200/1002
f 969/1156/976 927/1158/978 965/1212/1014
f 927/1158/978 959/1210/1012 965/1212/1014
f 927/1158/978 649/816/695 959/1210/1012
f 982/1217/1019 978/1218/1020 989/1219/1021
f 978/1218/1020 979/1220/1022 989/1219/1021
f 938/1142/970 981/1216/1018 980/1162/981
f 936/1221/983 981/1222/1018 982/1217/1019
f 977/1190/995 952/1194/997 978/1218/1020
f 983/1223/1023 978/1218/1020 952/1194/997
f 953/1178/986 977/1190/995 982/1217/1019
f 936/1165/983 980/1162/981 981/1216/1018
f 962/1202/1004 967/1193/987 953/1224/986
f 980/1162/981 932/1143/971 938/1142/970
f 952/1194/997 945/1195/998 983/1223/1023
f 962/1225/1004 953/1178/986 981/1222/1018
f 936/1221/983 982/1217/1019 989/1219/1021
f 953/1178/986 982/1217/1019 981/1222/1018
f 977/1190/995 951/1185/993 952/1194/997
f 978/1218/1020 982/1217/1019 977/1190/995
f 946/1189/994 950/1188/933 984/1226/1024
f 984/1226/1024 987/1227/1025 946/1189/994
f 945/1195/998 952/1194/997 944/1184/992
f 987/1228/1025 945/1195/998 946/1196/994
f 986/1229/1026 543/684/582 945/1195/998
f 987/1227/1025 985/1230/1027 986/1231/1026
f 986/1229/1026 546/685/583 543/684/582
f 1481/1232/1028 554/678/576 985/1233/1027
f 978/1218/1020 983/1223/1023 552/696/591
f 985/1230/1027 987/1227/1025 984/1226/1024
f 945/1195/998 987/1228/1025 986/1229/1026
f 554/699/576 986/1231/1026 985/1230/1027
f 1481/1232/1028 985/1233/1027 984/1234/1024
f 543/684/582 552/696/591 983/1223/1023
f 986/1231/1026 554/699/576 546/698/583
f 979/1220/1022 978/1218/1020 552/696/591
f 983/1223/1023 945/1195/998 543/684/582
f 989/1219/1021 979/1220/1022 552/696/591
f 920/1136/965 922/1137/966 988/1235/1029
f 989/1219/1021 552/696/591 920/1136/965
f 988/1235/1029 989/1219/1021 920/1136/965
f 922/1137/966 928/1236/984 988/1235/1029
f 936/1165/983 988/1237/1029 928/1166/984
f 919/1138/608 928/1236/984 922/1137/966
f 989/1219/1021 988/1235/1029 936/1221/983
f 1099/925/793 991/1238/1030 1078/1239/1031
f 1026/1240/1032 1017/1241/1033 1021/1242/1034
f 999/1243/1035 1022/1244/1036 1017/1241/1033
f 1025/1245/1037 1023/1246/1038 1015/1247/1039
f 1023/1246/1038 1022/1244/1036 999/1243/1035
f 1023/1246/1038 1029/1248/1040 1022/1244/1036
f 1022/1244/1036 1271/1249/1041 1017/1241/1033
f 1038/1250/1042 1043/1251/1043 1044/1252/1044
f 995/1253/1045 1006/1254/1046 1005/1255/1047
f 1038/1250/1042 1044/1252/1044 1184/1256/1048
f 1018/1257/1049 1056/1258/1050 1024/1259/1051
f 1233/1260/1052 1030/1261/1053 1052/1262/1054
f 990/1263/1055 1005/1255/1047 1007/1264/1056
f 1062/1265/1057 1128/1266/1058 1086/1267/1059
f 214/272/238 1184/1256/1048 1034/1268/1060
f 1032/1269/1061 1047/1270/1062 1043/1251/1043
f 1264/1271/1063 1032/1269/1061 1031/1272/1064
f 1044/1252/1044 1037/1273/1065 1035/1274/1066
f 1066/1275/1067 1053/1276/1068 997/1277/1069
f 1002/1278/1070 993/1279/1071 992/1280/1072
f 610/780/659 1086/1267/1059 608/781/660
f 1180/1281/1073 1194/1282/1074 1223/1283/1075
f 713/885/759 725/893/767 1076/1284/1076
f 1017/1241/1033 1026/1240/1032 1016/1285/1077
f 1223/1283/1075 1089/1286/1078 1079/1287/1079
f 1079/1287/1079 1115/231/206 1090/229/204
f 1079/1287/1079 1090/229/204 1197/1288/1080
f 1055/1289/1081 1093/1290/1082 1081/1291/1083
f 1055/1289/1081 1081/1291/1083 1164/1292/1084
f 1079/1287/1079 1197/1288/1080 1223/1283/1075
f 1079/1287/1079 1087/1293/1085 1115/231/206
f 1013/1294/1086 1106/1295/1087 1113/1296/1088
f 1078/1239/1031 1036/1297/1089 1077/1298/1090
f 1004/1299/1091 1006/1254/1046 1014/1300/1092
f 1205/1301/1093 1097/1302/1094 1165/1303/1095
f 612/767/646 1062/1265/1057 610/780/659
f 1030/1261/1053 1061/1304/1096 1098/1305/1097
f 1124/1306/1098 1118/1307/1099 1098/1305/1097
f 1110/1308/1100 1203/1309/1101 991/1238/1030
f 1079/1287/1079 1080/1310/1102 1087/1293/1085
f 1018/1257/1049 1024/1259/1051 1005/1255/1047
f 1071/1311/1103 1066/1312/1067 997/1313/1069
f 1216/1314/1104 1027/1315/1105 1010/1316/1106
f 1123/1317/1107 1053/1318/1068 1066/1319/1067
f 1062/1265/1057 612/767/646 1151/1320/1108
f 1018/1257/1049 1011/1321/1109 1056/1258/1050
f 273/345/308 269/343/306 1052/1262/1054
f 1119/1322/1110 1100/1323/1111 1131/1324/1112
f 1212/1325/1113 1191/1326/1114 1125/1327/1115
f 1071/1328/1103 1108/1329/1116 1066/1330/1067
f 1071/1328/1103 997/1331/1069 1061/1304/1096
f 1100/1323/1111 1119/1322/1110 996/1332/1117
f 1013/1294/1086 1098/1305/1097 997/1331/1069
f 1007/1264/1056 1005/1255/1047 1006/1254/1046
f 1052/1262/1054 269/343/306 1159/1333/1118
f 1000/1334/1119 1056/1258/1050 1008/1335/1120
f 1061/1336/1096 1030/1337/1053 1040/1338/1121
f 1000/1334/1119 1008/1335/1120 1041/1339/1122
f 1124/1306/1098 1113/1296/1088 996/1332/1117
f 1014/1300/1092 1072/1340/1123 1013/1294/1086
f 1018/1341/1049 990/1342/1055 1011/1343/1109
f 1004/1299/1091 1014/1300/1092 1013/1294/1086
f 1059/1344/1124 995/1253/1045 1003/1345/1125
f 1216/1314/1104 1003/1345/1125 1027/1315/1105
f 1145/1346/1126 1274/1347/1127 1146/1348/1128
f 1008/1335/1120 1056/1258/1050 1126/1349/1129
f 995/1253/1045 1005/1255/1047 1003/1345/1125
f 992/1280/1072 1056/1258/1050 1011/1321/1109
f 1098/1305/1097 1113/1296/1088 1124/1306/1098
f 1119/1322/1110 1131/1324/1112 1120/1350/1130
f 1202/1351/1131 1140/1352/1132 1148/1353/1133
f 1067/1354/1134 1108/1329/1116 993/1279/1071
f 1065/1355/1135 1039/1356/1136 995/1253/1045
f 1027/1315/1105 1000/1334/1119 1010/1316/1106
f 1024/1259/1051 1003/1345/1125 1005/1255/1047
f 1119/1322/1110 1118/1307/1099 1124/1306/1098
f 1056/1258/1050 1028/1357/1137 1063/1358/1138
f 1061/1336/1096 1046/1359/1139 1071/1360/1103
f 997/1331/1069 1007/1264/1056 1004/1299/1091
f 1000/1334/1119 1024/1259/1051 1056/1258/1050
f 1030/1361/1053 1048/1362/1140 1033/1363/1141
f 1020/1364/1142 1117/1365/1143 1203/1309/1101
f 1002/1366/1070 1011/1343/1109 1001/1367/1144
f 738/933/800 1218/1368/1145 699/934/398
f 1044/1252/1044 1043/1251/1043 1037/1273/1065
f 1074/1369/1146 1073/1370/1147 1174/1371/1148
f 1085/247/220 1115/231/206 1087/1293/1085
f 410/504/441 412/520/448 1179/1372/1149
f 1177/1373/1150 410/1374/441 1179/1375/1149
f 1084/1376/1151 1095/1377/1152 1182/1378/1153
f 1177/1379/1150 1121/1380/442 410/1381/441
f 585/749/628 591/748/627 1181/1382/1154
f 1172/1383/1155 1051/1384/1156 1082/1385/1157
f 1143/1386/1158 1100/1323/1111 1111/1387/1159
f 1013/1294/1086 1113/1296/1088 1098/1305/1097
f 1120/1350/1130 1118/1307/1099 1119/1322/1110
f 1052/1262/1054 1030/1261/1053 1098/1305/1097
f 1183/1388/1160 1105/1389/1161 1187/1390/1162
f 1098/1305/1097 1118/1307/1099 1052/1262/1054
f 1111/1387/1159 1106/1295/1087 1072/1340/1123
f 1131/1324/1112 1054/1391/1163 1141/1392/1164
f 1106/1295/1087 1111/1387/1159 1100/1323/1111
f 1210/1393/1165 1151/1320/1108 612/767/646
f 1156/1394/1166 1161/1395/1167 1094/1396/1168
f 996/1332/1117 1106/1295/1087 1100/1323/1111
f 276/344/307 268/273/239 1034/1268/1060
f 1128/1266/1058 1176/1397/1169 1248/1398/1170
f 276/344/307 1034/1268/1060 1035/1274/1066
f 1282/1399/1171 1172/1383/1155 1008/1400/1120
f 1118/1307/1099 1120/1350/1130 273/345/308
f 1061/1304/1096 997/1331/1069 1098/1305/1097
f 1226/1401/1172 1058/1402/1173 1012/1403/1174
f 1112/1404/1175 1176/1397/1169 1193/1405/1176
f 1118/1307/1099 273/345/308 1052/1262/1054
f 1095/1377/1152 1186/1406/1177 1190/1407/1178
f 1195/1408/1179 1160/1409/1180 1093/1290/1082
f 1200/1410/1181 1202/1411/1131 1199/1412/1182
f 1178/1413/1183 1170/1414/1184 1172/1383/1155
f 273/345/308 1120/1350/1130 1142/336/299
f 1131/1324/1112 1142/336/299 1120/1350/1130
f 1048/1415/1140 1221/1416/1185 1033/1417/1141
f 1124/1306/1098 996/1332/1117 1119/1322/1110
f 1034/1268/1060 1044/1252/1044 1035/1274/1066
f 1080/1310/1102 1082/1385/1157 1088/1418/1186
f 1109/1419/1187 1103/1420/1188 1206/1421/1189
f 1114/446/393 700/880/755 1138/1422/1190
f 1165/1303/1095 1081/1291/1083 1205/1301/1093
f 1045/1423/1191 1042/1424/1192 1221/1416/1185
f 1174/1425/1148 1186/1406/1177 1166/1426/1193
f 1200/1410/1181 1199/1412/1182 589/753/632
f 1103/1427/1188 1138/1422/1190 700/880/755
f 1156/1394/1166 1062/1265/1057 1151/1320/1108
f 1057/1428/1194 1043/1251/1043 1047/1270/1062
f 1112/1404/1175 1228/1429/1195 1227/1430/1196
f 1116/1431/1197 1141/1392/1164 1054/1391/1163
f 1199/1412/1182 1152/1432/1198 1181/1382/1154
f 1103/1427/1188 700/880/755 1206/1433/1189
f 1192/1434/1199 1091/1435/1200 1191/1326/1114
f 1036/1297/1089 1084/1376/1151 1187/1390/1162
f 1164/1292/1084 1165/1303/1095 1170/1414/1184
f 1265/9/9 1204/1436/1201 11/14/14
f 1181/1382/1154 591/748/627 583/751/630
f 1095/1377/1152 994/1437/1202 1186/1406/1177
f 1181/1382/1154 583/751/630 589/753/632
f 1184/1256/1048 214/272/238 1204/1436/1201
f 1169/1438/1203 1088/1418/1186 1083/1439/1204
f 214/272/238 11/14/14 1204/1436/1201
f 589/753/632 1199/1412/1182 1181/1382/1154
f 1084/1376/1151 1117/1365/1143 1050/1440/1205
f 1223/1283/1075 1194/1282/1074 1089/1286/1078
f 1068/1441/1206 1213/1442/1207 1215/1443/1208
f 1215/1443/1208 1213/1442/1207 1214/1444/1209
f 1171/1445/1210 1240/1446/1211 1213/1442/1207
f 1059/1344/1124 1003/1345/1125 1216/1314/1104
f 1214/1444/1209 1195/1408/1179 1215/1443/1208
f 1156/1394/1166 1151/1320/1108 1232/1447/1212
f 1092/1448/1213 1214/1444/1209 1213/1442/1207
f 1054/1391/1163 1143/1386/1158 1109/1419/1187
f 1234/911/780 713/885/759 1130/1449/1214
f 1139/1450/1215 1225/1451/1216 1247/1452/1217
f 1076/1284/1076 998/1453/1218 713/885/759
f 1092/1448/1213 1213/1442/1207 1102/1454/1219
f 1165/1303/1095 1097/1302/1094 1170/1414/1184
f 1213/1442/1207 1068/1441/1206 1171/1445/1210
f 1156/1394/1166 1112/1404/1175 1188/1455/1220
f 1037/1273/1065 1129/1456/1221 1035/1274/1066
f 1238/1457/1222 1152/1432/1198 1199/1412/1182
f 1197/1288/1080 1208/1458/1223 1223/1283/1075
f 1053/1459/1068 1123/1460/1107 1001/1367/1144
f 1235/1461/1224 1248/1398/1170 1176/1397/1169
f 1224/1462/1225 1058/1402/1173 1152/1432/1198
f 1259/1463/1226 1132/1464/1227 1150/1465/447
f 1191/1326/1114 1196/1466/1228 1219/1467/1229
f 1224/1462/1225 1171/1445/1210 1012/1403/1174
f 1078/1239/1031 1117/1365/1143 1084/1376/1151
f 1036/1297/1089 1078/1239/1031 1084/1376/1151
f 1158/1468/1230 1153/1469/1231 1154/225/200
f 1153/1469/1231 1209/1470/1232 1208/1458/1223
f 1144/1471/1233 1195/1408/1179 1168/1472/1234
f 1144/1471/1233 1168/1472/1234 1231/1473/1235
f 1215/1443/1208 1144/1471/1233 1094/1396/1168
f 1076/1284/1076 1183/1388/1160 998/1453/1218
f 1208/1458/1223 1197/1288/1080 1198/230/205
f 190/219/196 1208/1458/1223 1198/230/205
f 1209/1470/1232 1153/1469/1231 1228/1429/1195
f 1230/1474/1236 1144/1471/1233 1231/1473/1235
f 190/219/196 1153/1469/1231 1208/1458/1223
f 1055/1289/1081 1168/1472/1234 1093/1290/1082
f 1153/1469/1231 190/219/196 1154/225/200
f 1189/1475/1237 1059/1476/1124 1070/1477/1238
f 1227/1430/1196 1228/1429/1195 1153/1469/1231
f 1072/1340/1123 1106/1295/1087 1013/1294/1086
f 788/974/835 594/750/629 585/749/628
f 1106/1295/1087 996/1332/1117 1113/1296/1088
f 1131/1324/1112 1100/1323/1111 1054/1391/1163
f 1012/1403/1174 788/974/835 1226/1401/1172
f 998/1453/1218 1130/1449/1214 713/885/759
f 1012/1403/1174 1232/1447/1212 788/974/835
f 1224/1462/1225 1012/1403/1174 1058/1402/1173
f 611/777/656 1210/1393/1165 612/767/646
f 788/974/835 1232/1447/1212 599/776/655
f 1224/1462/1225 1240/1446/1211 1171/1445/1210
f 585/749/628 1058/1402/1173 788/974/835
f 1228/1429/1195 1112/1404/1175 1230/1474/1236
f 1112/1404/1175 1094/1396/1168 1144/1471/1233
f 1137/1478/1239 998/1453/1218 1060/1479/1240
f 1215/1443/1208 1195/1408/1179 1144/1471/1233
f 1228/1429/1195 1230/1474/1236 1209/1470/1232
f 1094/1396/1168 1161/1395/1167 1215/1443/1208
f 1143/1386/1158 1054/1391/1163 1100/1323/1111
f 1107/1480/1241 1147/1481/1242 1125/1327/1115
f 1060/1482/1240 1091/1435/1200 1173/1483/1243
f 585/749/628 1152/1432/1198 1058/1402/1173
f 1189/1475/1237 1074/1484/1146 1166/1426/1193
f 1166/1426/1193 1074/1484/1146 1174/1425/1148
f 1190/1485/1178 1157/1486/1244 1219/1467/1229
f 1190/1487/1178 1219/1488/1229 1196/1489/1228
f 1058/1402/1173 1226/1401/1172 788/974/835
f 1060/1482/1240 1190/1485/1178 1091/1435/1200
f 1174/1425/1148 1157/1490/1244 1186/1406/1177
f 1093/1290/1082 1160/1409/1180 1081/1291/1083
f 1186/1406/1177 1157/1490/1244 1190/1407/1178
f 1196/1489/1228 1091/1491/1200 1190/1487/1178
f 1067/1492/1134 1136/1493/1245 1066/1494/1067
f 1123/1495/1107 1066/1496/1067 1136/1497/1245
f 990/1342/1055 1007/1498/1056 1001/1367/1144
f 993/1279/1071 1108/1329/1116 1280/1499/1246
f 1192/1434/1199 1175/1500/1247 1091/1435/1200
f 1230/1474/1236 1231/1473/1235 1209/1470/1232
f 1050/1440/1205 1095/1377/1152 1084/1376/1151
f 1247/1452/1217 1244/1501/1248 1211/1502/1249
f 1162/1503/1250 1136/1504/1245 1002/1505/1070
f 1059/1344/1124 1216/1314/1104 1070/1506/1238
f 1203/1507/1101 1111/1387/1159 1127/1508/1251
f 1065/1509/1135 1059/1476/1124 1189/1475/1237
f 1194/1282/1074 1064/1510/1252 1089/1286/1078
f 1180/1281/1073 1223/1283/1075 1209/1470/1232
f 1050/1440/1205 1189/1475/1237 994/1437/1202
f 991/1238/1030 1117/1365/1143 1078/1239/1031
f 611/777/656 1232/1447/1212 1210/1393/1165
f 1085/247/220 1087/1293/1085 1169/1438/1203
f 278/877/752 1167/1511/1253 1141/1392/1164
f 1141/1392/1164 1167/1511/1253 1131/1324/1112
f 1161/1395/1167 1156/1394/1166 1232/1447/1212
f 278/877/752 1141/1392/1164 1116/1431/1197
f 1271/1249/1041 1283/1512/1254 1063/1358/1138
f 1156/1394/1166 1094/1396/1168 1112/1404/1175
f 1149/1513/1255 1145/1514/1126 1146/1515/1128
f 1076/1284/1076 1105/1389/1161 1183/1388/1160
f 1233/1260/1052 1048/1415/1140 1030/1261/1053
f 698/937/803 697/878/753 1116/1431/1197
f 1116/1516/1197 742/940/801 740/942/804
f 698/937/803 1116/1431/1197 740/938/804
f 697/878/753 278/877/752 1116/1431/1197
f 1193/1405/1176 1188/1455/1220 1112/1404/1175
f 1198/230/205 1197/1288/1080 1090/229/204
f 1110/1517/1100 1109/1419/1187 1143/1386/1158
f 1091/1435/1200 1175/1500/1247 1173/1483/1243
f 1138/1422/1190 1075/1518/1256 1114/446/393
f 1116/1431/1197 1054/1391/1163 742/935/801
f 1218/1368/1145 700/1519/755 699/934/398
f 1043/1251/1043 1057/1428/1194 1037/1273/1065
f 1062/1265/1057 1086/1267/1059 610/780/659
f 1203/1507/1101 1185/1520/1257 1020/1521/1142
f 1166/1426/1193 994/1437/1202 1189/1475/1237
f 1155/1522/1258 1096/1523/1259 1201/1524/1260
f 1185/1520/1257 1127/1508/1251 1039/1356/1136
f 1019/1525/1261 1021/1242/1034 1049/1526/1262
f 174/248/221 1085/247/220 1169/1438/1203
f 1212/1325/1113 1125/1327/1115 1147/1481/1242
f 994/1437/1202 1095/1377/1152 1050/1440/1205
f 1235/1461/1224 1158/1468/1230 1248/1398/1170
f 1101/1527/1263 167/259/229 174/248/221
f 1102/1454/1219 1243/1528/1264 1175/1500/1247
f 1097/1302/1094 1205/1301/1093 1207/1529/1265
f 1140/1352/1132 1200/1530/1181 1234/911/780
f 1163/471/413 1114/446/393 1075/1518/1256
f 1233/1531/1052 1129/1532/1221 1048/1533/1140
f 1236/1534/1266 1239/1535/1267 1224/1462/1225
f 1040/1536/1121 1033/1537/1141 1042/1538/1192
f 1074/1484/1146 1189/1475/1237 1070/1477/1238
f 1140/1352/1132 1202/1351/1131 1200/1530/1181
f 1230/1474/1236 1112/1404/1175 1144/1471/1233
f 1129/1456/1221 276/344/307 1035/1274/1066
f 612/767/646 602/769/648 611/777/656
f 1196/1466/1228 1191/1326/1114 1091/1435/1200
f 1189/1475/1237 1050/1440/1205 1020/1364/1142
f 1145/1346/1126 1149/1539/1255 1069/1540/1268
f 1161/1395/1167 1171/1445/1210 1068/1441/1206
f 1072/1340/1123 1127/1508/1251 1111/1387/1159
f 1039/1356/1136 1065/1355/1135 1185/1520/1257
f 1131/1324/1112 1167/1511/1253 1142/336/299
f 1039/1356/1136 1127/1508/1251 1072/1340/1123
f 1185/1541/1257 1065/1509/1135 1020/1364/1142
f 1050/1440/1205 1117/1365/1143 1020/1364/1142
f 1069/1540/1268 1149/1539/1255 1028/1357/1137
f 1148/1542/1133 1243/1528/1264 1239/1535/1267
f 1236/1534/1266 1238/1457/1222 1237/1543/1269
f 272/1544/305 1159/1545/1118 269/1546/306
f 1239/1535/1267 1236/1534/1266 1148/1542/1133
f 1136/1547/1245 1162/1548/1250 1123/1460/1107
f 1239/1535/1267 1243/1528/1264 1224/1462/1225
f 1199/1412/1182 1237/1543/1269 1238/1457/1222
f 991/1238/1030 1075/1518/1256 1138/1422/1190
f 1060/1479/1240 1095/1377/1152 1190/1407/1178
f 1243/1528/1264 1240/1446/1211 1224/1462/1225
f 1224/1462/1225 1152/1432/1198 1238/1457/1222
f 276/344/307 1129/1456/1221 1159/1333/1118
f 1048/1533/1140 1037/1549/1065 1221/1550/1185
f 1134/1551/1270 1207/1529/1265 1147/1481/1242
f 272/342/305 276/344/307 1159/1333/1118
f 1159/1333/1118 1129/1456/1221 1052/1262/1054
f 1186/1406/1177 994/1437/1202 1166/1426/1193
f 1176/1397/1169 1112/1404/1175 1227/1430/1196
f 1238/1457/1222 1236/1534/1266 1224/1462/1225
f 1210/1393/1165 1232/1447/1212 1151/1320/1108
f 700/1519/755 1218/1368/1145 1206/1421/1189
f 1053/1552/1068 1001/1553/1144 1007/1554/1056
f 1046/1359/1139 1061/1336/1096 1040/1338/1121
f 1202/1411/1131 1237/1543/1269 1199/1412/1182
f 1073/1370/1147 1157/1486/1244 1174/1371/1148
f 1088/1418/1186 1051/1384/1156 1083/1439/1204
f 1236/1534/1266 1202/1411/1131 1148/1542/1133
f 1104/1555/1271 1243/1528/1264 1148/1542/1133
f 1175/1500/1247 1104/1555/1271 1173/1483/1243
f 1140/1352/1132 1234/911/780 1130/1449/1214
f 774/966/827 1128/1266/1058 1222/1556/1272
f 1137/1478/1239 1173/1557/1243 1148/1353/1133
f 1104/1555/1271 1175/1500/1247 1243/1528/1264
f 1251/1558/1273 1247/1559/1217 1211/1560/1249
f 1102/1454/1219 1240/1446/1211 1243/1528/1264
f 1170/1414/1184 1178/1413/1183 1164/1292/1084
f 1241/1561/1274 1242/1562/1275 1211/1560/1249
f 1240/1446/1211 1102/1454/1219 1213/1442/1207
f 1250/1563/1276 1247/1452/1217 1251/1564/1273
f 1261/1565/1277 1257/1566/1278 1225/1451/1216
f 1200/1410/1181 589/753/632 593/759/638
f 1140/1352/1132 1137/1478/1239 1148/1353/1133
f 1137/1478/1239 1060/1479/1240 1173/1557/1243
f 1076/1284/1076 725/893/767 1229/921/789
f 1097/1302/1094 1134/1551/1270 1008/1400/1120
f 1202/1411/1131 1236/1534/1266 1237/1543/1269
f 593/930/638 735/924/792 1234/911/780
f 1262/1567/1279 403/494/433 402/498/435
f 1097/1302/1094 1207/1529/1265 1134/1551/1270
f 1134/1551/1270 1010/1568/1106 1008/1400/1120
f 1244/1501/1248 1241/1569/1274 1211/1502/1249
f 1010/1568/1106 1041/1570/1122 1008/1400/1120
f 1158/1468/1230 1227/1430/1196 1153/1469/1231
f 1088/1418/1186 1082/1385/1157 1051/1384/1156
f 1142/336/299 1167/1511/1253 277/341/304
f 1259/1463/1226 1260/1571/1280 1132/1464/1227
f 1032/1269/1061 1043/1251/1043 1038/1250/1042
f 1262/1567/1279 1258/1572/1281 403/494/433
f 1083/1573/1204 1029/1248/1040 1254/1574/1282
f 1111/1387/1159 1203/1507/1101 1110/1517/1100
f 1074/1369/1146 1070/1575/1238 1073/1370/1147
f 1242/1576/1275 1132/1577/1227 1255/1578/1283
f 1264/1579/1063 1246/1580/1284 1267/1581/1285
f 1259/1582/1226 492/492/431 403/494/433
f 1256/1583/1286 1132/1584/1227 1241/1561/1274
f 1255/1578/1283 1132/1577/1227 1260/1585/1280
f 1065/1509/1135 1189/1475/1237 1020/1364/1142
f 1253/1586/1287 1246/1587/1284 1269/1588/1288
f 1025/1245/1037 1015/1247/1039 1258/1572/1281
f 1261/1565/1277 1250/1563/1276 1269/1588/1288
f 1266/1589/1289 1250/1563/1276 1251/1564/1273
f 1258/1572/1281 1262/1567/1279 1025/1245/1037
f 1258/1572/1281 1015/1247/1039 1260/1585/1280
f 1252/1590/1290 1225/1451/1216 1217/1591/1291
f 1269/1588/1288 1257/1566/1278 1261/1565/1277
f 1087/1293/1085 1088/1418/1186 1169/1438/1203
f 1252/1590/1290 1217/1591/1291 9/7/7
f 1263/1592/1292 1251/1564/1273 1242/1576/1275
f 1083/1439/1204 1101/1527/1263 1169/1438/1203
f 1241/1569/1274 412/520/448 1150/519/447
f 1258/1572/1281 1260/1585/1280 403/494/433
f 1263/1592/1292 1255/1578/1283 1260/1585/1280
f 167/497/229 1101/1593/1263 401/495/434
f 1029/1248/1040 1023/1246/1038 1025/1245/1037
f 403/494/433 1260/1585/1280 1259/1582/1226
f 1204/1436/1201 1031/1272/1064 1184/1256/1048
f 1253/1586/1287 1269/1588/1288 1026/1240/1032
f 1254/1574/1282 404/499/436 1270/1594/1293
f 1195/1408/1179 1081/1291/1083 1160/1409/1180
f 1083/1573/1204 1254/1574/1282 1270/1594/1293
f 1165/1303/1095 1164/1292/1084 1081/1291/1083
f 1270/1594/1293 404/499/436 401/495/434
f 1025/1245/1037 404/499/436 1254/1574/1282
f 1025/1245/1037 1254/1574/1282 1029/1248/1040
f 1266/1589/1289 1269/1588/1288 1250/1563/1276
f 1170/1414/1184 1097/1302/1094 1172/1383/1155
f 1172/1383/1155 1097/1302/1094 1008/1400/1120
f 404/499/436 1025/1245/1037 1262/1567/1279
f 1241/1595/1274 1150/1596/447 1256/1597/1286
f 1125/1327/1115 1216/1598/1104 1107/1480/1241
f 1216/1598/1104 1010/1568/1106 1107/1480/1241
f 1257/1566/1278 1269/1588/1288 1246/1587/1284
f 1249/1599/1294 1217/1591/1291 1031/1272/1064
f 1101/1527/1263 174/248/221 1169/1438/1203
f 1282/1600/1171 1278/1601/1295 1051/1602/1156
f 1115/231/206 1085/247/220 191/249/222
f 1032/1269/1061 1272/1603/1296 1047/1270/1062
f 1255/1578/1283 1263/1592/1292 1242/1576/1275
f 1135/1604/1297 1009/1605/1298 1277/1606/1299
f 1099/925/793 1077/1298/1090 721/910/779
f 1281/1607/1300 1133/1608/1301 1276/1609/1302
f 1182/1378/1153 1183/1388/1160 1187/1390/1162
f 1182/1378/1153 1095/1377/1152 1183/1388/1160
f 401/495/434 1101/1593/1263 1270/1594/1293
f 1008/1335/1120 1126/1349/1129 1282/1600/1171
f 1267/1610/1285 1246/1587/1284 1253/1586/1287
f 1263/1592/1292 1266/1589/1289 1251/1564/1273
f 1038/1250/1042 1184/1256/1048 1031/1272/1064
f 1246/1587/1284 1264/1271/1063 1031/1272/1064
f 1252/1590/1290 1177/1611/1150 1244/1501/1248
f 1036/1297/1089 1105/1389/1161 1229/921/789
f 1083/1573/1204 1270/1594/1293 1101/1593/1263
f 1245/1612/1303 1278/1601/1295 1022/1244/1036
f 1132/1584/1227 1242/1562/1275 1241/1561/1274
f 1252/1590/1290 1121/505/442 1177/1611/1150
f 1249/1599/1294 1265/9/9 9/7/7
f 1264/1579/1063 1267/1581/1285 1268/1613/1304
f 1139/1614/1215 1250/1615/1276 1261/1616/1277
f 1250/1615/1276 1139/1614/1215 1247/1617/1217
f 1117/1365/1143 991/1238/1030 1203/1309/1101
f 1145/1346/1126 1277/1606/1299 1276/1609/1302
f 742/935/801 1218/1368/1145 738/933/800
f 1132/1584/1227 1256/1583/1286 1150/1618/447
f 1179/1619/1149 412/1620/448 1241/1621/1274
f 1246/1587/1284 1031/1272/1064 1217/1591/1291
f 1244/1501/1248 1177/1611/1150 1179/1372/1149
f 1031/1272/1064 1204/1436/1201 1265/9/9
f 1193/1405/1176 1128/1266/1058 1062/1265/1057
f 1089/1286/1078 1082/1385/1157 1080/1310/1102
f 1275/1622/1305 1126/1349/1129 1063/1358/1138
f 1194/1282/1074 1180/1281/1073 1178/1413/1183
f 1259/1582/1226 1150/519/447 492/492/431
f 411/518/446 492/492/431 1150/519/447
f 1103/1427/1188 1110/1308/1100 991/1238/1030
f 402/498/435 404/499/436 1262/1567/1279
f 1033/1417/1141 1221/1416/1185 1042/1424/1192
f 1057/1428/1194 1221/1416/1185 1037/1273/1065
f 1221/1416/1185 1057/1428/1194 1096/1523/1259
f 1015/1247/1039 1263/1592/1292 1260/1585/1280
f 1123/1460/1107 1162/1548/1250 1001/1367/1144
f 1045/1623/1191 1046/1359/1139 1042/1624/1192
f 1263/1592/1292 1015/1247/1039 1016/1285/1077
f 1251/1558/1273 1211/1560/1249 1242/1562/1275
f 1278/1601/1295 1282/1600/1171 1283/1512/1254
f 1278/1601/1295 1283/1512/1254 1271/1249/1041
f 1026/1240/1032 1266/1589/1289 1016/1285/1077
f 1282/1600/1171 1275/1622/1305 1283/1512/1254
f 1187/1390/1162 1084/1376/1151 1182/1378/1153
f 1278/1601/1295 1271/1249/1041 1022/1244/1036
f 1280/1499/1246 1281/1607/1300 1277/1606/1299
f 1007/1264/1056 997/1331/1069 1053/1625/1068
f 1280/1499/1246 1279/1626/1306 1273/1627/1307
f 1266/1589/1289 1026/1240/1032 1269/1588/1288
f 1001/1367/1144 1162/1548/1250 1002/1366/1070
f 1099/925/793 1078/1239/1031 1077/1298/1090
f 1274/1347/1127 1145/1346/1126 1276/1609/1302
f 1046/1359/1139 1040/1338/1121 1042/1624/1192
f 1069/1540/1268 992/1280/1072 1009/1605/1298
f 1281/1607/1300 1280/1499/1246 1273/1627/1307
f 1203/1507/1101 1127/1508/1251 1185/1520/1257
f 1063/1358/1138 1283/1512/1254 1275/1622/1305
f 1275/1622/1305 1282/1600/1171 1126/1349/1129
f 1274/1347/1127 1133/1608/1301 1268/1628/1304
f 1225/1451/1216 1257/1566/1278 1217/1591/1291
f 608/781/660 1086/1267/1059 1128/1266/1058
f 1249/1599/1294 9/7/7 1217/1591/1291
f 1279/1626/1306 1096/1523/1259 1155/1522/1258
f 1126/1349/1129 1056/1258/1050 1063/1358/1138
f 1108/1329/1116 1279/1626/1306 1280/1499/1246
f 1071/1328/1103 1046/1629/1139 1279/1626/1306
f 1110/1517/1100 1103/1420/1188 1109/1419/1187
f 1268/1628/1304 1267/1610/1285 1146/1348/1128
f 1193/1405/1176 1176/1397/1169 1128/1266/1058
f 1218/1368/1145 742/935/801 1206/1421/1189
f 1109/1419/1187 742/935/801 1054/1391/1163
f 1109/1419/1187 1206/1421/1189 742/935/801
f 1268/1628/1304 1272/1603/1296 1264/1271/1063
f 277/341/304 1167/1511/1253 278/877/752
f 995/1253/1045 1059/1344/1124 1065/1355/1135
f 1133/1608/1301 1274/1347/1127 1276/1609/1302
f 1264/1271/1063 1272/1603/1296 1032/1269/1061
f 1273/1627/1307 1201/1524/1260 1281/1607/1300
f 1135/1604/1297 1069/1540/1268 1009/1605/1298
f 1268/1628/1304 1133/1608/1301 1272/1603/1296
f 1047/1270/1062 1272/1603/1296 1133/1608/1301
f 1245/1612/1303 1029/1248/1040 1083/1573/1204
f 1279/1630/1306 1046/1359/1139 1045/1623/1191
f 1027/1315/1105 1024/1259/1051 1000/1334/1119
f 1104/1555/1271 1148/1542/1133 1173/1483/1243
f 1279/1626/1306 1045/1423/1191 1096/1523/1259
f 1155/1522/1258 1273/1627/1307 1279/1626/1306
f 1281/1607/1300 1201/1524/1260 1133/1608/1301
f 1108/1329/1116 1071/1328/1103 1279/1626/1306
f 1009/1605/1298 1280/1499/1246 1277/1606/1299
f 1057/1428/1194 1133/1608/1301 1201/1524/1260
f 1057/1428/1194 1047/1270/1062 1133/1608/1301
f 1215/1443/1208 1161/1395/1167 1068/1441/1206
f 1276/1609/1302 1277/1606/1299 1281/1607/1300
f 1273/1627/1307 1155/1522/1258 1201/1524/1260
f 1277/1606/1299 1145/1346/1126 1135/1604/1297
f 1080/1310/1102 1088/1418/1186 1087/1293/1085
f 1207/1529/1265 1205/1301/1093 1092/1448/1213
f 1225/1451/1216 1252/1590/1290 1247/1452/1217
f 1267/1610/1285 1019/1525/1261 1146/1348/1128
f 993/1631/1071 1002/1505/1070 1136/1504/1245
f 1092/1448/1213 1081/1291/1083 1214/1444/1209
f 716/916/784 702/926/794 1075/1518/1256
f 1051/1602/1156 1278/1601/1295 1245/1612/1303
f 1192/1434/1199 1212/1325/1113 1092/1448/1213
f 1092/1448/1213 1205/1301/1093 1081/1291/1083
f 1229/921/789 721/910/779 1077/1298/1090
f 1083/1573/1204 1051/1602/1156 1245/1612/1303
f 716/916/784 1075/1518/1256 1099/925/793
f 1073/1370/1147 1070/1575/1238 1216/1598/1104
f 1073/1370/1147 1216/1598/1104 1125/1327/1115
f 1107/1480/1241 1010/1568/1106 1134/1551/1270
f 368/444/392 1114/446/393 1163/471/413
f 1171/1445/1210 1161/1395/1167 1012/1403/1174
f 1225/1451/1216 1139/1450/1215 1261/1565/1277
f 1266/1589/1289 1263/1592/1292 1016/1285/1077
f 378/464/407 1163/471/413 734/923/791
f 1164/1292/1084 1180/1281/1073 1055/1289/1081
f 1164/1292/1084 1178/1413/1183 1180/1281/1073
f 1172/1383/1155 1064/1510/1252 1194/1282/1074
f 1172/1383/1155 1194/1282/1074 1178/1413/1183
f 378/464/407 383/463/404 1163/471/413
f 1016/1285/1077 999/1243/1035 1017/1241/1033
f 1080/1310/1102 1079/1287/1079 1089/1286/1078
f 1209/1470/1232 1223/1283/1075 1208/1458/1223
f 1214/1444/1209 1081/1291/1083 1195/1408/1179
f 1168/1472/1234 1209/1470/1232 1231/1473/1235
f 1188/1455/1220 1193/1405/1176 1062/1265/1057
f 1017/1241/1033 1271/1249/1041 1021/1242/1034
f 1163/471/413 1075/1518/1256 702/926/794
f 1015/1247/1039 999/1243/1035 1016/1285/1077
f 1032/1269/1061 1038/1250/1042 1031/1272/1064
f 1246/1587/1284 1217/1591/1291 1257/1566/1278
f 1253/1586/1287 1019/1525/1261 1267/1610/1285
f 268/273/239 214/272/238 1034/1268/1060
f 1253/1586/1287 1026/1240/1032 1019/1525/1261
f 995/1253/1045 1014/1300/1092 1006/1254/1046
f 1021/1242/1034 1019/1525/1261 1026/1240/1032
f 1128/1266/1058 1248/1398/1170 1222/1556/1272
f 1179/1372/1149 1241/1569/1274 1244/1501/1248
f 1006/1254/1046 1004/1299/1091 1007/1264/1056
f 1108/1632/1116 1067/1492/1134 1066/1494/1067
f 1029/1248/1040 1245/1612/1303 1022/1244/1036
f 1172/1383/1155 1282/1399/1171 1051/1384/1156
f 1121/505/442 9/7/7 407/6/6
f 1033/1633/1141 1040/1634/1121 1030/1635/1053
f 1121/505/442 1252/1590/1290 9/7/7
f 1128/1266/1058 774/966/827 608/781/660
f 1183/1388/1160 1060/1479/1240 998/1453/1218
f 1221/1416/1185 1096/1523/1259 1045/1423/1191
f 1031/1272/1064 1265/9/9 1249/1599/1294
f 1247/1452/1217 1252/1590/1290 1244/1501/1248
f 1192/1434/1199 1191/1326/1114 1212/1325/1113
f 1192/1434/1199 1092/1448/1213 1102/1454/1219
f 991/1238/1030 1138/1422/1190 1103/1427/1188
f 1099/925/793 1075/1518/1256 991/1238/1030
f 1122/965/826 1220/242/215 196/241/214
f 1125/1327/1115 1191/1326/1114 1073/1370/1147
f 1201/1524/1260 1096/1523/1259 1057/1428/1194
f 1004/1299/1091 1013/1294/1086 997/1331/1069
f 1130/1449/1214 998/1453/1218 1137/1478/1239
f 1000/1334/1119 1041/1339/1122 1010/1316/1106
f 1175/1500/1247 1192/1434/1199 1102/1454/1219
f 1093/1290/1082 1168/1472/1234 1195/1408/1179
f 1232/1447/1212 611/777/656 599/776/655
f 1219/1467/1229 1157/1486/1244 1191/1326/1114
f 1095/1377/1152 1060/1479/1240 1183/1388/1160
f 993/1279/1071 1136/1636/1245 1067/1354/1134
f 1011/1321/1109 1002/1278/1070 992/1280/1072
f 1200/1530/1181 593/930/638 1234/911/780
f 1191/1326/1114 1157/1486/1244 1073/1370/1147
f 1130/1449/1214 1137/1478/1239 1140/1352/1132
f 1092/1448/1213 1212/1325/1113 1207/1529/1265
f 1143/1386/1158 1111/1387/1159 1110/1517/1100
f 1076/1284/1076 1229/921/789 1105/1389/1161
f 1036/1297/1089 1187/1390/1162 1105/1389/1161
f 1207/1529/1265 1212/1325/1113 1147/1481/1242
f 995/1253/1045 1039/1356/1136 1014/1300/1092
f 585/749/628 1181/1382/1154 1152/1432/1198
f 1107/1480/1241 1134/1551/1270 1147/1481/1242
f 999/1637/1035 1015/1638/1039 1023/1639/1038
f 1158/1468/1230 1235/1461/1224 1227/1430/1196
f 1235/1461/1224 1176/1397/1169 1227/1430/1196
f 1044/1252/1044 1034/1268/1060 1184/1256/1048
f 1229/921/789 1077/1298/1090 1036/1297/1089
f 1248/1398/1170 1158/1468/1230 198/240/213
f 1028/1357/1137 1049/1526/1262 1271/1249/1041
f 1271/1249/1041 1063/1358/1138 1028/1357/1137
f 1018/1257/1049 1005/1255/1047 990/1263/1055
f 1072/1340/1123 1014/1300/1092 1039/1356/1136
f 1129/1532/1221 1037/1549/1065 1048/1533/1140
f 1082/1385/1157 1064/1510/1252 1172/1383/1155
f 1052/1640/1054 1129/1532/1221 1233/1531/1052
f 1220/242/215 1122/965/826 1222/1556/1272
f 1021/1242/1034 1271/1249/1041 1049/1526/1262
f 1049/1526/1262 1146/1348/1128 1019/1525/1261
f 1268/1628/1304 1146/1348/1128 1274/1347/1127
f 1149/1539/1255 1146/1348/1128 1049/1526/1262
f 1028/1357/1137 992/1280/1072 1069/1540/1268
f 1028/1357/1137 1056/1258/1050 992/1280/1072
f 1027/1315/1105 1003/1345/1125 1024/1259/1051
f 1069/1641/1268 1135/1642/1297 1145/1643/1126
f 1232/1447/1212 1012/1403/1174 1161/1395/1167
f 1220/242/215 1248/1398/1170 198/240/213
f 1188/1455/1220 1062/1265/1057 1156/1394/1166
f 1149/1539/1255 1049/1526/1262 1028/1357/1137
f 1089/1286/1078 1064/1510/1252 1082/1385/1157
f 1158/1468/1230 1154/225/200 198/240/213
f 1280/1499/1246 1009/1605/1298 992/1280/1072
f 1280/1499/1246 992/1280/1072 993/1279/1071
f 1055/1289/1081 1180/1281/1073 1209/1470/1232
f 774/966/827 1222/1556/1272 1122/965/826
f 1248/1398/1170 1220/242/215 1222/1556/1272
f 1055/1289/1081 1209/1470/1232 1168/1472/1234
f 1011/1343/1109 990/1342/1055 1001/1367/1144
f 1286/1644/1308 1289/1645/1309 1287/1646/1310
f 1322/1647/1311 1297/1089/931 871/1081/923
f 1295/1648/1312 1286/1644/1308 1320/1649/1313
f 457/615/520 1376/1650/1314 1304/1651/1315
f 1347/1652/1316 1343/1653/1317 1322/1647/1311
f 485/1654/495 1315/1655/1318 1288/1656/1319
f 1323/1657/1320 1400/1658/1321 842/1091/932
f 1326/1659/1322 842/1091/932 1378/1660/1323
f 456/1661/521 485/1654/495 434/1662/505
f 1324/1663/1324 867/931/798 1331/928/796
f 1347/1652/1316 1329/1664/1325 1385/1665/1326
f 1285/1666/1327 1365/1667/1328 1342/1668/1329
f 1325/1669/1330 1367/1670/1331 1318/1671/1332
f 1356/1672/1333 1355/1673/1334 1285/1674/1327
f 1340/1675/1335 1337/1676/1336 1341/1677/1337
f 1303/1678/1338 1325/1669/1330 1318/1671/1332
f 1353/1679/1339 1351/1680/1340 1389/1681/1341
f 1307/1682/1342 1341/1683/1337 1337/1684/1336
f 573/739/620 1308/740/611 579/734/615
f 1339/1685/1343 1340/1675/1335 1338/1686/1344
f 1302/1687/1345 1360/1688/1346 1313/1689/1347
f 707/918/786 1331/928/796 867/931/798
f 1294/1690/1348 445/1691/512 1301/1692/1349
f 1383/1693/1350 1352/1694/1351 1363/1695/1352
f 1336/1696/1353 1344/1697/1354 1319/1698/1355
f 1386/1699/1356 1384/1700/1357 843/1025/883
f 1307/1682/1342 1337/1684/1336 1345/1701/1358
f 1306/1702/1359 1333/1703/1360 578/742/621
f 1288/1656/1319 1330/1704/1361 1300/1705/1362
f 1345/1701/1358 1337/1684/1336 1339/1706/1343
f 1376/1650/1314 1288/1656/1319 1300/1705/1362
f 1384/1700/1357 1390/1707/1363 885/1092/905
f 1363/1708/1352 1352/1709/1351 480/1710/510
f 1302/1687/1345 1335/1711/1364 1374/1712/1365
f 481/1713/497 450/613/491 1357/1714/498
f 457/615/520 1288/1656/1319 1376/1650/1314
f 480/1715/510 1352/1716/1351 469/1717/514
f 1314/670/568 1306/1702/1359 578/742/621
f 1327/1718/1366 1351/1680/1340 1353/1679/1339
f 1354/1719/1367 1331/928/796 1321/927/795
f 1386/1699/1356 1385/1665/1326 1384/1700/1357
f 1322/1647/1311 1343/1653/1317 1297/1089/931
f 1377/1720/1368 1293/1721/1369 1311/1722/1370
f 1314/670/568 1348/1723/1371 1358/1724/1372
f 1313/1689/1347 490/1725/598 1335/1711/1364
f 1371/612/527 473/594/515 1284/606/522
f 490/1726/598 445/1727/512 1335/1728/1364
f 1359/1729/1373 1329/1664/1325 1361/1730/1374
f 1326/1659/1322 1323/1657/1320 842/1091/932
f 1289/1645/1309 1347/1652/1316 1334/1731/1375
f 456/1661/521 1352/1716/1351 1315/1655/1318
f 1374/1732/1365 1294/1733/1348 1285/1666/1327
f 1315/1655/1318 1352/1716/1351 1293/1734/1369
f 469/1717/514 1352/1716/1351 456/1661/521
f 1352/1716/1351 1383/1735/1350 1293/1734/1369
f 485/1654/495 1288/1656/1319 457/615/520
f 528/1736/574 558/1737/595 1368/1738/1376
f 1384/1700/1357 885/1092/905 869/1038/896
f 1347/1652/1316 1385/1665/1326 1386/1699/1356
f 1372/1739/1377 1358/1724/1372 1340/1675/1335
f 1289/1645/1309 1353/1679/1339 1306/1702/1359
f 1365/1667/1328 1345/1701/1358 1364/1740/1378
f 1349/1741/1379 558/1737/595 560/1742/600
f 1309/1743/1380 1380/1744/1381 1333/1703/1360
f 1298/1745/1382 1303/1746/1338 1299/1747/1383
f 1318/1748/1332 1330/1704/1361 1299/1747/1383
f 1335/1711/1364 1294/1690/1348 1374/1712/1365
f 1353/1679/1339 1389/1681/1341 1309/1743/1380
f 1354/1719/1367 582/1749/616 1382/1750/623
f 1306/1702/1359 1328/1751/1384 1289/1645/1309
f 1298/1745/1382 1325/1752/1330 1303/1746/1338
f 1303/1678/1338 1318/1671/1332 1299/1753/1383
f 1341/1677/1337 1287/1646/1310 1328/1751/1384
f 1299/1747/1383 1330/1704/1361 1293/1734/1369
f 1328/1751/1384 1372/1739/1377 1340/1675/1335
f 1313/1689/1347 562/1754/597 490/1725/598
f 1299/1755/1383 1293/1721/1369 1377/1720/1368
f 490/1726/598 542/1756/526 445/1727/512
f 1299/1747/1383 1375/1757/1385 1298/1745/1382
f 1347/1652/1316 1286/1644/1308 1296/1758/1386
f 1328/1751/1384 1287/1646/1310 1289/1645/1309
f 1348/1723/1371 536/669/567 539/1759/570
f 1300/1705/1362 1330/1704/1361 1316/1760/1387
f 1350/1761/1388 1367/1762/1331 1359/1729/1373
f 1381/1763/1389 1298/1745/1382 1375/1757/1385
f 1307/1764/1342 1355/1673/1334 1320/1649/1313
f 1314/670/568 536/669/567 1348/1723/1371
f 1286/1644/1308 1347/1652/1316 1289/1645/1309
f 1310/1082/924 1322/1647/1311 871/1081/923
f 1328/1751/1384 1306/1702/1359 1372/1739/1377
f 1295/1648/1312 1320/1649/1313 1355/1673/1334
f 1388/1765/1390 883/1070/919 885/1047/905
f 1296/1758/1386 1329/1664/1325 1347/1652/1316
f 1329/1664/1325 1296/1758/1386 1361/1730/1374
f 1387/1766/1391 1378/1660/1323 874/1071/920
f 1358/1724/1372 1348/1723/1371 1362/1767/1392
f 1361/1730/1374 1296/1758/1386 1295/1648/1312
f 1387/1766/1391 874/1071/920 883/1070/919
f 1358/1724/1372 1306/1702/1359 1314/670/568
f 1358/1724/1372 1372/1739/1377 1306/1702/1359
f 1368/1738/1376 539/1759/570 528/1736/574
f 1338/1686/1344 1340/1675/1335 1358/1724/1372
f 1358/1724/1372 1362/1767/1392 1338/1686/1344
f 1306/1702/1359 1309/1743/1380 1333/1703/1360
f 1295/1648/1312 1296/1758/1386 1286/1644/1308
f 1334/1731/1375 1327/1718/1366 1353/1679/1339
f 1386/1699/1356 1343/1653/1317 1347/1652/1316
f 1356/1672/1333 1285/1674/1327 1294/1690/1348
f 885/1047/905 1370/1768/1393 1388/1765/1390
f 1370/1769/1393 885/1092/905 1390/1707/1363
f 1388/1765/1390 1387/1766/1391 883/1070/919
f 1387/1766/1391 1326/1659/1322 1378/1660/1323
f 1370/1769/1393 1305/1770/1394 1373/1771/1395
f 1334/1731/1375 1347/1652/1316 1322/1647/1311
f 1369/1772/1396 1290/1773/509 1371/1774/527
f 1381/1763/1389 1375/1757/1385 1369/1772/1396
f 1387/1766/1391 1388/1765/1390 1370/1768/1393
f 1285/1674/1327 1355/1673/1334 1307/1764/1342
f 1346/1775/1397 1305/1770/1394 1370/1769/1393
f 1328/1751/1384 1340/1675/1335 1341/1677/1337
f 1351/1680/1340 1310/1082/924 1324/1663/1324
f 1384/1700/1357 1385/1665/1326 1379/1776/1398
f 1342/1777/1329 1319/1698/1355 1374/1712/1365
f 1315/1655/1318 1293/1734/1369 1330/1704/1361
f 1361/1730/1374 1295/1648/1312 1350/1761/1388
f 1373/1778/1395 1305/1779/1394 1369/1780/1396
f 1291/1781/1399 1357/1714/498 1304/1651/1315
f 1387/1766/1391 1373/1782/1395 1284/606/522
f 1356/1672/1333 1316/1760/1387 1355/1673/1334
f 1339/1685/1343 1338/1686/1344 1332/1783/1400
f 1316/1760/1387 1291/1781/1399 1300/1705/1362
f 1350/1761/1388 1295/1648/1312 1355/1673/1334
f 485/1654/495 456/1661/521 1315/1655/1318
f 1294/1690/1348 1291/1781/1399 1356/1672/1333
f 1302/1687/1345 1319/1698/1355 1344/1697/1354
f 1294/1690/1348 1335/1711/1364 445/1691/512
f 1316/1760/1387 1318/1748/1332 1350/1761/1388
f 445/1691/512 482/1784/496 1357/1714/498
f 1355/1673/1334 1316/1760/1387 1350/1761/1388
f 1350/1761/1388 1318/1748/1332 1367/1762/1331
f 1361/1730/1374 1350/1761/1388 1359/1729/1373
f 1357/1714/498 450/613/491 1304/1651/1315
f 1348/1723/1371 1368/1738/1376 1362/1767/1392
f 723/914/782 731/747/626 582/735/616
f 1387/1766/1391 1370/1768/1393 1373/1782/1395
f 1309/1743/1380 1306/1702/1359 1353/1679/1339
f 529/729/563 1380/1744/1381 1308/730/611
f 1325/1752/1330 1298/1745/1382 1292/1785/1401
f 1319/1698/1355 1302/1687/1345 1374/1712/1365
f 1301/1692/1349 445/1691/512 1357/1714/498
f 1373/1771/1395 1369/1772/1396 1371/1774/527
f 459/607/523 1411/1786/1402 1312/1787/1403
f 1324/1663/1324 1389/1681/1341 1351/1680/1340
f 1334/1731/1375 1353/1679/1339 1289/1645/1309
f 1365/1667/1328 1307/1682/1342 1345/1701/1358
f 529/729/563 578/742/621 1333/1703/1360
f 1336/1696/1353 1319/1698/1355 1342/1777/1329
f 1364/1788/1378 1332/1783/1400 1362/1767/1392
f 1381/1763/1389 1305/1770/1394 1366/1789/1404
f 1302/1687/1345 1344/1697/1354 1360/1688/1346
f 1351/1680/1340 1327/1718/1366 1322/1647/1311
f 560/1742/600 1360/1688/1346 1349/1741/1379
f 459/607/523 1312/1787/1403 1284/606/522
f 578/742/621 526/668/562 1314/670/568
f 1380/1744/1381 1331/928/796 1354/1719/1367
f 1382/1750/623 579/1790/615 1308/730/611
f 1349/1741/1379 1360/1688/1346 1344/1697/1354
f 1371/612/527 1290/609/509 472/595/516
f 1354/1719/1367 1308/730/611 1380/1744/1381
f 1338/1686/1344 1362/1767/1392 1332/1783/1400
f 1389/1681/1341 1331/928/796 1380/1744/1381
f 1364/1788/1378 1345/1791/1358 1332/1783/1400
f 1342/1668/1329 1365/1667/1328 1364/1740/1378
f 1378/1660/1323 842/1091/932 874/1071/920
f 1311/1792/1370 1375/1757/1385 1377/1793/1368
f 558/1737/595 1349/1741/1379 1368/1738/1376
f 560/1742/600 558/1737/595 559/1794/578
f 1369/1772/1396 1375/1757/1385 1383/1735/1350
f 1368/1795/1376 1344/1796/1354 1336/1797/1353
f 582/1749/616 1354/1719/1367 723/913/782
f 1309/1743/1380 1389/1681/1341 1380/1744/1381
f 529/729/563 1333/1703/1360 1380/1744/1381
f 1310/1082/924 867/931/798 1324/1663/1324
f 1339/1685/1343 1337/1676/1336 1340/1675/1335
f 1390/1707/1363 1346/1775/1397 1370/1769/1393
f 1322/1647/1311 1310/1082/924 1351/1680/1340
f 1342/1777/1329 1364/1788/1378 1336/1696/1353
f 1305/1770/1394 1346/1775/1397 1366/1789/1404
f 1366/1789/1404 1346/1775/1397 1392/1798/1405
f 1292/1785/1401 1366/1789/1404 1392/1798/1405
f 1304/1651/1315 1300/1705/1362 1291/1781/1399
f 1346/1775/1397 1391/1799/1406 1392/1798/1405
f 1329/1664/1325 1359/1729/1373 1317/1800/1407
f 1292/1785/1401 1392/1798/1405 1317/1800/1407
f 1381/1763/1389 1369/1772/1396 1305/1770/1394
f 1376/1650/1314 1300/1705/1362 1304/1651/1315
f 1392/1798/1405 1391/1799/1406 1379/1776/1398
f 1316/1760/1387 1330/1704/1361 1318/1748/1332
f 1321/927/795 723/913/782 1354/1719/1367
f 1366/1789/1404 1292/1785/1401 1298/1745/1382
f 1313/1689/1347 1335/1711/1364 1302/1687/1345
f 1360/1688/1346 562/1754/597 1313/1689/1347
f 1385/1665/1326 1317/1800/1407 1392/1798/1405
f 1360/1688/1346 560/1742/600 562/1754/597
f 1323/1657/1320 1326/1659/1322 1312/1787/1403
f 1304/1651/1315 450/613/491 457/615/520
f 1317/1800/1407 1385/1665/1326 1329/1664/1325
f 1346/1775/1397 1390/1707/1363 1379/1776/1398
f 1336/1696/1353 1364/1788/1378 1362/1767/1392
f 1291/1781/1399 1316/1760/1387 1356/1672/1333
f 1285/1666/1327 1307/1682/1342 1365/1667/1328
f 1379/1776/1398 1385/1665/1326 1392/1798/1405
f 1368/1738/1376 1349/1741/1379 1344/1697/1354
f 1387/1766/1391 1284/606/522 1326/1659/1322
f 1375/1757/1385 1311/1792/1370 1383/1735/1350
f 1326/1659/1322 1284/606/522 1312/1787/1403
f 1323/1657/1320 1312/1787/1403 1396/1801/1408
f 1336/1696/1353 1362/1767/1392 1368/1738/1376
f 1384/1700/1357 1379/1776/1398 1390/1707/1363
f 1379/1776/1398 1391/1799/1406 1346/1775/1397
f 1297/1089/931 1343/1653/1317 1386/1699/1356
f 1287/1802/1310 1341/1683/1337 1320/1803/1313
f 843/1025/883 1297/1089/931 1386/1699/1356
f 1291/1781/1399 1294/1690/1348 1301/1692/1349
f 1375/1757/1385 1299/1747/1383 1377/1793/1368
f 843/1025/883 1384/1700/1357 869/1038/896
f 1330/1704/1361 1288/1656/1319 1315/1655/1318
f 539/1759/570 1368/1738/1376 1348/1723/1371
f 1317/1800/1407 1325/1752/1330 1292/1785/1401
f 1285/1666/1327 1342/1668/1329 1374/1732/1365
f 1382/1750/623 1308/730/611 1354/1719/1367
f 1366/1789/1404 1298/1745/1382 1381/1763/1389
f 1359/1729/1373 1325/1752/1330 1317/1800/1407
f 1325/1752/1330 1359/1729/1373 1367/1762/1331
f 1291/1781/1399 1301/1692/1349 1357/1714/498
f 1290/1773/509 1363/1804/1352 480/1715/510
f 1373/1782/1395 1371/612/527 1284/606/522
f 1327/1718/1366 1334/1731/1375 1322/1647/1311
f 1383/1735/1350 1311/1792/1370 1293/1734/1369
f 1383/1735/1350 1363/1804/1352 1290/1773/509
f 1332/1805/1400 1345/1701/1358 1339/1706/1343
f 1324/1663/1324 1331/928/796 1389/1681/1341
f 1307/1682/1342 1320/1803/1313 1341/1683/1337
f 1290/1773/509 1369/1772/1396 1383/1735/1350
f 1320/1649/1313 1286/1644/1308 1287/1646/1310
f 1430/1806/1409 1397/1807/1410 1398/1808/1411
f 1399/1809/1412 1401/1810/1413 1395/1811/1414
f 1404/1812/1415 1399/1809/1412 1442/1813/1416
f 1415/1814/1417 1396/1801/1408 1411/1786/1402
f 1408/1815/1418 1414/1816/1419 1415/1814/1417
f 1400/1658/1321 1395/1811/1414 1401/1810/1413
f 833/1086/928 1400/1658/1321 1401/1810/1413
f 854/1050/908 1419/1817/1420 1418/1818/1421
f 833/1086/928 1401/1810/1413 1419/1817/1420
f 1415/1814/1417 1411/1786/1402 1407/1819/1422
f 833/1086/928 1419/1817/1420 854/1050/908
f 1405/1820/1423 1393/1821/1424 1403/1822/1425
f 1399/1809/1412 1402/1823/1426 1401/1810/1413
f 854/1050/908 1432/1824/1427 146/168/151
f 842/1091/932 1400/1658/1321 833/1086/928
f 1420/1825/1428 1410/1826/1429 1411/1786/1402
f 1411/1786/1402 459/607/523 1420/1825/1428
f 1323/1657/1320 1396/1801/1408 1400/1658/1321
f 478/581/504 1420/1825/1428 459/607/523
f 1417/1827/1430 1411/1786/1402 1410/1826/1429
f 1421/1828/1431 461/597/484 484/584/483
f 478/581/504 1421/1828/1431 1410/1826/1429
f 1404/1812/1415 1402/1823/1426 1399/1809/1412
f 475/539/467 478/581/504 459/607/523
f 1411/1786/1402 1396/1801/1408 1312/1787/1403
f 1408/1815/1418 1417/1827/1430 1393/1821/1424
f 1410/1826/1429 1420/1825/1428 478/581/504
f 478/581/504 461/597/484 1421/1828/1431
f 1425/1829/1432 1427/1830/1433 1419/1817/1420
f 145/166/149 146/168/151 1413/1831/1434
f 1428/1832/1435 1416/1833/1436 1429/1834/1437
f 1534/1835/1438 1441/1836/1439 1434/1837/1440
f 1412/599/519 1403/1822/1425 484/584/483
f 1419/1817/1420 1433/1838/1441 1418/1818/1421
f 1402/1823/1426 1419/1817/1420 1401/1810/1413
f 1402/1823/1426 1425/1829/1432 1419/1817/1420
f 1425/1829/1432 1402/1823/1426 1404/1812/1415
f 1437/1839/1442 1426/1840/1443 1425/1829/1432
f 141/144/129 126/164/147 125/145/130
f 1427/1830/1433 1425/1829/1432 1430/1806/1409
f 1398/1808/1411 1433/1838/1441 1427/1830/1433
f 1427/1830/1433 1430/1806/1409 1398/1808/1411
f 1433/1838/1441 1398/1808/1411 1431/1841/1444
f 141/144/129 145/166/149 1413/1831/1434
f 1419/1817/1420 1427/1830/1433 1433/1838/1441
f 1424/138/123 1431/1841/1444 1398/1808/1411
f 1417/1827/1430 1408/1815/1418 1415/1814/1417
f 1398/1808/1411 1436/163/146 1424/138/123
f 1435/1842/1445 112/127/112 1441/1836/1439
f 1441/1836/1439 1429/1834/1437 1416/1833/1436
f 1397/1807/1410 1430/1806/1409 1426/1840/1443
f 1441/1836/1439 112/127/112 1429/1834/1437
f 1416/1833/1436 1434/1837/1440 1441/1836/1439
f 119/128/113 112/127/112 1435/1842/1445
f 1432/1824/1427 1431/1841/1444 1413/1831/1434
f 1426/1840/1443 1430/1806/1409 1425/1829/1432
f 1415/1814/1417 1394/1843/1446 1396/1801/1408
f 150/131/116 1397/1807/1410 1428/1832/1435
f 1397/1807/1410 150/131/116 1436/163/146
f 112/127/112 150/131/116 1429/1834/1437
f 484/584/483 1409/1844/1447 1421/1828/1431
f 150/131/116 1428/1832/1435 1429/1834/1437
f 1396/1801/1408 1394/1843/1446 1395/1811/1414
f 1407/1819/1422 1417/1827/1430 1415/1814/1417
f 1410/1826/1429 1409/1844/1447 1417/1827/1430
f 1409/1844/1447 1410/1826/1429 1421/1828/1431
f 1434/1837/1440 1416/1833/1436 1422/1845/1448
f 1438/1846/1449 1434/1837/1440 1422/1845/1448
f 1417/1827/1430 1409/1844/1447 1403/1822/1425
f 1431/1841/1444 1432/1824/1427 1418/1818/1421
f 886/1028/886 833/1086/928 854/1050/908
f 1404/1812/1415 1437/1839/1442 1425/1829/1432
f 1438/1846/1449 1439/1847/1450 1440/1848/1451
f 1415/1814/1417 1399/1809/1412 1395/1811/1414
f 1436/163/146 1398/1808/1411 1397/1807/1410
f 126/164/147 141/144/129 1413/1831/1434
f 887/1087/929 833/1086/928 834/1085/927
f 887/1087/929 842/1091/932 833/1086/928
f 1432/1824/1427 854/1050/908 1418/1818/1421
f 1431/1841/1444 1418/1818/1421 1433/1838/1441
f 1397/1807/1410 1426/1840/1443 1428/1832/1435
f 1426/1840/1443 1416/1833/1436 1428/1832/1435
f 1414/1816/1419 1399/1809/1412 1415/1814/1417
f 1395/1811/1414 1400/1658/1321 1396/1801/1408
f 146/168/151 1432/1824/1427 1413/1831/1434
f 1422/1845/1448 1416/1833/1436 1437/1839/1442
f 1426/1840/1443 1437/1839/1442 1416/1833/1436
f 1399/1809/1412 1414/1816/1419 1442/1813/1416
f 1437/1839/1442 1404/1812/1415 1439/1847/1450
f 1437/1839/1442 1439/1847/1450 1438/1846/1449
f 1437/1839/1442 1438/1846/1449 1422/1845/1448
f 1417/1827/1430 1407/1819/1422 1411/1786/1402
f 1403/1822/1425 1393/1821/1424 1417/1827/1430
f 1413/1831/1434 1424/138/123 126/164/147
f 1431/1841/1444 1424/138/123 1413/1831/1434
f 1412/599/519 1405/1820/1423 1403/1822/1425
f 1412/599/519 1406/1849/1452 1405/1820/1423
f 1394/1843/1446 1415/1814/1417 1395/1811/1414
f 1423/1850/1453 1412/599/519 465/585/506
f 1409/1844/1447 484/584/483 1403/1822/1425
f 1443/1851/1454 1408/1852/1418 1393/1853/1424
f 1444/1854/1455 1456/1855/1456 1449/1856/1457
f 1454/1857/1458 1449/1856/1457 1464/1858/1459
f 950/1093/933 1464/1858/1459 984/1234/1024
f 889/1095/935 1454/1857/1458 1464/1858/1459
f 1393/1821/1424 1462/1859/1460 1443/1860/1454
f 1444/1854/1455 1459/1861/1461 1466/1862/1462
f 1454/1857/1458 1447/1863/1463 1468/1864/1464
f 1447/1863/1463 1454/1857/1458 889/1095/935
f 1461/1865/1465 1463/1866/1466 1716/1867/1467
f 1448/1868/1468 1591/1869/1469 1478/1870/1470
f 1532/1871/1471 1458/1872/1472 1482/1873/1473
f 1447/1863/1463 1711/1874/1474 1468/1864/1464
f 1446/1875/1475 1501/1876/1476 1483/1877/1477
f 1472/1878/1478 1460/1879/1479 1452/1880/1480
f 1511/1881/1481 1473/1882/1482 1491/1883/1483
f 1629/1884/1484 1493/1885/1485 1585/1886/1486
f 1481/1232/1028 1464/1858/1459 1452/1880/1480
f 1524/1887/1487 1585/1886/1486 1493/1885/1485
f 1496/1888/1488 1499/1889/1489 1497/1890/1490
f 1499/1889/1489 1496/1888/1488 1495/1891/1491
f 1497/1892/1490 1498/1893/1492 1496/1894/1488
f 1497/1890/1490 1499/1889/1489 1537/1895/1493
f 1449/1856/1457 1459/1861/1461 1444/1854/1455
f 1393/1821/1424 1542/1896/1494 1462/1859/1460
f 1501/1876/1476 1443/1860/1454 1483/1877/1477
f 1449/1856/1457 1456/1855/1456 1452/1880/1480
f 1647/1897/1495 1452/1880/1480 1456/1855/1456
f 1504/1898/1496 1505/1899/1497 1502/1900/1498
f 1502/1900/1498 1505/1899/1497 1503/1901/1499
f 1614/1902/1500 1503/1903/1499 1505/1904/1497
f 1449/1856/1457 1454/1857/1458 1459/1861/1461
f 1510/1905/1501 1509/1906/1502 1514/1907/1503
f 1510/1905/1501 1746/1908/1504 1509/1906/1502
f 1502/1900/1498 1510/1905/1501 1514/1907/1503
f 1625/1909/1505 1520/1910/1506 1519/1911/1507
f 1520/1910/1506 1625/1909/1505 1406/1849/1452
f 1520/1910/1506 1423/1850/1453 1519/1911/1507
f 1611/1912/1508 1494/1913/1509 1486/1914/1510
f 1406/1849/1452 1423/1850/1453 1520/1910/1506
f 1713/1915/1511 1523/1916/1512 1470/1917/1513
f 1501/1876/1476 1414/1816/1419 1500/1918/1514
f 1414/1816/1419 1501/1876/1476 1442/1813/1416
f 1600/1919/1515 1590/1920/1516 1476/1921/1517
f 1500/1918/1514 1414/1816/1419 1443/1860/1454
f 1414/1922/1419 1408/1852/1418 1443/1851/1454
f 1508/1923/1518 1506/1924/1519 1592/1925/1520
f 1593/1926/1521 1533/355/318 303/356/319
f 1464/1858/1459 950/1093/933 889/1095/935
f 1466/1862/1462 1459/1861/1461 1450/1927/1522
f 1537/1895/1493 1741/1928/1523 1538/1929/1524
f 1537/1895/1493 1538/1929/1524 1484/1930/1525
f 1448/1868/1468 1513/1931/1526 1591/1869/1469
f 1512/1932/1527 1473/1882/1482 1515/1933/1528
f 1532/1871/1471 1515/1933/1528 1473/1882/1482
f 1449/1856/1457 1452/1880/1480 1464/1858/1459
f 1543/1934/1529 1537/1895/1493 1484/1930/1525
f 1475/1935/1530 1459/1861/1461 1454/1857/1458
f 903/1133/962 1518/1936/963 1539/1937/1531
f 1501/1876/1476 1545/1938/1532 1442/1813/1416
f 1541/1939/1533 1455/1940/1534 289/363/316
f 1575/1941/1535 1582/1942/1536 1612/1943/1537
f 1534/1835/1438 1612/1943/1537 1582/1942/1536
f 1575/1941/1535 1612/1943/1537 1589/1944/1538
f 1404/1812/1415 1549/1945/1539 1439/1847/1450
f 1541/1939/1533 289/363/316 290/365/326
f 1471/1946/1540 1716/1867/1467 1463/1866/1466
f 1475/1935/1530 1454/1857/1458 1468/1864/1464
f 1468/1864/1464 1711/1874/1474 1516/1947/1541
f 1482/1873/1473 1471/1946/1540 1445/1948/1542
f 1486/1914/1510 1555/1949/1543 1611/1912/1508
f 1460/1879/1479 1472/1878/1478 1653/1950/1544
f 1580/1951/1545 1573/1952/1546 1559/1953/1547
f 1513/1954/1526 1564/1955/1548 1551/1956/1549
f 1515/1933/1528 1453/1957/1550 1565/1958/1551
f 1653/1950/1544 1472/1878/1478 1649/1959/1552
f 1523/1916/1512 1571/1960/1553 1622/1961/1554
f 1713/1915/1511 1570/1962/1555 1523/1916/1512
f 1571/1963/1553 1523/1964/1512 1570/1965/1555
f 1647/1897/1495 1472/1878/1478 1452/1880/1480
f 1740/1966/1556 1575/1941/1535 1589/1944/1538
f 1723/1967/1557 1580/1951/1545 1579/1968/1558
f 1435/1842/1445 1441/1836/1439 1534/1835/1438
f 1435/1842/1445 1534/1835/1438 1582/1942/1536
f 1579/1968/1558 1580/1951/1545 1567/1969/1559
f 1579/1968/1558 1691/1970/1560 1563/1971/1561
f 1561/1972/1562 1582/1942/1536 1575/1941/1535
f 1579/1968/1558 1587/1973/1563 1691/1970/1560
f 467/564/489 555/703/593 1481/1232/1028
f 1567/1969/1559 1587/1973/1563 1579/1968/1558
f 1574/1974/1564 1596/1975/1565 1558/1976/1566
f 1563/1971/1561 1723/1967/1557 1579/1968/1558
f 1573/1952/1546 1582/1942/1536 1561/1972/1562
f 1573/1952/1546 1561/1972/1562 1559/1953/1547
f 1538/1929/1524 1742/1977/1567 1484/1930/1525
f 1568/1978/1568 1561/1972/1562 1575/1941/1535
f 1468/1864/1464 1553/1979/1569 1475/1935/1530
f 1576/1980/1570 1567/1969/1559 1574/1974/1564
f 1603/1981/1571 1490/1982/1572 1604/1983/1573
f 1488/1984/1574 1716/1867/1467 1458/1872/1472
f 1589/1944/1538 1483/1877/1477 1740/1966/1556
f 1567/1969/1559 1576/1980/1570 1587/1973/1563
f 1621/1985/1575 1555/1949/1543 1486/1914/1510
f 1719/1986/1576 1453/1957/1550 1457/1987/1577
f 1723/1967/1557 1605/1988/1578 1580/1951/1545
f 1574/1974/1564 1559/1953/1547 1568/1978/1568
f 1568/1978/1568 1596/1975/1565 1574/1974/1564
f 1572/1989/1579 1613/1990/1580 1556/1991/1581
f 1613/1990/1580 1642/1992/1582 1556/1991/1581
f 1558/1976/1566 1576/1980/1570 1574/1974/1564
f 1574/1974/1564 1567/1969/1559 1559/1953/1547
f 1505/1993/1497 1616/1994/1583 1614/1995/1500
f 1568/1978/1568 1559/1953/1547 1561/1972/1562
f 1567/1969/1559 1580/1951/1545 1559/1953/1547
f 1517/1996/1584 1664/1997/1585 1540/1998/1586
f 1539/1937/1531 897/1120/954 903/1133/962
f 806/1999/852 1602/2000/1587 908/2001/857
f 1667/2002/1588 1640/2003/1589 1531/2004/1590
f 1602/2000/1587 806/1999/852 1669/2005/1591
f 1751/2006/1592 1600/1919/1515 1476/1921/1517
f 1546/2007/1593 1461/1865/1465 1607/2008/1594
f 1626/2009/1595 1599/2010/1596 1627/2011/1597
f 766/351/314 1628/1019/877 820/1010/870
f 1531/2004/1590 1547/2012/1598 1667/2002/1588
f 1467/2013/1599 1473/1882/1482 1512/1932/1527
f 1653/1950/1544 1588/2014/1600 1460/1879/1479
f 1448/1868/1468 913/1130/961 1595/2015/1601
f 1476/1921/1517 1613/1990/1580 1751/2006/1592
f 1467/2013/1599 1611/1912/1508 1473/1882/1482
f 1642/1992/1582 1606/2016/1602 1621/1985/1575
f 1555/1949/1543 1621/1985/1575 1507/2017/1603
f 1609/2018/1604 1610/2019/1605 1571/1960/1553
f 1439/1847/1450 1549/1945/1539 1440/1848/1451
f 1406/2020/1452 1652/2021/1606 1405/2022/1423
f 1549/1945/1539 1434/1837/1440 1440/1848/1451
f 1434/1837/1440 1438/1846/1449 1440/1848/1451
f 1644/2023/1607 1650/2024/1608 1466/1862/1462
f 1612/1943/1537 1534/1835/1438 1434/1837/1440
f 1682/2025/1609 1656/2026/1610 1661/2027/1611
f 1507/2017/1603 1621/1985/1575 1606/2016/1602
f 1659/2028/1612 1643/2029/1613 1644/2023/1607
f 1649/1959/1552 1656/2026/1610 1682/2025/1609
f 1456/1855/1456 1650/2024/1608 1647/1897/1495
f 1532/1871/1471 1482/1873/1473 1457/1987/1577
f 1445/1948/1542 1457/1987/1577 1482/1873/1473
f 798/2030/1614 1677/2031/1615 801/990/851
f 1515/1933/1528 1597/2032/1616 1512/1932/1527
f 1512/1932/1527 1554/2033/1617 1467/2013/1599
f 1488/1984/1574 1511/1881/1481 1487/2034/1618
f 1554/2033/1617 1611/1912/1508 1467/2013/1599
f 1553/1979/1569 1479/2035/1619 1562/2036/1620
f 1512/1932/1527 1597/2032/1616 1554/2033/1617
f 1554/2033/1617 1494/1913/1509 1611/1912/1508
f 1487/2034/1618 1507/2017/1603 1469/2037/1621
f 1507/2017/1603 1606/2016/1602 1469/2037/1621
f 1491/1883/1483 1507/2017/1603 1487/2034/1618
f 1555/1949/1543 1507/2017/1603 1491/1883/1483
f 1621/1985/1575 1486/1914/1510 1642/1992/1582
f 1644/2038/1607 1657/2039/1622 1654/2040/1623
f 1517/1996/1584 1521/2041/1624 1664/1997/1585
f 1611/1912/1508 1491/1883/1483 1473/1882/1482
f 1451/2042/1625 1622/1961/1554 1610/2019/1605
f 1633/2043/1626 1615/2044/1627 1524/1887/1487
f 1630/2045/1628 304/384/345 301/360/323
f 888/1099/939 913/1130/961 1670/2046/1629
f 1535/2047/1630 1536/2048/1631 1528/2049/1632
f 1528/2050/1632 1492/2051/1633 1535/2052/1630
f 1600/1919/1515 1492/2051/1633 1451/2042/1625
f 1469/2037/1621 1490/1982/1572 1487/2034/1618
f 1751/2006/1592 1492/2051/1633 1600/1919/1515
f 1528/2050/1632 1529/2053/1634 1492/2051/1633
f 1640/2003/1589 1590/1920/1516 1465/2054/1635
f 1610/2019/1605 1609/2018/1604 1566/2055/1636
f 1590/1920/1516 1600/1919/1515 1451/2042/1625
f 1531/2004/1590 1566/2055/1636 1547/2012/1598
f 1678/2056/1637 1624/2057/1638 1715/2058/1639
f 1640/2003/1589 1476/1921/1517 1590/1920/1516
f 1673/2059/1640 1679/2060/1641 1557/2061/1642
f 1529/2053/1634 1451/2042/1625 1492/2051/1633
f 1557/2061/1642 1588/2014/1600 1675/2062/1643
f 1465/2054/1635 1531/2004/1590 1640/2003/1589
f 1679/2060/1641 432/536/464 1681/2063/1644
f 1489/2064/1645 1488/1984/1574 1487/2034/1618
f 1571/1960/1553 1610/2019/1605 1622/1961/1554
f 1751/2006/1592 1535/2052/1630 1492/2051/1633
f 1674/2065/1646 1673/2059/1640 1675/2062/1643
f 1622/1961/1554 1529/2053/1634 1592/1925/1520
f 1653/1950/1544 1675/2062/1643 1588/2014/1600
f 1529/2053/1634 1508/1923/1518 1592/1925/1520
f 1566/2055/1636 1493/1885/1485 1547/2012/1598
f 432/536/464 417/533/461 1681/2063/1644
f 470/608/524 1681/2063/1644 466/554/480
f 1674/2065/1646 1676/2066/1647 1673/2059/1640
f 1622/1961/1554 1451/2042/1625 1529/2053/1634
f 1610/2019/1605 1465/2054/1635 1590/1920/1516
f 1663/2067/1648 1601/2068/1649 1627/2011/1597
f 1511/1881/1481 1458/1872/1472 1473/1882/1482
f 1583/2069/1650 1557/2061/1642 1681/2063/1644
f 483/561/486 1674/2065/1646 1684/2070/1651
f 1557/2061/1642 1675/2062/1643 1673/2059/1640
f 1664/1997/1585 1521/2041/1624 1619/2071/1652
f 1540/1998/1586 1618/2072/1653 1517/1996/1584
f 466/554/480 1681/2063/1644 417/533/461
f 486/569/494 451/550/477 1679/2060/1641
f 896/1103/940 1685/1102/941 889/1104/935
f 1685/2073/941 1447/1863/1463 889/1095/935
f 1602/2000/1587 1619/2071/1652 1627/2011/1597
f 1676/2066/1647 483/561/486 444/537/465
f 1660/2074/1654 1682/2025/1609 1661/2027/1611
f 1566/2075/1636 1524/2076/1487 1493/2077/1485
f 1504/1898/1496 1502/1900/1498 1736/2078/1655
f 1674/2065/1646 1675/2062/1643 1682/2025/1609
f 1682/2025/1609 1675/2062/1643 1649/1959/1552
f 1511/1881/1481 1488/1984/1574 1458/1872/1472
f 1674/2065/1646 483/561/486 1676/2066/1647
f 465/583/506 483/561/486 1660/2074/1654
f 1673/2059/1640 1676/2066/1647 1679/2060/1641
f 1585/1886/1486 1618/2072/1653 1629/1884/1484
f 1521/2041/1624 1615/2044/1627 1663/2067/1648
f 1664/1997/1585 1677/2079/1615 1540/1998/1586
f 1664/1997/1585 1669/2005/1591 1677/2079/1615
f 1676/2066/1647 444/537/465 486/569/494
f 1602/2000/1587 1627/2011/1597 1599/2010/1596
f 1585/1886/1486 1524/1887/1487 1615/2044/1627
f 1627/2011/1597 1619/2071/1652 1663/2067/1648
f 1602/2000/1587 1669/2005/1591 1619/2071/1652
f 1663/2067/1648 1615/2044/1627 1632/2080/1656
f 486/569/494 1679/2060/1641 1676/2066/1647
f 1615/2044/1627 1517/1996/1584 1585/1886/1486
f 1615/2044/1627 1521/2041/1624 1517/1996/1584
f 1682/2025/1609 1660/2074/1654 483/561/486
f 1641/2081/1657 1607/2008/1594 1489/2064/1645
f 465/583/506 1660/2074/1654 1423/2082/1453
f 1543/2083/1529 1522/2084/1658 1654/2085/1623
f 1648/2086/1659 1655/2087/1660 1650/2024/1608
f 1683/2088/1661 1668/2089/1662 1631/2090/1663
f 1560/2091/1664 1563/1971/1561 1631/2092/1663
f 1634/422/370 1668/2089/1662 1678/2056/1637
f 1634/422/370 1631/2090/1663 1668/2089/1662
f 1560/2093/1664 1631/2090/1663 1634/422/370
f 1682/2025/1609 1684/2070/1651 1674/2065/1646
f 1691/1970/1560 1683/2094/1661 1631/2092/1663
f 1631/2092/1663 1563/1971/1561 1691/1970/1560
f 1672/409/361 1560/2093/1664 1634/422/370
f 1560/2093/1664 1672/409/361 143/407/157
f 1675/2062/1643 1653/1950/1544 1649/1959/1552
f 1595/2015/1601 913/1130/961 897/1120/954
f 470/608/524 476/565/490 1583/2069/1650
f 1684/2095/1651 1682/2096/1609 483/2097/486
f 1565/1958/1551 1453/1957/1550 1668/2089/1662
f 1565/1958/1551 1668/2089/1662 1683/2088/1661
f 1557/2061/1642 1679/2060/1641 1681/2063/1644
f 451/550/477 432/536/464 1679/2060/1641
f 1522/2098/1658 1543/1934/1529 1484/1930/1525
f 1519/2099/1507 1423/2082/1453 1639/2100/1665
f 1586/2101/1666 1522/2084/1658 1519/2099/1507
f 1639/2100/1665 1423/2082/1453 1645/2102/1667
f 1659/2028/1612 1586/2101/1666 1686/2103/1668
f 1639/2100/1665 1586/2101/1666 1519/2099/1507
f 1639/2104/1665 1686/2105/1668 1586/2106/1666
f 1652/2107/1606 1406/1849/1452 1625/1909/1505
f 1625/1909/1505 1530/2108/1669 1623/2109/1670
f 1623/2110/1670 1405/2022/1423 1652/2021/1606
f 1623/2109/1670 1652/2107/1606 1625/1909/1505
f 1477/2111/1671 1448/1868/1468 1478/1870/1470
f 1714/2112/1672 916/2113/959 908/2001/857
f 1687/2114/1673 1691/2115/1560 1688/2116/1674
f 1576/1980/1570 1558/1976/1566 1690/2117/1675
f 1690/2117/1675 1688/2118/1674 1576/1980/1570
f 1515/1933/1528 1687/2114/1673 1597/2032/1616
f 1683/2088/1661 1691/2115/1560 1687/2114/1673
f 1597/2032/1616 1688/2116/1674 1690/2119/1675
f 1565/1958/1551 1687/2114/1673 1515/1933/1528
f 1691/1970/1560 1587/1973/1563 1688/2118/1674
f 1576/1980/1570 1688/2118/1674 1587/1973/1563
f 1688/2116/1674 1597/2032/1616 1687/2114/1673
f 1687/2114/1673 1565/1958/1551 1683/2088/1661
f 1656/2026/1610 1686/2103/1668 1639/2100/1665
f 1562/2036/1620 1637/2120/1676 1480/2121/1677
f 1612/1943/1537 1446/1875/1475 1589/1944/1538
f 1698/2122/1678 1708/2123/1679 1693/2124/1680
f 1612/1943/1537 1434/1837/1440 1446/1875/1475
f 1446/1875/1475 1434/1837/1440 1549/1945/1539
f 1707/2125/1681 1700/2126/1682 1697/2127/1683
f 1694/2128/1684 1703/2129/1685 1696/2130/1686
f 1470/1917/1513 1599/2010/1596 1626/2009/1595
f 1599/2010/1596 1470/1917/1513 1551/1956/1549
f 1741/1928/1523 1537/1895/1493 1695/2131/1687
f 1740/1966/1556 1708/2123/1679 1707/2125/1681
f 1702/2132/1688 1558/1976/1566 1697/2127/1683
f 1710/2133/1689 1599/2010/1596 1551/1956/1549
f 1562/2036/1620 1479/2035/1619 1536/2048/1631
f 1696/2130/1686 1692/2134/1690 1694/2128/1684
f 1562/2036/1620 1475/1935/1530 1553/1979/1569
f 1694/2128/1684 1692/2134/1690 1703/2129/1685
f 1713/1915/1511 1626/2009/1595 1601/2068/1649
f 1704/2135/1691 1695/2131/1687 1701/2136/1692
f 1696/2130/1686 1706/2137/1693 1700/2126/1682
f 1474/2138/1694 1536/2048/1631 1479/2035/1619
f 1710/2133/1689 1551/1956/1549 1564/1955/1548
f 1644/2023/1607 1654/2085/1623 1659/2028/1612
f 1741/1928/1523 1695/2131/1687 1704/2135/1691
f 1509/2139/1502 1692/2134/1690 1705/2140/1695
f 1474/2138/1694 1528/2049/1632 1536/2048/1631
f 913/1130/961 888/1099/939 891/1108/943
f 1620/2141/1696 1618/2072/1653 1593/1926/1521
f 1654/2085/1623 1680/2142/1697 1543/2083/1529
f 1523/1916/1512 1622/1961/1554 1712/2143/1698
f 1592/1925/1520 1712/2143/1698 1622/1961/1554
f 1626/2009/1595 1713/1915/1511 1470/1917/1513
f 1592/1925/1520 1527/2144/1699 1712/2143/1698
f 1592/1925/1520 1506/1924/1519 1527/2144/1699
f 1570/1965/1555 1671/2145/1700 1578/2146/1701
f 1558/1976/1566 1596/1975/1565 1707/2125/1681
f 1543/2083/1529 1680/2142/1697 1537/2147/1493
f 1699/2148/1702 1693/2124/1680 1704/2135/1691
f 1525/2149/1703 1651/2150/1704 1536/2048/1631
f 1709/2151/1705 1703/2129/1685 1692/2134/1690
f 1455/2152/1534 821/1012/872 1628/1019/877
f 1660/2074/1654 1645/2102/1667 1423/2082/1453
f 1499/1889/1489 1695/2131/1687 1537/1895/1493
f 1550/2153/1706 1617/2154/1707 1546/2007/1593
f 1680/2142/1697 1654/2085/1623 1662/2155/1708
f 1695/2131/1687 1705/2140/1695 1692/2134/1690
f 1708/2123/1679 1740/1966/1556 1693/2124/1680
f 1518/2156/963 1710/2133/1689 1564/1955/1548
f 1602/2000/1587 1599/2010/1596 1710/2133/1689
f 1714/2112/1672 908/2001/857 1602/2000/1587
f 1714/2112/1672 1518/2156/963 916/2113/959
f 1706/2137/1693 1697/2127/1683 1700/2126/1682
f 1602/2000/1587 1710/2133/1689 1714/2112/1672
f 1553/1979/1569 1468/1864/1464 1516/1947/1541
f 1518/2156/963 1714/2112/1672 1710/2133/1689
f 1581/2157/1709 307/2158/342 1715/2159/1639
f 1465/2054/1635 1566/2055/1636 1531/2004/1590
f 467/564/489 452/563/488 555/703/593
f 1695/2131/1687 1692/2134/1690 1696/2130/1686
f 1671/2145/1700 1570/1965/1555 1713/2160/1511
f 1713/1915/1511 1608/2161/1710 1671/2162/1700
f 1583/2069/1650 476/565/490 467/564/489
f 1601/2068/1649 1608/2161/1710 1713/1915/1511
f 1481/1232/1028 1452/1880/1480 467/564/489
f 1627/2011/1597 1601/2068/1649 1626/2009/1595
f 1698/2122/1678 1693/2124/1680 1699/2148/1702
f 1542/1896/1494 1405/1820/1423 1530/2108/1669
f 1745/2163/1711 1702/2132/1688 1703/2129/1685
f 1644/2023/1607 1466/1862/1462 1646/2164/1712
f 1699/2148/1702 1704/2135/1691 1701/2136/1692
f 1677/2079/1615 798/2165/1614 1455/1940/1534
f 1557/2061/1642 1583/2069/1650 1588/2014/1600
f 1643/2029/1613 1648/2086/1659 1650/2024/1608
f 1677/2079/1615 1669/2005/1591 801/2166/851
f 1583/2069/1650 1460/1879/1479 1588/2014/1600
f 1608/2161/1710 1663/2067/1648 1632/2080/1656
f 1698/2122/1678 1699/2148/1702 1708/2123/1679
f 1658/2167/1713 1657/2168/1622 1644/2023/1607
f 1522/2084/1658 1659/2028/1612 1654/2085/1623
f 1525/2149/1703 1536/2048/1631 1535/2047/1630
f 1522/2084/1658 1586/2101/1666 1659/2028/1612
f 1552/2169/1714 1479/2035/1619 1553/1979/1569
f 1654/2040/1623 1657/2039/1622 1662/2170/1708
f 1727/2171/1715 1657/2168/1622 1658/2167/1713
f 1471/1946/1540 1458/1872/1472 1716/1867/1467
f 1471/1946/1540 1482/1873/1473 1458/1872/1472
f 1707/2125/1681 1697/2127/1683 1558/1976/1566
f 1405/1820/1423 1542/1896/1494 1393/1821/1424
f 1594/379/340 1630/2045/1628 301/360/323
f 1637/2120/1676 1562/2036/1620 1651/2150/1704
f 1661/2027/1611 1656/2026/1610 1660/2074/1654
f 1708/2123/1679 1699/2148/1702 1701/2136/1692
f 1696/2130/1686 1700/2126/1682 1701/2136/1692
f 1528/2049/1632 1474/2138/1694 1508/2172/1518
f 1700/2126/1682 1708/2123/1679 1701/2136/1692
f 1477/2111/1671 913/1130/961 1448/1868/1468
f 1488/1984/1574 1461/1865/1465 1716/1867/1467
f 1623/2109/1670 1530/2108/1669 1405/1820/1423
f 286/362/325 1678/2056/1637 307/381/342
f 1740/1966/1556 1707/2125/1681 1568/1978/1568
f 1463/1866/1466 1461/1865/1465 1617/2154/1707
f 1715/2058/1639 307/381/342 1678/2056/1637
f 296/361/324 1581/2173/1709 285/373/334
f 1695/2131/1687 1495/1891/1491 1705/2140/1695
f 1696/2130/1686 1701/2136/1692 1695/2131/1687
f 1695/2131/1687 1499/1889/1489 1495/1891/1491
f 1581/2173/1709 1689/2174/1716 1598/2175/1717
f 1552/2169/1714 1553/1979/1569 1548/2176/1718
f 1581/2173/1709 1598/2175/1717 1463/1866/1466
f 1668/2089/1662 1453/1957/1550 1569/2177/1719
f 1719/1986/1576 1471/1946/1540 1598/2175/1717
f 1536/2048/1631 1651/2150/1704 1562/2036/1620
f 1637/2120/1676 1651/2150/1704 1729/2178/1720
f 1617/2154/1707 304/384/345 1594/379/340
f 342/416/368 1634/422/370 1678/2056/1637
f 1680/2142/1697 1497/1892/1490 1537/2147/1493
f 1703/2129/1685 1697/2127/1683 1706/2137/1693
f 1719/1986/1576 1569/2177/1719 1453/1957/1550
f 1453/1957/1550 1532/1871/1471 1457/1987/1577
f 1457/1987/1577 1471/1946/1540 1719/1986/1576
f 1707/2125/1681 1596/1975/1565 1568/1978/1568
f 285/373/334 1581/2173/1709 1463/1866/1466
f 1532/1871/1471 1453/1957/1550 1515/1933/1528
f 1624/2057/1638 1689/2174/1716 1715/2058/1639
f 1697/2127/1683 1703/2129/1685 1702/2132/1688
f 307/381/342 1581/2173/1709 296/361/324
f 1678/2056/1637 286/362/325 342/416/368
f 1471/1946/1540 1463/1866/1466 1598/2175/1717
f 1706/2137/1693 1696/2130/1686 1703/2129/1685
f 1624/2057/1638 1719/1986/1576 1689/2174/1716
f 1707/2125/1681 1708/2123/1679 1700/2126/1682
f 1598/2175/1717 1689/2174/1716 1719/1986/1576
f 1686/2103/1668 1648/2086/1659 1659/2028/1612
f 1689/2174/1716 1581/2173/1709 1715/2058/1639
f 1506/2179/1519 1474/2138/1694 1552/2169/1714
f 1545/1938/1532 1501/1876/1476 1446/1875/1475
f 1665/2180/1721 1605/1988/1578 1722/2181/1722
f 1546/2007/1593 1620/2141/1696 1550/2153/1706
f 1645/2102/1667 1660/2074/1654 1656/2026/1610
f 1723/1967/1557 1721/172/155 1605/1988/1578
f 1665/2180/1721 1573/1952/1546 1580/1951/1545
f 1601/2068/1649 1663/2067/1648 1608/2161/1710
f 1471/1946/1540 1457/1987/1577 1445/1948/1542
f 1722/2181/1722 1721/172/155 1720/179/161
f 1563/1971/1561 1717/2182/1723 1723/1967/1557
f 1463/1866/1466 1594/379/340 285/373/334
f 1435/1842/1445 1577/2183/1724 119/128/113
f 1720/179/161 1577/2183/1724 1724/2184/1725
f 1566/2055/1636 1465/2054/1635 1610/2019/1605
f 1480/2121/1677 1718/2185/1726 1459/1861/1461
f 1724/2184/1725 1665/2180/1721 1720/179/161
f 1617/2154/1707 1594/379/340 1463/1866/1466
f 1630/2045/1628 1594/379/340 304/384/345
f 1721/172/155 1717/2182/1723 147/173/156
f 1474/2138/1694 1506/2179/1519 1508/2172/1518
f 140/171/154 119/128/113 1720/179/161
f 1444/1854/1455 1466/1862/1462 1456/1855/1456
f 1656/2026/1610 1648/2086/1659 1686/2103/1668
f 1582/1942/1536 1724/2184/1725 1435/1842/1445
f 1501/1876/1476 1500/1918/1514 1443/1860/1454
f 1456/1855/1456 1466/1862/1462 1650/2024/1608
f 1573/1952/1546 1724/2184/1725 1582/1942/1536
f 143/175/157 147/173/156 1717/2182/1723
f 1560/2091/1664 1717/2182/1723 1563/1971/1561
f 1670/2046/1629 1477/2111/1671 1638/2186/1727
f 1638/2187/1727 1516/2188/1541 1670/2189/1629
f 1516/2188/1541 1711/2190/1474 888/2191/939
f 1670/2189/1629 1516/2188/1541 888/2191/939
f 304/384/345 1593/1926/1521 303/356/319
f 1663/2067/1648 1619/2071/1652 1521/2041/1624
f 1620/2141/1696 1546/2007/1593 1607/2008/1594
f 1488/1984/1574 1489/2064/1645 1607/2008/1594
f 1620/2141/1696 1641/2081/1657 1603/1981/1571
f 1490/1982/1572 1603/1981/1571 1641/2081/1657
f 1472/1878/1478 1647/1897/1495 1649/1959/1552
f 1620/2141/1696 1629/1884/1484 1618/2072/1653
f 1620/2141/1696 1607/2008/1594 1641/2081/1657
f 1620/2141/1696 1603/1981/1571 1629/1884/1484
f 1635/377/338 1618/2072/1653 1540/1998/1586
f 1490/1982/1572 1489/2064/1645 1487/2034/1618
f 304/384/345 1550/2153/1706 1593/1926/1521
f 1461/1865/1465 1488/1984/1574 1607/2008/1594
f 1593/1926/1521 1618/2072/1653 1635/377/338
f 1569/2177/1719 1624/2057/1638 1668/2089/1662
f 1550/2153/1706 304/384/345 1617/2154/1707
f 1668/2089/1662 1624/2057/1638 1678/2056/1637
f 1593/1926/1521 1550/2153/1706 1620/2141/1696
f 1721/172/155 1722/2181/1722 1605/1988/1578
f 1573/1952/1546 1665/2180/1721 1724/2184/1725
f 1577/2183/1724 1720/179/161 119/128/113
f 289/363/316 1455/1940/1534 1628/2192/877
f 1645/2102/1667 1656/2026/1610 1639/2100/1665
f 1644/2023/1607 1646/2164/1712 1658/2167/1713
f 1680/2142/1697 1662/2155/1708 1497/1892/1490
f 1718/2185/1726 1646/2164/1712 1466/1862/1462
f 1647/1897/1495 1655/2087/1660 1649/1959/1552
f 1734/2193/1728 1730/2194/1729 1728/2195/1730
f 1726/2196/1731 1728/2195/1730 1730/2194/1729
f 1610/2019/1605 1590/1920/1516 1451/2042/1625
f 821/1012/872 1455/2152/1534 798/2030/1614
f 1498/1893/1492 1732/2197/1732 1737/2198/1733
f 1496/1888/1488 1735/2199/1734 1705/2140/1695
f 1667/2002/1588 1547/2012/1598 1604/1983/1573
f 1604/1983/1573 1490/1982/1572 1667/2002/1588
f 1547/2012/1598 1493/1885/1485 1629/1884/1484
f 1487/2034/1618 1511/1881/1481 1491/1883/1483
f 1603/1981/1571 1604/1983/1573 1629/1884/1484
f 1490/1982/1572 1469/2037/1621 1667/2002/1588
f 1572/1989/1579 1556/1991/1581 1636/2200/1735
f 1505/1899/1497 1636/2200/1735 1616/2201/1583
f 1646/2164/1712 1718/2185/1726 1728/2195/1730
f 1651/2150/1704 1525/2149/1703 1666/2202/1736
f 1718/2185/1726 1466/1862/1462 1450/1927/1522
f 1569/2177/1719 1719/1986/1576 1624/2057/1638
f 1606/2016/1602 1642/1992/1582 1640/2003/1589
f 1452/1880/1480 1460/1879/1479 467/564/489
f 1671/2162/1700 1608/2161/1710 1632/2080/1656
f 1632/2080/1656 1578/2203/1701 1671/2162/1700
f 1609/2204/1604 1578/2146/1701 1633/2205/1626
f 1633/2043/1626 1578/2203/1701 1632/2080/1656
f 1615/2044/1627 1633/2043/1626 1632/2080/1656
f 1616/2201/1583 1636/2200/1735 1725/2206/1737
f 1650/2024/1608 1644/2023/1607 1643/2029/1613
f 1578/2146/1701 1571/1963/1553 1570/1965/1555
f 1578/2146/1701 1609/2204/1604 1571/1963/1553
f 1609/2204/1604 1633/2205/1626 1566/2075/1636
f 1566/2075/1636 1633/2205/1626 1524/2076/1487
f 1727/2171/1715 1646/2164/1712 1726/2196/1731
f 1553/1979/1569 1638/2186/1727 1548/2176/1718
f 1638/2186/1727 1477/2111/1671 1548/2176/1718
f 1477/2111/1671 1670/2046/1629 913/1130/961
f 1548/2176/1718 1478/1870/1470 1552/2169/1714
f 1477/2111/1671 1478/1870/1470 1548/2176/1718
f 1527/2207/1699 1552/2169/1714 1478/1870/1470
f 1498/1893/1492 1662/2155/1708 1726/2196/1731
f 1547/2012/1598 1629/1884/1484 1604/1983/1573
f 1497/1892/1490 1662/2155/1708 1498/1893/1492
f 1648/2086/1659 1656/2026/1610 1649/1959/1552
f 1526/2208/1738 1485/2209/1739 1544/2210/1740
f 1591/2211/1469 1513/1954/1526 1544/2210/1740
f 1551/1956/1549 1544/2210/1740 1513/1954/1526
f 1485/2209/1739 1712/2143/1698 1544/2210/1740
f 1560/2091/1664 143/175/157 1717/2182/1723
f 1551/1956/1549 1526/2208/1738 1544/2210/1740
f 1523/1916/1512 1712/2143/1698 1485/2209/1739
f 1712/2143/1698 1527/2144/1699 1544/2210/1740
f 1730/2194/1729 1732/2197/1732 1726/2196/1731
f 1658/2167/1713 1646/2164/1712 1727/2171/1715
f 1728/2195/1730 1726/2196/1731 1646/2164/1712
f 1717/2182/1723 1721/172/155 1723/1967/1557
f 1539/1937/1531 1513/1931/1526 1595/2015/1601
f 1595/2015/1601 1513/1931/1526 1448/1868/1468
f 1734/2193/1728 1728/2195/1730 1718/2185/1726
f 1539/1937/1531 1564/2212/1548 1513/1931/1526
f 1539/1937/1531 1595/2015/1601 897/1120/954
f 1518/2156/963 1564/1955/1548 1539/2213/1531
f 1731/2214/1741 1637/2120/1676 1729/2178/1720
f 1729/2178/1720 1666/2202/1736 1733/2215/1742
f 1483/1877/1477 1589/1944/1538 1446/1875/1475
f 1473/1882/1482 1458/1872/1472 1532/1871/1471
f 1726/2196/1731 1662/2155/1708 1727/2171/1715
f 1509/2139/1502 1735/2199/1734 1514/2216/1503
f 1496/1894/1488 1498/1893/1492 1737/2198/1733
f 1655/2087/1660 1647/1897/1495 1650/2024/1608
f 1737/2198/1733 1732/2197/1732 1730/2194/1729
f 1519/1911/1507 1522/2098/1658 1484/1930/1525
f 1514/1907/1503 1736/2078/1655 1502/1900/1498
f 1649/1959/1552 1655/2087/1660 1648/2086/1659
f 1496/1894/1488 1737/2198/1733 1735/2217/1734
f 1541/1939/1533 1540/1998/1586 1677/2079/1615
f 766/351/314 289/353/316 1628/1019/877
f 1731/2214/1741 1729/2178/1720 1733/2215/1742
f 1659/2028/1612 1648/2086/1659 1643/2029/1613
f 1479/2035/1619 1552/2169/1714 1474/2138/1694
f 1506/2179/1519 1552/2169/1714 1527/2207/1699
f 1480/2121/1677 1459/1861/1461 1475/1935/1530
f 1498/1893/1492 1726/2196/1731 1732/2197/1732
f 798/2030/1614 801/990/851 821/1012/872
f 290/365/326 1635/377/338 1540/1998/1586
f 1580/1951/1545 1605/1988/1578 1665/2180/1721
f 1443/1860/1454 1738/2218/1743 1743/2219/1744
f 1730/2194/1729 1733/2215/1742 1737/2198/1733
f 1705/2220/1695 1495/2221/1491 1496/2222/1488
f 806/1999/852 801/2166/851 1669/2005/1591
f 1635/377/338 290/365/326 292/376/337
f 1530/2108/1669 1625/1909/1505 1739/2223/1745
f 290/365/326 1540/1998/1586 1541/1939/1533
f 1509/2139/1502 1705/2140/1695 1735/2199/1734
f 1741/1928/1523 1704/2135/1691 1742/1977/1567
f 1742/1977/1567 1743/2219/1744 1739/2223/1745
f 1741/1928/1523 1742/1977/1567 1538/1929/1524
f 1733/2215/1742 1514/2224/1503 1735/2217/1734
f 1611/1912/1508 1555/1949/1543 1491/1883/1483
f 1722/2181/1722 1720/179/161 1665/2180/1721
f 1443/1860/1454 1743/2219/1744 1483/1877/1477
f 1530/2108/1669 1738/2218/1743 1542/1896/1494
f 1637/2120/1676 1734/2193/1728 1480/2121/1677
f 1478/1870/1470 1591/1869/1469 1527/2207/1699
f 1733/2215/1742 1666/2202/1736 1736/2225/1655
f 1740/1966/1556 1483/1877/1477 1743/2219/1744
f 1743/2219/1744 1704/2135/1691 1693/2124/1680
f 1733/2215/1742 1730/2194/1729 1731/2214/1741
f 1738/2218/1743 1739/2223/1745 1743/2219/1744
f 1693/2124/1680 1740/1966/1556 1743/2219/1744
f 1662/2155/1708 1657/2168/1622 1727/2171/1715
f 1406/1849/1452 1412/599/519 1423/1850/1453
f 1443/2226/1454 1462/2227/1460 1542/2228/1494
f 1514/2224/1503 1733/2215/1742 1736/2225/1655
f 1568/1978/1568 1575/1941/1535 1740/1966/1556
f 1556/1991/1581 1725/2206/1737 1636/2200/1735
f 1606/2016/1602 1667/2002/1588 1469/2037/1621
f 1739/2223/1745 1625/1909/1505 1484/1930/1525
f 1729/2178/1720 1651/2150/1704 1666/2202/1736
f 1625/1909/1505 1519/1911/1507 1484/1930/1525
f 1709/2151/1705 1692/2134/1690 1746/2229/1504
f 1702/2132/1688 1690/2117/1675 1558/1976/1566
f 1747/2230/1746 1616/2201/1583 1725/2206/1737
f 1502/1900/1498 1503/1901/1499 1510/1905/1501
f 1747/2230/1746 1725/2206/1737 1494/1913/1509
f 1709/2231/1705 1746/1908/1504 1744/2232/1747
f 1747/2230/1746 1494/1913/1509 1744/2232/1747
f 1554/2033/1617 1690/2119/1675 1745/2233/1711
f 1744/2232/1747 1554/2033/1617 1745/2233/1711
f 1510/1905/1501 1503/1901/1499 1746/1908/1504
f 1744/2232/1747 1746/1908/1504 1503/1901/1499
f 1703/2129/1685 1709/2151/1705 1745/2163/1711
f 1746/2229/1504 1692/2134/1690 1509/2139/1502
f 1744/2232/1747 1503/1901/1499 1747/2230/1746
f 1614/2234/1500 1747/2230/1746 1503/1901/1499
f 1734/2193/1728 1731/2214/1741 1730/2194/1729
f 1690/2119/1675 1554/2033/1617 1597/2032/1616
f 1616/2201/1583 1747/2230/1746 1614/2234/1500
f 1739/2223/1745 1484/1930/1525 1742/1977/1567
f 1745/2163/1711 1690/2117/1675 1702/2132/1688
f 1494/1913/1509 1554/2033/1617 1744/2232/1747
f 1744/2232/1747 1745/2233/1711 1709/2231/1705
f 1494/1913/1509 1725/2206/1737 1486/1914/1510
f 1556/1991/1581 1486/1914/1510 1725/2206/1737
f 1642/1992/1582 1486/1914/1510 1556/1991/1581
f 1733/2215/1742 1735/2217/1734 1737/2198/1733
f 1504/1898/1496 1736/2078/1655 1750/2235/1748
f 1583/2069/1650 467/564/489 1584/2236/1749
f 1704/2135/1691 1743/2219/1744 1742/1977/1567
f 1529/2053/1634 1528/2050/1632 1508/1923/1518
f 1637/2120/1676 1731/2214/1741 1734/2193/1728
f 1750/2237/1748 1666/2202/1736 1752/2238/1750
f 1666/2202/1736 1750/2237/1748 1736/2225/1655
f 1504/1898/1496 1749/2239/1751 1748/2240/1752
f 1748/2240/1752 1613/1990/1580 1572/1989/1579
f 1535/2052/1630 1752/2241/1750 1525/2242/1703
f 1443/1860/1454 1542/1896/1494 1738/2218/1743
f 1666/2243/1736 1525/2242/1703 1752/2241/1750
f 1752/2241/1750 1749/2239/1751 1750/2235/1748
f 1739/2223/1745 1738/2218/1743 1530/2108/1669
f 1751/2006/1592 1749/2239/1751 1752/2241/1750
f 1752/2241/1750 1535/2052/1630 1751/2006/1592
f 1476/1921/1517 1640/2003/1589 1613/1990/1580
f 1749/2239/1751 1751/2006/1592 1748/2240/1752
f 1480/2121/1677 1734/2193/1728 1718/2185/1726
f 1751/2006/1592 1613/1990/1580 1748/2240/1752
f 1636/2200/1735 1504/1898/1496 1748/2240/1752
f 1526/2208/1738 1551/1956/1549 1470/1917/1513
f 1750/2235/1748 1749/2239/1751 1504/1898/1496
f 1505/1899/1497 1504/1898/1496 1636/2200/1735
f 1613/1990/1580 1640/2003/1589 1642/1992/1582
f 1724/2184/1725 1577/2183/1724 1435/1842/1445
f 470/608/524 1583/2069/1650 1681/2063/1644
f 894/1106/937 1711/2190/1474 1685/1102/941
f 1545/2244/1532 1446/2245/1475 1442/2246/1416
f 894/1106/937 888/2191/939 1711/2190/1474
f 1685/2073/941 1711/1874/1474 1447/1863/1463
f 1591/2211/1469 1544/2210/1740 1527/2144/1699
f 1481/1232/1028 555/703/593 554/678/576
f 467/564/489 1460/1879/1479 1584/2236/1749
f 1480/2121/1677 1475/1935/1530 1562/2036/1620
f 1541/1939/1533 1677/2079/1615 1455/1940/1534
f 1584/2236/1749 1460/1879/1479 1583/2069/1650
f 1640/2003/1589 1667/2002/1588 1606/2016/1602
f 1669/2005/1591 1664/1997/1585 1619/2071/1652
f 1718/2185/1726 1450/1927/1522 1459/1861/1461
f 1549/1945/1539 1404/1812/1415 1446/1875/1475
f 1618/2072/1653 1585/1886/1486 1517/1996/1584
f 1617/2154/1707 1461/1865/1465 1546/2007/1593
f 1526/2208/1738 1470/1917/1513 1485/2209/1739
f 1641/2081/1657 1489/2064/1645 1490/1982/1572
f 1464/1858/1459 1481/1232/1028 984/1234/1024
f 1470/1917/1513 1523/1916/1512 1485/2209/1739
f 1516/1947/1541 1638/2186/1727 1553/1979/1569
f 1593/1926/1521 1635/377/338 1533/355/318
f 1748/2240/1752 1572/1989/1579 1636/2200/1735
f 1446/1875/1475 1404/1812/1415 1442/1813/1416
