# Blender 5.0.1
# www.blender.org
o Tables_Dining_Wooden_02.001
v -0.637871 -0.217922 0.729823
v -0.636417 -0.218549 0.729892
v -0.635873 -0.215286 0.731919
v -0.637776 -0.218969 0.729827
v -0.637504 -0.217339 0.730839
v -0.637416 -0.218351 0.730801
v -0.636244 -0.217882 0.730899
v -0.637242 -0.219199 0.729853
v -0.637040 -0.218513 0.730819
v -0.636771 -0.216371 0.731609
v -0.636045 -0.216684 0.731643
v -0.636900 -0.217669 0.731343
v -0.637871 0.220336 0.729823
v -0.635873 0.217632 0.731919
v -0.636431 0.220948 0.729891
v -0.637502 0.219734 0.730839
v -0.637780 0.221390 0.729827
v -0.637418 0.220753 0.730801
v -0.636050 0.219047 0.731643
v -0.636768 0.218741 0.731609
v -0.636902 0.220055 0.731343
v -0.637252 0.221614 0.729852
v -0.636254 0.220264 0.730899
v -0.637046 0.220912 0.730819
v -0.637871 -0.217922 0.701916
v -0.635871 -0.215282 0.699916
v -0.636417 -0.218549 0.701916
v -0.637504 -0.217338 0.700917
v -0.637776 -0.218969 0.701916
v -0.637416 -0.218350 0.700960
v -0.636043 -0.216682 0.700183
v -0.636769 -0.216369 0.700183
v -0.636899 -0.217668 0.700443
v -0.637242 -0.219199 0.701916
v -0.636244 -0.217881 0.700917
v -0.637040 -0.218512 0.700960
v -0.637871 0.220336 0.701916
v -0.636431 0.220948 0.701916
v -0.635871 0.217628 0.699916
v -0.637781 0.221391 0.701916
v -0.637501 0.219733 0.700917
v -0.637418 0.220753 0.700960
v -0.636254 0.220263 0.700917
v -0.637252 0.221615 0.701916
v -0.637046 0.220911 0.700960
v -0.636767 0.218739 0.700183
v -0.636048 0.219044 0.700183
v -0.636901 0.220053 0.700443
v -0.599268 -0.180711 0.699916
v -0.597268 -0.181573 0.701916
v -0.598268 -0.181142 0.700184
v -0.597536 -0.181458 0.700916
v -0.599268 0.182318 0.699916
v -0.597268 0.183168 0.701916
v -0.598268 0.182743 0.700184
v -0.597536 0.183054 0.700916
v -0.599266 -0.180710 0.733670
v -0.597268 -0.181573 0.731765
v -0.598267 -0.181142 0.733450
v -0.597536 -0.181457 0.732752
v -0.599266 0.182317 0.733670
v -0.597268 0.183168 0.731765
v -0.598267 0.182743 0.733450
v -0.597536 0.183054 0.732752
v -0.635873 0.022070 0.731919
v -0.637871 0.022036 0.729823
v -0.636872 0.022053 0.731603
v -0.637603 0.022041 0.730836
v -0.637871 -0.019623 0.729823
v -0.635873 -0.019696 0.731919
v -0.637603 -0.019632 0.730836
v -0.636872 -0.019659 0.731603
v -0.635871 -0.019696 0.699916
v -0.637871 -0.019623 0.701916
v -0.636871 -0.019659 0.700184
v -0.637603 -0.019632 0.700916
v -0.637871 0.022036 0.701916
v -0.635871 0.022070 0.699916
v -0.637603 0.022041 0.700916
v -0.636871 0.022053 0.700184
v -0.595268 -0.021120 0.701916
v -0.597268 -0.023120 0.701916
v -0.599268 -0.019120 0.699916
v -0.596250 -0.021416 0.701916
v -0.596540 -0.020826 0.700939
v -0.596934 -0.021121 0.700969
v -0.597562 -0.021849 0.700939
v -0.596972 -0.022138 0.701916
v -0.597267 -0.021454 0.700969
v -0.597997 -0.020097 0.700210
v -0.598291 -0.020391 0.700210
v -0.597604 -0.020784 0.700432
v -0.595268 0.022714 0.701916
v -0.599268 0.020714 0.699916
v -0.597268 0.024714 0.701916
v -0.596540 0.022420 0.700939
v -0.596250 0.023011 0.701916
v -0.596934 0.022716 0.700969
v -0.598291 0.021985 0.700210
v -0.597997 0.021692 0.700210
v -0.597604 0.022378 0.700432
v -0.596972 0.023733 0.701916
v -0.597562 0.023443 0.700939
v -0.597267 0.023048 0.700969
v -0.595268 -0.021120 0.731765
v -0.599266 -0.019120 0.733718
v -0.597268 -0.023120 0.731765
v -0.596539 -0.020826 0.732736
v -0.596250 -0.021416 0.731765
v -0.596934 -0.021121 0.732707
v -0.598290 -0.020390 0.733447
v -0.597995 -0.020097 0.733447
v -0.597603 -0.020784 0.733236
v -0.596972 -0.022138 0.731765
v -0.597562 -0.021848 0.732736
v -0.597266 -0.021453 0.732707
v -0.595268 0.022714 0.731765
v -0.597268 0.024714 0.731765
v -0.599266 0.020714 0.733718
v -0.596250 0.023011 0.731765
v -0.596539 0.022420 0.732736
v -0.596934 0.022716 0.732707
v -0.597562 0.023442 0.732736
v -0.596972 0.023733 0.731765
v -0.597266 0.023048 0.732707
v -0.597995 0.021692 0.733447
v -0.598290 0.021985 0.733447
v -0.597603 0.022378 0.733236
v 0.637871 -0.217922 0.729823
v 0.635873 -0.215286 0.731919
v 0.636417 -0.218549 0.729892
v 0.637504 -0.217339 0.730839
v 0.637776 -0.218969 0.729827
v 0.637416 -0.218351 0.730801
v 0.636045 -0.216684 0.731643
v 0.636771 -0.216371 0.731609
v 0.636900 -0.217669 0.731343
v 0.637242 -0.219199 0.729853
v 0.636244 -0.217882 0.730899
v 0.637040 -0.218513 0.730819
v 0.637871 0.220336 0.729823
v 0.636431 0.220948 0.729891
v 0.635873 0.217632 0.731919
v 0.637780 0.221390 0.729827
v 0.637502 0.219734 0.730839
v 0.637418 0.220754 0.730801
v 0.636254 0.220264 0.730899
v 0.637252 0.221614 0.729852
v 0.637046 0.220912 0.730819
v 0.636768 0.218741 0.731609
v 0.636050 0.219047 0.731643
v 0.636902 0.220055 0.731343
v 0.637871 -0.217922 0.701916
v 0.636417 -0.218549 0.701916
v 0.635871 -0.215282 0.699916
v 0.637776 -0.218969 0.701916
v 0.637504 -0.217338 0.700917
v 0.637416 -0.218350 0.700960
v 0.636244 -0.217881 0.700917
v 0.637242 -0.219199 0.701916
v 0.637040 -0.218512 0.700960
v 0.636769 -0.216369 0.700183
v 0.636043 -0.216682 0.700183
v 0.636899 -0.217668 0.700443
v 0.637871 0.220336 0.701916
v 0.635871 0.217628 0.699916
v 0.636431 0.220948 0.701916
v 0.637501 0.219733 0.700917
v 0.637781 0.221391 0.701916
v 0.637418 0.220753 0.700960
v 0.636048 0.219044 0.700183
v 0.636767 0.218739 0.700183
v 0.636901 0.220053 0.700443
v 0.637252 0.221615 0.701916
v 0.636254 0.220263 0.700917
v 0.637046 0.220911 0.700960
v 0.599268 -0.180711 0.699916
v 0.597268 -0.181573 0.701916
v 0.598268 -0.181142 0.700184
v 0.597536 -0.181458 0.700916
v 0.599268 0.182318 0.699916
v 0.597268 0.183168 0.701916
v 0.598268 0.182743 0.700184
v 0.597536 0.183054 0.700916
v 0.599266 -0.180710 0.733670
v 0.597268 -0.181573 0.731765
v 0.598267 -0.181142 0.733450
v 0.597536 -0.181457 0.732752
v 0.599266 0.182317 0.733670
v 0.597268 0.183168 0.731765
v 0.598267 0.182743 0.733450
v 0.597536 0.183054 0.732752
v 0.000000 0.022714 0.701916
v 0.000000 0.020714 0.699916
v 0.000000 0.022446 0.700916
v 0.000000 0.021714 0.700184
v 0.000000 -0.019120 0.699916
v 0.000000 -0.021120 0.701916
v 0.000000 -0.020120 0.700184
v 0.000000 -0.020852 0.700916
v 0.000000 0.020714 0.733765
v 0.000000 0.022714 0.731765
v 0.000000 0.021714 0.733498
v 0.000000 0.022446 0.732765
v 0.000000 -0.021120 0.731765
v 0.000000 -0.019120 0.733765
v 0.000000 -0.020852 0.732765
v 0.000000 -0.020120 0.733498
v 0.637871 0.022036 0.729823
v 0.635873 0.022070 0.731919
v 0.637603 0.022041 0.730836
v 0.636872 0.022053 0.731603
v 0.635873 -0.019696 0.731919
v 0.637871 -0.019623 0.729823
v 0.636872 -0.019659 0.731603
v 0.637603 -0.019632 0.730836
v 0.637871 -0.019623 0.701916
v 0.635871 -0.019696 0.699916
v 0.637603 -0.019632 0.700916
v 0.636871 -0.019659 0.700184
v 0.635871 0.022070 0.699916
v 0.637871 0.022036 0.701916
v 0.636871 0.022053 0.700184
v 0.637603 0.022041 0.700916
v 0.595268 -0.021120 0.701916
v 0.599268 -0.019120 0.699916
v 0.597268 -0.023120 0.701916
v 0.596540 -0.020826 0.700939
v 0.596250 -0.021416 0.701916
v 0.596934 -0.021121 0.700969
v 0.598291 -0.020391 0.700210
v 0.597997 -0.020097 0.700210
v 0.597604 -0.020784 0.700432
v 0.596972 -0.022138 0.701916
v 0.597562 -0.021849 0.700939
v 0.597267 -0.021454 0.700969
v 0.595268 0.022714 0.701916
v 0.597268 0.024714 0.701916
v 0.599268 0.020714 0.699916
v 0.596250 0.023011 0.701916
v 0.596540 0.022420 0.700939
v 0.596934 0.022716 0.700969
v 0.597562 0.023443 0.700939
v 0.596972 0.023733 0.701916
v 0.597267 0.023048 0.700969
v 0.597997 0.021692 0.700210
v 0.598291 0.021985 0.700210
v 0.597604 0.022378 0.700432
v 0.595268 -0.021120 0.731765
v 0.597268 -0.023120 0.731765
v 0.599266 -0.019120 0.733718
v 0.596250 -0.021416 0.731765
v 0.596539 -0.020826 0.732736
v 0.596934 -0.021121 0.732707
v 0.597562 -0.021848 0.732736
v 0.596972 -0.022138 0.731765
v 0.597266 -0.021453 0.732707
v 0.597995 -0.020097 0.733447
v 0.598290 -0.020390 0.733447
v 0.597603 -0.020784 0.733236
v 0.595268 0.022714 0.731765
v 0.599266 0.020714 0.733718
v 0.597268 0.024714 0.731765
v 0.596539 0.022420 0.732736
v 0.596250 0.023011 0.731765
v 0.596934 0.022716 0.732707
v 0.598290 0.021985 0.733447
v 0.597995 0.021692 0.733447
v 0.597603 0.022378 0.733236
v 0.596972 0.023733 0.731765
v 0.597562 0.023442 0.732736
v 0.597266 0.023048 0.732707
v -0.588828 0.022714 0.731765
v -0.590085 0.022421 0.732736
v -0.591525 0.021692 0.733448
v -0.592782 0.020714 0.733718
v -0.588828 0.022714 0.701916
v -0.590085 0.022421 0.700938
v -0.591527 0.021692 0.700210
v -0.592785 0.020714 0.699916
v -0.588828 -0.021120 0.731765
v -0.590085 -0.020826 0.732736
v -0.591525 -0.020097 0.733448
v -0.592782 -0.019120 0.733718
v -0.588828 -0.021120 0.701916
v -0.590085 -0.020826 0.700938
v -0.591527 -0.020097 0.700210
v -0.592785 -0.019120 0.699916
v -0.635873 -0.027846 0.731919
v -0.636868 -0.027856 0.731603
v -0.637599 -0.027870 0.730836
v -0.637871 -0.027885 0.729823
v -0.635871 -0.027846 0.699916
v -0.636866 -0.027856 0.700184
v -0.637599 -0.027870 0.700916
v -0.637871 -0.027885 0.701916
v -0.597268 -0.029722 0.731765
v -0.597561 -0.028498 0.732736
v -0.598289 -0.027088 0.733447
v -0.599266 -0.025853 0.733716
v -0.597268 -0.029722 0.701916
v -0.597561 -0.028499 0.700938
v -0.598290 -0.027089 0.700209
v -0.599268 -0.025853 0.699916
v -0.635873 0.033526 0.731919
v -0.636866 0.033575 0.731603
v -0.637597 0.033621 0.730836
v -0.637871 0.033653 0.729823
v -0.635871 0.033525 0.699916
v -0.636864 0.033575 0.700184
v -0.637597 0.033621 0.700916
v -0.637871 0.033653 0.701916
v -0.597268 0.033996 0.731765
v -0.597561 0.032792 0.732736
v -0.598289 0.031402 0.733447
v -0.599266 0.030181 0.733715
v -0.597268 0.033996 0.701916
v -0.597561 0.032793 0.700937
v -0.598290 0.031402 0.700208
v -0.599268 0.030181 0.699916
v -0.636775 -0.208748 0.731608
v -0.637508 -0.209677 0.730839
v -0.637871 -0.210237 0.729823
v -0.635871 -0.207702 0.699916
v -0.597537 -0.175272 0.732752
v -0.598268 -0.174912 0.733449
v -0.599266 -0.174448 0.733672
v -0.597268 -0.175432 0.701916
v -0.635873 -0.207706 0.731919
v -0.636773 -0.208745 0.700183
v -0.637507 -0.209676 0.700917
v -0.637871 -0.210237 0.701916
v -0.597268 -0.175432 0.731765
v -0.597537 -0.175272 0.700917
v -0.598269 -0.174912 0.700185
v -0.599268 -0.174448 0.699916
v -0.635873 0.203227 0.731919
v -0.636774 0.204251 0.700183
v -0.637508 0.205171 0.700917
v -0.637871 0.205730 0.701916
v -0.597268 0.171496 0.731765
v -0.597538 0.171297 0.700918
v -0.598270 0.170902 0.700186
v -0.599268 0.170415 0.699916
v -0.636776 0.204254 0.731608
v -0.637509 0.205172 0.730839
v -0.637871 0.205730 0.729823
v -0.635871 0.203223 0.699916
v -0.597538 0.171297 0.732751
v -0.598269 0.170901 0.733449
v -0.599266 0.170414 0.733673
v -0.597268 0.171496 0.701916
v -0.604914 -0.188795 0.701916
v -0.605096 -0.188571 0.700916
v -0.605646 -0.188083 0.700184
v -0.606417 -0.187463 0.699916
v -0.604917 0.190546 0.701916
v -0.605098 0.190321 0.700916
v -0.605647 0.189833 0.700184
v -0.606417 0.189214 0.699916
v -0.606416 0.189214 0.733328
v -0.605646 0.189833 0.733097
v -0.605098 0.190321 0.732390
v -0.604917 0.190546 0.731399
v -0.604914 -0.188795 0.731399
v -0.605096 -0.188571 0.732390
v -0.605645 -0.188083 0.733097
v -0.606416 -0.187463 0.733328
v -0.606416 -0.019232 0.733366
v -0.606416 0.020979 0.733366
v -0.606417 -0.019232 0.699916
v -0.606417 0.020979 0.699916
v -0.606416 -0.026242 0.733365
v -0.606417 -0.026242 0.699916
v -0.606416 0.030834 0.733364
v -0.606417 0.030834 0.699916
v -0.606417 -0.180943 0.699916
v -0.606416 -0.180943 0.733329
v -0.606416 0.176822 0.733331
v -0.606417 0.176822 0.699916
v -0.632917 -0.215244 0.701916
v -0.632793 0.216936 0.700917
v -0.632671 0.215799 0.700183
v -0.632599 0.214471 0.699916
v -0.632672 0.215801 0.731804
v -0.632793 0.216937 0.731064
v -0.632930 0.217570 0.730059
v -0.632784 -0.214626 0.731065
v -0.632668 -0.213507 0.731804
v -0.632600 -0.212195 0.732075
v -0.632600 -0.019645 0.732080
v -0.632599 0.021949 0.699916
v -0.632600 -0.027668 0.732079
v -0.632600 0.033227 0.732079
v -0.632600 -0.204733 0.732075
v -0.632600 0.200293 0.732075
v -0.632784 -0.214625 0.700917
v -0.632667 -0.213505 0.700183
v -0.632599 -0.212192 0.699916
v -0.632930 0.217570 0.701916
v -0.632600 0.214475 0.732075
v -0.632917 -0.215244 0.730059
v -0.632600 0.021948 0.732080
v -0.632599 -0.019645 0.699916
v -0.632599 -0.027668 0.699916
v -0.632599 0.033226 0.699916
v -0.632599 -0.204730 0.699916
v -0.632599 0.200290 0.699916
v 0.592967 0.020714 0.733718
v 0.591710 0.021692 0.733448
v 0.590269 0.022421 0.732736
v 0.589012 0.022714 0.731765
v 0.592970 0.020714 0.699916
v 0.591712 0.021692 0.700210
v 0.590269 0.022421 0.700938
v 0.589012 0.022714 0.701916
v 0.592967 -0.019120 0.733718
v 0.591710 -0.020097 0.733448
v 0.590269 -0.020826 0.732736
v 0.589012 -0.021120 0.731765
v 0.592970 -0.019120 0.699916
v 0.591712 -0.020097 0.700210
v 0.590269 -0.020826 0.700938
v 0.589012 -0.021120 0.701916
v 0.637871 -0.026519 0.729823
v 0.637599 -0.026508 0.730836
v 0.636868 -0.026500 0.731603
v 0.635873 -0.026498 0.731919
v 0.637871 -0.026519 0.701916
v 0.637599 -0.026508 0.700916
v 0.636867 -0.026500 0.700184
v 0.635871 -0.026498 0.699916
v 0.599266 -0.024739 0.733716
v 0.598289 -0.025980 0.733447
v 0.597561 -0.027398 0.732736
v 0.597268 -0.028630 0.731765
v 0.599268 -0.024739 0.699916
v 0.598290 -0.025981 0.700209
v 0.597561 -0.027399 0.700938
v 0.597268 -0.028630 0.701916
v 0.637509 -0.207475 0.730839
v 0.636776 -0.206556 0.731608
v 0.635873 -0.205527 0.731919
v 0.637871 -0.208028 0.701916
v 0.598268 -0.173121 0.733449
v 0.597537 -0.173494 0.732751
v 0.597268 -0.173667 0.731765
v 0.599268 -0.172648 0.699916
v 0.637871 -0.208028 0.729823
v 0.637508 -0.207474 0.700917
v 0.636774 -0.206554 0.700183
v 0.635871 -0.205524 0.699916
v 0.599266 -0.172648 0.733672
v 0.598270 -0.173121 0.700185
v 0.597538 -0.173494 0.700917
v 0.597268 -0.173667 0.701916
v 0.637871 0.210492 0.729823
v 0.637507 0.209920 0.730839
v 0.636773 0.208977 0.731608
v 0.635873 0.207923 0.731919
v 0.637871 0.210492 0.701916
v 0.637506 0.209919 0.700917
v 0.636772 0.208975 0.700183
v 0.635871 0.207920 0.699916
v 0.599266 0.174295 0.733672
v 0.598268 0.174762 0.733449
v 0.597537 0.175130 0.732751
v 0.597268 0.175301 0.731765
v 0.599268 0.174295 0.699916
v 0.598270 0.174762 0.700185
v 0.597538 0.175130 0.700917
v 0.597268 0.175301 0.701916
v 0.637599 0.028831 0.730836
v 0.636868 0.028808 0.731603
v 0.635873 0.028786 0.731919
v 0.637871 0.028847 0.701916
v 0.598289 0.027506 0.733447
v 0.597561 0.028924 0.732736
v 0.597268 0.030156 0.731765
v 0.599268 0.026265 0.699916
v 0.637871 0.028847 0.729823
v 0.637599 0.028831 0.700916
v 0.636867 0.028808 0.700184
v 0.635871 0.028786 0.699916
v 0.599266 0.026265 0.733716
v 0.598290 0.027507 0.700209
v 0.597561 0.028925 0.700938
v 0.597268 0.030156 0.701916
v 0.629877 -0.209621 0.699916
v 0.629858 -0.210862 0.700183
v 0.629905 -0.211916 0.700917
v 0.630006 -0.212494 0.701916
v 0.629877 0.211846 0.699916
v 0.629861 0.213100 0.700183
v 0.629914 0.214170 0.700917
v 0.630018 0.214761 0.701916
v 0.630018 0.214761 0.730198
v 0.629914 0.214170 0.731202
v 0.629862 0.213102 0.731939
v 0.629878 0.211849 0.732205
v 0.629878 -0.209624 0.732205
v 0.629859 -0.210864 0.731939
v 0.629906 -0.211917 0.731203
v 0.630006 -0.212494 0.730199
v 0.629878 -0.019602 0.732213
v 0.629878 0.021848 0.732213
v 0.629877 -0.019602 0.699916
v 0.629877 0.021848 0.699916
v 0.629878 -0.026210 0.732213
v 0.629877 -0.026210 0.699916
v 0.629877 -0.200140 0.699916
v 0.629878 -0.200143 0.732206
v 0.629878 0.202416 0.732206
v 0.629877 0.202413 0.699916
v 0.629877 0.028373 0.699916
v 0.629878 0.028373 0.732213
v 0.603027 -0.185619 0.700184
v 0.602412 -0.186046 0.700916
v 0.602200 -0.186231 0.701916
v 0.603879 0.186766 0.699916
v 0.602202 0.187927 0.731529
v 0.603877 -0.185066 0.733449
v 0.603877 -0.019192 0.733491
v 0.603879 0.020885 0.699916
v 0.603877 -0.024961 0.733490
v 0.603877 -0.176789 0.733451
v 0.603877 0.178531 0.733451
v 0.603877 0.026582 0.733490
v 0.603879 -0.185066 0.699916
v 0.603027 0.187315 0.700184
v 0.602413 0.187741 0.700916
v 0.602202 0.187927 0.701916
v 0.602413 0.187741 0.732519
v 0.603027 0.187316 0.733222
v 0.603877 0.186766 0.733449
v 0.603026 -0.185619 0.733222
v 0.602412 -0.186046 0.732519
v 0.602200 -0.186231 0.731529
v 0.603877 0.020885 0.733491
v 0.603879 -0.019192 0.699916
v 0.603879 -0.024961 0.699916
v 0.603879 -0.176790 0.699916
v 0.603879 0.178531 0.699916
v 0.603879 0.026582 0.699916
v -0.637871 0.018160 0.729823
v -0.637871 -0.015746 0.729823
v -0.637603 0.018157 0.730836
v -0.637603 -0.015749 0.730836
v -0.636872 0.018150 0.731603
v -0.636872 -0.015756 0.731603
v -0.635873 -0.015766 0.731919
v -0.635873 0.018140 0.731919
v -0.637871 -0.015746 0.701916
v -0.637871 0.018160 0.701916
v -0.637603 -0.015749 0.700916
v -0.637603 0.018157 0.700916
v -0.636871 -0.015756 0.700184
v -0.636871 0.018150 0.700184
v -0.635871 -0.015766 0.699916
v -0.635871 0.018140 0.699916
v 0.635873 0.018140 0.731919
v 0.635873 -0.015766 0.731919
v 0.636872 0.018150 0.731603
v 0.636872 -0.015756 0.731603
v 0.637603 0.018157 0.730836
v 0.637603 -0.015749 0.730836
v 0.637871 -0.015746 0.729823
v 0.637871 0.018160 0.729823
v 0.635871 0.018140 0.699916
v 0.635871 -0.015766 0.699916
v 0.636871 -0.015756 0.700184
v 0.636871 0.018150 0.700184
v 0.637603 -0.015749 0.700916
v 0.637603 0.018157 0.700916
v 0.637871 0.018160 0.701916
v 0.637871 -0.015746 0.701916
v -0.599266 -0.016156 0.733718
v -0.599266 0.017750 0.733718
v -0.599268 -0.016156 0.699916
v -0.599268 0.017750 0.699916
v 0.000000 -0.016156 0.699916
v 0.000000 0.017750 0.699916
v 0.000000 0.017750 0.733765
v 0.000000 -0.016156 0.733765
v 0.599268 0.017750 0.699916
v 0.599268 -0.016156 0.699916
v 0.599266 0.017750 0.733718
v 0.599266 -0.016156 0.733718
v -0.592785 0.017750 0.699916
v -0.592785 -0.016156 0.699916
v -0.592782 -0.016156 0.733718
v -0.592782 0.017750 0.733718
v -0.606417 0.017826 0.699916
v -0.606417 -0.016080 0.699916
v -0.606416 -0.016080 0.733366
v -0.606416 0.017826 0.733366
v -0.632599 0.018105 0.699916
v -0.632599 -0.015801 0.699916
v -0.632600 0.018105 0.732080
v -0.632600 -0.015801 0.732080
v 0.592967 0.017750 0.733718
v 0.592967 -0.016156 0.733718
v 0.592970 -0.016156 0.699916
v 0.592970 0.017750 0.699916
v 0.629878 -0.015830 0.732213
v 0.629878 0.018076 0.732213
v 0.629877 0.018076 0.699916
v 0.629877 -0.015830 0.699916
v 0.603877 -0.016107 0.733491
v 0.603877 0.017799 0.733491
v 0.603879 -0.016107 0.699916
v 0.603879 0.017799 0.699916
v -0.661018 -0.334908 0.708045
v -0.736597 -0.386260 0.000573
v -0.672893 -0.342948 0.719770
v -0.742078 -0.389922 0.000573
v -0.686626 -0.345725 0.735280
v -0.748543 -0.391208 0.000573
v -0.699747 -0.343174 0.735280
v -0.755008 -0.389922 0.000573
v -0.710357 -0.336129 0.735280
v -0.760488 -0.386260 0.000573
v -0.717401 -0.325519 0.735280
v -0.764150 -0.380780 0.000573
v -0.726220 -0.306131 0.735280
v -0.765436 -0.374315 0.000573
v -0.717965 -0.297876 0.719770
v -0.764150 -0.367850 0.000573
v -0.708008 -0.287918 0.708045
v -0.760488 -0.362369 0.000573
v -0.698050 -0.277960 0.696348
v -0.755008 -0.358707 0.000573
v -0.683174 -0.276402 0.686713
v -0.748543 -0.357422 0.000573
v -0.670167 -0.279189 0.680730
v -0.742078 -0.358707 0.000573
v -0.660178 -0.285951 0.678846
v -0.736597 -0.362370 0.000573
v -0.653417 -0.295939 0.680730
v -0.732935 -0.367850 0.000573
v -0.643051 -0.316525 0.686713
v -0.731649 -0.374315 0.000573
v -0.651268 -0.324742 0.696348
v -0.732935 -0.380780 0.000573
v -0.662783 -0.336236 0.695127
v -0.674025 -0.343790 0.708038
v -0.687180 -0.346451 0.718997
v -0.700133 -0.343926 0.726330
v -0.710955 -0.336727 0.728908
v -0.718154 -0.325906 0.726330
v -0.720679 -0.312952 0.718997
v -0.718018 -0.299797 0.708038
v -0.710463 -0.288556 0.695127
v -0.699190 -0.281064 0.682223
v -0.686056 -0.278464 0.671286
v -0.673168 -0.281010 0.663975
v -0.662409 -0.288181 0.661407
v -0.655238 -0.298940 0.663975
v -0.645524 -0.318997 0.671286
v -0.653390 -0.326864 0.682223
v -0.670476 -0.343950 0.735280
v -0.708390 -0.288301 0.722101
v -0.658899 -0.266348 0.694952
v -0.651141 -0.324614 0.711730
v -0.709407 -0.316856 0.735280
v -0.687454 -0.267365 0.694952
v -0.631805 -0.305279 0.694952
v -0.691083 -0.335179 0.735280
v -0.647661 -0.273433 0.694952
v -0.661609 -0.335082 0.722101
v -0.672616 -0.264467 0.694952
v -0.697922 -0.277833 0.711730
v -0.717258 -0.297168 0.735280
v -0.640673 -0.314146 0.701358
v -0.702322 -0.328094 0.735280
v -0.640576 -0.284672 0.694952
v -0.735518 -0.386506 0.004469
v -0.741305 -0.390373 0.004552
v -0.748130 -0.391731 0.004623
v -0.754953 -0.390374 0.004670
v -0.760737 -0.386510 0.004687
v -0.764602 -0.380726 0.004670
v -0.765959 -0.373902 0.004623
v -0.764601 -0.367077 0.004552
v -0.760734 -0.361290 0.004469
v -0.754947 -0.357424 0.004386
v -0.748123 -0.356066 0.004315
v -0.741299 -0.357424 0.004268
v -0.735516 -0.361288 0.004252
v -0.731651 -0.367071 0.004268
v -0.730294 -0.373895 0.004315
v -0.731652 -0.380720 0.004386
v -0.743442 -0.386629 0.000000
v -0.739118 -0.383740 0.000000
v -0.748543 -0.387643 0.000000
v -0.753643 -0.386629 0.000000
v -0.757967 -0.383740 0.000000
v -0.760857 -0.379416 0.000000
v -0.761871 -0.374315 0.000000
v -0.760857 -0.369214 0.000000
v -0.757967 -0.364890 0.000000
v -0.753643 -0.362001 0.000000
v -0.748543 -0.360987 0.000000
v -0.743442 -0.362001 0.000000
v -0.739118 -0.364890 0.000000
v -0.736229 -0.369214 0.000000
v -0.735214 -0.374315 0.000000
v -0.736229 -0.379416 0.000000
v -0.656277 -0.329750 0.735280
v -0.646857 -0.254603 0.694952
v -0.637941 -0.311415 0.711936
v -0.674796 -0.254706 0.694952
v -0.694649 -0.274560 0.722250
v -0.694753 -0.302498 0.735280
v -0.619605 -0.293079 0.694952
v -0.676726 -0.320525 0.735280
v -0.635875 -0.261647 0.694952
v -0.647868 -0.321341 0.722250
v -0.660142 -0.252542 0.694952
v -0.684723 -0.264633 0.711936
v -0.703058 -0.282969 0.735280
v -0.628014 -0.301488 0.701621
v -0.687709 -0.313481 0.735280
v -0.628830 -0.272630 0.694952
v -0.688031 -0.267941 0.722322
v -0.687694 -0.295583 0.735280
v -0.613729 -0.287203 0.694952
v -0.669810 -0.313467 0.735280
v -0.630198 -0.255970 0.694952
v -0.641249 -0.314723 0.722322
v -0.654133 -0.246798 0.694952
v -0.678365 -0.258275 0.712035
v -0.696219 -0.276129 0.735280
v -0.621917 -0.295391 0.701748
v -0.680670 -0.306442 0.735280
v -0.623173 -0.266829 0.694952
v -0.649437 -0.322911 0.735280
v -0.641057 -0.248945 0.694952
v -0.631583 -0.305057 0.712035
v -0.668698 -0.248609 0.694952
v -0.673445 -0.343359 0.714047
v -0.686896 -0.346079 0.727337
v -0.699935 -0.343541 0.730914
v -0.710649 -0.336421 0.732172
v -0.717768 -0.325708 0.730914
v -0.723517 -0.309458 0.727337
v -0.717991 -0.298813 0.714047
v -0.709206 -0.288229 0.701743
v -0.698606 -0.279474 0.689458
v -0.684580 -0.277408 0.679187
v -0.671631 -0.280077 0.672557
v -0.661267 -0.287039 0.670339
v -0.654305 -0.297403 0.672557
v -0.644257 -0.317731 0.679187
v -0.652303 -0.325777 0.689458
v -0.661879 -0.335555 0.701743
v -0.442450 -0.027361 0.724183
v -0.412683 -0.027531 0.732828
v -0.358587 -0.026791 0.699084
v -0.390002 -0.027520 0.732828
v -0.401342 -0.026811 0.699082
v -0.358587 -0.027323 0.724184
v -0.422336 -0.026820 0.699083
v -0.442450 -0.027197 0.716416
v -0.442450 -0.027544 0.732826
v -0.358587 -0.026994 0.708650
v -0.401343 -0.027525 0.732828
v -0.390002 -0.026805 0.699082
v -0.358587 -0.027506 0.732827
v -0.412683 -0.026816 0.699082
v -0.358587 -0.027158 0.716417
v -0.442450 -0.026830 0.699085
v -0.439076 -0.024086 0.724183
v -0.409310 -0.024255 0.732828
v -0.355214 -0.023515 0.699084
v -0.386629 -0.024245 0.732828
v -0.397969 -0.023535 0.699082
v -0.355214 -0.024047 0.724184
v -0.418963 -0.023545 0.699083
v -0.439076 -0.023921 0.716416
v -0.439076 -0.024269 0.732826
v -0.355214 -0.023718 0.708650
v -0.397969 -0.024250 0.732828
v -0.386629 -0.023530 0.699082
v -0.355214 -0.024230 0.732827
v -0.409310 -0.023540 0.699082
v -0.355214 -0.023882 0.716417
v -0.439077 -0.023554 0.699085
v -0.436867 -0.021566 0.724183
v -0.407100 -0.021735 0.732828
v -0.353004 -0.020995 0.699084
v -0.384419 -0.021725 0.732828
v -0.395760 -0.021015 0.699082
v -0.353004 -0.021527 0.724184
v -0.416754 -0.021025 0.699083
v -0.436867 -0.021401 0.716416
v -0.436867 -0.021749 0.732826
v -0.353004 -0.021198 0.708650
v -0.395760 -0.021730 0.732828
v -0.384419 -0.021010 0.699082
v -0.353004 -0.021710 0.732827
v -0.407100 -0.021020 0.699082
v -0.353004 -0.021362 0.716417
v -0.436867 -0.021034 0.699085
v -0.386333 -0.021652 0.729368
v -0.361201 -0.021641 0.729367
v -0.428291 -0.021525 0.722453
v -0.428291 -0.021671 0.729367
v -0.395405 -0.021084 0.702371
v -0.404477 -0.021089 0.702372
v -0.361201 -0.021494 0.722453
v -0.361201 -0.021362 0.716240
v -0.361201 -0.021231 0.710026
v -0.404478 -0.021660 0.729368
v -0.395405 -0.021656 0.729369
v -0.412200 -0.021092 0.702373
v -0.428291 -0.021100 0.702374
v -0.361201 -0.021069 0.702373
v -0.386333 -0.021080 0.702372
v -0.428291 -0.021393 0.716239
v -0.387864 -0.021594 0.726601
v -0.367758 -0.021585 0.726600
v -0.421430 -0.021492 0.721068
v -0.421430 -0.021610 0.726600
v -0.395122 -0.021140 0.705003
v -0.402379 -0.021143 0.705003
v -0.367758 -0.021468 0.721069
v -0.367758 -0.021362 0.716098
v -0.367758 -0.021257 0.711127
v -0.402379 -0.021601 0.726601
v -0.395122 -0.021598 0.726601
v -0.408558 -0.021146 0.705004
v -0.421430 -0.021152 0.705006
v -0.367758 -0.021128 0.705005
v -0.387864 -0.021137 0.705004
v -0.421430 -0.021387 0.716097
v -0.735763 -0.386678 0.002235
v -0.741532 -0.390533 0.002276
v -0.748336 -0.391887 0.002311
v -0.755140 -0.390533 0.002335
v -0.760908 -0.386680 0.002343
v -0.764761 -0.380912 0.002335
v -0.766114 -0.374108 0.002311
v -0.764761 -0.367304 0.002276
v -0.760906 -0.361535 0.002235
v -0.755137 -0.357680 0.002193
v -0.748333 -0.356327 0.002158
v -0.741529 -0.357680 0.002134
v -0.735762 -0.361534 0.002126
v -0.731908 -0.367301 0.002134
v -0.730555 -0.374105 0.002158
v -0.731908 -0.380909 0.002193
v -0.743952 -0.385397 0.000000
v -0.740061 -0.382797 0.000000
v -0.748543 -0.386310 0.000000
v -0.753133 -0.385397 0.000000
v -0.757025 -0.382797 0.000000
v -0.759625 -0.378905 0.000000
v -0.760538 -0.374315 0.000000
v -0.759625 -0.369724 0.000000
v -0.757025 -0.365833 0.000000
v -0.753133 -0.363233 0.000000
v -0.748543 -0.362319 0.000000
v -0.743952 -0.363233 0.000000
v -0.740061 -0.365833 0.000000
v -0.737460 -0.369724 0.000000
v -0.736547 -0.374315 0.000000
v -0.737460 -0.378905 0.000000
v -0.661018 0.334908 0.708045
v -0.736597 0.386260 0.000573
v -0.672893 0.342948 0.719770
v -0.742078 0.389922 0.000573
v -0.686626 0.345725 0.735280
v -0.748543 0.391208 0.000573
v -0.699747 0.343173 0.735280
v -0.755008 0.389922 0.000573
v -0.710357 0.336129 0.735280
v -0.760488 0.386260 0.000573
v -0.717401 0.325519 0.735280
v -0.764150 0.380780 0.000573
v -0.726220 0.306131 0.735280
v -0.765436 0.374315 0.000573
v -0.717965 0.297876 0.719770
v -0.764150 0.367850 0.000573
v -0.708008 0.287918 0.708045
v -0.760488 0.362369 0.000573
v -0.698050 0.277960 0.696348
v -0.755008 0.358707 0.000573
v -0.683174 0.276401 0.686713
v -0.748543 0.357421 0.000573
v -0.670167 0.279189 0.680730
v -0.742078 0.358707 0.000573
v -0.660178 0.285951 0.678846
v -0.736597 0.362369 0.000573
v -0.653417 0.295939 0.680730
v -0.732935 0.367850 0.000573
v -0.643051 0.316525 0.686713
v -0.731649 0.374315 0.000573
v -0.651268 0.324741 0.696348
v -0.732935 0.380780 0.000573
v -0.662783 0.336235 0.695127
v -0.674025 0.343790 0.708038
v -0.687180 0.346451 0.718997
v -0.700133 0.343926 0.726330
v -0.710955 0.336727 0.728908
v -0.718154 0.325906 0.726330
v -0.720679 0.312952 0.718997
v -0.718018 0.299797 0.708038
v -0.710463 0.288556 0.695127
v -0.699190 0.281064 0.682223
v -0.686056 0.278464 0.671286
v -0.673168 0.281010 0.663975
v -0.662409 0.288181 0.661407
v -0.655238 0.298940 0.663975
v -0.645524 0.318997 0.671286
v -0.653390 0.326864 0.682223
v -0.670476 0.343950 0.735280
v -0.708390 0.288301 0.722101
v -0.658899 0.266348 0.694952
v -0.651141 0.324614 0.711730
v -0.709407 0.316856 0.735280
v -0.687454 0.267364 0.694952
v -0.631805 0.305278 0.694952
v -0.691083 0.335179 0.735280
v -0.647661 0.273433 0.694952
v -0.661609 0.335082 0.722101
v -0.672616 0.264467 0.694952
v -0.697922 0.277833 0.711730
v -0.717258 0.297168 0.735280
v -0.640673 0.314146 0.701358
v -0.702322 0.328094 0.735280
v -0.640576 0.284672 0.694952
v -0.735518 0.386506 0.004469
v -0.741305 0.390373 0.004552
v -0.748130 0.391731 0.004623
v -0.754953 0.390374 0.004670
v -0.760737 0.386509 0.004687
v -0.764602 0.380726 0.004670
v -0.765959 0.373902 0.004623
v -0.764601 0.367077 0.004552
v -0.760734 0.361290 0.004469
v -0.754947 0.357424 0.004386
v -0.748123 0.356066 0.004315
v -0.741299 0.357424 0.004268
v -0.735516 0.361288 0.004252
v -0.731651 0.367071 0.004268
v -0.730294 0.373895 0.004315
v -0.731652 0.380719 0.004386
v -0.743442 0.386629 0.000000
v -0.739118 0.383739 0.000000
v -0.748543 0.387643 0.000000
v -0.753643 0.386629 0.000000
v -0.757967 0.383739 0.000000
v -0.760857 0.379415 0.000000
v -0.761871 0.374315 0.000000
v -0.760857 0.369214 0.000000
v -0.757967 0.364890 0.000000
v -0.753643 0.362001 0.000000
v -0.748543 0.360986 0.000000
v -0.743442 0.362001 0.000000
v -0.739118 0.364890 0.000000
v -0.736229 0.369214 0.000000
v -0.735214 0.374315 0.000000
v -0.736229 0.379415 0.000000
v -0.656277 0.329750 0.735280
v -0.646857 0.254603 0.694952
v -0.637941 0.311415 0.711936
v -0.674796 0.254706 0.694952
v -0.694649 0.274560 0.722250
v -0.694753 0.302498 0.735280
v -0.619605 0.293079 0.694952
v -0.676726 0.320525 0.735280
v -0.635875 0.261647 0.694952
v -0.647868 0.321341 0.722250
v -0.660142 0.252542 0.694952
v -0.684723 0.264633 0.711936
v -0.703058 0.282969 0.735280
v -0.628014 0.301488 0.701621
v -0.687709 0.313481 0.735280
v -0.628830 0.272630 0.694952
v -0.688031 0.267941 0.722322
v -0.687694 0.295583 0.735280
v -0.613729 0.287202 0.694952
v -0.669810 0.313467 0.735280
v -0.630198 0.255970 0.694952
v -0.641249 0.314723 0.722322
v -0.654133 0.246798 0.694952
v -0.678365 0.258275 0.712035
v -0.696219 0.276129 0.735280
v -0.621917 0.295390 0.701748
v -0.680670 0.306442 0.735280
v -0.623173 0.266829 0.694952
v -0.649437 0.322911 0.735280
v -0.641057 0.248945 0.694952
v -0.631583 0.305057 0.712035
v -0.668698 0.248609 0.694952
v -0.673445 0.343359 0.714047
v -0.686896 0.346079 0.727337
v -0.699935 0.343541 0.730914
v -0.710649 0.336421 0.732172
v -0.717768 0.325707 0.730914
v -0.723517 0.309458 0.727337
v -0.717991 0.298813 0.714047
v -0.709206 0.288229 0.701743
v -0.698606 0.279474 0.689458
v -0.684580 0.277408 0.679187
v -0.671631 0.280077 0.672557
v -0.661267 0.287039 0.670339
v -0.654305 0.297403 0.672557
v -0.644257 0.317731 0.679187
v -0.652303 0.325777 0.689458
v -0.661879 0.335555 0.701743
v -0.442450 0.027361 0.724183
v -0.412683 0.027530 0.732828
v -0.358587 0.026791 0.699084
v -0.390002 0.027520 0.732828
v -0.401342 0.026810 0.699082
v -0.358587 0.027323 0.724184
v -0.422336 0.026820 0.699083
v -0.442450 0.027197 0.716416
v -0.442450 0.027544 0.732826
v -0.358587 0.026994 0.708650
v -0.401343 0.027525 0.732828
v -0.390002 0.026805 0.699082
v -0.358587 0.027506 0.732827
v -0.412683 0.026816 0.699082
v -0.358587 0.027158 0.716417
v -0.442450 0.026829 0.699085
v -0.439076 0.024085 0.724183
v -0.409310 0.024255 0.732828
v -0.355214 0.023515 0.699084
v -0.386629 0.024244 0.732828
v -0.397969 0.023535 0.699082
v -0.355214 0.024047 0.724184
v -0.418963 0.023544 0.699083
v -0.439076 0.023921 0.716416
v -0.439076 0.024268 0.732826
v -0.355214 0.023718 0.708650
v -0.397969 0.024250 0.732828
v -0.386629 0.023530 0.699082
v -0.355214 0.024230 0.732827
v -0.409310 0.023540 0.699082
v -0.355214 0.023882 0.716417
v -0.439077 0.023554 0.699085
v -0.436867 0.021565 0.724183
v -0.407100 0.021735 0.732828
v -0.353004 0.020995 0.699084
v -0.384419 0.021724 0.732828
v -0.395760 0.021015 0.699082
v -0.353004 0.021527 0.724184
v -0.416754 0.021024 0.699083
v -0.436867 0.021401 0.716416
v -0.436867 0.021748 0.732826
v -0.353004 0.021198 0.708650
v -0.395760 0.021730 0.732828
v -0.384419 0.021010 0.699082
v -0.353004 0.021710 0.732827
v -0.407100 0.021020 0.699082
v -0.353004 0.021362 0.716417
v -0.436867 0.021034 0.699085
v -0.386333 0.021652 0.729368
v -0.361201 0.021640 0.729367
v -0.428291 0.021525 0.722453
v -0.428291 0.021671 0.729367
v -0.395405 0.021084 0.702371
v -0.404477 0.021088 0.702372
v -0.361201 0.021494 0.722453
v -0.361201 0.021362 0.716240
v -0.361201 0.021231 0.710026
v -0.404478 0.021660 0.729368
v -0.395405 0.021656 0.729369
v -0.412200 0.021092 0.702373
v -0.428291 0.021099 0.702374
v -0.361201 0.021069 0.702373
v -0.386333 0.021080 0.702372
v -0.428291 0.021393 0.716239
v -0.387864 0.021594 0.726601
v -0.367758 0.021585 0.726600
v -0.421430 0.021492 0.721068
v -0.421430 0.021609 0.726600
v -0.395122 0.021140 0.705003
v -0.402379 0.021143 0.705003
v -0.367758 0.021468 0.721069
v -0.367758 0.021362 0.716098
v -0.367758 0.021257 0.711127
v -0.402379 0.021601 0.726601
v -0.395122 0.021597 0.726601
v -0.408558 0.021146 0.705004
v -0.421430 0.021152 0.705006
v -0.367758 0.021127 0.705005
v -0.387864 0.021137 0.705004
v -0.421430 0.021387 0.716097
v -0.735763 0.386678 0.002235
v -0.741532 0.390533 0.002276
v -0.748336 0.391887 0.002311
v -0.755140 0.390533 0.002335
v -0.760908 0.386680 0.002343
v -0.764761 0.380912 0.002335
v -0.766114 0.374108 0.002311
v -0.764761 0.367304 0.002276
v -0.760906 0.361535 0.002235
v -0.755137 0.357680 0.002193
v -0.748333 0.356327 0.002158
v -0.741529 0.357680 0.002134
v -0.735762 0.361534 0.002126
v -0.731908 0.367301 0.002134
v -0.730555 0.374105 0.002158
v -0.731908 0.380909 0.002193
v -0.743952 0.385397 0.000000
v -0.740061 0.382797 0.000000
v -0.748543 0.386310 0.000000
v -0.753133 0.385397 0.000000
v -0.757025 0.382797 0.000000
v -0.759625 0.378905 0.000000
v -0.760538 0.374315 0.000000
v -0.759625 0.369724 0.000000
v -0.757025 0.365833 0.000000
v -0.753133 0.363232 0.000000
v -0.748543 0.362319 0.000000
v -0.743952 0.363232 0.000000
v -0.740061 0.365833 0.000000
v -0.737460 0.369724 0.000000
v -0.736547 0.374315 0.000000
v -0.737460 0.378905 0.000000
v 0.661018 -0.334908 0.708045
v 0.736597 -0.386260 0.000573
v 0.672893 -0.342948 0.719770
v 0.742078 -0.389922 0.000573
v 0.686625 -0.345725 0.735280
v 0.748543 -0.391208 0.000573
v 0.699747 -0.343174 0.735280
v 0.755007 -0.389922 0.000573
v 0.710357 -0.336129 0.735280
v 0.760488 -0.386260 0.000573
v 0.717401 -0.325519 0.735280
v 0.764150 -0.380780 0.000573
v 0.726220 -0.306131 0.735280
v 0.765436 -0.374315 0.000573
v 0.717965 -0.297876 0.719770
v 0.764150 -0.367850 0.000573
v 0.708008 -0.287918 0.708045
v 0.760488 -0.362369 0.000573
v 0.698049 -0.277960 0.696348
v 0.755007 -0.358707 0.000573
v 0.683174 -0.276401 0.686713
v 0.748543 -0.357421 0.000573
v 0.670167 -0.279189 0.680730
v 0.742078 -0.358707 0.000573
v 0.660178 -0.285951 0.678846
v 0.736597 -0.362369 0.000573
v 0.653417 -0.295939 0.680730
v 0.732935 -0.367850 0.000573
v 0.643051 -0.316525 0.686713
v 0.731649 -0.374315 0.000573
v 0.651268 -0.324741 0.696348
v 0.732935 -0.380780 0.000573
v 0.662783 -0.336236 0.695127
v 0.674025 -0.343790 0.708038
v 0.687179 -0.346451 0.718997
v 0.700133 -0.343926 0.726330
v 0.710954 -0.336727 0.728908
v 0.718154 -0.325906 0.726330
v 0.720679 -0.312952 0.718997
v 0.718018 -0.299797 0.708038
v 0.710463 -0.288556 0.695127
v 0.699190 -0.281064 0.682223
v 0.686056 -0.278464 0.671286
v 0.673168 -0.281010 0.663975
v 0.662409 -0.288181 0.661407
v 0.655238 -0.298940 0.663975
v 0.645524 -0.318997 0.671286
v 0.653390 -0.326864 0.682223
v 0.670476 -0.343950 0.735280
v 0.708390 -0.288301 0.722101
v 0.658899 -0.266348 0.694952
v 0.651141 -0.324614 0.711730
v 0.709407 -0.316856 0.735280
v 0.687454 -0.267364 0.694952
v 0.631805 -0.305279 0.694952
v 0.691083 -0.335179 0.735280
v 0.647661 -0.273433 0.694952
v 0.661609 -0.335082 0.722101
v 0.672616 -0.264467 0.694952
v 0.697922 -0.277833 0.711730
v 0.717258 -0.297168 0.735280
v 0.640672 -0.314146 0.701358
v 0.702321 -0.328094 0.735280
v 0.640575 -0.284672 0.694952
v 0.735518 -0.386506 0.004469
v 0.741305 -0.390373 0.004552
v 0.748130 -0.391731 0.004623
v 0.754953 -0.390374 0.004670
v 0.760737 -0.386509 0.004687
v 0.764602 -0.380726 0.004670
v 0.765959 -0.373902 0.004623
v 0.764601 -0.367077 0.004552
v 0.760734 -0.361290 0.004469
v 0.754947 -0.357424 0.004386
v 0.748122 -0.356066 0.004315
v 0.741299 -0.357424 0.004268
v 0.735516 -0.361288 0.004252
v 0.731651 -0.367071 0.004268
v 0.730294 -0.373895 0.004315
v 0.731652 -0.380720 0.004386
v 0.743442 -0.386629 0.000000
v 0.739118 -0.383739 0.000000
v 0.748543 -0.387643 0.000000
v 0.753643 -0.386629 0.000000
v 0.757967 -0.383739 0.000000
v 0.760856 -0.379415 0.000000
v 0.761871 -0.374315 0.000000
v 0.760856 -0.369214 0.000000
v 0.757967 -0.364890 0.000000
v 0.753643 -0.362001 0.000000
v 0.748543 -0.360987 0.000000
v 0.743442 -0.362001 0.000000
v 0.739118 -0.364890 0.000000
v 0.736229 -0.369214 0.000000
v 0.735214 -0.374315 0.000000
v 0.736229 -0.379415 0.000000
v 0.656277 -0.329750 0.735280
v 0.646857 -0.254603 0.694952
v 0.637941 -0.311415 0.711936
v 0.674796 -0.254706 0.694952
v 0.694649 -0.274560 0.722250
v 0.694753 -0.302498 0.735280
v 0.619605 -0.293079 0.694952
v 0.676726 -0.320525 0.735280
v 0.635875 -0.261647 0.694952
v 0.647868 -0.321341 0.722250
v 0.660142 -0.252542 0.694952
v 0.684722 -0.264633 0.711936
v 0.703058 -0.282969 0.735280
v 0.628014 -0.301488 0.701621
v 0.687708 -0.313481 0.735280
v 0.628830 -0.272630 0.694952
v 0.688030 -0.267941 0.722322
v 0.687694 -0.295583 0.735280
v 0.613729 -0.287202 0.694952
v 0.669810 -0.313467 0.735280
v 0.630197 -0.255970 0.694952
v 0.641249 -0.314723 0.722322
v 0.654133 -0.246798 0.694952
v 0.678364 -0.258275 0.712035
v 0.696218 -0.276129 0.735280
v 0.621917 -0.295391 0.701748
v 0.680670 -0.306442 0.735280
v 0.623173 -0.266829 0.694952
v 0.649437 -0.322911 0.735280
v 0.641057 -0.248945 0.694952
v 0.631583 -0.305057 0.712035
v 0.668698 -0.248609 0.694952
v 0.673445 -0.343359 0.714047
v 0.686896 -0.346079 0.727337
v 0.699935 -0.343541 0.730914
v 0.710648 -0.336421 0.732172
v 0.717768 -0.325708 0.730914
v 0.723517 -0.309458 0.727337
v 0.717991 -0.298813 0.714047
v 0.709205 -0.288229 0.701743
v 0.698606 -0.279474 0.689458
v 0.684580 -0.277408 0.679187
v 0.671631 -0.280077 0.672557
v 0.661266 -0.287039 0.670339
v 0.654305 -0.297403 0.672557
v 0.644257 -0.317731 0.679187
v 0.652303 -0.325777 0.689458
v 0.661879 -0.335555 0.701743
v 0.442450 -0.027361 0.724183
v 0.412683 -0.027531 0.732828
v 0.358587 -0.026791 0.699084
v 0.390002 -0.027520 0.732828
v 0.401342 -0.026811 0.699082
v 0.358587 -0.027323 0.724184
v 0.422336 -0.026820 0.699083
v 0.442450 -0.027197 0.716416
v 0.442450 -0.027544 0.732826
v 0.358587 -0.026994 0.708650
v 0.401343 -0.027525 0.732828
v 0.390002 -0.026805 0.699082
v 0.358587 -0.027506 0.732827
v 0.412683 -0.026816 0.699082
v 0.358587 -0.027158 0.716417
v 0.442450 -0.026830 0.699085
v 0.439076 -0.024085 0.724183
v 0.409310 -0.024255 0.732828
v 0.355214 -0.023515 0.699084
v 0.386629 -0.024245 0.732828
v 0.397969 -0.023535 0.699082
v 0.355214 -0.024047 0.724184
v 0.418963 -0.023545 0.699083
v 0.439076 -0.023921 0.716416
v 0.439076 -0.024269 0.732826
v 0.355214 -0.023718 0.708650
v 0.397969 -0.024250 0.732828
v 0.386629 -0.023530 0.699082
v 0.355214 -0.024230 0.732827
v 0.409310 -0.023540 0.699082
v 0.355214 -0.023882 0.716417
v 0.439076 -0.023554 0.699085
v 0.436867 -0.021565 0.724183
v 0.407100 -0.021735 0.732828
v 0.353004 -0.020995 0.699084
v 0.384419 -0.021725 0.732828
v 0.395760 -0.021015 0.699082
v 0.353004 -0.021527 0.724184
v 0.416754 -0.021025 0.699083
v 0.436867 -0.021401 0.716416
v 0.436867 -0.021749 0.732826
v 0.353004 -0.021198 0.708650
v 0.395760 -0.021730 0.732828
v 0.384419 -0.021010 0.699082
v 0.353004 -0.021710 0.732827
v 0.407100 -0.021020 0.699082
v 0.353004 -0.021362 0.716417
v 0.436867 -0.021034 0.699085
v 0.386333 -0.021652 0.729368
v 0.361201 -0.021641 0.729367
v 0.428291 -0.021525 0.722453
v 0.428291 -0.021671 0.729367
v 0.395405 -0.021084 0.702371
v 0.404477 -0.021089 0.702372
v 0.361201 -0.021494 0.722453
v 0.361201 -0.021362 0.716240
v 0.361201 -0.021231 0.710026
v 0.404477 -0.021660 0.729368
v 0.395405 -0.021656 0.729369
v 0.412200 -0.021092 0.702373
v 0.428291 -0.021100 0.702374
v 0.361201 -0.021069 0.702373
v 0.386333 -0.021080 0.702372
v 0.428291 -0.021393 0.716239
v 0.387864 -0.021594 0.726601
v 0.367758 -0.021585 0.726600
v 0.421430 -0.021492 0.721068
v 0.421430 -0.021610 0.726600
v 0.395122 -0.021140 0.705003
v 0.402379 -0.021143 0.705003
v 0.367758 -0.021468 0.721069
v 0.367758 -0.021362 0.716098
v 0.367758 -0.021257 0.711127
v 0.402379 -0.021601 0.726601
v 0.395122 -0.021598 0.726601
v 0.408558 -0.021146 0.705004
v 0.421430 -0.021152 0.705006
v 0.367758 -0.021127 0.705005
v 0.387864 -0.021137 0.705004
v 0.421430 -0.021387 0.716097
v 0.735763 -0.386678 0.002235
v 0.741532 -0.390533 0.002276
v 0.748336 -0.391887 0.002311
v 0.755140 -0.390533 0.002335
v 0.760907 -0.386680 0.002343
v 0.764761 -0.380912 0.002335
v 0.766114 -0.374108 0.002311
v 0.764761 -0.367304 0.002276
v 0.760906 -0.361535 0.002235
v 0.755137 -0.357680 0.002193
v 0.748333 -0.356327 0.002158
v 0.741529 -0.357680 0.002134
v 0.735761 -0.361534 0.002126
v 0.731908 -0.367301 0.002134
v 0.730555 -0.374105 0.002158
v 0.731908 -0.380909 0.002193
v 0.743952 -0.385397 0.000000
v 0.740060 -0.382797 0.000000
v 0.748543 -0.386310 0.000000
v 0.753133 -0.385397 0.000000
v 0.757025 -0.382797 0.000000
v 0.759625 -0.378905 0.000000
v 0.760538 -0.374315 0.000000
v 0.759625 -0.369724 0.000000
v 0.757025 -0.365833 0.000000
v 0.753133 -0.363232 0.000000
v 0.748543 -0.362319 0.000000
v 0.743952 -0.363232 0.000000
v 0.740060 -0.365833 0.000000
v 0.737460 -0.369724 0.000000
v 0.736547 -0.374315 0.000000
v 0.737460 -0.378905 0.000000
v 0.661018 0.334908 0.708045
v 0.736597 0.386260 0.000573
v 0.672893 0.342948 0.719770
v 0.742078 0.389922 0.000573
v 0.686625 0.345725 0.735280
v 0.748543 0.391208 0.000573
v 0.699747 0.343174 0.735280
v 0.755007 0.389922 0.000573
v 0.710357 0.336129 0.735280
v 0.760488 0.386260 0.000573
v 0.717401 0.325519 0.735280
v 0.764150 0.380780 0.000573
v 0.726220 0.306131 0.735280
v 0.765436 0.374315 0.000573
v 0.717965 0.297876 0.719770
v 0.764150 0.367850 0.000573
v 0.708008 0.287918 0.708045
v 0.760488 0.362369 0.000573
v 0.698049 0.277960 0.696348
v 0.755007 0.358707 0.000573
v 0.683174 0.276401 0.686713
v 0.748543 0.357421 0.000573
v 0.670167 0.279189 0.680730
v 0.742078 0.358707 0.000573
v 0.660178 0.285951 0.678846
v 0.736597 0.362369 0.000573
v 0.653417 0.295939 0.680730
v 0.732935 0.367850 0.000573
v 0.643051 0.316525 0.686713
v 0.731649 0.374315 0.000573
v 0.651268 0.324741 0.696348
v 0.732935 0.380780 0.000573
v 0.662783 0.336236 0.695127
v 0.674025 0.343790 0.708038
v 0.687179 0.346451 0.718997
v 0.700133 0.343926 0.726330
v 0.710954 0.336727 0.728908
v 0.718154 0.325906 0.726330
v 0.720679 0.312952 0.718997
v 0.718018 0.299797 0.708038
v 0.710463 0.288556 0.695127
v 0.699190 0.281064 0.682223
v 0.686056 0.278464 0.671286
v 0.673168 0.281010 0.663975
v 0.662409 0.288181 0.661407
v 0.655238 0.298940 0.663975
v 0.645524 0.318997 0.671286
v 0.653390 0.326864 0.682223
v 0.670476 0.343950 0.735280
v 0.708390 0.288301 0.722101
v 0.658899 0.266348 0.694952
v 0.651141 0.324614 0.711730
v 0.709407 0.316856 0.735280
v 0.687454 0.267364 0.694952
v 0.631805 0.305279 0.694952
v 0.691083 0.335179 0.735280
v 0.647661 0.273433 0.694952
v 0.661609 0.335082 0.722101
v 0.672616 0.264467 0.694952
v 0.697922 0.277833 0.711730
v 0.717258 0.297168 0.735280
v 0.640672 0.314146 0.701358
v 0.702321 0.328094 0.735280
v 0.640575 0.284672 0.694952
v 0.735518 0.386506 0.004469
v 0.741305 0.390373 0.004552
v 0.748130 0.391731 0.004623
v 0.754953 0.390374 0.004670
v 0.760737 0.386509 0.004687
v 0.764602 0.380726 0.004670
v 0.765959 0.373902 0.004623
v 0.764601 0.367077 0.004552
v 0.760734 0.361290 0.004469
v 0.754947 0.357424 0.004386
v 0.748122 0.356066 0.004315
v 0.741299 0.357424 0.004268
v 0.735516 0.361288 0.004252
v 0.731651 0.367071 0.004268
v 0.730294 0.373895 0.004315
v 0.731652 0.380720 0.004386
v 0.743442 0.386629 0.000000
v 0.739118 0.383739 0.000000
v 0.748543 0.387643 0.000000
v 0.753643 0.386629 0.000000
v 0.757967 0.383739 0.000000
v 0.760856 0.379415 0.000000
v 0.761871 0.374315 0.000000
v 0.760856 0.369214 0.000000
v 0.757967 0.364890 0.000000
v 0.753643 0.362001 0.000000
v 0.748543 0.360987 0.000000
v 0.743442 0.362001 0.000000
v 0.739118 0.364890 0.000000
v 0.736229 0.369214 0.000000
v 0.735214 0.374315 0.000000
v 0.736229 0.379415 0.000000
v 0.656277 0.329750 0.735280
v 0.646857 0.254603 0.694952
v 0.637941 0.311415 0.711936
v 0.674796 0.254706 0.694952
v 0.694649 0.274560 0.722250
v 0.694753 0.302498 0.735280
v 0.619605 0.293079 0.694952
v 0.676726 0.320525 0.735280
v 0.635875 0.261647 0.694952
v 0.647868 0.321341 0.722250
v 0.660142 0.252542 0.694952
v 0.684722 0.264633 0.711936
v 0.703058 0.282969 0.735280
v 0.628014 0.301488 0.701621
v 0.687708 0.313481 0.735280
v 0.628830 0.272630 0.694952
v 0.688030 0.267941 0.722322
v 0.687694 0.295583 0.735280
v 0.613729 0.287202 0.694952
v 0.669810 0.313467 0.735280
v 0.630197 0.255970 0.694952
v 0.641249 0.314723 0.722322
v 0.654133 0.246798 0.694952
v 0.678364 0.258275 0.712035
v 0.696218 0.276129 0.735280
v 0.621917 0.295391 0.701748
v 0.680670 0.306442 0.735280
v 0.623173 0.266829 0.694952
v 0.649437 0.322911 0.735280
v 0.641057 0.248945 0.694952
v 0.631583 0.305057 0.712035
v 0.668698 0.248609 0.694952
v 0.673445 0.343359 0.714047
v 0.686896 0.346079 0.727337
v 0.699935 0.343541 0.730914
v 0.710648 0.336421 0.732172
v 0.717768 0.325708 0.730914
v 0.723517 0.309458 0.727337
v 0.717991 0.298813 0.714047
v 0.709205 0.288229 0.701743
v 0.698606 0.279474 0.689458
v 0.684580 0.277408 0.679187
v 0.671631 0.280077 0.672557
v 0.661266 0.287039 0.670339
v 0.654305 0.297403 0.672557
v 0.644257 0.317731 0.679187
v 0.652303 0.325777 0.689458
v 0.661879 0.335555 0.701743
v 0.442450 0.027361 0.724183
v 0.412683 0.027531 0.732828
v 0.358587 0.026791 0.699084
v 0.390002 0.027520 0.732828
v 0.401342 0.026810 0.699082
v 0.358587 0.027323 0.724184
v 0.422336 0.026820 0.699083
v 0.442450 0.027197 0.716416
v 0.442450 0.027544 0.732826
v 0.358587 0.026994 0.708650
v 0.401343 0.027525 0.732828
v 0.390002 0.026805 0.699082
v 0.358587 0.027506 0.732827
v 0.412683 0.026816 0.699082
v 0.358587 0.027158 0.716417
v 0.442450 0.026829 0.699085
v 0.439076 0.024085 0.724183
v 0.409310 0.024255 0.732828
v 0.355214 0.023515 0.699084
v 0.386629 0.024244 0.732828
v 0.397969 0.023535 0.699082
v 0.355214 0.024047 0.724184
v 0.418963 0.023544 0.699083
v 0.439076 0.023921 0.716416
v 0.439076 0.024269 0.732826
v 0.355214 0.023718 0.708650
v 0.397969 0.024250 0.732828
v 0.386629 0.023530 0.699082
v 0.355214 0.024230 0.732827
v 0.409310 0.023540 0.699082
v 0.355214 0.023882 0.716417
v 0.439076 0.023554 0.699085
v 0.436867 0.021565 0.724183
v 0.407100 0.021735 0.732828
v 0.353004 0.020995 0.699084
v 0.384419 0.021724 0.732828
v 0.395760 0.021015 0.699082
v 0.353004 0.021527 0.724184
v 0.416754 0.021024 0.699083
v 0.436867 0.021401 0.716416
v 0.436867 0.021749 0.732826
v 0.353004 0.021198 0.708650
v 0.395760 0.021730 0.732828
v 0.384419 0.021010 0.699082
v 0.353004 0.021710 0.732827
v 0.407100 0.021020 0.699082
v 0.353004 0.021362 0.716417
v 0.436867 0.021034 0.699085
v 0.386333 0.021652 0.729368
v 0.361201 0.021640 0.729367
v 0.428291 0.021525 0.722453
v 0.428291 0.021671 0.729367
v 0.395405 0.021084 0.702371
v 0.404477 0.021088 0.702372
v 0.361201 0.021494 0.722453
v 0.361201 0.021362 0.716240
v 0.361201 0.021231 0.710026
v 0.404477 0.021660 0.729368
v 0.395405 0.021656 0.729369
v 0.412200 0.021092 0.702373
v 0.428291 0.021099 0.702374
v 0.361201 0.021069 0.702373
v 0.386333 0.021080 0.702372
v 0.428291 0.021393 0.716239
v 0.387864 0.021594 0.726601
v 0.367758 0.021585 0.726600
v 0.421430 0.021492 0.721068
v 0.421430 0.021610 0.726600
v 0.395122 0.021140 0.705003
v 0.402379 0.021143 0.705003
v 0.367758 0.021468 0.721069
v 0.367758 0.021362 0.716098
v 0.367758 0.021257 0.711127
v 0.402379 0.021601 0.726601
v 0.395122 0.021597 0.726601
v 0.408558 0.021146 0.705004
v 0.421430 0.021152 0.705006
v 0.367758 0.021127 0.705005
v 0.387864 0.021137 0.705004
v 0.421430 0.021387 0.716097
v 0.735763 0.386678 0.002235
v 0.741532 0.390533 0.002276
v 0.748336 0.391887 0.002311
v 0.755140 0.390533 0.002335
v 0.760907 0.386680 0.002343
v 0.764761 0.380912 0.002335
v 0.766114 0.374108 0.002311
v 0.764761 0.367304 0.002276
v 0.760906 0.361535 0.002235
v 0.755137 0.357680 0.002193
v 0.748333 0.356327 0.002158
v 0.741529 0.357680 0.002134
v 0.735761 0.361534 0.002126
v 0.731908 0.367301 0.002134
v 0.730555 0.374105 0.002158
v 0.731908 0.380909 0.002193
v 0.743952 0.385397 0.000000
v 0.740060 0.382797 0.000000
v 0.748543 0.386310 0.000000
v 0.753133 0.385397 0.000000
v 0.757025 0.382797 0.000000
v 0.759625 0.378905 0.000000
v 0.760538 0.374315 0.000000
v 0.759625 0.369724 0.000000
v 0.757025 0.365833 0.000000
v 0.753133 0.363232 0.000000
v 0.748543 0.362319 0.000000
v 0.743952 0.363232 0.000000
v 0.740060 0.365833 0.000000
v 0.737460 0.369724 0.000000
v 0.736547 0.374315 0.000000
v 0.737460 0.378905 0.000000
v 0.737902 0.402122 0.753961
v 0.727120 0.402893 0.753961
v 0.748465 0.399824 0.753961
v 0.758593 0.396047 0.753961
v 0.768080 0.390866 0.753961
v 0.776734 0.384388 0.753961
v 0.784377 0.376745 0.753961
v 0.790855 0.368091 0.753961
v 0.796036 0.358604 0.753961
v 0.799813 0.348476 0.753961
v 0.802111 0.337913 0.753961
v 0.802882 0.327131 0.753961
v 0.727120 -0.402893 0.753961
v 0.737902 -0.402122 0.753961
v 0.748465 -0.399824 0.753961
v 0.758593 -0.396047 0.753961
v 0.768080 -0.390866 0.753961
v 0.776734 -0.384388 0.753961
v 0.784377 -0.376745 0.753961
v 0.790855 -0.368091 0.753961
v 0.796036 -0.358604 0.753961
v 0.799813 -0.348476 0.753961
v 0.802111 -0.337913 0.753961
v 0.802882 -0.327131 0.753961
v -0.802882 -0.327131 0.753961
v -0.802111 -0.337913 0.753961
v -0.799813 -0.348476 0.753961
v -0.796036 -0.358604 0.753961
v -0.790855 -0.368091 0.753961
v -0.784377 -0.376745 0.753961
v -0.776734 -0.384388 0.753961
v -0.768080 -0.390866 0.753961
v -0.758593 -0.396047 0.753961
v -0.748465 -0.399824 0.753961
v -0.737902 -0.402122 0.753961
v -0.727120 -0.402893 0.753961
v -0.727120 0.402893 0.753961
v -0.737902 0.402122 0.753961
v -0.748465 0.399824 0.753961
v -0.758593 0.396047 0.753961
v -0.768080 0.390866 0.753961
v -0.776734 0.384388 0.753961
v -0.784377 0.376745 0.753961
v -0.790855 0.368091 0.753961
v -0.796036 0.358604 0.753961
v -0.799813 0.348476 0.753961
v -0.802111 0.337913 0.753961
v -0.802882 0.327131 0.753961
v 0.698381 0.377943 0.731823
v 0.709184 0.377171 0.731823
v 0.719768 0.374868 0.731823
v 0.729917 0.371083 0.731823
v 0.739423 0.365892 0.731823
v 0.748094 0.359401 0.731823
v 0.755753 0.351742 0.731823
v 0.762244 0.343071 0.731823
v 0.767435 0.333565 0.731823
v 0.771220 0.323416 0.731823
v 0.773522 0.312833 0.731823
v 0.774295 0.302029 0.731823
v 0.709184 -0.377171 0.731823
v 0.698381 -0.377943 0.731823
v 0.719768 -0.374868 0.731823
v 0.729917 -0.371083 0.731823
v 0.739423 -0.365892 0.731823
v 0.748094 -0.359401 0.731823
v 0.755753 -0.351742 0.731823
v 0.762244 -0.343071 0.731823
v 0.767435 -0.333565 0.731823
v 0.771220 -0.323416 0.731823
v 0.773522 -0.312833 0.731823
v 0.774295 -0.302029 0.731823
v -0.773522 -0.312833 0.731823
v -0.774295 -0.302029 0.731823
v -0.771220 -0.323416 0.731823
v -0.767435 -0.333565 0.731823
v -0.762244 -0.343071 0.731823
v -0.755753 -0.351742 0.731823
v -0.748094 -0.359401 0.731823
v -0.739423 -0.365892 0.731823
v -0.729917 -0.371083 0.731823
v -0.719768 -0.374868 0.731823
v -0.709184 -0.377171 0.731823
v -0.698381 -0.377943 0.731823
v -0.709184 0.377171 0.731823
v -0.698381 0.377943 0.731823
v -0.719768 0.374868 0.731823
v -0.729917 0.371083 0.731823
v -0.739423 0.365892 0.731823
v -0.748094 0.359401 0.731823
v -0.755753 0.351742 0.731823
v -0.762244 0.343071 0.731823
v -0.767435 0.333565 0.731823
v -0.771220 0.323416 0.731823
v -0.773522 0.312833 0.731823
v -0.774295 0.302029 0.731823
v 0.724326 0.396823 0.738031
v 0.735320 0.396037 0.738031
v 0.746090 0.393694 0.738031
v 0.756417 0.389842 0.738031
v 0.766091 0.384560 0.738031
v 0.774914 0.377955 0.738031
v 0.782708 0.370161 0.738031
v 0.789313 0.361338 0.738031
v 0.794595 0.351664 0.738031
v 0.798447 0.341337 0.738031
v 0.800790 0.330567 0.738031
v 0.801576 0.319573 0.738031
v 0.724326 -0.396823 0.738031
v 0.735320 -0.396037 0.738031
v 0.746090 -0.393694 0.738031
v 0.756417 -0.389842 0.738031
v 0.766091 -0.384560 0.738031
v 0.774914 -0.377955 0.738031
v 0.782708 -0.370161 0.738031
v 0.789313 -0.361338 0.738031
v 0.794595 -0.351664 0.738031
v 0.798447 -0.341337 0.738031
v 0.800790 -0.330567 0.738031
v 0.801576 -0.319573 0.738031
v -0.801576 -0.319573 0.738031
v -0.800790 -0.330567 0.738031
v -0.798447 -0.341337 0.738031
v -0.794595 -0.351664 0.738031
v -0.789313 -0.361338 0.738031
v -0.782708 -0.370161 0.738031
v -0.774914 -0.377955 0.738031
v -0.766091 -0.384560 0.738031
v -0.756417 -0.389842 0.738031
v -0.746090 -0.393694 0.738031
v -0.735320 -0.396037 0.738031
v -0.724326 -0.396823 0.738031
v -0.724326 0.396823 0.738031
v -0.735320 0.396037 0.738031
v -0.746090 0.393694 0.738031
v -0.756417 0.389842 0.738031
v -0.766091 0.384560 0.738031
v -0.774914 0.377955 0.738031
v -0.782708 0.370161 0.738031
v -0.789313 0.361338 0.738031
v -0.794595 0.351664 0.738031
v -0.798447 0.341337 0.738031
v -0.800790 0.330567 0.738031
v -0.801576 0.319573 0.738031
v 0.733459 0.406406 0.753961
v 0.735716 0.407692 0.751961
v 0.734611 0.407049 0.753693
v 0.735437 0.407519 0.752961
v 0.812445 0.330963 0.751961
v 0.810470 0.330223 0.753961
v 0.812180 0.330887 0.752961
v 0.811457 0.330616 0.753693
v 0.746636 0.406911 0.751961
v 0.744413 0.405670 0.753961
v 0.746358 0.406745 0.752961
v 0.745544 0.406290 0.753693
v 0.757333 0.404584 0.751961
v 0.755165 0.403403 0.753961
v 0.757060 0.404426 0.752961
v 0.756266 0.403995 0.753693
v 0.767590 0.400758 0.751961
v 0.765478 0.399641 0.753961
v 0.767321 0.400610 0.752961
v 0.766548 0.400202 0.753693
v 0.777199 0.395511 0.751961
v 0.775135 0.394456 0.753961
v 0.776933 0.395374 0.752961
v 0.776177 0.394987 0.753693
v 0.785963 0.388951 0.751961
v 0.783937 0.387953 0.753961
v 0.785699 0.388823 0.752961
v 0.784958 0.388458 0.753693
v 0.793704 0.381210 0.751961
v 0.791706 0.380265 0.753961
v 0.793442 0.381091 0.752961
v 0.792710 0.380745 0.753693
v 0.800264 0.372446 0.751961
v 0.798284 0.371549 0.753961
v 0.800003 0.372336 0.752961
v 0.799278 0.372008 0.753693
v 0.805511 0.362837 0.751961
v 0.803539 0.361984 0.753961
v 0.805249 0.362737 0.752961
v 0.804527 0.362424 0.753693
v 0.809337 0.352580 0.751961
v 0.807367 0.351767 0.753961
v 0.809074 0.352488 0.752961
v 0.808353 0.352190 0.753693
v 0.811664 0.341883 0.751961
v 0.809691 0.341107 0.753961
v 0.811399 0.341799 0.752961
v 0.810678 0.341515 0.753693
v 0.788721 0.307656 0.731823
v 0.792189 0.309950 0.732670
v 0.789913 0.308247 0.731936
v 0.791182 0.309087 0.732246
v 0.714703 0.387436 0.732670
v 0.710836 0.384684 0.731823
v 0.713629 0.386525 0.732246
v 0.712213 0.385518 0.731936
v 0.787933 0.318661 0.731823
v 0.791385 0.320962 0.732661
v 0.789122 0.319263 0.731935
v 0.790386 0.320105 0.732242
v 0.785582 0.329439 0.731823
v 0.789014 0.331743 0.732648
v 0.786768 0.330053 0.731934
v 0.788024 0.330896 0.732236
v 0.781711 0.339770 0.731823
v 0.785130 0.342082 0.732637
v 0.782898 0.340396 0.731932
v 0.784149 0.341243 0.732230
v 0.776395 0.349441 0.731823
v 0.779817 0.351771 0.732629
v 0.777588 0.350083 0.731931
v 0.778840 0.350936 0.732226
v 0.769742 0.358253 0.731823
v 0.773184 0.360613 0.732625
v 0.770946 0.358915 0.731930
v 0.772206 0.359779 0.732224
v 0.761885 0.366027 0.731823
v 0.765366 0.368431 0.732625
v 0.763108 0.366712 0.731930
v 0.764382 0.367592 0.732224
v 0.752983 0.372602 0.731823
v 0.756523 0.375064 0.732629
v 0.754231 0.373315 0.731931
v 0.755527 0.374216 0.732226
v 0.743217 0.377845 0.731823
v 0.746835 0.380377 0.732637
v 0.744496 0.378588 0.731932
v 0.745821 0.379515 0.732230
v 0.732787 0.381649 0.731823
v 0.736496 0.384261 0.732648
v 0.734103 0.382425 0.731934
v 0.735461 0.383381 0.732236
v 0.721913 0.383940 0.731823
v 0.725715 0.386632 0.732661
v 0.723265 0.384749 0.731935
v 0.724657 0.385734 0.732242
v 0.810470 -0.330223 0.753961
v 0.812445 -0.330963 0.751961
v 0.811457 -0.330616 0.753693
v 0.812180 -0.330887 0.752961
v 0.735716 -0.407692 0.751961
v 0.733459 -0.406406 0.753961
v 0.735437 -0.407519 0.752961
v 0.734611 -0.407049 0.753693
v 0.809691 -0.341107 0.753961
v 0.811664 -0.341883 0.751961
v 0.810678 -0.341515 0.753693
v 0.811399 -0.341799 0.752961
v 0.807367 -0.351767 0.753961
v 0.809337 -0.352580 0.751961
v 0.808353 -0.352190 0.753693
v 0.809074 -0.352488 0.752961
v 0.803539 -0.361984 0.753961
v 0.805511 -0.362837 0.751961
v 0.804527 -0.362424 0.753693
v 0.805249 -0.362737 0.752961
v 0.798284 -0.371549 0.753961
v 0.800264 -0.372446 0.751961
v 0.799278 -0.372008 0.753693
v 0.800003 -0.372336 0.752961
v 0.791706 -0.380265 0.753961
v 0.793704 -0.381210 0.751961
v 0.792710 -0.380745 0.753693
v 0.793442 -0.381091 0.752961
v 0.783937 -0.387953 0.753961
v 0.785963 -0.388951 0.751961
v 0.784958 -0.388458 0.753693
v 0.785699 -0.388823 0.752961
v 0.775135 -0.394456 0.753961
v 0.777199 -0.395511 0.751961
v 0.776177 -0.394987 0.753693
v 0.776933 -0.395374 0.752961
v 0.765478 -0.399641 0.753961
v 0.767590 -0.400758 0.751961
v 0.766548 -0.400202 0.753693
v 0.767321 -0.400610 0.752961
v 0.755165 -0.403403 0.753961
v 0.757333 -0.404584 0.751961
v 0.756266 -0.403995 0.753693
v 0.757060 -0.404426 0.752961
v 0.744413 -0.405670 0.753961
v 0.746636 -0.406911 0.751961
v 0.745544 -0.406290 0.753693
v 0.746358 -0.406745 0.752961
v 0.710836 -0.384684 0.731823
v 0.714703 -0.387436 0.732670
v 0.712213 -0.385518 0.731936
v 0.713629 -0.386525 0.732246
v 0.792189 -0.309950 0.732670
v 0.788721 -0.307656 0.731823
v 0.791182 -0.309087 0.732246
v 0.789913 -0.308247 0.731936
v 0.725715 -0.386632 0.732661
v 0.721913 -0.383940 0.731823
v 0.724657 -0.385734 0.732242
v 0.723265 -0.384749 0.731935
v 0.736496 -0.384261 0.732648
v 0.732787 -0.381649 0.731823
v 0.735461 -0.383381 0.732236
v 0.734103 -0.382425 0.731934
v 0.746835 -0.380377 0.732637
v 0.743217 -0.377845 0.731823
v 0.745821 -0.379515 0.732230
v 0.744496 -0.378588 0.731932
v 0.756523 -0.375064 0.732629
v 0.752983 -0.372602 0.731823
v 0.755527 -0.374216 0.732226
v 0.754231 -0.373315 0.731931
v 0.765366 -0.368431 0.732625
v 0.761885 -0.366027 0.731823
v 0.764382 -0.367592 0.732224
v 0.763108 -0.366712 0.731930
v 0.773184 -0.360613 0.732625
v 0.769742 -0.358253 0.731823
v 0.772206 -0.359779 0.732224
v 0.770946 -0.358915 0.731930
v 0.779817 -0.351771 0.732629
v 0.776395 -0.349441 0.731823
v 0.778840 -0.350936 0.732226
v 0.777588 -0.350083 0.731931
v 0.785130 -0.342082 0.732637
v 0.781711 -0.339770 0.731823
v 0.784149 -0.341243 0.732230
v 0.782898 -0.340396 0.731932
v 0.789014 -0.331743 0.732648
v 0.785582 -0.329439 0.731823
v 0.788024 -0.330896 0.732236
v 0.786768 -0.330053 0.731934
v 0.791385 -0.320962 0.732661
v 0.787933 -0.318661 0.731823
v 0.790386 -0.320105 0.732242
v 0.789122 -0.319263 0.731935
v -0.810470 0.330223 0.753961
v -0.812445 0.330963 0.751961
v -0.811457 0.330616 0.753693
v -0.812180 0.330887 0.752961
v -0.735716 0.407692 0.751961
v -0.733459 0.406406 0.753961
v -0.735437 0.407519 0.752961
v -0.734611 0.407049 0.753693
v -0.809691 0.341107 0.753961
v -0.811664 0.341883 0.751961
v -0.810678 0.341515 0.753693
v -0.811399 0.341799 0.752961
v -0.807367 0.351767 0.753961
v -0.809337 0.352580 0.751961
v -0.808353 0.352190 0.753693
v -0.809074 0.352488 0.752961
v -0.803539 0.361984 0.753961
v -0.805511 0.362837 0.751961
v -0.804527 0.362424 0.753693
v -0.805249 0.362737 0.752961
v -0.798284 0.371549 0.753961
v -0.800264 0.372446 0.751961
v -0.799278 0.372008 0.753693
v -0.800003 0.372336 0.752961
v -0.791706 0.380265 0.753961
v -0.793704 0.381210 0.751961
v -0.792710 0.380745 0.753693
v -0.793442 0.381091 0.752961
v -0.783937 0.387953 0.753961
v -0.785963 0.388951 0.751961
v -0.784958 0.388458 0.753693
v -0.785699 0.388823 0.752961
v -0.775135 0.394456 0.753961
v -0.777199 0.395511 0.751961
v -0.776177 0.394987 0.753693
v -0.776933 0.395374 0.752961
v -0.765478 0.399641 0.753961
v -0.767590 0.400758 0.751961
v -0.766548 0.400202 0.753693
v -0.767321 0.400610 0.752961
v -0.755165 0.403403 0.753961
v -0.757333 0.404584 0.751961
v -0.756266 0.403995 0.753693
v -0.757060 0.404426 0.752961
v -0.744413 0.405670 0.753961
v -0.746636 0.406911 0.751961
v -0.745544 0.406290 0.753693
v -0.746358 0.406745 0.752961
v -0.710836 0.384684 0.731823
v -0.714703 0.387436 0.732670
v -0.712213 0.385518 0.731936
v -0.713629 0.386525 0.732246
v -0.792189 0.309950 0.732670
v -0.788721 0.307656 0.731823
v -0.791182 0.309087 0.732246
v -0.789913 0.308247 0.731936
v -0.725715 0.386632 0.732661
v -0.721913 0.383940 0.731823
v -0.724657 0.385734 0.732242
v -0.723265 0.384749 0.731935
v -0.736496 0.384261 0.732648
v -0.732787 0.381649 0.731823
v -0.735461 0.383381 0.732236
v -0.734103 0.382425 0.731934
v -0.746835 0.380377 0.732637
v -0.743217 0.377845 0.731823
v -0.745821 0.379515 0.732230
v -0.744496 0.378588 0.731932
v -0.756523 0.375064 0.732629
v -0.752983 0.372602 0.731823
v -0.755527 0.374216 0.732226
v -0.754231 0.373315 0.731931
v -0.765366 0.368431 0.732625
v -0.761885 0.366027 0.731823
v -0.764382 0.367592 0.732224
v -0.763108 0.366712 0.731930
v -0.773184 0.360613 0.732625
v -0.769742 0.358253 0.731823
v -0.772206 0.359779 0.732224
v -0.770946 0.358915 0.731930
v -0.779817 0.351771 0.732629
v -0.776395 0.349441 0.731823
v -0.778840 0.350936 0.732226
v -0.777588 0.350083 0.731931
v -0.785130 0.342082 0.732637
v -0.781711 0.339770 0.731823
v -0.784149 0.341243 0.732230
v -0.782898 0.340396 0.731932
v -0.789014 0.331743 0.732648
v -0.785582 0.329439 0.731823
v -0.788024 0.330896 0.732236
v -0.786768 0.330053 0.731934
v -0.791385 0.320962 0.732661
v -0.787933 0.318661 0.731823
v -0.790386 0.320105 0.732242
v -0.789122 0.319263 0.731935
v -0.733459 -0.406406 0.753961
v -0.735716 -0.407692 0.751961
v -0.734611 -0.407049 0.753693
v -0.735437 -0.407519 0.752961
v -0.812445 -0.330963 0.751961
v -0.810470 -0.330223 0.753961
v -0.812180 -0.330887 0.752961
v -0.811457 -0.330616 0.753693
v -0.744413 -0.405670 0.753961
v -0.746636 -0.406911 0.751961
v -0.745544 -0.406290 0.753693
v -0.746358 -0.406745 0.752961
v -0.755165 -0.403403 0.753961
v -0.757333 -0.404584 0.751961
v -0.756266 -0.403995 0.753693
v -0.757060 -0.404426 0.752961
v -0.765478 -0.399641 0.753961
v -0.767590 -0.400758 0.751961
v -0.766548 -0.400202 0.753693
v -0.767321 -0.400610 0.752961
v -0.775135 -0.394456 0.753961
v -0.777199 -0.395511 0.751961
v -0.776177 -0.394987 0.753693
v -0.776933 -0.395374 0.752961
v -0.783937 -0.387953 0.753961
v -0.785963 -0.388951 0.751961
v -0.784958 -0.388458 0.753693
v -0.785699 -0.388823 0.752961
v -0.791706 -0.380265 0.753961
v -0.793704 -0.381210 0.751961
v -0.792710 -0.380745 0.753693
v -0.793442 -0.381091 0.752961
v -0.798284 -0.371549 0.753961
v -0.800264 -0.372446 0.751961
v -0.799278 -0.372008 0.753693
v -0.800003 -0.372336 0.752961
v -0.803539 -0.361984 0.753961
v -0.805511 -0.362837 0.751961
v -0.804527 -0.362424 0.753693
v -0.805249 -0.362737 0.752961
v -0.807367 -0.351767 0.753961
v -0.809337 -0.352580 0.751961
v -0.808353 -0.352190 0.753693
v -0.809074 -0.352488 0.752961
v -0.809691 -0.341107 0.753961
v -0.811664 -0.341883 0.751961
v -0.810678 -0.341515 0.753693
v -0.811399 -0.341799 0.752961
v -0.788721 -0.307656 0.731823
v -0.792189 -0.309950 0.732670
v -0.789913 -0.308247 0.731936
v -0.791182 -0.309087 0.732246
v -0.714703 -0.387436 0.732670
v -0.710836 -0.384684 0.731823
v -0.713629 -0.386525 0.732246
v -0.712213 -0.385518 0.731936
v -0.791385 -0.320962 0.732661
v -0.787933 -0.318661 0.731823
v -0.790386 -0.320105 0.732242
v -0.789122 -0.319263 0.731935
v -0.789014 -0.331743 0.732648
v -0.785582 -0.329439 0.731823
v -0.788024 -0.330896 0.732236
v -0.786768 -0.330053 0.731934
v -0.785130 -0.342082 0.732637
v -0.781711 -0.339770 0.731823
v -0.784149 -0.341243 0.732230
v -0.782898 -0.340396 0.731932
v -0.779817 -0.351771 0.732629
v -0.776395 -0.349441 0.731823
v -0.778840 -0.350936 0.732226
v -0.777588 -0.350083 0.731931
v -0.773184 -0.360613 0.732625
v -0.769742 -0.358253 0.731823
v -0.772206 -0.359779 0.732224
v -0.770946 -0.358915 0.731930
v -0.765366 -0.368431 0.732625
v -0.761885 -0.366027 0.731823
v -0.764382 -0.367592 0.732224
v -0.763108 -0.366712 0.731930
v -0.756523 -0.375064 0.732629
v -0.752983 -0.372602 0.731823
v -0.755527 -0.374216 0.732226
v -0.754231 -0.373315 0.731931
v -0.746835 -0.380377 0.732637
v -0.743217 -0.377845 0.731823
v -0.745821 -0.379515 0.732230
v -0.744496 -0.378588 0.731932
v -0.736496 -0.384261 0.732648
v -0.732787 -0.381649 0.731823
v -0.735461 -0.383381 0.732236
v -0.734103 -0.382425 0.731934
v -0.725715 -0.386632 0.732661
v -0.721913 -0.383940 0.731823
v -0.724657 -0.385734 0.732242
v -0.723265 -0.384749 0.731935
v 0.735533 0.407692 0.746240
v 0.733949 0.406210 0.743393
v 0.735297 0.407493 0.745126
v 0.734717 0.406951 0.744084
v 0.810963 0.329196 0.743393
v 0.812445 0.330780 0.746240
v 0.811704 0.329964 0.744084
v 0.812246 0.330544 0.745126
v 0.744925 0.405442 0.743402
v 0.746478 0.406909 0.746240
v 0.745682 0.406175 0.744089
v 0.746250 0.406712 0.745127
v 0.755684 0.403127 0.743414
v 0.757201 0.404576 0.746240
v 0.756426 0.403851 0.744095
v 0.756981 0.404381 0.745129
v 0.765999 0.399307 0.743425
v 0.767483 0.400741 0.746240
v 0.766727 0.400022 0.744101
v 0.767270 0.400547 0.745131
v 0.775658 0.394055 0.743434
v 0.777114 0.395482 0.746240
v 0.776375 0.394765 0.744105
v 0.776908 0.395287 0.745132
v 0.784462 0.387478 0.743438
v 0.785899 0.388906 0.746240
v 0.785172 0.388186 0.744107
v 0.785699 0.388709 0.745132
v 0.792231 0.379709 0.743438
v 0.793659 0.381146 0.746240
v 0.792939 0.380419 0.744107
v 0.793462 0.380946 0.745132
v 0.798808 0.370905 0.743434
v 0.800235 0.372361 0.746240
v 0.799518 0.371622 0.744105
v 0.800040 0.372155 0.745132
v 0.804060 0.361246 0.743425
v 0.805494 0.362730 0.746240
v 0.804775 0.361974 0.744101
v 0.805300 0.362518 0.745131
v 0.807880 0.350931 0.743414
v 0.809329 0.352448 0.746240
v 0.808604 0.351673 0.744095
v 0.809134 0.352228 0.745129
v 0.810195 0.340172 0.743402
v 0.811662 0.341725 0.746240
v 0.810928 0.340929 0.744089
v 0.811465 0.341497 0.745127
v 0.812445 -0.330780 0.746240
v 0.810963 -0.329196 0.743393
v 0.812246 -0.330544 0.745126
v 0.811704 -0.329964 0.744084
v 0.733949 -0.406210 0.743393
v 0.735533 -0.407692 0.746240
v 0.734717 -0.406951 0.744084
v 0.735297 -0.407493 0.745126
v 0.811662 -0.341725 0.746240
v 0.810195 -0.340172 0.743402
v 0.811465 -0.341497 0.745127
v 0.810928 -0.340929 0.744089
v 0.809329 -0.352448 0.746240
v 0.807880 -0.350931 0.743414
v 0.809134 -0.352228 0.745129
v 0.808604 -0.351673 0.744095
v 0.805494 -0.362730 0.746240
v 0.804060 -0.361246 0.743425
v 0.805300 -0.362518 0.745131
v 0.804775 -0.361974 0.744101
v 0.800235 -0.372361 0.746240
v 0.798808 -0.370905 0.743434
v 0.800040 -0.372155 0.745132
v 0.799518 -0.371622 0.744105
v 0.793659 -0.381146 0.746240
v 0.792231 -0.379709 0.743438
v 0.793462 -0.380946 0.745132
v 0.792939 -0.380419 0.744107
v 0.785899 -0.388906 0.746240
v 0.784462 -0.387478 0.743438
v 0.785699 -0.388709 0.745132
v 0.785172 -0.388186 0.744107
v 0.777114 -0.395482 0.746240
v 0.775658 -0.394055 0.743434
v 0.776908 -0.395287 0.745132
v 0.776375 -0.394765 0.744105
v 0.767483 -0.400741 0.746240
v 0.765999 -0.399307 0.743425
v 0.767270 -0.400547 0.745131
v 0.766727 -0.400022 0.744101
v 0.757201 -0.404576 0.746240
v 0.755684 -0.403127 0.743414
v 0.756981 -0.404381 0.745129
v 0.756426 -0.403851 0.744095
v 0.746478 -0.406909 0.746240
v 0.744925 -0.405442 0.743402
v 0.746250 -0.406712 0.745127
v 0.745682 -0.406175 0.744089
v -0.735533 -0.407692 0.746240
v -0.733949 -0.406210 0.743393
v -0.735297 -0.407493 0.745126
v -0.734717 -0.406951 0.744084
v -0.810963 -0.329196 0.743393
v -0.812445 -0.330780 0.746240
v -0.811704 -0.329964 0.744084
v -0.812246 -0.330544 0.745126
v -0.746478 -0.406909 0.746240
v -0.744925 -0.405442 0.743402
v -0.746250 -0.406712 0.745127
v -0.745682 -0.406175 0.744089
v -0.757201 -0.404576 0.746240
v -0.755684 -0.403127 0.743414
v -0.756981 -0.404381 0.745129
v -0.756426 -0.403851 0.744095
v -0.767483 -0.400741 0.746240
v -0.765999 -0.399307 0.743425
v -0.767270 -0.400547 0.745131
v -0.766727 -0.400022 0.744101
v -0.777114 -0.395482 0.746240
v -0.775658 -0.394055 0.743434
v -0.776908 -0.395287 0.745132
v -0.776375 -0.394765 0.744105
v -0.785899 -0.388906 0.746240
v -0.784462 -0.387478 0.743438
v -0.785699 -0.388709 0.745132
v -0.785172 -0.388186 0.744107
v -0.793659 -0.381146 0.746240
v -0.792231 -0.379709 0.743438
v -0.793462 -0.380946 0.745132
v -0.792939 -0.380419 0.744107
v -0.800235 -0.372361 0.746240
v -0.798808 -0.370905 0.743434
v -0.800040 -0.372155 0.745132
v -0.799518 -0.371622 0.744105
v -0.805494 -0.362730 0.746240
v -0.804060 -0.361246 0.743425
v -0.805300 -0.362518 0.745131
v -0.804775 -0.361974 0.744101
v -0.809329 -0.352448 0.746240
v -0.807880 -0.350931 0.743414
v -0.809134 -0.352228 0.745129
v -0.808604 -0.351673 0.744095
v -0.811662 -0.341725 0.746240
v -0.810195 -0.340172 0.743402
v -0.811465 -0.341497 0.745127
v -0.810928 -0.340929 0.744089
v -0.812445 0.330780 0.746240
v -0.810963 0.329196 0.743393
v -0.812246 0.330544 0.745126
v -0.811704 0.329964 0.744084
v -0.733949 0.406210 0.743393
v -0.735533 0.407692 0.746240
v -0.734717 0.406951 0.744084
v -0.735297 0.407493 0.745126
v -0.811662 0.341725 0.746240
v -0.810195 0.340172 0.743402
v -0.811465 0.341497 0.745127
v -0.810928 0.340929 0.744089
v -0.809329 0.352448 0.746240
v -0.807880 0.350931 0.743414
v -0.809134 0.352228 0.745129
v -0.808604 0.351673 0.744095
v -0.805494 0.362730 0.746240
v -0.804060 0.361246 0.743425
v -0.805300 0.362518 0.745131
v -0.804775 0.361974 0.744101
v -0.800235 0.372361 0.746240
v -0.798808 0.370905 0.743434
v -0.800040 0.372155 0.745132
v -0.799518 0.371622 0.744105
v -0.793659 0.381146 0.746240
v -0.792231 0.379709 0.743438
v -0.793462 0.380946 0.745132
v -0.792939 0.380419 0.744107
v -0.785899 0.388906 0.746240
v -0.784462 0.387478 0.743438
v -0.785699 0.388709 0.745132
v -0.785172 0.388186 0.744107
v -0.777114 0.395482 0.746240
v -0.775658 0.394055 0.743434
v -0.776908 0.395287 0.745132
v -0.776375 0.394765 0.744105
v -0.767483 0.400741 0.746240
v -0.765999 0.399307 0.743425
v -0.767270 0.400547 0.745131
v -0.766727 0.400022 0.744101
v -0.757201 0.404576 0.746240
v -0.755684 0.403127 0.743414
v -0.756981 0.404381 0.745129
v -0.756426 0.403851 0.744095
v -0.746478 0.406909 0.746240
v -0.744925 0.405442 0.743402
v -0.746250 0.406712 0.745127
v -0.745682 0.406175 0.744089
v 0.624781 0.338113 0.731823
v 0.634446 0.337422 0.731823
v 0.643914 0.335362 0.731823
v 0.652993 0.331976 0.731823
v 0.661498 0.327332 0.731823
v 0.669255 0.321525 0.731823
v 0.676107 0.314673 0.731823
v 0.681913 0.306916 0.731823
v 0.686557 0.298412 0.731823
v 0.689944 0.289333 0.731823
v 0.692003 0.279864 0.731823
v 0.692695 0.270199 0.731823
v 0.634446 -0.337422 0.731823
v 0.624781 -0.338113 0.731823
v 0.643914 -0.335362 0.731823
v 0.652993 -0.331976 0.731823
v 0.661498 -0.327332 0.731823
v 0.669255 -0.321525 0.731823
v 0.676107 -0.314673 0.731823
v 0.681913 -0.306916 0.731823
v 0.686557 -0.298412 0.731823
v 0.689944 -0.289333 0.731823
v 0.692003 -0.279864 0.731823
v 0.692695 -0.270199 0.731823
v -0.692003 -0.279864 0.731823
v -0.692695 -0.270199 0.731823
v -0.689944 -0.289333 0.731823
v -0.686557 -0.298412 0.731823
v -0.681913 -0.306916 0.731823
v -0.676107 -0.314673 0.731823
v -0.669255 -0.321525 0.731823
v -0.661498 -0.327332 0.731823
v -0.652993 -0.331976 0.731823
v -0.643914 -0.335362 0.731823
v -0.634446 -0.337422 0.731823
v -0.624781 -0.338113 0.731823
v -0.634446 0.337422 0.731823
v -0.624781 0.338113 0.731823
v -0.643914 0.335362 0.731823
v -0.652993 0.331976 0.731823
v -0.661498 0.327332 0.731823
v -0.669255 0.321525 0.731823
v -0.676107 0.314673 0.731823
v -0.681913 0.306916 0.731823
v -0.686557 0.298412 0.731823
v -0.689944 0.289333 0.731823
v -0.692003 0.279864 0.731823
v -0.692695 0.270199 0.731823
v 0.725232 0.395217 0.753961
v 0.714635 0.395975 0.753961
v 0.735614 0.392959 0.753961
v 0.745568 0.389246 0.753961
v 0.754892 0.384155 0.753961
v 0.763397 0.377788 0.753961
v 0.770909 0.370276 0.753961
v 0.777276 0.361771 0.753961
v 0.782368 0.352447 0.753961
v 0.786080 0.342492 0.753961
v 0.788339 0.332111 0.753961
v 0.789097 0.321514 0.753961
v 0.714635 -0.395975 0.753961
v 0.725232 -0.395217 0.753961
v 0.735614 -0.392959 0.753961
v 0.745568 -0.389246 0.753961
v 0.754892 -0.384155 0.753961
v 0.763397 -0.377788 0.753961
v 0.770909 -0.370276 0.753961
v 0.777276 -0.361771 0.753961
v 0.782368 -0.352447 0.753961
v 0.786080 -0.342492 0.753961
v 0.788339 -0.332111 0.753961
v 0.789097 -0.321514 0.753961
v -0.789097 -0.321514 0.753961
v -0.788339 -0.332111 0.753961
v -0.786080 -0.342492 0.753961
v -0.782368 -0.352447 0.753961
v -0.777276 -0.361771 0.753961
v -0.770909 -0.370276 0.753961
v -0.763397 -0.377788 0.753961
v -0.754892 -0.384155 0.753961
v -0.745568 -0.389246 0.753961
v -0.735614 -0.392959 0.753961
v -0.725232 -0.395217 0.753961
v -0.714635 -0.395975 0.753961
v -0.714635 0.395975 0.753961
v -0.725232 0.395217 0.753961
v -0.735614 0.392959 0.753961
v -0.745568 0.389246 0.753961
v -0.754892 0.384155 0.753961
v -0.763397 0.377788 0.753961
v -0.770909 0.370276 0.753961
v -0.777276 0.361771 0.753961
v -0.782368 0.352447 0.753961
v -0.786080 0.342492 0.753961
v -0.788339 0.332111 0.753961
v -0.789097 0.321514 0.753961
vn -0.9808 -0.0523 0.1876
vn 0.6289 -0.7530 0.1935
vn -0.0878 -0.1005 0.9911
vn -0.7685 -0.5815 0.2670
vn -0.8301 -0.0478 0.5556
vn -0.6343 -0.3954 0.6644
vn 0.5079 -0.6395 0.5772
vn 0.0907 -0.9565 0.2771
vn 0.1085 -0.7261 0.6790
vn -0.4483 -0.0885 0.8895
vn 0.1824 -0.3693 0.9112
vn -0.1860 -0.3620 0.9134
vn -0.9809 0.0497 0.1883
vn -0.0867 0.0997 0.9912
vn 0.6387 0.7445 0.1945
vn -0.8300 0.0458 0.5558
vn -0.7671 0.5816 0.2708
vn -0.6325 0.3909 0.6687
vn 0.1863 0.3656 0.9119
vn -0.4474 0.0875 0.8901
vn -0.1820 0.3583 0.9157
vn 0.0996 0.9544 0.2813
vn 0.5161 0.6322 0.5780
vn 0.1180 0.7202 0.6836
vn -0.9801 -0.0528 -0.1915
vn -0.0433 -0.0996 -0.9941
vn 0.6346 -0.7488 -0.1911
vn -0.8206 -0.0488 -0.5694
vn -0.7629 -0.5847 -0.2759
vn -0.6166 -0.3995 -0.6783
vn 0.2206 -0.3639 -0.9049
vn -0.4166 -0.0891 -0.9047
vn -0.1549 -0.3593 -0.9203
vn 0.0989 -0.9561 -0.2759
vn 0.5279 -0.6305 -0.5690
vn 0.1331 -0.7226 -0.6783
vn -0.9801 0.0501 -0.1921
vn 0.6443 0.7402 -0.1921
vn -0.0422 0.0988 -0.9942
vn -0.7615 0.5847 -0.2798
vn -0.8206 0.0467 -0.5696
vn -0.6147 0.3949 -0.6828
vn 0.5358 0.6232 -0.5697
vn 0.1078 0.9540 -0.2798
vn 0.1426 0.7166 -0.6828
vn -0.4156 0.0881 -0.9053
vn 0.2245 0.3602 -0.9055
vn -0.1510 0.3555 -0.9224
vn 0.1392 -0.0603 -0.9884
vn 0.9094 -0.3919 -0.1392
vn 0.4770 -0.2062 -0.8544
vn 0.7943 -0.3426 -0.5018
vn 0.1396 0.0595 -0.9884
vn 0.9115 0.3871 -0.1392
vn 0.4783 0.2038 -0.8542
vn 0.7961 0.3384 -0.5016
vn 0.0934 -0.0608 0.9938
vn 0.9081 -0.3938 0.1422
vn 0.4465 -0.2089 0.8700
vn 0.7847 -0.3467 0.5138
vn 0.0939 0.0601 0.9938
vn 0.9102 0.3890 0.1422
vn 0.4480 0.2065 0.8698
vn 0.7867 0.3426 0.5136
vn -0.1769 -0.0000 0.9842
vn -0.9916 0.0001 0.1295
vn -0.5294 0.0001 0.8483
vn -0.8725 0.0002 0.4887
vn -0.9916 -0.0001 0.1293
vn -0.1768 -0.0000 0.9842
vn -0.8726 -0.0002 0.4885
vn -0.5294 -0.0001 0.8484
vn -0.1307 -0.0000 -0.9914
vn -0.9914 -0.0001 -0.1310
vn -0.5002 -0.0001 -0.8659
vn -0.8658 -0.0002 -0.5004
vn -0.9914 0.0001 -0.1312
vn -0.8657 0.0002 -0.5006
vn -0.5002 0.0001 -0.8659
vn 0.1144 -0.9757 -0.1866
vn 0.9758 -0.1144 -0.1864
vn 0.0372 -0.0372 -0.9986
vn 0.4889 -0.8124 -0.3179
vn 0.1875 -0.7039 -0.6851
vn 0.4560 -0.4948 -0.7398
vn 0.7040 -0.1874 -0.6850
vn 0.8124 -0.4889 -0.3179
vn 0.4948 -0.4560 -0.7398
vn 0.1040 -0.2704 -0.9571
vn 0.2703 -0.1040 -0.9571
vn 0.3177 -0.3177 -0.8934
vn 0.1144 0.9757 -0.1866
vn 0.0372 0.0372 -0.9986
vn 0.9758 0.1144 -0.1863
vn 0.1874 0.7039 -0.6851
vn 0.4889 0.8124 -0.3179
vn 0.4559 0.4948 -0.7398
vn 0.2702 0.1040 -0.9572
vn 0.1040 0.2704 -0.9571
vn 0.3177 0.3177 -0.8934
vn 0.8124 0.4889 -0.3179
vn 0.7041 0.1874 -0.6850
vn 0.4948 0.4560 -0.7398
vn 0.1143 -0.9756 0.1877
vn 0.0097 -0.0346 0.9994
vn 0.9756 -0.1143 0.1873
vn 0.1866 -0.6985 0.6908
vn 0.4886 -0.8119 0.3194
vn 0.4539 -0.4905 0.7439
vn 0.2551 -0.0999 0.9617
vn 0.0995 -0.2559 0.9616
vn 0.3108 -0.3117 0.8979
vn 0.8118 -0.4888 0.3194
vn 0.6984 -0.1869 0.6909
vn 0.4898 -0.4545 0.7440
vn 0.1143 0.9756 0.1877
vn 0.9757 0.1143 0.1872
vn 0.0097 0.0346 0.9994
vn 0.4886 0.8119 0.3194
vn 0.1866 0.6985 0.6908
vn 0.4539 0.4905 0.7439
vn 0.6984 0.1869 0.6909
vn 0.8118 0.4888 0.3194
vn 0.4898 0.4546 0.7440
vn 0.0995 0.2559 0.9616
vn 0.2549 0.0999 0.9618
vn 0.3108 0.3117 0.8979
vn 0.9809 -0.0523 0.1875
vn 0.0881 -0.1002 0.9911
vn -0.6290 -0.7531 0.1929
vn 0.8302 -0.0478 0.5555
vn 0.7685 -0.5815 0.2670
vn 0.6343 -0.3954 0.6644
vn -0.1823 -0.3692 0.9113
vn 0.4483 -0.0885 0.8895
vn 0.1860 -0.3620 0.9134
vn -0.0907 -0.9565 0.2772
vn -0.5083 -0.6400 0.5762
vn -0.1085 -0.7261 0.6790
vn 0.9808 0.0497 0.1885
vn -0.6388 0.7445 0.1939
vn 0.0871 0.0994 0.9912
vn 0.7671 0.5816 0.2708
vn 0.8298 0.0457 0.5561
vn 0.6325 0.3909 0.6687
vn -0.5165 0.6326 0.5770
vn -0.0996 0.9544 0.2813
vn -0.1180 0.7202 0.6836
vn 0.4474 0.0875 0.8900
vn -0.1863 0.3656 0.9120
vn 0.1820 0.3583 0.9157
vn 0.9801 -0.0528 -0.1914
vn -0.6347 -0.7489 -0.1906
vn 0.0436 -0.0992 -0.9941
vn 0.7629 -0.5847 -0.2759
vn 0.8207 -0.0488 -0.5693
vn 0.6166 -0.3995 -0.6783
vn -0.5283 -0.6310 -0.5681
vn -0.0989 -0.9561 -0.2759
vn -0.1330 -0.7226 -0.6783
vn 0.4165 -0.0891 -0.9047
vn -0.2205 -0.3638 -0.9050
vn 0.1549 -0.3593 -0.9203
vn 0.9800 0.0501 -0.1923
vn 0.0426 0.0985 -0.9942
vn -0.6444 0.7403 -0.1915
vn 0.8204 0.0467 -0.5699
vn 0.7614 0.5847 -0.2798
vn 0.6147 0.3949 -0.6828
vn -0.2245 0.3601 -0.9055
vn 0.4156 0.0881 -0.9053
vn 0.1510 0.3554 -0.9224
vn -0.1079 0.9540 -0.2798
vn -0.5363 0.6237 -0.5688
vn -0.1426 0.7166 -0.6828
vn -0.1390 -0.0601 -0.9885
vn -0.9095 -0.3921 -0.1384
vn -0.4769 -0.2061 -0.8544
vn -0.7947 -0.3429 -0.5010
vn -0.1393 0.0593 -0.9885
vn -0.9115 0.3873 -0.1382
vn -0.4782 0.2037 -0.8543
vn -0.7966 0.3387 -0.5006
vn -0.0933 -0.0606 0.9938
vn -0.9082 -0.3939 0.1414
vn -0.4465 -0.2088 0.8701
vn -0.7851 -0.3470 0.5130
vn -0.0936 0.0599 0.9938
vn -0.9103 0.3891 0.1412
vn -0.4478 0.2064 0.8700
vn -0.7871 0.3429 0.5127
vn -0.0000 0.9904 -0.1379
vn -0.0000 0.1379 -0.9904
vn -0.0000 0.8623 -0.5064
vn -0.0000 0.5065 -0.8623
vn -0.0000 -0.1379 -0.9904
vn -0.0000 -0.9904 -0.1379
vn -0.0000 -0.5065 -0.8623
vn -0.0000 -0.8623 -0.5064
vn -0.0000 0.1325 0.9912
vn -0.0000 0.9904 0.1383
vn -0.0000 0.4992 0.8665
vn -0.0000 0.8606 0.5094
vn -0.0000 -0.9904 0.1383
vn -0.0000 -0.1325 0.9912
vn -0.0000 -0.8606 0.5094
vn -0.0000 -0.4992 0.8665
vn 0.9916 0.0001 0.1292
vn 0.1768 -0.0000 0.9842
vn 0.8726 0.0002 0.4885
vn 0.5294 0.0001 0.8484
vn 0.9916 -0.0001 0.1292
vn 0.5294 -0.0001 0.8484
vn 0.8726 -0.0002 0.4884
vn 0.9914 -0.0001 -0.1309
vn 0.1307 -0.0000 -0.9914
vn 0.8658 -0.0002 -0.5003
vn 0.5001 -0.0001 -0.8659
vn 0.1306 -0.0000 -0.9914
vn 0.9914 0.0001 -0.1309
vn 0.5001 0.0001 -0.8659
vn 0.8658 0.0002 -0.5003
vn -0.1145 -0.9757 -0.1866
vn -0.0372 -0.0372 -0.9986
vn -0.9758 -0.1144 -0.1864
vn -0.1875 -0.7039 -0.6851
vn -0.4889 -0.8124 -0.3179
vn -0.4560 -0.4947 -0.7398
vn -0.2703 -0.1040 -0.9571
vn -0.1041 -0.2704 -0.9571
vn -0.3177 -0.3177 -0.8934
vn -0.8124 -0.4889 -0.3179
vn -0.7040 -0.1874 -0.6850
vn -0.4948 -0.4560 -0.7398
vn -0.1145 0.9757 -0.1866
vn -0.9758 0.1144 -0.1864
vn -0.0372 0.0372 -0.9986
vn -0.4889 0.8124 -0.3179
vn -0.1875 0.7039 -0.6851
vn -0.4560 0.4948 -0.7398
vn -0.7040 0.1874 -0.6850
vn -0.8124 0.4889 -0.3179
vn -0.4948 0.4560 -0.7398
vn -0.1040 0.2704 -0.9571
vn -0.2703 0.1040 -0.9571
vn -0.3177 0.3177 -0.8934
vn -0.1143 -0.9756 0.1877
vn -0.9756 -0.1143 0.1873
vn -0.0097 -0.0346 0.9994
vn -0.4886 -0.8119 0.3194
vn -0.1866 -0.6985 0.6908
vn -0.4539 -0.4905 0.7439
vn -0.6985 -0.1869 0.6908
vn -0.8118 -0.4888 0.3195
vn -0.4898 -0.4545 0.7439
vn -0.0995 -0.2559 0.9616
vn -0.2552 -0.0999 0.9617
vn -0.3109 -0.3117 0.8979
vn -0.1143 0.9756 0.1877
vn -0.0098 0.0346 0.9994
vn -0.9756 0.1143 0.1873
vn -0.1866 0.6985 0.6908
vn -0.4886 0.8119 0.3194
vn -0.4539 0.4905 0.7439
vn -0.2552 0.0999 0.9617
vn -0.0995 0.2559 0.9616
vn -0.3109 0.3117 0.8979
vn -0.8118 0.4888 0.3194
vn -0.6985 0.1869 0.6908
vn -0.4899 0.4545 0.7439
vn -0.0000 0.9901 0.1401
vn -0.0001 0.8570 0.5153
vn -0.0001 0.4975 0.8675
vn -0.0001 0.1342 0.9910
vn -0.0000 0.9902 -0.1395
vn -0.0000 0.8593 -0.5115
vn -0.0000 0.5079 -0.8614
vn -0.0000 0.1438 -0.9896
vn -0.0000 -0.9901 0.1401
vn -0.0001 -0.8570 0.5153
vn -0.0001 -0.4975 0.8675
vn -0.0001 -0.1342 0.9910
vn -0.0000 -0.9902 -0.1395
vn -0.0000 -0.8593 -0.5115
vn -0.0000 -0.5079 -0.8614
vn -0.0000 -0.1438 -0.9896
vn -0.1797 -0.0000 0.9837
vn -0.5320 -0.0002 0.8467
vn -0.8671 -0.0003 0.4982
vn -0.9901 -0.0001 0.1404
vn -0.1339 -0.0000 -0.9910
vn -0.5029 -0.0002 -0.8643
vn -0.8600 -0.0003 -0.5103
vn -0.9898 -0.0001 -0.1425
vn 0.9901 -0.0000 0.1406
vn 0.8547 0.0001 0.5191
vn 0.4890 -0.0000 0.8723
vn 0.1072 -0.0002 0.9942
vn 0.9902 -0.0000 -0.1395
vn 0.8594 0.0002 -0.5113
vn 0.5080 0.0002 -0.8613
vn 0.1437 -0.0000 -0.9896
vn -0.5321 0.0002 0.8467
vn -0.8670 0.0003 0.4984
vn -0.9900 0.0001 0.1408
vn -0.1338 -0.0000 -0.9910
vn -0.5030 0.0002 -0.8643
vn -0.8599 0.0003 -0.5105
vn -0.9897 0.0001 -0.1429
vn 0.9901 -0.0000 0.1407
vn 0.8548 -0.0001 0.5190
vn 0.4891 -0.0000 0.8722
vn 0.1070 0.0002 0.9943
vn 0.9902 -0.0000 -0.1396
vn 0.8595 -0.0002 -0.5112
vn 0.5081 -0.0002 -0.8613
vn 0.1436 -0.0000 -0.9896
vn -0.5387 -0.0002 0.8425
vn -0.8579 -0.0003 0.5138
vn -0.9864 -0.0001 0.1643
vn -0.1385 -0.0000 -0.9904
vn 0.8579 0.0001 0.5139
vn 0.4763 -0.0000 0.8793
vn 0.0929 -0.0002 0.9957
vn 0.9910 -0.0000 -0.1340
vn -0.1838 -0.0000 0.9830
vn -0.5100 -0.0002 -0.8602
vn -0.8503 -0.0003 -0.5262
vn -0.9859 -0.0001 -0.1671
vn 0.9908 -0.0000 0.1353
vn 0.8639 0.0002 -0.5036
vn 0.5026 0.0002 -0.8645
vn 0.1354 -0.0000 -0.9908
vn -0.1839 -0.0000 0.9829
vn -0.5100 0.0002 -0.8601
vn -0.8502 0.0003 -0.5264
vn -0.9859 0.0001 -0.1674
vn 0.9908 -0.0000 0.1354
vn 0.8638 -0.0002 -0.5038
vn 0.5028 -0.0002 -0.8644
vn 0.1356 -0.0000 -0.9908
vn -0.5388 0.0002 0.8424
vn -0.8578 0.0003 0.5140
vn -0.9864 0.0001 0.1645
vn -0.1386 -0.0000 -0.9904
vn 0.8578 -0.0001 0.5140
vn 0.4767 -0.0000 0.8791
vn 0.0932 0.0002 0.9956
vn 0.9910 -0.0000 -0.1342
vn 0.6790 -0.7196 -0.1455
vn 0.5886 -0.6249 -0.5129
vn 0.3450 -0.3665 -0.8641
vn 0.0926 -0.0982 -0.9909
vn 0.6865 0.7123 -0.1459
vn 0.5950 0.6185 -0.5132
vn 0.3489 0.3629 -0.8640
vn 0.0937 0.0973 -0.9908
vn 0.0469 0.0982 0.9941
vn 0.3128 0.3689 0.8752
vn 0.5787 0.6274 0.5210
vn 0.6827 0.7157 0.1474
vn 0.6751 -0.7229 0.1469
vn 0.5721 -0.6338 0.5206
vn 0.3087 -0.3725 0.8752
vn 0.0458 -0.0991 0.9940
vn -0.0491 -0.0001 0.9988
vn -0.0491 0.0001 0.9988
vn -0.0000 -0.0000 -1.0000
vn -0.0487 -0.0002 0.9988
vn -0.0487 0.0002 0.9988
vn -0.0480 -0.0002 0.9988
vn -0.0480 0.0002 0.9988
vn 0.6767 -0.7171 -0.1672
vn 0.5886 0.6118 -0.5284
vn 0.3533 0.3675 -0.8603
vn 0.0966 0.1003 -0.9903
vn 0.3175 0.3735 0.8716
vn 0.5716 0.6209 0.5364
vn 0.6796 0.7136 0.1700
vn 0.5653 -0.6273 0.5357
vn 0.3132 -0.3770 0.8716
vn 0.0486 -0.1020 0.9936
vn -0.0491 -0.0000 0.9988
vn -0.0487 -0.0001 0.9988
vn -0.0487 0.0001 0.9988
vn -0.0481 -0.0001 0.9988
vn -0.0481 0.0001 0.9988
vn 0.5824 -0.6183 -0.5277
vn 0.3492 -0.3710 -0.8605
vn 0.0954 -0.1011 -0.9903
vn 0.6841 0.7098 -0.1682
vn 0.0499 0.1012 0.9936
vn 0.6722 -0.7209 0.1689
vn 0.0001 0.1342 0.9910
vn 0.0001 0.4975 0.8675
vn 0.0001 0.8570 0.5154
vn 0.0001 -0.1342 0.9910
vn 0.0001 -0.4975 0.8675
vn 0.0001 -0.8570 0.5154
vn 0.9901 -0.0001 0.1401
vn 0.8672 -0.0003 0.4980
vn 0.5319 -0.0002 0.8468
vn 0.1797 -0.0000 0.9837
vn 0.9898 -0.0001 -0.1422
vn 0.8601 -0.0003 -0.5101
vn 0.1338 -0.0000 -0.9910
vn -0.1074 -0.0002 0.9942
vn -0.4892 -0.0000 0.8722
vn -0.8547 0.0001 0.5191
vn -0.9901 -0.0000 0.1407
vn -0.1437 0.0001 -0.9896
vn -0.5081 0.0002 -0.8613
vn -0.8594 0.0002 -0.5113
vn -0.9902 -0.0000 -0.1396
vn 0.8581 -0.0003 0.5135
vn 0.5386 -0.0002 0.8425
vn 0.1837 -0.0000 0.9830
vn 0.9860 -0.0001 -0.1668
vn -0.4765 -0.0000 0.8792
vn -0.8578 0.0001 0.5139
vn -0.9908 -0.0000 0.1354
vn -0.1355 -0.0000 -0.9908
vn 0.9865 -0.0001 0.1639
vn 0.8505 -0.0003 -0.5260
vn 0.5099 -0.0002 -0.8602
vn 0.1384 -0.0000 -0.9904
vn -0.0931 -0.0002 0.9957
vn -0.5027 0.0002 -0.8645
vn -0.8639 0.0002 -0.5037
vn -0.9910 -0.0000 -0.1341
vn 0.9863 0.0001 0.1649
vn 0.8577 0.0003 0.5141
vn 0.5389 0.0002 0.8424
vn 0.1839 -0.0000 0.9829
vn 0.9858 0.0001 -0.1678
vn 0.8501 0.0003 -0.5266
vn 0.5102 0.0002 -0.8601
vn 0.1386 -0.0000 -0.9903
vn -0.0931 0.0002 0.9957
vn -0.8578 -0.0001 0.5139
vn -0.5027 -0.0002 -0.8644
vn -0.8639 -0.0002 -0.5037
vn 0.8671 0.0003 0.4982
vn 0.5320 0.0002 0.8467
vn 0.9898 0.0001 -0.1425
vn -0.8547 -0.0001 0.5191
vn -0.1438 -0.0000 -0.9896
vn 0.9901 0.0001 0.1404
vn 0.8600 0.0003 -0.5103
vn 0.5029 0.0002 -0.8643
vn -0.1074 0.0002 0.9942
vn -0.5081 -0.0002 -0.8613
vn -0.8594 -0.0002 -0.5113
vn -0.0948 -0.1006 -0.9904
vn -0.3488 -0.3705 -0.8609
vn -0.5833 -0.6193 -0.5256
vn -0.6769 -0.7174 -0.1647
vn -0.0960 0.0997 -0.9904
vn -0.3529 0.3670 -0.8607
vn -0.5896 0.6128 -0.5262
vn -0.6844 0.7101 -0.1657
vn -0.6800 0.7138 0.1675
vn -0.5727 0.6218 0.5342
vn -0.3170 0.3731 0.8720
vn -0.0493 0.1006 0.9937
vn -0.0481 -0.1015 0.9937
vn -0.3128 -0.3765 0.8720
vn -0.5663 -0.6283 0.5335
vn -0.6725 -0.7211 0.1665
vn 0.0491 -0.0000 0.9988
vn 0.0487 -0.0001 0.9988
vn 0.0481 -0.0001 0.9988
vn 0.0481 0.0001 0.9988
vn 0.0487 0.0001 0.9988
vn -0.3446 -0.3660 -0.8645
vn -0.5894 -0.6257 -0.5110
vn -0.6793 -0.7199 -0.1428
vn -0.0933 0.0969 -0.9909
vn -0.6831 0.7159 0.1445
vn -0.0454 -0.0987 0.9941
vn 0.0491 -0.0001 0.9988
vn 0.0487 -0.0002 0.9988
vn 0.0480 -0.0002 0.9988
vn 0.0480 0.0002 0.9988
vn 0.0487 0.0002 0.9988
vn -0.0922 -0.0978 -0.9909
vn -0.3484 0.3624 -0.8644
vn -0.5959 0.6193 -0.5112
vn -0.6868 0.7126 -0.1431
vn -0.5796 0.6282 0.5190
vn -0.3123 0.3684 0.8757
vn -0.0466 0.0978 0.9941
vn -0.3082 -0.3719 0.8756
vn -0.5730 -0.6346 0.5187
vn -0.6755 -0.7231 0.1441
vn 0.0491 0.0001 0.9988
vn -0.9917 -0.0000 0.1288
vn -0.8728 -0.0000 0.4881
vn -0.5293 -0.0000 0.8485
vn -0.1767 -0.0000 0.9843
vn -0.9914 -0.0000 -0.1305
vn -0.8660 -0.0000 -0.5000
vn -0.5000 -0.0000 -0.8660
vn -0.1306 -0.0000 -0.9914
vn -0.1305 -0.0000 -0.9914
vn 0.1767 -0.0000 0.9843
vn 0.5293 -0.0000 0.8485
vn 0.8728 -0.0000 0.4881
vn 0.9917 -0.0000 0.1288
vn 0.5000 -0.0000 -0.8660
vn 0.8660 -0.0000 -0.5000
vn 0.9914 -0.0000 -0.1305
vn -0.0246 -0.0000 0.9997
vn -0.0000 -0.0000 1.0000
vn 0.0246 -0.0000 0.9997
vn -0.0001 -0.0000 1.0000
vn 0.0001 -0.0000 1.0000
vn 0.6427 -0.7661 0.0062
vn 0.4275 -0.4451 -0.7869
vn 0.3869 -0.9219 -0.0198
vn 0.2350 -0.5980 -0.7662
vn 0.0447 -0.7276 0.6846
vn -0.0091 -0.6632 -0.7484
vn -0.2663 -0.6652 0.6976
vn -0.2635 -0.6232 -0.7364
vn -0.5016 -0.5016 0.7048
vn -0.4817 -0.4817 -0.7321
vn -0.6327 -0.3355 0.6979
vn -0.6232 -0.2635 -0.7364
vn -0.8195 0.1551 0.5517
vn -0.6632 -0.0091 -0.7484
vn -0.8238 0.5574 -0.1033
vn -0.5980 0.2350 -0.7662
vn -0.7125 0.7017 -0.0003
vn -0.4451 0.4275 -0.7869
vn -0.6044 0.7861 -0.1290
vn -0.2364 0.5415 -0.8068
vn -0.1550 0.8607 -0.4850
vn -0.0084 0.5679 -0.8230
vn 0.2431 0.8446 -0.4770
vn 0.2073 0.5122 -0.8335
vn 0.6160 0.6160 -0.4909
vn 0.3868 0.3868 -0.8371
vn 0.7795 0.3704 -0.5052
vn 0.5122 0.2073 -0.8335
vn 0.8928 -0.3745 -0.2504
vn 0.5679 -0.0084 -0.8230
vn 0.7107 -0.7035 -0.0041
vn 0.5415 -0.2364 -0.8068
vn 0.6393 -0.7690 -0.0066
vn 0.3997 -0.9163 0.0241
vn 0.0361 -0.9977 0.0574
vn -0.3574 -0.9300 0.0860
vn -0.7032 -0.7032 0.1046
vn -0.9149 -0.4023 0.0336
vn -0.9965 -0.0595 -0.0593
vn -0.9168 0.3989 -0.0166
vn -0.7217 0.6921 -0.0128
vn -0.4336 0.8976 -0.0791
vn -0.0658 0.9904 -0.1216
vn 0.3340 0.9301 -0.1526
vn 0.6971 0.6971 -0.1677
vn 0.8818 0.4419 -0.1649
vn 0.9815 -0.1516 -0.1173
vn 0.7372 -0.6754 -0.0205
vn 0.3562 -0.7067 0.6113
vn -0.7071 0.7071 -0.0000
vn 0.0829 0.2998 -0.9504
vn 0.7019 -0.7123 0.0024
vn -0.5663 0.6688 -0.4817
vn 0.7233 -0.4428 -0.5298
vn 0.2144 0.2144 -0.9529
vn 0.6347 -0.7727 -0.0113
vn -0.0588 0.3171 -0.9466
vn -0.5000 0.5000 0.7071
vn 0.7082 -0.7060 -0.0000
vn 0.3001 0.1264 -0.9455
vn 0.6825 -0.7306 -0.0193
vn 0.3899 -0.9205 0.0246
vn 0.0146 -0.9978 0.0640
vn -0.3707 -0.9243 0.0903
vn -0.7036 -0.7036 0.0997
vn -0.9243 -0.3707 0.0903
vn -0.9978 0.0146 0.0640
vn -0.9205 0.3899 0.0246
vn -0.7106 0.7032 -0.0226
vn -0.3989 0.9142 -0.0715
vn -0.0248 0.9930 -0.1154
vn 0.3619 0.9206 -0.1466
vn 0.6982 0.6982 -0.1581
vn 0.8993 0.4110 -0.1498
vn 0.9911 -0.0651 -0.1159
vn 0.8621 -0.5031 -0.0596
vn 0.0343 -0.0827 -0.9960
vn 0.0633 -0.0633 -0.9960
vn -0.0000 -0.0895 -0.9960
vn -0.0343 -0.0827 -0.9960
vn -0.0633 -0.0633 -0.9960
vn -0.0827 -0.0343 -0.9960
vn -0.0895 -0.0000 -0.9960
vn -0.0827 0.0343 -0.9960
vn -0.0633 0.0633 -0.9960
vn -0.0343 0.0827 -0.9960
vn -0.0000 0.0895 -0.9960
vn 0.0343 0.0827 -0.9960
vn 0.0633 0.0633 -0.9960
vn 0.0827 0.0343 -0.9960
vn 0.0895 -0.0000 -0.9960
vn 0.0827 -0.0343 -0.9960
vn 0.5000 -0.5000 0.7071
vn 0.7071 -0.7071 -0.0000
vn -0.5000 0.5000 -0.7071
vn 0.5000 -0.5000 -0.7071
vn -0.7037 0.7105 0.0057
vn 0.0015 0.0028 1.0000
vn 0.5055 -0.4928 -0.7082
vn 0.0009 0.0033 1.0000
vn 0.0031 0.0071 -1.0000
vn 0.7098 -0.7044 -0.0006
vn -0.0002 0.0104 -0.9999
vn -0.7032 0.7110 0.0073
vn -0.4964 0.5033 0.7073
vn 0.7103 -0.7039 0.0001
vn 0.0012 0.0026 1.0000
vn 0.0031 0.0058 -1.0000
vn 0.5025 -0.4967 0.7076
vn 0.0015 0.0090 -1.0000
vn 0.7102 -0.7040 0.0001
vn -0.4976 0.5075 -0.7034
vn 0.4062 -0.9135 0.0237
vn 0.0331 -0.9980 0.0532
vn -0.3652 -0.9268 0.0879
vn -0.7028 -0.7028 0.1106
vn -0.8932 -0.4494 0.0155
vn -0.9825 -0.0698 -0.1726
vn -0.8975 0.4247 -0.1189
vn -0.7194 0.6946 -0.0016
vn -0.4479 0.8904 -0.0813
vn -0.0598 0.9882 -0.1407
vn 0.3326 0.9287 -0.1640
vn 0.6951 0.6951 -0.1832
vn 0.8715 0.4549 -0.1829
vn 0.9745 -0.1940 -0.1127
vn 0.7065 -0.7077 -0.0056
vn 0.6389 -0.7693 -0.0027
vn -0.6982 0.7158 0.0141
vn 0.0016 0.0029 1.0000
vn 0.4968 -0.4963 -0.7120
vn 0.0008 0.0035 1.0000
vn 0.0030 0.0059 -1.0000
vn 0.7048 -0.7093 -0.0080
vn 0.0004 0.0089 -1.0000
vn -0.6982 0.7157 0.0141
vn -0.4892 0.5066 0.7099
vn 0.7053 -0.7089 -0.0079
vn 0.0012 0.0032 1.0000
vn 0.0029 0.0055 -1.0000
vn 0.4997 -0.5014 0.7064
vn 0.0018 0.0074 -1.0000
vn 0.7050 -0.7091 -0.0074
vn -0.4963 0.5186 -0.6962
vn -0.7248 0.6888 0.0146
vn -0.0001 0.0001 1.0000
vn 0.5154 -0.4895 -0.7034
vn 0.7248 -0.6888 -0.0146
vn -0.0001 0.0001 -1.0000
vn -0.5019 0.4774 0.7213
vn 0.0001 -0.0001 -1.0000
vn 0.5224 -0.4969 0.6929
vn -0.5098 0.4842 -0.7111
vn -0.4129 0.9106 0.0193
vn -0.0004 0.6996 0.7145
vn 0.7595 0.3545 -0.5454
vn -0.0003 0.6996 0.7146
vn -0.0003 0.7145 -0.6996
vn 0.9108 0.4128 0.0087
vn -0.0004 0.7146 -0.6995
vn -0.3216 0.7049 0.6322
vn 0.7634 0.3358 0.5517
vn -0.0004 0.7146 -0.6996
vn -0.3232 0.7170 -0.6177
vn -0.0005 0.9998 0.0212
vn 0.6839 -0.6864 -0.2472
vn 0.3748 -0.9066 -0.1938
vn 0.0001 -0.9889 -0.1484
vn -0.3798 -0.9175 -0.1181
vn -0.7030 -0.7030 -0.1076
vn -0.9175 -0.3798 -0.1181
vn -0.9889 0.0001 -0.1484
vn -0.9066 0.3748 -0.1938
vn -0.6864 0.6839 -0.2472
vn -0.3675 0.8802 -0.3003
vn -0.0027 0.9387 -0.3447
vn 0.3533 0.8575 -0.3740
vn 0.6528 0.6528 -0.3842
vn 0.8575 0.3533 -0.3740
vn 0.9387 -0.0027 -0.3447
vn 0.8802 -0.3675 -0.3003
vn 0.6427 0.7661 0.0062
vn 0.4275 0.4451 -0.7869
vn 0.3869 0.9219 -0.0198
vn 0.2350 0.5980 -0.7663
vn 0.0447 0.7276 0.6846
vn -0.0091 0.6632 -0.7484
vn -0.2663 0.6652 0.6976
vn -0.2635 0.6232 -0.7364
vn -0.5016 0.5016 0.7048
vn -0.4817 0.4817 -0.7321
vn -0.6327 0.3355 0.6979
vn -0.6232 0.2635 -0.7364
vn -0.8195 -0.1551 0.5517
vn -0.6632 0.0091 -0.7484
vn -0.8238 -0.5574 -0.1033
vn -0.5980 -0.2350 -0.7662
vn -0.7125 -0.7017 -0.0003
vn -0.4451 -0.4275 -0.7869
vn -0.6044 -0.7861 -0.1290
vn -0.2364 -0.5415 -0.8068
vn -0.1550 -0.8607 -0.4850
vn -0.0084 -0.5679 -0.8230
vn 0.2431 -0.8446 -0.4770
vn 0.2073 -0.5122 -0.8335
vn 0.6160 -0.6160 -0.4909
vn 0.3868 -0.3868 -0.8371
vn 0.7795 -0.3704 -0.5052
vn 0.5122 -0.2073 -0.8335
vn 0.8928 0.3745 -0.2504
vn 0.5679 0.0084 -0.8230
vn 0.7107 0.7035 -0.0041
vn 0.5415 0.2364 -0.8068
vn 0.6393 0.7690 -0.0066
vn 0.3997 0.9163 0.0241
vn 0.0361 0.9977 0.0574
vn -0.3574 0.9300 0.0860
vn -0.7032 0.7032 0.1046
vn -0.9149 0.4023 0.0336
vn -0.9965 0.0595 -0.0593
vn -0.9168 -0.3989 -0.0166
vn -0.7217 -0.6921 -0.0128
vn -0.4336 -0.8976 -0.0791
vn -0.0658 -0.9904 -0.1216
vn 0.3340 -0.9301 -0.1526
vn 0.6971 -0.6971 -0.1677
vn 0.8818 -0.4419 -0.1649
vn 0.9815 0.1516 -0.1173
vn 0.7372 0.6754 -0.0205
vn 0.3562 0.7067 0.6113
vn -0.7071 -0.7071 -0.0000
vn 0.0829 -0.2998 -0.9504
vn 0.7019 0.7123 0.0024
vn -0.5663 -0.6688 -0.4817
vn 0.7233 0.4428 -0.5298
vn 0.2144 -0.2144 -0.9529
vn 0.6347 0.7727 -0.0113
vn -0.0588 -0.3171 -0.9466
vn -0.5000 -0.5000 0.7071
vn 0.7082 0.7060 -0.0000
vn 0.3001 -0.1264 -0.9455
vn 0.6825 0.7306 -0.0192
vn 0.3899 0.9205 0.0246
vn 0.0146 0.9978 0.0640
vn -0.3707 0.9243 0.0904
vn -0.7036 0.7036 0.0997
vn -0.9243 0.3707 0.0903
vn -0.9978 -0.0146 0.0640
vn -0.9205 -0.3899 0.0246
vn -0.7106 -0.7032 -0.0226
vn -0.3989 -0.9142 -0.0715
vn -0.0248 -0.9930 -0.1154
vn 0.3619 -0.9206 -0.1466
vn 0.6982 -0.6982 -0.1581
vn 0.8993 -0.4110 -0.1498
vn 0.9911 0.0651 -0.1159
vn 0.8621 0.5031 -0.0596
vn 0.5000 0.5000 0.7071
vn 0.7071 0.7071 -0.0000
vn -0.5000 -0.5000 -0.7071
vn 0.5000 0.5000 -0.7071
vn -0.7037 -0.7105 0.0057
vn 0.0015 -0.0028 1.0000
vn 0.5055 0.4928 -0.7082
vn 0.0009 -0.0033 1.0000
vn 0.0031 -0.0071 -1.0000
vn 0.7098 0.7044 -0.0006
vn -0.0002 -0.0104 -0.9999
vn -0.7032 -0.7109 0.0073
vn -0.4964 -0.5033 0.7073
vn 0.7103 0.7039 0.0001
vn 0.0012 -0.0026 1.0000
vn 0.0031 -0.0058 -1.0000
vn 0.5025 0.4967 0.7076
vn 0.0015 -0.0090 -1.0000
vn 0.7102 0.7040 0.0001
vn -0.4976 -0.5075 -0.7034
vn 0.4062 0.9135 0.0237
vn 0.0331 0.9980 0.0532
vn -0.3652 0.9268 0.0879
vn -0.7028 0.7028 0.1106
vn -0.8932 0.4494 0.0155
vn -0.9825 0.0698 -0.1726
vn -0.8975 -0.4247 -0.1189
vn -0.7194 -0.6946 -0.0016
vn -0.4479 -0.8904 -0.0813
vn -0.0598 -0.9882 -0.1407
vn 0.3325 -0.9287 -0.1640
vn 0.6951 -0.6951 -0.1832
vn 0.8715 -0.4549 -0.1829
vn 0.9745 0.1940 -0.1127
vn 0.7065 0.7077 -0.0056
vn 0.6389 0.7693 -0.0027
vn -0.6982 -0.7158 0.0141
vn 0.0016 -0.0029 1.0000
vn 0.4968 0.4963 -0.7120
vn 0.0008 -0.0035 1.0000
vn 0.0030 -0.0059 -1.0000
vn 0.7048 0.7093 -0.0080
vn 0.0004 -0.0089 -1.0000
vn -0.6982 -0.7157 0.0141
vn -0.4892 -0.5066 0.7099
vn 0.7053 0.7089 -0.0079
vn 0.0012 -0.0032 1.0000
vn 0.0029 -0.0055 -1.0000
vn 0.4997 0.5014 0.7064
vn 0.0018 -0.0074 -1.0000
vn 0.7050 0.7091 -0.0074
vn -0.4963 -0.5186 -0.6962
vn -0.7248 -0.6888 0.0146
vn -0.0001 -0.0001 1.0000
vn 0.5154 0.4895 -0.7034
vn 0.7248 0.6888 -0.0146
vn -0.0001 -0.0001 -1.0000
vn -0.5019 -0.4774 0.7213
vn 0.0001 0.0001 -1.0000
vn 0.5224 0.4969 0.6929
vn -0.5098 -0.4842 -0.7111
vn -0.4129 -0.9106 0.0193
vn -0.0004 -0.6996 0.7145
vn 0.7595 -0.3545 -0.5454
vn -0.0003 -0.6996 0.7146
vn -0.0003 -0.7145 -0.6996
vn 0.9108 -0.4128 0.0087
vn -0.0004 -0.7146 -0.6995
vn -0.3216 -0.7049 0.6322
vn 0.7634 -0.3358 0.5517
vn -0.0004 -0.7146 -0.6996
vn -0.3232 -0.7170 -0.6177
vn -0.0005 -0.9998 0.0212
vn 0.6839 0.6864 -0.2472
vn 0.3748 0.9066 -0.1938
vn 0.0001 0.9889 -0.1484
vn -0.3798 0.9175 -0.1181
vn -0.7030 0.7030 -0.1076
vn -0.9175 0.3798 -0.1182
vn -0.9889 -0.0001 -0.1484
vn -0.9066 -0.3748 -0.1938
vn -0.6864 -0.6839 -0.2472
vn -0.3675 -0.8802 -0.3003
vn -0.0027 -0.9387 -0.3447
vn 0.3533 -0.8575 -0.3740
vn 0.6528 -0.6528 -0.3842
vn 0.8575 -0.3533 -0.3740
vn 0.9387 0.0027 -0.3447
vn 0.8802 0.3675 -0.3003
vn -0.6427 -0.7661 0.0062
vn -0.4275 -0.4451 -0.7869
vn -0.3869 -0.9219 -0.0198
vn -0.2350 -0.5980 -0.7662
vn -0.0447 -0.7276 0.6846
vn 0.0091 -0.6632 -0.7484
vn 0.2663 -0.6652 0.6976
vn 0.2635 -0.6232 -0.7364
vn 0.5016 -0.5016 0.7048
vn 0.4817 -0.4817 -0.7321
vn 0.6327 -0.3355 0.6979
vn 0.6232 -0.2635 -0.7364
vn 0.8195 0.1551 0.5517
vn 0.6632 -0.0091 -0.7484
vn 0.8238 0.5574 -0.1033
vn 0.5980 0.2350 -0.7662
vn 0.7125 0.7017 -0.0003
vn 0.4451 0.4275 -0.7869
vn 0.6044 0.7861 -0.1290
vn 0.2364 0.5415 -0.8068
vn 0.1550 0.8607 -0.4850
vn 0.0084 0.5679 -0.8230
vn -0.2431 0.8446 -0.4770
vn -0.2073 0.5122 -0.8335
vn -0.6160 0.6160 -0.4909
vn -0.3868 0.3868 -0.8371
vn -0.7795 0.3704 -0.5052
vn -0.5122 0.2073 -0.8335
vn -0.8928 -0.3745 -0.2504
vn -0.5679 -0.0084 -0.8230
vn -0.7107 -0.7035 -0.0041
vn -0.5415 -0.2364 -0.8068
vn -0.6393 -0.7690 -0.0066
vn -0.3997 -0.9163 0.0241
vn -0.0361 -0.9977 0.0574
vn 0.3574 -0.9300 0.0860
vn 0.7032 -0.7032 0.1046
vn 0.9149 -0.4023 0.0336
vn 0.9965 -0.0595 -0.0593
vn 0.9168 0.3989 -0.0166
vn 0.7217 0.6921 -0.0128
vn 0.4336 0.8976 -0.0791
vn 0.0658 0.9904 -0.1216
vn -0.3340 0.9301 -0.1526
vn -0.6971 0.6971 -0.1677
vn -0.8818 0.4419 -0.1649
vn -0.9815 -0.1516 -0.1173
vn -0.7372 -0.6754 -0.0205
vn -0.3562 -0.7067 0.6113
vn -0.0829 0.2998 -0.9504
vn -0.7019 -0.7123 0.0024
vn 0.5663 0.6688 -0.4817
vn -0.7233 -0.4428 -0.5298
vn -0.2144 0.2144 -0.9529
vn -0.6347 -0.7727 -0.0113
vn 0.0588 0.3171 -0.9466
vn -0.7082 -0.7060 -0.0000
vn -0.3001 0.1264 -0.9455
vn -0.6825 -0.7306 -0.0192
vn -0.3899 -0.9205 0.0246
vn -0.0146 -0.9978 0.0640
vn 0.3707 -0.9243 0.0904
vn 0.7036 -0.7036 0.0997
vn 0.9243 -0.3707 0.0903
vn 0.9978 0.0146 0.0640
vn 0.9205 0.3899 0.0246
vn 0.7106 0.7032 -0.0226
vn 0.3989 0.9142 -0.0715
vn 0.0248 0.9930 -0.1154
vn -0.3619 0.9206 -0.1466
vn -0.6982 0.6982 -0.1581
vn -0.8993 0.4110 -0.1498
vn -0.9911 -0.0651 -0.1159
vn -0.8621 -0.5031 -0.0596
vn 0.7037 0.7105 0.0057
vn -0.0015 0.0028 1.0000
vn -0.5055 -0.4928 -0.7082
vn -0.0009 0.0033 1.0000
vn -0.0031 0.0071 -1.0000
vn -0.7098 -0.7044 -0.0006
vn 0.0002 0.0104 -0.9999
vn 0.7032 0.7109 0.0073
vn 0.4964 0.5033 0.7073
vn -0.7103 -0.7039 0.0001
vn -0.0012 0.0026 1.0000
vn -0.0031 0.0058 -1.0000
vn -0.5025 -0.4967 0.7076
vn -0.0015 0.0090 -1.0000
vn -0.7102 -0.7040 0.0001
vn 0.4976 0.5075 -0.7034
vn -0.4062 -0.9135 0.0237
vn -0.0331 -0.9980 0.0532
vn 0.3652 -0.9268 0.0879
vn 0.7028 -0.7028 0.1106
vn 0.8932 -0.4494 0.0155
vn 0.9825 -0.0698 -0.1726
vn 0.8975 0.4246 -0.1189
vn 0.7194 0.6946 -0.0016
vn 0.4479 0.8904 -0.0813
vn 0.0598 0.9882 -0.1407
vn -0.3325 0.9287 -0.1640
vn -0.6951 0.6951 -0.1832
vn -0.8715 0.4549 -0.1829
vn -0.9745 -0.1940 -0.1127
vn -0.7065 -0.7077 -0.0056
vn -0.6389 -0.7693 -0.0027
vn 0.6982 0.7158 0.0141
vn -0.0016 0.0029 1.0000
vn -0.4968 -0.4963 -0.7120
vn -0.0008 0.0035 1.0000
vn -0.0030 0.0059 -1.0000
vn -0.7048 -0.7093 -0.0080
vn -0.0004 0.0089 -1.0000
vn 0.6982 0.7157 0.0141
vn 0.4892 0.5066 0.7099
vn -0.7053 -0.7089 -0.0079
vn -0.0012 0.0032 1.0000
vn -0.0029 0.0055 -1.0000
vn -0.4997 -0.5014 0.7064
vn -0.0018 0.0074 -1.0000
vn -0.7050 -0.7091 -0.0074
vn 0.4963 0.5186 -0.6962
vn 0.7248 0.6888 0.0146
vn 0.0001 0.0001 1.0000
vn -0.5154 -0.4895 -0.7034
vn -0.7248 -0.6888 -0.0146
vn 0.5019 0.4774 0.7213
vn -0.5224 -0.4969 0.6929
vn 0.5098 0.4842 -0.7111
vn 0.4129 0.9106 0.0193
vn 0.0004 0.6996 0.7145
vn -0.7595 0.3545 -0.5454
vn 0.0003 0.6996 0.7146
vn 0.0003 0.7145 -0.6996
vn -0.9108 0.4128 0.0087
vn 0.0004 0.7146 -0.6995
vn 0.3216 0.7049 0.6322
vn -0.7634 0.3358 0.5517
vn 0.0004 0.7146 -0.6996
vn 0.3232 0.7170 -0.6177
vn 0.0005 0.9998 0.0212
vn -0.6839 -0.6864 -0.2472
vn -0.3748 -0.9066 -0.1938
vn -0.0001 -0.9889 -0.1484
vn 0.3798 -0.9175 -0.1181
vn 0.7030 -0.7030 -0.1076
vn 0.9175 -0.3798 -0.1181
vn 0.9889 0.0001 -0.1484
vn 0.9066 0.3748 -0.1938
vn 0.6864 0.6839 -0.2472
vn 0.3675 0.8802 -0.3003
vn 0.0027 0.9387 -0.3447
vn -0.3533 0.8575 -0.3740
vn -0.6528 0.6528 -0.3842
vn -0.8575 0.3533 -0.3740
vn -0.9387 -0.0027 -0.3447
vn -0.8802 -0.3675 -0.3003
vn -0.6427 0.7661 0.0062
vn -0.4275 0.4451 -0.7869
vn -0.3869 0.9219 -0.0198
vn -0.2350 0.5980 -0.7662
vn -0.0447 0.7276 0.6846
vn 0.0091 0.6632 -0.7484
vn 0.2663 0.6652 0.6976
vn 0.2635 0.6232 -0.7364
vn 0.5016 0.5016 0.7048
vn 0.4817 0.4817 -0.7321
vn 0.6327 0.3355 0.6979
vn 0.6232 0.2635 -0.7364
vn 0.8195 -0.1551 0.5517
vn 0.6632 0.0091 -0.7484
vn 0.8238 -0.5574 -0.1033
vn 0.5980 -0.2350 -0.7662
vn 0.7125 -0.7017 -0.0003
vn 0.4451 -0.4275 -0.7869
vn 0.6044 -0.7861 -0.1290
vn 0.2364 -0.5415 -0.8068
vn 0.1550 -0.8607 -0.4850
vn 0.0084 -0.5679 -0.8230
vn -0.2431 -0.8446 -0.4770
vn -0.2073 -0.5122 -0.8335
vn -0.6160 -0.6160 -0.4909
vn -0.3868 -0.3868 -0.8371
vn -0.7795 -0.3704 -0.5052
vn -0.5122 -0.2073 -0.8335
vn -0.8928 0.3745 -0.2504
vn -0.5679 0.0084 -0.8230
vn -0.7107 0.7035 -0.0041
vn -0.5415 0.2364 -0.8068
vn -0.6393 0.7690 -0.0066
vn -0.3997 0.9163 0.0241
vn -0.0361 0.9977 0.0574
vn 0.3574 0.9300 0.0860
vn 0.7032 0.7032 0.1046
vn 0.9149 0.4023 0.0336
vn 0.9965 0.0595 -0.0593
vn 0.9168 -0.3989 -0.0166
vn 0.7217 -0.6921 -0.0128
vn 0.4336 -0.8976 -0.0791
vn 0.0658 -0.9904 -0.1216
vn -0.3340 -0.9301 -0.1526
vn -0.6971 -0.6971 -0.1677
vn -0.8818 -0.4419 -0.1649
vn -0.9815 0.1516 -0.1173
vn -0.7372 0.6754 -0.0205
vn -0.3562 0.7067 0.6113
vn -0.0829 -0.2998 -0.9504
vn -0.7019 0.7123 0.0024
vn 0.5663 -0.6688 -0.4817
vn -0.7233 0.4428 -0.5298
vn -0.2144 -0.2144 -0.9529
vn -0.6347 0.7727 -0.0113
vn 0.0588 -0.3171 -0.9466
vn -0.7082 0.7060 -0.0000
vn -0.3001 -0.1264 -0.9455
vn -0.6825 0.7306 -0.0192
vn -0.3899 0.9205 0.0246
vn -0.0146 0.9978 0.0640
vn 0.3707 0.9243 0.0904
vn 0.7036 0.7036 0.0997
vn 0.9243 0.3707 0.0903
vn 0.9978 -0.0146 0.0640
vn 0.9205 -0.3899 0.0246
vn 0.7106 -0.7032 -0.0226
vn 0.3989 -0.9142 -0.0715
vn 0.0248 -0.9930 -0.1154
vn -0.3619 -0.9206 -0.1466
vn -0.6982 -0.6982 -0.1581
vn -0.8993 -0.4110 -0.1498
vn -0.9911 0.0651 -0.1159
vn -0.8621 0.5031 -0.0596
vn 0.7037 -0.7105 0.0057
vn -0.0015 -0.0028 1.0000
vn -0.5055 0.4928 -0.7082
vn -0.0009 -0.0033 1.0000
vn -0.0031 -0.0071 -1.0000
vn -0.7098 0.7044 -0.0006
vn 0.0002 -0.0104 -0.9999
vn 0.7032 -0.7109 0.0073
vn 0.4964 -0.5033 0.7073
vn -0.7103 0.7039 0.0001
vn -0.0012 -0.0026 1.0000
vn -0.0031 -0.0058 -1.0000
vn -0.5025 0.4967 0.7076
vn -0.0015 -0.0090 -1.0000
vn -0.7102 0.7040 0.0001
vn 0.4976 -0.5075 -0.7034
vn -0.4062 0.9135 0.0237
vn -0.0331 0.9980 0.0532
vn 0.3652 0.9268 0.0879
vn 0.7028 0.7028 0.1106
vn 0.8932 0.4494 0.0155
vn 0.9825 0.0698 -0.1726
vn 0.8975 -0.4246 -0.1189
vn 0.7194 -0.6946 -0.0016
vn 0.4479 -0.8904 -0.0813
vn 0.0598 -0.9882 -0.1407
vn -0.3325 -0.9287 -0.1640
vn -0.6951 -0.6951 -0.1832
vn -0.8715 -0.4549 -0.1829
vn -0.9745 0.1940 -0.1127
vn -0.7065 0.7077 -0.0056
vn -0.6389 0.7693 -0.0027
vn 0.6982 -0.7158 0.0141
vn -0.0016 -0.0029 1.0000
vn -0.4968 0.4963 -0.7120
vn -0.0008 -0.0035 1.0000
vn -0.0030 -0.0059 -1.0000
vn -0.7048 0.7093 -0.0080
vn -0.0004 -0.0089 -1.0000
vn 0.6982 -0.7157 0.0141
vn 0.4892 -0.5066 0.7099
vn -0.7053 0.7089 -0.0079
vn -0.0012 -0.0032 1.0000
vn -0.0029 -0.0055 -1.0000
vn -0.4997 0.5014 0.7064
vn -0.0018 -0.0074 -1.0000
vn -0.7050 0.7091 -0.0074
vn 0.4963 -0.5186 -0.6962
vn 0.7248 -0.6888 0.0146
vn 0.0001 -0.0001 1.0000
vn -0.5154 0.4895 -0.7034
vn -0.7248 0.6888 -0.0146
vn 0.5019 -0.4774 0.7213
vn -0.5224 0.4969 0.6929
vn 0.5098 -0.4842 -0.7111
vn 0.4129 -0.9106 0.0193
vn 0.0004 -0.6996 0.7145
vn -0.7595 -0.3545 -0.5454
vn 0.0003 -0.6996 0.7146
vn 0.0003 -0.7145 -0.6996
vn -0.9108 -0.4128 0.0087
vn 0.0004 -0.7146 -0.6995
vn 0.3216 -0.7049 0.6322
vn -0.7634 -0.3358 0.5517
vn 0.0004 -0.7146 -0.6996
vn 0.3232 -0.7170 -0.6177
vn 0.0005 -0.9998 0.0212
vn -0.6839 0.6864 -0.2472
vn -0.3748 0.9066 -0.1938
vn -0.0001 0.9889 -0.1484
vn 0.3798 0.9175 -0.1181
vn 0.7030 0.7030 -0.1076
vn 0.9175 0.3798 -0.1181
vn 0.9889 -0.0001 -0.1484
vn 0.9066 -0.3748 -0.1938
vn 0.6864 -0.6839 -0.2472
vn 0.3675 -0.8802 -0.3003
vn 0.0027 -0.9387 -0.3447
vn -0.3533 -0.8575 -0.3740
vn -0.6528 -0.6528 -0.3842
vn -0.8575 -0.3533 -0.3740
vn -0.9387 0.0027 -0.3447
vn -0.8802 0.3675 -0.3003
vn 0.0168 0.4829 -0.8755
vn 0.0627 0.4459 -0.8929
vn 0.1165 0.4002 -0.9090
vn 0.1631 0.3587 -0.9191
vn 0.2050 0.3197 -0.9251
vn 0.2442 0.2820 -0.9278
vn 0.2820 0.2442 -0.9278
vn 0.3197 0.2050 -0.9251
vn 0.3587 0.1631 -0.9191
vn 0.4002 0.1165 -0.9090
vn 0.4459 0.0627 -0.8929
vn 0.4829 0.0168 -0.8755
vn 0.0168 -0.4829 -0.8755
vn 0.0627 -0.4459 -0.8929
vn 0.1165 -0.4002 -0.9090
vn 0.1631 -0.3587 -0.9191
vn 0.2050 -0.3197 -0.9251
vn 0.2442 -0.2820 -0.9278
vn 0.2820 -0.2442 -0.9278
vn 0.3197 -0.2050 -0.9251
vn 0.3587 -0.1631 -0.9191
vn 0.4002 -0.1165 -0.9090
vn 0.4459 -0.0627 -0.8929
vn 0.4829 -0.0168 -0.8755
vn -0.4829 -0.0168 -0.8755
vn -0.4459 -0.0627 -0.8929
vn -0.4002 -0.1165 -0.9090
vn -0.3587 -0.1631 -0.9191
vn -0.3197 -0.2050 -0.9251
vn -0.2820 -0.2442 -0.9278
vn -0.2442 -0.2820 -0.9278
vn -0.2050 -0.3197 -0.9251
vn -0.1631 -0.3587 -0.9191
vn -0.1165 -0.4002 -0.9090
vn -0.0627 -0.4459 -0.8929
vn -0.0168 -0.4829 -0.8755
vn -0.0168 0.4829 -0.8755
vn -0.0627 0.4459 -0.8929
vn -0.1165 0.4002 -0.9090
vn -0.1631 0.3587 -0.9191
vn -0.2050 0.3197 -0.9251
vn -0.2442 0.2820 -0.9278
vn -0.2820 0.2442 -0.9278
vn -0.3197 0.2050 -0.9251
vn -0.3587 0.1631 -0.9191
vn -0.4002 0.1165 -0.9090
vn -0.4459 0.0627 -0.8929
vn -0.4829 0.0168 -0.8755
vn 0.0024 0.1970 0.9804
vn 0.0388 0.9953 0.0891
vn 0.0184 0.6305 0.7760
vn 0.0364 0.9245 0.3795
vn 0.9909 0.0365 0.1293
vn 0.1337 0.0037 0.9910
vn 0.8669 0.0321 0.4975
vn 0.5041 0.0169 0.8635
vn 0.1473 0.9842 0.0984
vn 0.0175 0.1811 0.9833
vn 0.1346 0.8992 0.4164
vn 0.0761 0.5911 0.8030
vn 0.2848 0.9525 0.1078
vn 0.0385 0.1544 0.9873
vn 0.2551 0.8551 0.4513
vn 0.1490 0.5351 0.8315
vn 0.4163 0.9019 0.1149
vn 0.0556 0.1341 0.9894
vn 0.3679 0.7989 0.4758
vn 0.2130 0.4825 0.8496
vn 0.5394 0.8335 0.1201
vn 0.0703 0.1168 0.9907
vn 0.4720 0.7309 0.4929
vn 0.2701 0.4303 0.8613
vn 0.6516 0.7484 0.1240
vn 0.0834 0.1007 0.9914
vn 0.5664 0.6517 0.5045
vn 0.3211 0.3769 0.8688
vn 0.7506 0.6484 0.1270
vn 0.0951 0.0850 0.9918
vn 0.6498 0.5621 0.5117
vn 0.3664 0.3213 0.8732
vn 0.8346 0.5355 0.1290
vn 0.1055 0.0691 0.9920
vn 0.7211 0.4632 0.5152
vn 0.4062 0.2630 0.8751
vn 0.9018 0.4119 0.1303
vn 0.1149 0.0527 0.9920
vn 0.7794 0.3564 0.5153
vn 0.4404 0.2017 0.8748
vn 0.9510 0.2801 0.1308
vn 0.1234 0.0355 0.9917
vn 0.8240 0.2429 0.5118
vn 0.4694 0.1372 0.8722
vn 0.9812 0.1427 0.1302
vn 0.1312 0.0173 0.9912
vn 0.8546 0.1245 0.5042
vn 0.4935 0.0693 0.8670
vn 0.0478 0.0012 -0.9989
vn 0.4332 0.0139 -0.9012
vn 0.1650 0.0048 -0.9863
vn 0.3083 0.0094 -0.9512
vn 0.0152 0.4463 -0.8948
vn 0.0008 0.0677 -0.9977
vn 0.0110 0.3476 -0.9376
vn 0.0055 0.2093 -0.9778
vn 0.0462 0.0059 -0.9989
vn 0.4021 0.0546 -0.9140
vn 0.1563 0.0205 -0.9875
vn 0.2885 0.0383 -0.9567
vn 0.0424 0.0120 -0.9990
vn 0.3612 0.1036 -0.9267
vn 0.1423 0.0404 -0.9890
vn 0.2605 0.0741 -0.9626
vn 0.0387 0.0176 -0.9991
vn 0.3240 0.1461 -0.9347
vn 0.1291 0.0581 -0.9899
vn 0.2347 0.1055 -0.9663
vn 0.0349 0.0227 -0.9991
vn 0.2891 0.1844 -0.9394
vn 0.1163 0.0745 -0.9904
vn 0.2103 0.1341 -0.9684
vn 0.0312 0.0278 -0.9991
vn 0.2553 0.2203 -0.9414
vn 0.1036 0.0903 -0.9905
vn 0.1864 0.1612 -0.9692
vn 0.0273 0.0328 -0.9991
vn 0.2214 0.2552 -0.9412
vn 0.0906 0.1060 -0.9902
vn 0.1623 0.1878 -0.9687
vn 0.0231 0.0383 -0.9990
vn 0.1862 0.2902 -0.9387
vn 0.0769 0.1225 -0.9895
vn 0.1372 0.2151 -0.9669
vn 0.0184 0.0444 -0.9988
vn 0.1484 0.3267 -0.9334
vn 0.0618 0.1406 -0.9881
vn 0.1099 0.2444 -0.9634
vn 0.0129 0.0519 -0.9986
vn 0.1062 0.3662 -0.9245
vn 0.0444 0.1617 -0.9858
vn 0.0790 0.2771 -0.9576
vn 0.0060 0.0617 -0.9981
vn 0.0572 0.4103 -0.9101
vn 0.0232 0.1882 -0.9818
vn 0.0424 0.3157 -0.9479
vn 0.1337 -0.0037 0.9910
vn 0.9909 -0.0365 0.1292
vn 0.5041 -0.0169 0.8635
vn 0.8669 -0.0321 0.4975
vn 0.0388 -0.9953 0.0890
vn 0.0024 -0.1970 0.9804
vn 0.0364 -0.9245 0.3795
vn 0.0184 -0.6305 0.7760
vn 0.1312 -0.0173 0.9912
vn 0.9812 -0.1427 0.1302
vn 0.4935 -0.0693 0.8670
vn 0.8546 -0.1244 0.5042
vn 0.1234 -0.0355 0.9917
vn 0.9510 -0.2801 0.1308
vn 0.4694 -0.1372 0.8722
vn 0.8241 -0.2429 0.5118
vn 0.1149 -0.0527 0.9920
vn 0.9018 -0.4119 0.1303
vn 0.4404 -0.2017 0.8748
vn 0.7794 -0.3564 0.5153
vn 0.1055 -0.0691 0.9920
vn 0.8346 -0.5355 0.1290
vn 0.4062 -0.2630 0.8751
vn 0.7211 -0.4632 0.5152
vn 0.0951 -0.0850 0.9918
vn 0.7506 -0.6484 0.1269
vn 0.3664 -0.3214 0.8732
vn 0.6497 -0.5621 0.5117
vn 0.0834 -0.1007 0.9914
vn 0.6516 -0.7484 0.1240
vn 0.3211 -0.3769 0.8688
vn 0.5664 -0.6517 0.5045
vn 0.0703 -0.1168 0.9907
vn 0.5394 -0.8335 0.1201
vn 0.2701 -0.4303 0.8613
vn 0.4720 -0.7309 0.4929
vn 0.0556 -0.1341 0.9894
vn 0.4163 -0.9019 0.1149
vn 0.2130 -0.4825 0.8496
vn 0.3679 -0.7989 0.4758
vn 0.0385 -0.1544 0.9873
vn 0.2848 -0.9525 0.1079
vn 0.1490 -0.5351 0.8315
vn 0.2551 -0.8551 0.4513
vn 0.0175 -0.1811 0.9833
vn 0.1473 -0.9842 0.0983
vn 0.0761 -0.5911 0.8030
vn 0.1346 -0.8992 0.4164
vn 0.0008 -0.0677 -0.9977
vn 0.0152 -0.4463 -0.8948
vn 0.0055 -0.2093 -0.9778
vn 0.0110 -0.3476 -0.9376
vn 0.4331 -0.0139 -0.9012
vn 0.0478 -0.0012 -0.9989
vn 0.3083 -0.0094 -0.9512
vn 0.1650 -0.0048 -0.9863
vn 0.0572 -0.4103 -0.9102
vn 0.0060 -0.0617 -0.9981
vn 0.0424 -0.3157 -0.9479
vn 0.0232 -0.1882 -0.9818
vn 0.1062 -0.3661 -0.9245
vn 0.0129 -0.0519 -0.9986
vn 0.0790 -0.2771 -0.9576
vn 0.0444 -0.1617 -0.9858
vn 0.1484 -0.3267 -0.9334
vn 0.0184 -0.0444 -0.9988
vn 0.1099 -0.2444 -0.9634
vn 0.0618 -0.1406 -0.9881
vn 0.1862 -0.2902 -0.9387
vn 0.0231 -0.0383 -0.9990
vn 0.1372 -0.2151 -0.9669
vn 0.0769 -0.1225 -0.9895
vn 0.2214 -0.2552 -0.9412
vn 0.0273 -0.0328 -0.9991
vn 0.1623 -0.1878 -0.9687
vn 0.0906 -0.1060 -0.9902
vn 0.2553 -0.2203 -0.9414
vn 0.0312 -0.0278 -0.9991
vn 0.1864 -0.1612 -0.9692
vn 0.1036 -0.0903 -0.9905
vn 0.2891 -0.1844 -0.9394
vn 0.0349 -0.0227 -0.9991
vn 0.2103 -0.1341 -0.9684
vn 0.1163 -0.0745 -0.9904
vn 0.3240 -0.1461 -0.9347
vn 0.0387 -0.0176 -0.9991
vn 0.2347 -0.1055 -0.9663
vn 0.1291 -0.0581 -0.9899
vn 0.3612 -0.1036 -0.9267
vn 0.0424 -0.0120 -0.9990
vn 0.2605 -0.0741 -0.9626
vn 0.1423 -0.0404 -0.9890
vn 0.4021 -0.0546 -0.9140
vn 0.0462 -0.0059 -0.9989
vn 0.2884 -0.0383 -0.9567
vn 0.1563 -0.0205 -0.9875
vn -0.1337 0.0037 0.9910
vn -0.9909 0.0365 0.1292
vn -0.5041 0.0169 0.8635
vn -0.8669 0.0321 0.4975
vn -0.0388 0.9953 0.0890
vn -0.0024 0.1970 0.9804
vn -0.0364 0.9245 0.3795
vn -0.0184 0.6305 0.7760
vn -0.1312 0.0173 0.9912
vn -0.9812 0.1427 0.1302
vn -0.4935 0.0693 0.8670
vn -0.8546 0.1244 0.5042
vn -0.1234 0.0355 0.9917
vn -0.9510 0.2801 0.1308
vn -0.4694 0.1372 0.8722
vn -0.8241 0.2429 0.5118
vn -0.1149 0.0527 0.9920
vn -0.9018 0.4119 0.1303
vn -0.4404 0.2017 0.8748
vn -0.7794 0.3564 0.5153
vn -0.1055 0.0691 0.9920
vn -0.8346 0.5355 0.1290
vn -0.4062 0.2630 0.8751
vn -0.7211 0.4632 0.5152
vn -0.0951 0.0850 0.9918
vn -0.7506 0.6484 0.1269
vn -0.3664 0.3214 0.8732
vn -0.6497 0.5621 0.5117
vn -0.0834 0.1007 0.9914
vn -0.6516 0.7484 0.1240
vn -0.3211 0.3769 0.8688
vn -0.5664 0.6517 0.5045
vn -0.0703 0.1168 0.9907
vn -0.5394 0.8335 0.1201
vn -0.2701 0.4303 0.8613
vn -0.4720 0.7309 0.4929
vn -0.0556 0.1341 0.9894
vn -0.4163 0.9019 0.1149
vn -0.2130 0.4825 0.8496
vn -0.3679 0.7989 0.4758
vn -0.0385 0.1544 0.9873
vn -0.2848 0.9525 0.1079
vn -0.1490 0.5351 0.8315
vn -0.2551 0.8551 0.4513
vn -0.0175 0.1811 0.9833
vn -0.1473 0.9842 0.0983
vn -0.0761 0.5911 0.8030
vn -0.1346 0.8992 0.4164
vn -0.0008 0.0677 -0.9977
vn -0.0152 0.4463 -0.8948
vn -0.0055 0.2093 -0.9778
vn -0.0110 0.3476 -0.9376
vn -0.4331 0.0139 -0.9012
vn -0.0478 0.0012 -0.9989
vn -0.3083 0.0094 -0.9512
vn -0.1650 0.0048 -0.9863
vn -0.0572 0.4103 -0.9102
vn -0.0060 0.0617 -0.9981
vn -0.0424 0.3157 -0.9479
vn -0.0232 0.1882 -0.9818
vn -0.1062 0.3661 -0.9245
vn -0.0129 0.0519 -0.9986
vn -0.0790 0.2771 -0.9576
vn -0.0444 0.1617 -0.9858
vn -0.1484 0.3267 -0.9334
vn -0.0184 0.0444 -0.9988
vn -0.1099 0.2444 -0.9634
vn -0.0618 0.1406 -0.9881
vn -0.1862 0.2902 -0.9387
vn -0.0231 0.0383 -0.9990
vn -0.1372 0.2151 -0.9669
vn -0.0769 0.1225 -0.9895
vn -0.2214 0.2552 -0.9412
vn -0.0273 0.0328 -0.9991
vn -0.1623 0.1878 -0.9687
vn -0.0906 0.1060 -0.9902
vn -0.2553 0.2203 -0.9414
vn -0.0312 0.0278 -0.9991
vn -0.1864 0.1612 -0.9692
vn -0.1036 0.0903 -0.9905
vn -0.2891 0.1844 -0.9394
vn -0.0349 0.0227 -0.9991
vn -0.2103 0.1341 -0.9684
vn -0.1163 0.0745 -0.9904
vn -0.3240 0.1461 -0.9347
vn -0.0387 0.0176 -0.9991
vn -0.2347 0.1055 -0.9663
vn -0.1291 0.0581 -0.9899
vn -0.3612 0.1036 -0.9267
vn -0.0424 0.0120 -0.9990
vn -0.2605 0.0741 -0.9626
vn -0.1423 0.0404 -0.9890
vn -0.4021 0.0546 -0.9140
vn -0.0462 0.0059 -0.9989
vn -0.2884 0.0383 -0.9567
vn -0.1563 0.0205 -0.9875
vn -0.0024 -0.1970 0.9804
vn -0.0388 -0.9953 0.0891
vn -0.0184 -0.6305 0.7760
vn -0.0364 -0.9245 0.3795
vn -0.9909 -0.0365 0.1293
vn -0.1337 -0.0037 0.9910
vn -0.8669 -0.0321 0.4975
vn -0.5041 -0.0169 0.8635
vn -0.0175 -0.1811 0.9833
vn -0.1473 -0.9842 0.0984
vn -0.0761 -0.5911 0.8030
vn -0.1346 -0.8992 0.4164
vn -0.0385 -0.1544 0.9873
vn -0.2848 -0.9525 0.1078
vn -0.1490 -0.5351 0.8315
vn -0.2551 -0.8551 0.4513
vn -0.0556 -0.1341 0.9894
vn -0.4163 -0.9019 0.1149
vn -0.2130 -0.4825 0.8496
vn -0.3679 -0.7989 0.4758
vn -0.0703 -0.1168 0.9907
vn -0.5394 -0.8335 0.1201
vn -0.2701 -0.4303 0.8613
vn -0.4720 -0.7309 0.4929
vn -0.0834 -0.1007 0.9914
vn -0.6516 -0.7484 0.1240
vn -0.3211 -0.3769 0.8688
vn -0.5664 -0.6517 0.5045
vn -0.0951 -0.0850 0.9918
vn -0.7506 -0.6484 0.1270
vn -0.3664 -0.3213 0.8732
vn -0.6498 -0.5621 0.5117
vn -0.1055 -0.0691 0.9920
vn -0.8346 -0.5355 0.1290
vn -0.4062 -0.2630 0.8751
vn -0.7211 -0.4632 0.5152
vn -0.1149 -0.0527 0.9920
vn -0.9018 -0.4119 0.1303
vn -0.4404 -0.2017 0.8748
vn -0.7794 -0.3564 0.5153
vn -0.1234 -0.0355 0.9917
vn -0.9510 -0.2801 0.1308
vn -0.4694 -0.1372 0.8722
vn -0.8240 -0.2429 0.5118
vn -0.1312 -0.0173 0.9912
vn -0.9812 -0.1427 0.1302
vn -0.4935 -0.0693 0.8670
vn -0.8546 -0.1245 0.5042
vn -0.0478 -0.0012 -0.9989
vn -0.4332 -0.0139 -0.9012
vn -0.1650 -0.0048 -0.9863
vn -0.3083 -0.0094 -0.9512
vn -0.0152 -0.4463 -0.8948
vn -0.0008 -0.0677 -0.9977
vn -0.0110 -0.3476 -0.9376
vn -0.0055 -0.2093 -0.9778
vn -0.4021 -0.0546 -0.9140
vn -0.0462 -0.0059 -0.9989
vn -0.2885 -0.0383 -0.9567
vn -0.1563 -0.0205 -0.9875
vn -0.3612 -0.1036 -0.9267
vn -0.0424 -0.0120 -0.9990
vn -0.2605 -0.0741 -0.9626
vn -0.1423 -0.0404 -0.9890
vn -0.3240 -0.1461 -0.9347
vn -0.0387 -0.0176 -0.9991
vn -0.2347 -0.1055 -0.9663
vn -0.1291 -0.0581 -0.9899
vn -0.2891 -0.1844 -0.9394
vn -0.0349 -0.0227 -0.9991
vn -0.2103 -0.1341 -0.9684
vn -0.1163 -0.0745 -0.9904
vn -0.2553 -0.2203 -0.9414
vn -0.0312 -0.0278 -0.9991
vn -0.1864 -0.1612 -0.9692
vn -0.1036 -0.0903 -0.9905
vn -0.2214 -0.2552 -0.9412
vn -0.0273 -0.0328 -0.9991
vn -0.1623 -0.1878 -0.9687
vn -0.0906 -0.1060 -0.9902
vn -0.1862 -0.2902 -0.9387
vn -0.0231 -0.0383 -0.9990
vn -0.1372 -0.2151 -0.9669
vn -0.0769 -0.1225 -0.9895
vn -0.1484 -0.3267 -0.9334
vn -0.0184 -0.0444 -0.9988
vn -0.1099 -0.2444 -0.9634
vn -0.0618 -0.1406 -0.9881
vn -0.1062 -0.3662 -0.9245
vn -0.0129 -0.0519 -0.9986
vn -0.0790 -0.2771 -0.9576
vn -0.0444 -0.1617 -0.9858
vn -0.0572 -0.4103 -0.9101
vn -0.0060 -0.0617 -0.9981
vn -0.0424 -0.3157 -0.9479
vn -0.0232 -0.1882 -0.9818
vn 0.0374 0.9950 -0.0923
vn 0.0194 0.5817 -0.8132
vn 0.0356 0.9424 -0.3327
vn 0.0279 0.7867 -0.6168
vn 0.5817 0.0194 -0.8132
vn 0.9950 0.0374 -0.0923
vn 0.7866 0.0279 -0.6168
vn 0.9424 0.0356 -0.3327
vn 0.0751 0.5455 -0.8347
vn 0.1446 0.9841 -0.1027
vn 0.1074 0.7554 -0.6464
vn 0.1359 0.9238 -0.3580
vn 0.1430 0.4961 -0.8564
vn 0.2822 0.9526 -0.1138
vn 0.2062 0.7067 -0.6768
vn 0.2622 0.8853 -0.3841
vn 0.2029 0.4488 -0.8703
vn 0.4139 0.9021 -0.1218
vn 0.2968 0.6525 -0.6972
vn 0.3816 0.8321 -0.4024
vn 0.2573 0.4024 -0.8786
vn 0.5371 0.8339 -0.1270
vn 0.3803 0.5930 -0.7098
vn 0.4928 0.7653 -0.4141
vn 0.3078 0.3558 -0.8824
vn 0.6496 0.7492 -0.1296
vn 0.4571 0.5279 -0.7158
vn 0.5946 0.6858 -0.4198
vn 0.3558 0.3078 -0.8824
vn 0.7491 0.6496 -0.1296
vn 0.5279 0.4571 -0.7158
vn 0.6858 0.5946 -0.4197
vn 0.4024 0.2573 -0.8786
vn 0.8339 0.5371 -0.1270
vn 0.5930 0.3803 -0.7098
vn 0.7653 0.4928 -0.4141
vn 0.4488 0.2029 -0.8703
vn 0.9021 0.4139 -0.1218
vn 0.6525 0.2968 -0.6972
vn 0.8321 0.3816 -0.4024
vn 0.4961 0.1430 -0.8564
vn 0.9526 0.2822 -0.1138
vn 0.7067 0.2062 -0.6768
vn 0.8853 0.2622 -0.3841
vn 0.5455 0.0751 -0.8347
vn 0.9841 0.1446 -0.1027
vn 0.7554 0.1074 -0.6464
vn 0.9238 0.1359 -0.3580
vn 0.9950 -0.0374 -0.0923
vn 0.5817 -0.0194 -0.8132
vn 0.9424 -0.0356 -0.3327
vn 0.7866 -0.0279 -0.6168
vn 0.0194 -0.5817 -0.8132
vn 0.0374 -0.9950 -0.0923
vn 0.0279 -0.7867 -0.6168
vn 0.0356 -0.9424 -0.3327
vn 0.9841 -0.1446 -0.1027
vn 0.5455 -0.0751 -0.8347
vn 0.9238 -0.1359 -0.3580
vn 0.7554 -0.1074 -0.6464
vn 0.9526 -0.2822 -0.1138
vn 0.4961 -0.1430 -0.8564
vn 0.8853 -0.2622 -0.3841
vn 0.7067 -0.2062 -0.6768
vn 0.9021 -0.4139 -0.1218
vn 0.4488 -0.2029 -0.8703
vn 0.8321 -0.3816 -0.4024
vn 0.6525 -0.2968 -0.6972
vn 0.8339 -0.5371 -0.1270
vn 0.4024 -0.2573 -0.8786
vn 0.7653 -0.4928 -0.4141
vn 0.5930 -0.3803 -0.7098
vn 0.7492 -0.6496 -0.1296
vn 0.3558 -0.3078 -0.8824
vn 0.6858 -0.5946 -0.4197
vn 0.5279 -0.4571 -0.7158
vn 0.6496 -0.7491 -0.1296
vn 0.3078 -0.3558 -0.8824
vn 0.5946 -0.6858 -0.4197
vn 0.4571 -0.5279 -0.7158
vn 0.5371 -0.8339 -0.1270
vn 0.2573 -0.4024 -0.8786
vn 0.4928 -0.7653 -0.4141
vn 0.3803 -0.5930 -0.7098
vn 0.4139 -0.9021 -0.1218
vn 0.2029 -0.4488 -0.8703
vn 0.3816 -0.8321 -0.4024
vn 0.2968 -0.6525 -0.6972
vn 0.2822 -0.9526 -0.1138
vn 0.1430 -0.4961 -0.8564
vn 0.2622 -0.8853 -0.3841
vn 0.2062 -0.7067 -0.6768
vn 0.1446 -0.9841 -0.1027
vn 0.0751 -0.5455 -0.8347
vn 0.1359 -0.9238 -0.3580
vn 0.1074 -0.7554 -0.6464
vn -0.0374 -0.9950 -0.0923
vn -0.0194 -0.5817 -0.8132
vn -0.0356 -0.9424 -0.3327
vn -0.0279 -0.7867 -0.6168
vn -0.5817 -0.0194 -0.8132
vn -0.9950 -0.0374 -0.0923
vn -0.7866 -0.0279 -0.6168
vn -0.9424 -0.0356 -0.3327
vn -0.1446 -0.9841 -0.1027
vn -0.0751 -0.5455 -0.8347
vn -0.1359 -0.9238 -0.3580
vn -0.1074 -0.7554 -0.6464
vn -0.2822 -0.9526 -0.1138
vn -0.1430 -0.4961 -0.8564
vn -0.2622 -0.8853 -0.3841
vn -0.2062 -0.7067 -0.6768
vn -0.4139 -0.9021 -0.1218
vn -0.2029 -0.4488 -0.8703
vn -0.3816 -0.8321 -0.4024
vn -0.2968 -0.6525 -0.6972
vn -0.5371 -0.8339 -0.1270
vn -0.2573 -0.4024 -0.8786
vn -0.4928 -0.7653 -0.4141
vn -0.3803 -0.5930 -0.7098
vn -0.6496 -0.7491 -0.1296
vn -0.3078 -0.3558 -0.8824
vn -0.5946 -0.6858 -0.4197
vn -0.4571 -0.5279 -0.7158
vn -0.7491 -0.6496 -0.1296
vn -0.3558 -0.3078 -0.8824
vn -0.6858 -0.5946 -0.4197
vn -0.5279 -0.4571 -0.7158
vn -0.8339 -0.5371 -0.1270
vn -0.4024 -0.2573 -0.8786
vn -0.7653 -0.4928 -0.4141
vn -0.5930 -0.3803 -0.7098
vn -0.9021 -0.4139 -0.1218
vn -0.4488 -0.2029 -0.8703
vn -0.8321 -0.3816 -0.4024
vn -0.6525 -0.2968 -0.6972
vn -0.9526 -0.2822 -0.1138
vn -0.4961 -0.1430 -0.8564
vn -0.8853 -0.2622 -0.3841
vn -0.7067 -0.2062 -0.6768
vn -0.9841 -0.1446 -0.1027
vn -0.5455 -0.0751 -0.8347
vn -0.9238 -0.1359 -0.3580
vn -0.7554 -0.1074 -0.6464
vn -0.9950 0.0374 -0.0923
vn -0.5817 0.0194 -0.8132
vn -0.9424 0.0356 -0.3327
vn -0.7866 0.0279 -0.6168
vn -0.0194 0.5817 -0.8132
vn -0.0374 0.9950 -0.0923
vn -0.0279 0.7867 -0.6168
vn -0.0356 0.9424 -0.3327
vn -0.9841 0.1446 -0.1027
vn -0.5455 0.0751 -0.8347
vn -0.9238 0.1359 -0.3580
vn -0.7554 0.1074 -0.6464
vn -0.9526 0.2822 -0.1138
vn -0.4961 0.1430 -0.8564
vn -0.8853 0.2622 -0.3841
vn -0.7067 0.2062 -0.6768
vn -0.9021 0.4139 -0.1218
vn -0.4488 0.2029 -0.8703
vn -0.8321 0.3816 -0.4024
vn -0.6525 0.2968 -0.6972
vn -0.8339 0.5371 -0.1270
vn -0.4024 0.2573 -0.8786
vn -0.7653 0.4928 -0.4141
vn -0.5930 0.3803 -0.7098
vn -0.7492 0.6496 -0.1296
vn -0.3558 0.3078 -0.8824
vn -0.6858 0.5946 -0.4197
vn -0.5279 0.4571 -0.7158
vn -0.6496 0.7491 -0.1296
vn -0.3078 0.3558 -0.8824
vn -0.5946 0.6858 -0.4197
vn -0.4571 0.5279 -0.7158
vn -0.5371 0.8339 -0.1270
vn -0.2573 0.4024 -0.8786
vn -0.4928 0.7653 -0.4141
vn -0.3803 0.5930 -0.7098
vn -0.4139 0.9021 -0.1218
vn -0.2029 0.4488 -0.8703
vn -0.3816 0.8321 -0.4024
vn -0.2968 0.6525 -0.6972
vn -0.2822 0.9526 -0.1138
vn -0.1430 0.4961 -0.8564
vn -0.2622 0.8853 -0.3841
vn -0.2062 0.7067 -0.6768
vn -0.1446 0.9841 -0.1027
vn -0.0751 0.5455 -0.8347
vn -0.1359 0.9238 -0.3580
vn -0.1074 0.7554 -0.6464
vt 0.060114 0.420059
vt 0.060113 0.458046
vt 0.043951 0.454044
vt 0.043952 0.438845
vt -0.081205 1.204736
vt -0.092423 1.199909
vt -0.089200 1.168055
vt -0.077227 1.172753
vt 0.086587 0.864361
vt 0.072328 0.942409
vt 0.043951 0.909468
vt 0.043953 0.858274
vt 0.368208 1.282753
vt 0.357583 1.273585
vt 0.424711 1.273046
vt 0.435225 1.285387
vt 0.139400 1.284591
vt 0.133915 1.275381
vt 0.164305 1.275136
vt 0.162616 1.284404
vt -0.113855 1.171255
vt -0.112894 1.204452
vt 0.198956 0.461672
vt 0.198956 0.452908
vt 0.201217 0.452897
vt 0.201217 0.461678
vt 0.126584 1.294883
vt 0.121613 1.288808
vt 0.160534 1.275354
vt 0.165229 1.281528
vt 0.135865 0.037392
vt 0.135862 0.004579
vt 0.198956 0.004579
vt 0.198952 0.037338
vt 0.133572 0.452897
vt 0.133572 0.461678
vt 0.131340 0.461721
vt 0.131340 0.452908
vt 0.057401 1.244157
vt 0.019004 1.233143
vt 0.022716 0.500006
vt 0.061111 0.500006
vt 0.158902 1.238359
vt 0.120100 1.262455
vt 0.122196 0.500005
vt 0.153384 0.500005
vt 0.066341 1.272988
vt 0.062441 1.271658
vt 0.062457 1.269124
vt 0.066358 1.269987
vt 0.244847 1.458642
vt 0.243497 1.436379
vt 0.272816 1.424446
vt 0.276611 1.447177
vt 0.096477 0.436887
vt 0.159597 0.436502
vt 0.159583 0.452907
vt 0.096489 0.452907
vt 0.114844 -0.289533
vt 0.114874 -0.281059
vt 0.110973 -0.280197
vt 0.110944 -0.288202
vt 0.214854 1.157023
vt 0.211022 1.157049
vt 0.205739 0.500005
vt 0.209573 0.500005
vt 0.015004 0.558895
vt 0.004581 0.558466
vt 0.004579 0.545956
vt 0.025818 0.546282
vt -0.084940 -0.203118
vt -0.081106 -0.171233
vt -0.089209 -0.168048
vt -0.092433 -0.199902
vt 0.015003 0.215385
vt 0.004579 0.226531
vt 0.004579 0.090532
vt 0.023807 0.072434
vt 0.422641 -0.282223
vt 0.429063 -0.277449
vt 0.424711 -0.273044
vt 0.414274 -0.273125
vt 0.140293 -0.289340
vt 0.162634 -0.278453
vt 0.164299 -0.275132
vt 0.135507 -0.275364
vt -0.098588 -0.169275
vt -0.108206 -0.203408
vt -0.089209 -0.168048
vt 0.117532 0.500005
vt 0.113716 0.500005
vt 0.125781 -0.293915
vt 0.164548 -0.280625
vt 0.160528 -0.275350
vt 0.121607 -0.288803
vt 0.096489 0.972237
vt 0.159579 0.972720
vt 0.159583 0.995421
vt 0.096489 0.995421
vt 0.087331 0.452832
vt 0.087331 0.461717
vt 0.073780 0.457997
vt 0.073780 0.449085
vt 0.057455 -0.233741
vt 0.022716 0.500006
vt 0.018958 -0.238848
vt 0.215795 -0.274720
vt 0.214851 -0.157196
vt 0.211019 -0.157222
vt 0.211963 -0.274750
vt 0.244344 -0.450443
vt 0.275335 -0.439555
vt 0.272811 -0.424445
vt 0.243492 -0.436378
vt 0.217917 -0.323395
vt 0.212871 -0.323436
vt 0.212887 -0.324712
vt 0.217906 -0.324672
vt 0.158949 -0.244104
vt 0.120117 -0.251783
vt 0.211019 -0.157222
vt 0.135862 0.995421
vt 0.135852 0.997786
vt 0.133650 0.996390
vt 0.133564 0.994102
vt 0.135795 0.999943
vt 0.133610 0.999943
vt 0.284036 1.491590
vt 0.285186 1.490649
vt 0.285339 1.491920
vt 0.284222 1.492879
vt 0.286248 1.489209
vt 0.286535 1.490847
vt -0.088907 1.324555
vt -0.090301 1.325745
vt -0.091977 1.325941
vt -0.090713 1.324808
vt -0.091541 1.327161
vt -0.092848 1.327172
vt 0.131340 0.996756
vt 0.131340 0.994849
vt 0.133564 0.005940
vt 0.133651 0.003635
vt 0.135853 0.002196
vt 0.131340 0.008184
vt 0.131340 0.005215
vt 0.470744 1.320056
vt 0.472575 1.320287
vt 0.473887 1.321396
vt 0.472188 1.321221
vt 0.474523 1.320221
vt 0.475447 1.321164
vt -0.156198 1.176751
vt -0.157470 1.176942
vt -0.156862 1.175618
vt -0.155614 1.175398
vt -0.158593 1.177117
vt -0.158779 1.175853
vt 0.131340 0.003278
vt 0.198956 0.995421
vt 0.201214 0.994100
vt 0.201118 0.996389
vt 0.198956 0.997788
vt 0.203478 0.991909
vt 0.203478 0.994846
vt 0.126704 0.010548
vt 0.127095 0.007383
vt 0.129029 0.005154
vt 0.128736 0.008091
vt 0.126978 0.004069
vt 0.128642 0.002498
vt 0.247184 1.497193
vt 0.247282 1.498391
vt 0.245980 1.497883
vt 0.245856 1.496750
vt 0.247396 1.499496
vt 0.246128 1.499683
vt 0.203478 0.996755
vt 0.198956 0.002195
vt 0.201118 0.003636
vt 0.201214 0.005943
vt 0.198956 0.000057
vt 0.201118 0.000057
vt -0.151045 1.212922
vt -0.150235 1.214051
vt -0.151340 1.214241
vt -0.152204 1.213157
vt -0.149041 1.215060
vt -0.150444 1.215384
vt 0.126704 0.989298
vt 0.128730 0.991810
vt 0.129033 0.994781
vt 0.127105 0.992500
vt 0.131226 0.994057
vt 0.131226 0.996364
vt 0.203478 0.003279
vt 0.203478 0.005219
vt 0.120105 1.284317
vt 0.120104 1.285607
vt 0.118868 1.286930
vt 0.118828 1.286426
vt 0.120868 1.287892
vt 0.119118 1.287680
vt 0.119377 1.288062
vt 0.117493 1.287842
vt 0.114850 1.289537
vt 0.116143 1.288329
vt 0.117050 1.288126
vt 0.116528 1.288839
vt 0.118868 1.287367
vt 0.118167 1.287610
vt 0.057261 1.265558
vt 0.058510 1.267199
vt 0.058468 1.267706
vt 0.057255 1.266820
vt 0.041078 0.546313
vt 0.040189 0.547866
vt 0.043951 0.544104
vt 0.041742 0.546977
vt 0.039430 0.550273
vt 0.039430 0.549381
vt 0.058810 1.265073
vt 0.059757 1.265475
vt 0.059983 1.266820
vt 0.059587 1.266693
vt 0.060752 1.265890
vt 0.060311 1.266957
vt 0.059157 1.268139
vt 0.058466 1.268136
vt 0.159075 1.270874
vt 0.160350 1.272089
vt 0.160315 1.272616
vt 0.159082 1.272150
vt 0.163028 1.273522
vt 0.162137 1.273036
vt 0.162653 1.273906
vt 0.160758 1.272582
vt 0.161267 1.272578
vt 0.159828 1.274432
vt 0.160560 1.273365
vt 0.160882 1.273722
vt 0.161007 1.272813
vt 0.160316 1.273052
vt 0.018881 1.265365
vt 0.018875 1.266628
vt 0.017660 1.267501
vt 0.017626 1.266993
vt 0.018869 1.267937
vt 0.017658 1.267931
vt 0.072658 1.231465
vt 0.074390 1.230885
vt 0.074774 1.231076
vt 0.073650 1.231860
vt 0.075600 1.230018
vt 0.215800 1.274723
vt 0.217050 1.273070
vt 0.217934 1.272555
vt 0.217432 1.273448
vt 0.218357 1.271176
vt 0.218361 1.271687
vt 0.016978 1.267928
vt 0.096489 0.004579
vt 0.094191 0.005897
vt 0.094278 0.003610
vt 0.096479 0.002214
vt 0.091967 0.008085
vt 0.091967 0.005151
vt -0.088917 -0.324550
vt -0.090723 -0.324803
vt -0.091988 -0.325936
vt -0.090311 -0.325740
vt -0.092648 -0.324768
vt -0.093540 -0.325728
vt 0.284031 -0.491591
vt 0.284217 -0.492879
vt 0.285333 -0.491920
vt 0.285180 -0.490649
vt 0.284374 -0.494036
vt 0.285665 -0.493846
vt 0.091967 0.003244
vt 0.096480 0.997804
vt 0.094278 0.996365
vt 0.094191 0.994060
vt 0.096423 0.999943
vt 0.094238 0.999943
vt -0.156208 -0.176743
vt -0.155624 -0.175390
vt -0.156872 -0.175610
vt -0.157481 -0.176934
vt -0.154538 -0.173971
vt -0.156178 -0.174173
vt 0.470744 -0.320055
vt 0.472188 -0.321219
vt 0.473888 -0.321394
vt 0.472576 -0.320286
vt 0.473483 -0.322619
vt 0.474801 -0.322609
vt 0.091967 0.996722
vt 0.091967 0.994785
vt 0.159583 0.004579
vt 0.159583 0.002212
vt 0.161745 0.003611
vt 0.161841 0.005900
vt 0.159583 0.000057
vt 0.161745 0.000057
vt 0.247178 -0.497193
vt 0.245850 -0.496749
vt 0.245974 -0.497883
vt 0.247276 -0.498391
vt 0.244535 -0.495897
vt 0.244610 -0.497356
vt 0.087331 0.989452
vt 0.089363 0.991909
vt 0.089656 0.994846
vt 0.087722 0.992617
vt 0.091853 0.994100
vt 0.091853 0.996389
vt 0.164105 0.003245
vt 0.164105 0.005154
vt 0.161841 0.994057
vt 0.161746 0.996364
vt 0.159583 0.997805
vt 0.164105 0.991810
vt 0.164105 0.994781
vt 0.087331 0.010702
vt 0.087732 0.007500
vt 0.089660 0.005219
vt 0.089357 0.008190
vt 0.087617 0.004143
vt 0.089277 0.002542
vt -0.151055 -0.212915
vt -0.152214 -0.213149
vt -0.151351 -0.214234
vt -0.150245 -0.214043
vt -0.153275 -0.213343
vt -0.153092 -0.214585
vt 0.164105 0.996721
vt 0.120099 -0.284313
vt 0.118822 -0.286422
vt 0.118861 -0.286926
vt 0.120098 -0.285603
vt 0.001705 0.548165
vt 0.000816 0.549718
vt 0.002369 0.548829
vt 0.000057 0.552125
vt 0.000057 0.551233
vt 0.120861 -0.287888
vt 0.119111 -0.287675
vt 0.119370 -0.288058
vt 0.118160 -0.287605
vt 0.118862 -0.287363
vt 0.057254 -0.265553
vt 0.057248 -0.266815
vt 0.058461 -0.267701
vt 0.058502 -0.267194
vt 0.057241 -0.268125
vt 0.058459 -0.268131
vt 0.058802 -0.265068
vt 0.059580 -0.266688
vt 0.059976 -0.266816
vt 0.059750 -0.265470
vt 0.059813 -0.268138
vt 0.062434 -0.271653
vt 0.061154 -0.269550
vt 0.060253 -0.268728
vt 0.060766 -0.269805
vt 0.059150 -0.268134
vt 0.159069 -0.270870
vt 0.159076 -0.272146
vt 0.160309 -0.272612
vt 0.160344 -0.272085
vt 0.159823 -0.274428
vt 0.160554 -0.273361
vt 0.160876 -0.273718
vt 0.161693 -0.272571
vt 0.164299 -0.275133
vt 0.163022 -0.273500
vt 0.162131 -0.273000
vt 0.162647 -0.273884
vt 0.160310 -0.273048
vt 0.161002 -0.272809
vt 0.018874 -0.265360
vt 0.017618 -0.266987
vt 0.017652 -0.267495
vt 0.018868 -0.266622
vt 0.016289 -0.267919
vt 0.215795 -0.274719
vt 0.217428 -0.273462
vt 0.217929 -0.272584
vt 0.217046 -0.273084
vt 0.219301 -0.272108
vt 0.218792 -0.272112
vt 0.072651 -0.231460
vt 0.073643 -0.231854
vt 0.074767 -0.231070
vt 0.074384 -0.230879
vt 0.074661 -0.232266
vt 0.075100 -0.231205
vt 0.016970 -0.267922
vt 0.017650 -0.267926
vt 0.017632 1.264371
vt 0.016297 1.267924
vt 0.016346 1.259330
vt 0.217168 1.281884
vt 0.284380 1.494036
vt -0.153264 1.213350
vt 0.062397 0.500006
vt 0.058559 1.267454
vt 0.064970 0.500006
vt 0.061087 1.276004
vt 0.066258 0.500006
vt 0.246585 1.487315
vt 0.245198 1.484985
vt 0.244541 1.495897
vt 0.244254 1.489869
vt 0.107860 0.025272
vt 0.117843 0.019263
vt -0.092660 1.200999
vt -0.103906 1.203545
vt -0.093093 1.202148
vt -0.104001 1.204686
vt 0.058368 0.926450
vt 0.041691 0.910428
vt 0.425250 1.271766
vt 0.440657 1.287570
vt 0.425924 1.270589
vt 0.435428 1.280269
vt -0.102218 1.168641
vt -0.089227 1.167020
vt 0.273807 1.424189
vt 0.276024 1.437167
vt 0.274878 1.424198
vt 0.277121 1.436911
vt -0.061969 1.293726
vt -0.045158 1.275546
vt -0.044590 1.276818
vt -0.047598 1.286095
vt 0.154429 0.500005
vt 0.160354 1.269528
vt 0.156767 0.500005
vt 0.161611 1.098124
vt 0.158060 0.500005
vt 0.163356 1.157369
vt 0.118809 1.285962
vt 0.116212 1.269642
vt 0.114882 1.280716
vt 0.135862 0.452908
vt 0.198956 0.461672
vt 0.135862 0.461672
vt 0.217922 1.323398
vt 0.212876 1.323439
vt 0.212852 1.322129
vt 0.217933 1.322088
vt 0.217438 1.312326
vt 0.212852 1.322129
vt 0.212606 1.312876
vt 0.074667 1.232271
vt 0.198956 0.547092
vt 0.198956 0.538328
vt 0.201217 0.538334
vt 0.201217 0.547115
vt 0.128965 0.452824
vt 0.128965 0.461649
vt 0.126704 0.461626
vt 0.126704 0.452741
vt 0.118528 0.458703
vt 0.119306 0.449755
vt 0.153369 1.322608
vt 0.163940 1.322522
vt 0.163998 1.323831
vt 0.153799 1.323899
vt 0.164044 1.325107
vt 0.153324 1.325216
vt 0.133584 0.566271
vt 0.133572 0.547115
vt 0.135862 0.547092
vt 0.135852 0.566018
vt 0.126704 0.114059
vt 0.128775 0.048593
vt 0.131226 0.005900
vt 0.131217 0.032735
vt 0.201221 0.977104
vt 0.198953 0.978051
vt 0.165489 1.279823
vt 0.161699 1.272574
vt 0.166390 1.278884
vt 0.153667 1.273974
vt 0.408630 1.320556
vt 0.429354 1.321594
vt 0.473483 1.322620
vt 0.454614 1.322766
vt 0.133558 0.039010
vt 0.126705 0.572948
vt 0.126704 0.547168
vt 0.128965 0.547130
vt 0.128890 0.660748
vt 0.131225 0.547103
vt 0.131259 0.574072
vt 0.201205 0.426609
vt 0.201217 0.452897
vt 0.198956 0.452908
vt 0.198964 0.426440
vt -0.088980 1.167048
vt -0.076955 1.171736
vt -0.088548 1.166090
vt -0.076547 1.170730
vt 0.408271 1.271905
vt 0.238838 1.430714
vt 0.242429 1.436670
vt 0.236818 1.429918
vt 0.241200 1.436777
vt 0.241474 1.437192
vt 0.041693 0.101629
vt 0.041691 0.087734
vt 0.043952 0.088709
vt 0.043952 0.102752
vt 0.049879 1.261251
vt 0.050672 1.262859
vt 0.059820 1.268142
vt 0.025988 1.253475
vt 0.041717 0.724512
vt 0.043952 0.565480
vt 0.217046 -0.273066
vt 0.215642 -0.098132
vt 0.218352 -0.271172
vt 0.218252 -0.260820
vt 0.017625 -0.263313
vt 0.096422 0.000057
vt 0.159583 0.999943
vt 0.062448 -0.269477
vt 0.061156 -0.265832
vt 0.058546 -0.265158
vt 0.064821 0.965901
vt 0.066362 0.972542
vt 0.087605 0.995931
vt 0.073316 0.982405
vt 0.244354 -0.469861
vt 0.246070 -0.478914
vt 0.002318 0.089572
vt 0.020597 0.072016
vt 0.000242 0.088433
vt 0.012129 0.076944
vt -0.109158 -0.204721
vt -0.092669 -0.200992
vt -0.089236 -0.167012
vt -0.102553 -0.168697
vt -0.089532 -0.165979
vt -0.092627 -0.166344
vt 0.429531 -0.276148
vt 0.425250 -0.271763
vt -0.053464 -0.286944
vt -0.044600 -0.276813
vt -0.045168 -0.275541
vt -0.052111 -0.283071
vt -0.045868 -0.274379
vt -0.060895 -0.290569
vt 0.277316 -0.444787
vt 0.273802 -0.424188
vt 0.163353 -0.157546
vt 0.161609 -0.098352
vt 0.160328 -0.265022
vt 0.116137 -0.288324
vt 0.116159 -0.288586
vt 0.118800 -0.279252
vt 0.220371 -0.314307
vt 0.215151 -0.313256
vt 0.212847 -0.322127
vt 0.217928 -0.322086
vt 0.094199 0.547102
vt 0.094199 0.538321
vt 0.096489 0.538327
vt 0.096489 0.547092
vt 0.159583 0.538328
vt 0.159583 0.547092
vt 0.018861 -0.267932
vt 0.087331 0.538374
vt 0.087331 0.547259
vt 0.073780 0.547017
vt 0.073780 0.538105
vt 0.161844 0.452884
vt 0.161844 0.461665
vt 0.159583 0.461671
vt 0.211968 1.274754
vt 0.094199 0.452885
vt 0.094200 0.436965
vt 0.091967 0.452824
vt 0.091967 0.437745
vt 0.050334 -0.324683
vt 0.163993 -0.323828
vt 0.163934 -0.322519
vt 0.154840 -0.322595
vt 0.159581 0.027125
vt 0.161845 0.027615
vt 0.164105 0.008091
vt 0.164101 0.030500
vt 0.089364 0.997147
vt 0.087341 0.946420
vt 0.162647 -0.273902
vt 0.155114 -0.273959
vt 0.160752 -0.272578
vt 0.152924 -0.272651
vt 0.164912 -0.279136
vt 0.094187 0.971557
vt 0.091967 0.991816
vt 0.091965 0.969159
vt 0.459588 -0.321329
vt 0.457451 -0.320165
vt 0.159595 0.563499
vt 0.161844 0.547102
vt 0.161836 0.562563
vt 0.164105 0.547130
vt 0.164104 0.563142
vt 0.089493 0.260425
vt 0.089592 0.452870
vt 0.087331 0.452832
vt 0.087331 0.391403
vt 0.397189 -0.271995
vt 0.425642 -0.270451
vt 0.415294 -0.270533
vt -0.080688 -0.170247
vt -0.088989 -0.167040
vt 0.004580 0.778216
vt 0.004579 0.911291
vt 0.002318 0.912266
vt 0.002330 0.825886
vt 0.000057 0.912979
vt 0.000056 0.885452
vt 0.236273 -0.429303
vt 0.242424 -0.436669
vt 0.237392 -0.428977
vt 0.004581 0.452407
vt 0.004579 0.455897
vt 0.002369 0.453023
vt 0.002357 0.343109
vt 0.000057 0.449727
vt 0.000060 0.430892
vt 0.054390 -0.264436
vt 0.053630 -0.262857
vt 0.198966 0.565981
vt 0.118819 0.500005
vt 0.121151 0.500005
vt 0.163028 1.273504
vt 0.164305 1.275137
vt 0.061162 1.269555
vt 0.210866 0.500005
vt 0.021430 0.500006
vt 0.020144 0.500006
vt 0.110981 1.279853
vt 0.168137 1.275105
vt 0.166760 1.284370
vt 0.164305 1.275136
vt 0.135864 0.977831
vt 0.041742 0.451170
vt 0.041738 0.435584
vt 0.124707 1.294533
vt 0.143068 1.318632
vt -0.000577 1.275194
vt 0.023462 1.276270
vt 0.269367 1.418145
vt 0.270533 1.417878
vt 0.268437 1.418654
vt 0.201203 0.566591
vt 0.128897 0.344197
vt 0.131260 0.432968
vt 0.131225 0.452885
vt 0.126704 0.452741
vt 0.126704 0.365369
vt 0.133561 0.976223
vt -0.054635 1.325483
vt -0.081359 1.327069
vt -0.078822 1.324476
vt 0.000800 1.285707
vt 0.060114 0.108174
vt 0.041692 0.909035
vt -0.080086 1.206362
vt -0.033823 1.227544
vt 0.217432 1.273465
vt 0.229567 1.273361
vt 0.249523 1.274452
vt 0.215800 1.274722
vt 0.064819 1.227131
vt 0.065971 1.226285
vt 0.063204 1.227738
vt 0.201219 0.038850
vt 0.128771 0.942533
vt 0.131220 0.952773
vt 0.126704 0.859059
vt 0.133572 0.452897
vt 0.133575 0.427167
vt 0.135853 0.426420
vt 0.135862 0.452908
vt 0.217922 1.323398
vt 0.232509 1.323265
vt 0.232443 1.324585
vt 0.217916 1.324674
vt 0.217933 1.322089
vt 0.271332 1.321659
vt 0.215477 1.283979
vt 0.254585 1.283665
vt 0.068959 0.545031
vt 0.060114 0.566933
vt 0.060112 0.066682
vt 0.273701 1.423942
vt 0.274477 1.423240
vt -0.092419 1.201023
vt -0.092235 1.202219
vt 0.118538 0.572256
vt 0.124244 0.864407
vt 0.256275 1.281467
vt 0.402239 1.315927
vt -0.080147 1.316786
vt -0.058292 1.315802
vt 0.146169 0.097924
vt 0.110885 0.546582
vt 0.119306 0.374874
vt 0.150514 1.318395
vt -0.088740 1.322119
vt 0.282564 1.475288
vt 0.285203 1.483382
vt 0.283344 1.487367
vt -0.147746 1.174420
vt -0.145833 1.175405
vt 0.467270 1.314824
vt 0.469572 1.315171
vt 0.465118 1.314552
vt 0.118355 0.983582
vt 0.106599 0.972575
vt -0.137193 1.211102
vt -0.144071 1.213888
vt -0.140899 1.210669
vt 0.076294 0.055179
vt 0.242530 1.436913
vt 0.243471 1.453570
vt 0.242117 1.449022
vt 0.241558 1.437662
vt 0.068265 0.538211
vt 0.111664 0.537634
vt 0.110950 1.288207
vt 0.165152 1.318277
vt 0.126704 0.547168
vt 0.126704 0.538283
vt 0.212606 1.312876
vt 0.211332 1.284012
vt 0.021430 0.500006
vt 0.210866 0.500005
vt 0.212159 0.500005
vt 0.060807 0.464866
vt 0.025730 0.539201
vt 0.004579 0.545956
vt 0.004579 0.539254
vt 0.123673 -0.293215
vt 0.002352 0.674041
vt 0.000069 0.564802
vt 0.268098 -0.416425
vt 0.267171 -0.416973
vt -0.017844 -0.275326
vt -0.035446 -0.274152
vt 0.022680 -0.276271
vt 0.089592 0.547176
vt 0.089490 0.745445
vt 0.087329 0.562004
vt 0.087331 0.547259
vt 0.161837 0.438467
vt 0.164104 0.437320
vt 0.164105 0.452823
vt -0.053642 -0.325464
vt -0.016907 -0.323972
vt 0.094189 0.028910
vt 0.091967 0.031174
vt 0.096491 0.027170
vt 0.017565 -0.282281
vt 0.015372 0.801583
vt 0.012732 0.910410
vt 0.272811 -0.424445
vt -0.045586 -0.274235
vt 0.273696 -0.423942
vt -0.092429 -0.201016
vt -0.085061 -0.204241
vt 0.002334 0.138805
vt 0.000056 0.107341
vt 0.000057 0.088869
vt 0.068935 -0.228759
vt 0.067109 -0.229272
vt 0.221177 -0.273428
vt 0.230457 -0.272022
vt 0.223844 -0.274655
vt 0.089375 0.029590
vt 0.087331 0.141604
vt 0.161849 0.971628
vt 0.164111 0.971238
vt 0.226791 -0.323320
vt 0.265271 -0.321706
vt 0.094200 0.562321
vt 0.091971 0.562562
vt 0.096480 0.562451
vt 0.235321 -0.289592
vt 0.030309 0.435823
vt 0.024673 0.454307
vt 0.217433 -0.287636
vt 0.096489 0.547092
vt 0.094199 0.547102
vt 0.091967 0.547130
vt 0.217917 -0.323395
vt 0.252398 -0.307355
vt 0.073781 0.405400
vt 0.073780 0.158963
vt 0.450449 -0.312460
vt -0.009462 -0.316153
vt -0.081906 -0.316735
vt 0.073787 0.906820
vt 0.073779 0.561453
vt 0.149849 -0.314875
vt 0.283279 -0.479743
vt 0.280389 -0.469816
vt -0.076887 -0.309841
vt -0.084976 -0.316522
vt 0.455810 -0.303096
vt 0.456559 -0.305586
vt -0.134443 -0.172706
vt -0.119708 -0.169681
vt -0.145249 -0.175306
vt -0.140862 -0.211883
vt -0.141437 -0.210796
vt 0.067540 0.026880
vt 0.073321 0.017965
vt 0.073785 0.022903
vt 0.242724 -0.440888
vt 0.011710 0.921270
vt 0.012292 0.924817
vt 0.024761 0.461388
vt 0.089592 0.547176
vt 0.089592 0.538351
vt 0.091853 0.538315
vt 0.091853 0.547093
vt 0.163000 -0.302757
vt 0.215795 -0.274719
vt 0.211963 -0.274750
vt 0.213214 -0.286929
vt 0.000247 0.913420
vt 0.242524 -0.436912
vt 0.168131 -0.275102
vt 0.167185 -0.157520
vt 0.166853 -0.279160
vt 0.168221 -0.303808
vt 0.004579 0.462598
vt 0.004579 0.455897
vt 0.168131 -0.275102
vt 0.164299 -0.275132
vt 0.166853 -0.279160
vt 0.213214 -0.286929
vt 0.215151 -0.313256
vt 0.169015 -0.322478
vt 0.163934 -0.322519
vt 0.163993 -0.323828
vt 0.169039 -0.323788
vt 0.168137 1.275106
vt 0.167188 1.157344
vt 0.166760 1.284370
vt 0.169984 1.317727
vt 0.215800 1.274722
vt 0.211332 1.284012
vt 0.211968 1.274753
vt 0.043951 0.544104
vt 0.043951 0.537402
vt 0.068265 0.538211
vt 0.161844 0.538321
vt 0.159583 0.538328
vt 0.089592 0.461695
vt 0.091853 0.452908
vt 0.091853 0.461685
vt 0.094199 0.461665
vt 0.094199 0.452885
vt 0.096489 0.452907
vt 0.096489 0.461671
vt 0.164050 -0.325104
vt 0.169069 -0.325064
vt 0.168221 -0.303808
vt 0.128965 0.538305
vt 0.201217 0.461678
vt 0.203478 0.452908
vt 0.203478 0.461721
vt 0.203478 0.538279
vt 0.203478 0.547092
vt 0.169044 1.323791
vt 0.163998 1.323831
vt 0.163940 1.322522
vt 0.169021 1.322482
vt 0.133572 0.538334
vt 0.133572 0.547115
vt 0.131340 0.547092
vt 0.131340 0.538279
vt 0.135862 0.538328
vt 0.161893 0.500005
vt 0.066334 -0.272983
vt 0.066349 -0.270339
vt 0.159583 0.461671
vt 0.066358 1.269987
vt 0.070073 0.500005
vt 0.070073 0.500006
vt 0.167185 -0.157520
vt 0.043951 0.460746
vt 0.135862 0.461672
vt 0.169984 1.317727
vt 0.135862 0.538328
vt 0.133572 0.538334
vt 0.744777 0.360644
vt 0.742557 0.357118
vt 0.730271 0.354519
vt 0.732335 0.358337
vt 0.723907 0.357080
vt 0.724566 0.359347
vt 0.717435 0.357997
vt 0.717459 0.359714
vt 0.710819 0.357273
vt 0.710298 0.359508
vt 0.701815 0.354316
vt 0.701056 0.358192
vt 0.691776 0.357114
vt 0.689507 0.360832
vt 0.676518 0.356487
vt 0.673131 0.361829
vt 0.656215 0.354857
vt 0.652189 0.363338
vt 0.629560 0.355631
vt 0.627990 0.368672
vt 0.881414 0.359142
vt 0.883108 0.350042
vt 0.863552 0.351610
vt 0.863053 0.363281
vt 0.845404 0.352568
vt 0.845842 0.365397
vt 0.827135 0.352786
vt 0.828343 0.364629
vt 0.793663 0.354183
vt 0.796729 0.364528
vt 0.774608 0.355188
vt 0.778371 0.361903
vt 0.756999 0.356450
vt 0.760053 0.361273
vt 0.908661 0.067633
vt 0.907771 0.072078
vt 0.913790 0.074574
vt 0.916312 0.070808
vt 0.797106 1.173534
vt 0.763108 0.366743
vt 0.747091 0.364687
vt 0.782847 1.175495
vt 0.811147 1.171642
vt 0.781691 0.369544
vt 0.825001 1.170091
vt 0.798888 0.374991
vt 0.838781 1.169115
vt 0.829380 0.376446
vt 0.852524 1.168879
vt 0.846339 0.377803
vt 0.866271 1.169558
vt 0.863136 0.374873
vt 0.880234 1.171355
vt 0.880486 0.368729
vt 0.667000 1.176091
vt 0.649104 0.372534
vt 0.628272 0.381064
vt 0.652802 1.175943
vt 0.681074 1.176851
vt 0.669860 0.368045
vt 0.695361 1.177887
vt 0.687137 0.365258
vt 0.709797 1.178828
vt 0.700343 0.363590
vt 0.724325 1.179344
vt 0.709675 0.362021
vt 0.739005 1.179266
vt 0.717476 0.361559
vt 0.753719 1.178553
vt 0.725285 0.361875
vt 0.768364 1.177247
vt 0.734753 0.362980
vt 0.670390 0.342878
vt 0.643102 0.337990
vt 0.879359 0.328031
vt 0.863285 0.319239
vt 0.748334 0.348922
vt 0.736766 0.349347
vt 0.844846 0.315829
vt 0.826004 0.318747
vt 0.724981 0.350944
vt 0.717462 0.352014
vt 0.794982 0.325762
vt 0.780684 0.337516
vt 0.710004 0.350692
vt 0.698692 0.349458
vt 0.686118 0.348398
vt 0.623979 0.321211
vt 0.762963 0.344501
vt 0.782957 1.180325
vt 0.768483 1.182199
vt 0.753832 1.183573
vt 0.739138 1.184345
vt 0.724480 1.184327
vt 0.709940 1.183729
vt 0.695534 1.182671
vt 0.681329 1.181479
vt 0.667376 1.180551
vt 0.653222 1.180454
vt 0.879905 1.175921
vt 0.866092 1.173892
vt 0.852457 1.173123
vt 0.838751 1.173435
vt 0.825020 1.174494
vt 0.811200 1.176170
vt 0.797193 1.178214
vt 0.895231 0.074567
vt 0.896159 0.075957
vt 0.901579 0.073713
vt 0.901254 0.072074
vt 0.883673 0.084311
vt 0.888125 0.085197
vt 0.890619 0.079175
vt 0.886850 0.076650
vt 0.908637 0.109289
vt 0.907756 0.104847
vt 0.901241 0.104843
vt 0.900359 0.109287
vt 0.922166 0.076669
vt 0.918396 0.079183
vt 0.920887 0.085202
vt 0.925332 0.084321
vt 0.892716 0.070793
vt 0.900375 0.067627
vt 0.892707 0.106117
vt 0.895223 0.102347
vt 0.890615 0.097739
vt 0.886847 0.100260
vt 0.925332 0.092601
vt 0.920889 0.091718
vt 0.918395 0.097739
vt 0.922167 0.100254
vt 0.883673 0.092603
vt 0.888122 0.091716
vt 0.916284 0.106137
vt 0.913783 0.102359
vt 0.913787 0.102358
vt 0.916323 0.106119
vt 0.743282 0.338960
vt 0.726759 0.338660
vt 0.691962 0.337981
vt 0.677318 0.333544
vt 0.862295 0.296375
vt 0.845416 0.292272
vt 0.771887 0.327649
vt 0.757270 0.335747
vt 0.788175 0.315738
vt 0.717522 0.339626
vt 0.708246 0.338507
vt 0.636606 0.310122
vt 0.623576 0.293246
vt 0.828005 0.295023
vt 0.798986 0.302329
vt 0.662550 0.323170
vt 0.876431 0.306340
vt 0.746756 0.332451
vt 0.728570 0.331538
vt 0.688670 0.330861
vt 0.674184 0.324816
vt 0.862357 0.285721
vt 0.845869 0.281544
vt 0.774843 0.318202
vt 0.760955 0.327991
vt 0.789958 0.305160
vt 0.717593 0.332203
vt 0.706570 0.331160
vt 0.635798 0.297941
vt 0.624243 0.281555
vt 0.828965 0.284163
vt 0.800061 0.291527
vt 0.660573 0.312477
vt 0.876008 0.295884
vt 0.783561 -0.177938
vt 0.751902 -0.150930
vt 0.701633 -0.105923
vt 0.690502 -0.106613
vt 0.874082 -0.124734
vt 0.864229 -0.135475
vt 0.804844 -0.177002
vt 0.794789 -0.177455
vt 0.814868 -0.176518
vt 0.741084 -0.141337
vt 0.730423 -0.131695
vt 0.658089 -0.108861
vt 0.640974 -0.128175
vt 0.854387 -0.146222
vt 0.827191 -0.175925
vt 0.680509 -0.107227
vt 0.882482 -0.115589
vt 0.730816 -0.137647
vt 0.702032 -0.112026
vt 0.874250 -0.130776
vt 0.864402 -0.141513
vt 0.827452 -0.181902
vt 0.815261 -0.182560
vt 0.805226 -0.183084
vt 0.795155 -0.183573
vt 0.752435 -0.157031
vt 0.741502 -0.147319
vt 0.854555 -0.152246
vt 0.784006 -0.183987
vt 0.658374 -0.114936
vt 0.641211 -0.134093
vt 0.882646 -0.121635
vt 0.680823 -0.113278
vt 0.690782 -0.112643
vt 0.690960 -0.116951
vt 0.681047 -0.117561
vt 0.702083 -0.116400
vt 0.730762 -0.141929
vt 0.874713 -0.135058
vt 0.864869 -0.145788
vt 0.827875 -0.186174
vt 0.815566 -0.186896
vt 0.805515 -0.187425
vt 0.795419 -0.187930
vt 0.752450 -0.161449
vt 0.741454 -0.151614
vt 0.855027 -0.156550
vt 0.784115 -0.188392
vt 0.658791 -0.119274
vt 0.641721 -0.138325
vt 0.883108 -0.125919
vt 0.883673 -0.091766
vt 0.893951 -0.089595
vt 0.893951 -0.098268
vt 0.883673 -0.102606
vt 0.893951 -0.081802
vt 0.902174 -0.081624
vt 0.902174 -0.087859
vt 0.988835 -0.060287
vt 0.978081 -0.064412
vt 0.957904 -0.064410
vt 0.963613 -0.060284
vt 0.948219 -0.064408
vt 0.951508 -0.060282
vt 0.923067 -0.060282
vt 0.925466 -0.064408
vt 0.893951 -0.064410
vt 0.883673 -0.060284
vt 0.925467 -0.098269
vt 0.923067 -0.102608
vt 0.988835 -0.082024
vt 0.978081 -0.081802
vt 0.988835 -0.091766
vt 0.978081 -0.089595
vt 0.988835 -0.102606
vt 0.978081 -0.098267
vt 0.951508 -0.102608
vt 0.948220 -0.098269
vt 0.936843 -0.064408
vt 0.937287 -0.060282
vt 0.893951 -0.074008
vt 0.883673 -0.072282
vt 0.883673 -0.082024
vt 0.936843 -0.098269
vt 0.937288 -0.102609
vt 0.927386 -0.094798
vt 0.902174 -0.094797
vt 0.902174 -0.075389
vt 0.902174 -0.067710
vt 0.927386 -0.067709
vt 0.936487 -0.067709
vt 0.945588 -0.067709
vt 0.953336 -0.067710
vt 0.969478 -0.067712
vt 0.969478 -0.081624
vt 0.969478 -0.087859
vt 0.969478 -0.094796
vt 0.945589 -0.094798
vt 0.936488 -0.094798
vt 0.797175 1.182266
vt 0.782950 1.184408
vt 0.811176 1.180189
vt 0.824993 1.178486
vt 0.838714 1.177416
vt 0.852395 1.177166
vt 0.865932 1.177798
vt 0.879289 1.179844
vt 0.667789 1.184503
vt 0.654068 1.184474
vt 0.681631 1.185462
vt 0.695779 1.186700
vt 0.710142 1.187780
vt 0.724645 1.188392
vt 0.739238 1.188347
vt 0.753877 1.187672
vt 0.768497 1.186301
vt 0.907444 0.073716
vt 0.892009 0.080104
vt 0.889763 0.085524
vt 0.889761 0.091390
vt 0.892005 0.096810
vt 0.896152 0.100959
vt 0.901568 0.103205
vt 0.907432 0.103208
vt 0.912855 0.100967
vt 0.917006 0.096812
vt 0.919250 0.091392
vt 0.919250 0.085528
vt 0.917007 0.080110
vt 0.912861 0.075963
vt 0.224581 0.639360
vt 0.212139 0.641667
vt 0.210076 0.645486
vt 0.222361 0.642886
vt 0.204370 0.640658
vt 0.203712 0.642925
vt 0.197263 0.640291
vt 0.197240 0.642008
vt 0.190102 0.640497
vt 0.190623 0.642732
vt 0.180861 0.641813
vt 0.181619 0.645689
vt 0.169312 0.639173
vt 0.171580 0.642891
vt 0.152935 0.638176
vt 0.156322 0.643518
vt 0.131994 0.636668
vt 0.136019 0.645149
vt 0.107794 0.631334
vt 0.109365 0.644375
vt 0.361221 0.640861
vt 0.342860 0.636721
vt 0.343359 0.648393
vt 0.362915 0.649961
vt 0.325649 0.634606
vt 0.325210 0.647435
vt 0.308149 0.635374
vt 0.306942 0.647218
vt 0.276535 0.635476
vt 0.273469 0.645821
vt 0.258177 0.638101
vt 0.254414 0.644816
vt 0.239858 0.638731
vt 0.236804 0.643554
vt 0.883678 0.008162
vt 0.886853 0.015815
vt 0.890619 0.013292
vt 0.888123 0.007273
vt 0.276898 -0.173536
vt 0.262639 -0.175496
vt 0.226896 0.635317
vt 0.242913 0.633261
vt 0.290939 -0.171644
vt 0.261497 0.630459
vt 0.304794 -0.170093
vt 0.278695 0.625012
vt 0.318573 -0.169117
vt 0.309185 0.623557
vt 0.332317 -0.168882
vt 0.326145 0.622200
vt 0.346064 -0.169561
vt 0.342943 0.625129
vt 0.360027 -0.171358
vt 0.360292 0.631273
vt 0.146791 -0.176090
vt 0.132593 -0.175943
vt 0.108075 0.618942
vt 0.128908 0.627472
vt 0.160865 -0.176851
vt 0.149664 0.631961
vt 0.175153 -0.177887
vt 0.166941 0.634747
vt 0.189589 -0.178829
vt 0.180147 0.636416
vt 0.204117 -0.179345
vt 0.189479 0.637984
vt 0.218797 -0.179267
vt 0.197280 0.638446
vt 0.233511 -0.178554
vt 0.205089 0.638129
vt 0.248157 -0.177248
vt 0.214558 0.637024
vt 0.122907 0.662016
vt 0.150195 0.657127
vt 0.343093 0.680764
vt 0.359167 0.671972
vt 0.216571 0.650657
vt 0.228139 0.651082
vt 0.305811 0.681257
vt 0.324653 0.684174
vt 0.197267 0.647991
vt 0.204785 0.649061
vt 0.260490 0.662488
vt 0.274789 0.674242
vt 0.178496 0.650548
vt 0.189809 0.649313
vt 0.165922 0.651608
vt 0.103784 0.678795
vt 0.242768 0.655503
vt 0.262749 -0.180326
vt 0.248275 -0.182200
vt 0.233624 -0.183574
vt 0.218929 -0.184346
vt 0.204272 -0.184328
vt 0.189731 -0.183729
vt 0.175326 -0.182671
vt 0.161120 -0.181478
vt 0.147167 -0.180550
vt 0.133013 -0.180453
vt 0.359698 -0.175924
vt 0.345885 -0.173895
vt 0.332249 -0.173125
vt 0.318544 -0.173438
vt 0.304812 -0.174496
vt 0.290992 -0.176171
vt 0.276986 -0.178215
vt 0.890613 -0.005268
vt 0.888121 0.000755
vt 0.889760 0.001081
vt 0.892003 -0.004339
vt 0.900359 -0.016825
vt 0.892697 -0.013648
vt 0.895221 -0.009879
vt 0.901245 -0.012372
vt 0.925334 0.008150
vt 0.925334 -0.000131
vt 0.920889 0.000750
vt 0.920890 0.007267
vt 0.892713 0.021669
vt 0.900365 0.024834
vt 0.901246 0.020391
vt 0.895227 0.017899
vt 0.886839 -0.007783
vt 0.883673 -0.000124
vt 0.922166 -0.007785
vt 0.916309 -0.013647
vt 0.913787 -0.009880
vt 0.918394 -0.005270
vt 0.908642 0.024835
vt 0.916291 0.021673
vt 0.913779 0.017903
vt 0.907760 0.020394
vt 0.908652 -0.016823
vt 0.907763 -0.012374
vt 0.922179 0.015801
vt 0.918399 0.013298
vt 0.922152 0.015835
vt 0.918396 0.013300
vt 0.206563 0.661345
vt 0.223087 0.661044
vt 0.157123 0.666462
vt 0.171766 0.662024
vt 0.325223 0.707732
vt 0.342102 0.703629
vt 0.237075 0.664258
vt 0.251693 0.672355
vt 0.267982 0.684267
vt 0.188050 0.661498
vt 0.197326 0.660379
vt 0.103381 0.706760
vt 0.116412 0.689885
vt 0.278792 0.697675
vt 0.307812 0.704981
vt 0.142355 0.676836
vt 0.356239 0.693664
vt 0.208375 0.668467
vt 0.226561 0.667554
vt 0.153989 0.675189
vt 0.168474 0.669145
vt 0.325676 0.718460
vt 0.342164 0.714284
vt 0.240761 0.672014
vt 0.254649 0.681803
vt 0.269765 0.694845
vt 0.186375 0.668845
vt 0.197397 0.667802
vt 0.104048 0.718452
vt 0.115603 0.702065
vt 0.279868 0.708478
vt 0.308772 0.715841
vt 0.140378 0.687528
vt 0.355816 0.704120
vt 0.231714 1.150924
vt 0.263373 1.177930
vt 0.170314 1.106609
vt 0.181445 1.105918
vt 0.344038 1.135469
vt 0.353890 1.124729
vt 0.274600 1.177448
vt 0.284655 1.176994
vt 0.294678 1.176511
vt 0.210235 1.131690
vt 0.220896 1.141332
vt 0.120787 1.128171
vt 0.137901 1.108857
vt 0.307001 1.175917
vt 0.334196 1.146215
vt 0.160321 1.107223
vt 0.362289 1.115584
vt 0.181844 1.112021
vt 0.210629 1.137642
vt 0.344211 1.141506
vt 0.354058 1.130770
vt 0.295072 1.182552
vt 0.307263 1.181895
vt 0.274967 1.183565
vt 0.285038 1.183076
vt 0.221314 1.147313
vt 0.232247 1.157024
vt 0.334364 1.152239
vt 0.263817 1.183979
vt 0.121025 1.134089
vt 0.138187 1.114932
vt 0.362453 1.121629
vt 0.160635 1.113274
vt 0.170594 1.112638
vt 0.160859 1.117557
vt 0.170772 1.116947
vt 0.181895 1.116395
vt 0.210575 1.141923
vt 0.344678 1.145781
vt 0.354521 1.135052
vt 0.295377 1.186888
vt 0.307685 1.186166
vt 0.275230 1.187923
vt 0.285326 1.187417
vt 0.221266 1.151608
vt 0.232262 1.161442
vt 0.334837 1.156543
vt 0.263927 1.188385
vt 0.121535 1.138320
vt 0.138604 1.119270
vt 0.362915 1.125913
vt 0.883673 -0.028233
vt 0.883673 -0.017392
vt 0.893951 -0.021731
vt 0.893951 -0.030403
vt 0.893951 -0.038197
vt 0.902174 -0.032140
vt 0.902174 -0.038374
vt 0.988835 -0.059712
vt 0.963613 -0.059714
vt 0.957904 -0.055589
vt 0.978081 -0.055587
vt 0.951508 -0.059716
vt 0.948219 -0.055590
vt 0.923067 -0.059716
vt 0.883673 -0.059714
vt 0.893951 -0.055589
vt 0.925466 -0.055590
vt 0.923067 -0.017390
vt 0.925467 -0.021729
vt 0.988835 -0.037974
vt 0.978081 -0.038197
vt 0.988835 -0.028233
vt 0.978081 -0.030403
vt 0.988835 -0.017392
vt 0.978081 -0.021731
vt 0.951508 -0.017390
vt 0.948220 -0.021730
vt 0.937287 -0.059717
vt 0.936843 -0.055591
vt 0.883673 -0.047716
vt 0.893951 -0.045990
vt 0.883673 -0.037974
vt 0.937287 -0.017390
vt 0.936843 -0.021729
vt 0.927386 -0.025201
vt 0.936487 -0.025200
vt 0.945589 -0.025201
vt 0.969478 -0.025202
vt 0.969478 -0.032140
vt 0.969478 -0.038375
vt 0.969478 -0.052286
vt 0.953336 -0.052288
vt 0.945588 -0.052289
vt 0.936487 -0.052290
vt 0.927386 -0.052289
vt 0.902174 -0.052288
vt 0.902174 -0.044609
vt 0.902174 -0.025202
vt 0.276967 -0.182268
vt 0.262742 -0.184409
vt 0.290969 -0.180190
vt 0.304785 -0.178488
vt 0.318507 -0.177418
vt 0.332187 -0.177168
vt 0.345725 -0.177801
vt 0.359081 -0.179847
vt 0.147580 -0.184503
vt 0.133859 -0.184473
vt 0.161422 -0.185462
vt 0.175570 -0.186700
vt 0.189934 -0.187781
vt 0.204437 -0.188392
vt 0.219029 -0.188348
vt 0.233668 -0.187673
vt 0.248289 -0.186303
vt 0.889762 0.006946
vt 0.892008 0.012364
vt 0.896155 0.016510
vt 0.901572 0.018753
vt 0.907435 0.018755
vt 0.912853 0.016514
vt 0.917006 0.012369
vt 0.919251 0.006942
vt 0.919250 0.001076
vt 0.917006 -0.004342
vt 0.912858 -0.008490
vt 0.907437 -0.010735
vt 0.901571 -0.010734
vt 0.896150 -0.008489
vt -0.035517 0.639361
vt -0.047959 0.641668
vt -0.050023 0.645487
vt -0.037737 0.642887
vt -0.055728 0.640658
vt -0.056387 0.642926
vt -0.062835 0.640292
vt -0.062859 0.642008
vt -0.069996 0.640498
vt -0.069475 0.642732
vt -0.079238 0.641814
vt -0.078480 0.645690
vt -0.090787 0.639174
vt -0.088518 0.642891
vt -0.107164 0.638177
vt -0.103777 0.643519
vt -0.128105 0.636669
vt -0.124079 0.645149
vt -0.152305 0.631335
vt -0.150734 0.644376
vt 0.101122 0.640861
vt 0.082761 0.636722
vt 0.083261 0.648393
vt 0.102817 0.649961
vt 0.065550 0.634607
vt 0.065112 0.647436
vt 0.048050 0.635375
vt 0.046843 0.647219
vt 0.016436 0.635476
vt 0.013371 0.645822
vt -0.001922 0.638102
vt -0.005685 0.644816
vt -0.020240 0.638732
vt -0.023295 0.643555
vt 0.908662 0.067056
vt 0.916314 0.063880
vt 0.913791 0.060114
vt 0.907772 0.062611
vt 0.016800 -0.173536
vt 0.002541 -0.175496
vt -0.033203 0.635318
vt -0.017185 0.633262
vt 0.030841 -0.171644
vt 0.001399 0.630460
vt 0.044695 -0.170093
vt 0.018596 0.625013
vt 0.058475 -0.169117
vt 0.049087 0.623558
vt 0.072218 -0.168882
vt 0.066047 0.622201
vt 0.085966 -0.169561
vt 0.082844 0.625130
vt 0.099929 -0.171358
vt 0.100194 0.631274
vt -0.113307 -0.176090
vt -0.127505 -0.175943
vt -0.152023 0.618942
vt -0.131190 0.627473
vt -0.099233 -0.176851
vt -0.110434 0.631962
vt -0.084946 -0.177887
vt -0.093158 0.634748
vt -0.070510 -0.178829
vt -0.079951 0.636416
vt -0.055982 -0.179345
vt -0.070619 0.637985
vt -0.041302 -0.179267
vt -0.062819 0.638447
vt -0.026587 -0.178554
vt -0.055009 0.638130
vt -0.011942 -0.177248
vt -0.045541 0.637025
vt -0.137192 0.662017
vt -0.109904 0.657128
vt 0.082994 0.680765
vt 0.099068 0.671973
vt -0.043527 0.650658
vt -0.031960 0.651083
vt 0.045712 0.681258
vt 0.064554 0.684175
vt -0.062832 0.647992
vt -0.055313 0.649062
vt 0.000391 0.662489
vt 0.014690 0.674243
vt -0.081602 0.650548
vt -0.070290 0.649314
vt -0.094176 0.651608
vt -0.156315 0.678796
vt -0.017330 0.655504
vt 0.002651 -0.180326
vt -0.011823 -0.182200
vt -0.026474 -0.183574
vt -0.041169 -0.184346
vt -0.055826 -0.184328
vt -0.070367 -0.183729
vt -0.084773 -0.182671
vt -0.098978 -0.181479
vt -0.112931 -0.180550
vt -0.127085 -0.180453
vt 0.099600 -0.175924
vt 0.085787 -0.173895
vt 0.072151 -0.173125
vt 0.058446 -0.173438
vt 0.044714 -0.174496
vt 0.030894 -0.176171
vt 0.016887 -0.178215
vt 0.895231 0.060122
vt 0.901254 0.062614
vt 0.901580 0.060975
vt 0.896159 0.058732
vt 0.883673 0.050378
vt 0.886850 0.058039
vt 0.890619 0.055515
vt 0.888125 0.049491
vt 0.908645 0.025400
vt 0.900364 0.025401
vt 0.901246 0.029846
vt 0.907763 0.029844
vt 0.922168 0.058019
vt 0.925332 0.050368
vt 0.920888 0.049487
vt 0.918397 0.055506
vt 0.892717 0.063896
vt 0.900376 0.067062
vt 0.892710 0.028570
vt 0.886849 0.034427
vt 0.890617 0.036949
vt 0.895226 0.032341
vt 0.925332 0.042091
vt 0.922169 0.034442
vt 0.918399 0.036954
vt 0.920891 0.042972
vt 0.883674 0.042085
vt 0.888123 0.042973
vt 0.916297 0.028554
vt 0.913794 0.032335
vt 0.916330 0.028581
vt 0.913796 0.032338
vt -0.053535 0.661346
vt -0.037011 0.661045
vt -0.102976 0.666463
vt -0.088332 0.662025
vt 0.065124 0.707733
vt 0.082004 0.703630
vt -0.023023 0.664259
vt -0.008405 0.672356
vt 0.007884 0.684267
vt -0.072049 0.661499
vt -0.062772 0.660380
vt -0.156717 0.706761
vt -0.143687 0.689885
vt 0.018694 0.697676
vt 0.047713 0.704982
vt -0.117744 0.676836
vt 0.096141 0.693665
vt -0.051723 0.668468
vt -0.033538 0.667554
vt -0.106109 0.675190
vt -0.091624 0.669145
vt 0.065577 0.718461
vt 0.082066 0.714285
vt -0.019338 0.672015
vt -0.005450 0.681803
vt 0.009667 0.694845
vt -0.073724 0.668846
vt -0.062701 0.667803
vt -0.156051 0.718453
vt -0.144495 0.702066
vt 0.019769 0.708479
vt 0.048674 0.715842
vt -0.119720 0.687529
vt 0.095717 0.704121
vt -0.028385 1.150926
vt 0.003274 1.177932
vt -0.089785 1.106610
vt -0.078654 1.105919
vt 0.083940 1.135470
vt 0.093792 1.124730
vt 0.014502 1.177449
vt 0.024556 1.176996
vt 0.034580 1.176512
vt -0.049863 1.131691
vt -0.039203 1.141333
vt -0.139311 1.128172
vt -0.122197 1.108858
vt 0.046903 1.175919
vt 0.074098 1.146216
vt -0.099778 1.107224
vt 0.102190 1.115586
vt -0.078254 1.112023
vt -0.049470 1.137643
vt 0.084113 1.141508
vt 0.093959 1.130771
vt 0.034973 1.182554
vt 0.047164 1.181896
vt 0.014868 1.183567
vt 0.024939 1.183077
vt -0.038785 1.147314
vt -0.027851 1.157026
vt 0.074266 1.152240
vt 0.003719 1.183980
vt -0.139074 1.134090
vt -0.121912 1.114933
vt 0.102354 1.121630
vt -0.099464 1.113275
vt -0.089504 1.112639
vt -0.099240 1.117558
vt -0.089327 1.116948
vt -0.078203 1.116396
vt -0.049524 1.141925
vt 0.084579 1.145782
vt 0.094423 1.135053
vt 0.035279 1.186889
vt 0.047587 1.186167
vt 0.015132 1.187924
vt 0.025227 1.187418
vt -0.038833 1.151609
vt -0.027836 1.161443
vt 0.074738 1.156544
vt 0.003828 1.188386
vt -0.138564 1.138322
vt -0.121495 1.119271
vt 0.102817 1.125915
vt 0.883673 -0.156908
vt 0.883673 -0.146068
vt 0.893951 -0.150406
vt 0.893951 -0.159079
vt 0.893951 -0.166872
vt 0.902174 -0.160815
vt 0.902174 -0.167050
vt 0.988835 -0.188387
vt 0.963613 -0.188390
vt 0.957904 -0.184264
vt 0.978081 -0.184262
vt 0.951508 -0.188392
vt 0.948219 -0.184266
vt 0.923067 -0.188392
vt 0.883673 -0.188390
vt 0.893951 -0.184264
vt 0.925466 -0.184266
vt 0.923067 -0.146066
vt 0.925467 -0.150405
vt 0.988835 -0.166650
vt 0.978081 -0.166872
vt 0.988835 -0.156908
vt 0.978081 -0.159079
vt 0.988835 -0.146068
vt 0.978081 -0.150406
vt 0.951508 -0.146066
vt 0.948220 -0.150405
vt 0.937287 -0.188392
vt 0.936843 -0.184266
vt 0.883673 -0.176391
vt 0.893951 -0.174665
vt 0.883673 -0.166650
vt 0.937288 -0.146065
vt 0.936843 -0.150405
vt 0.927386 -0.153876
vt 0.936488 -0.153876
vt 0.945589 -0.153876
vt 0.969478 -0.153877
vt 0.969478 -0.160815
vt 0.969478 -0.167050
vt 0.969478 -0.180962
vt 0.953336 -0.180964
vt 0.945588 -0.180965
vt 0.936487 -0.180965
vt 0.927386 -0.180965
vt 0.902174 -0.180964
vt 0.902174 -0.173285
vt 0.902174 -0.153877
vt 0.016869 -0.182268
vt 0.002643 -0.184409
vt 0.030870 -0.180190
vt 0.044687 -0.178488
vt 0.058408 -0.177418
vt 0.072089 -0.177168
vt 0.085626 -0.177801
vt 0.098983 -0.179847
vt -0.112518 -0.184503
vt -0.126239 -0.184474
vt -0.098676 -0.185462
vt -0.084528 -0.186700
vt -0.070165 -0.187781
vt -0.055661 -0.188392
vt -0.041069 -0.188348
vt -0.026430 -0.187673
vt -0.011810 -0.186303
vt 0.907445 0.060972
vt 0.912862 0.058726
vt 0.917008 0.054578
vt 0.919251 0.049161
vt 0.919253 0.043298
vt 0.917010 0.037880
vt 0.912865 0.033728
vt 0.907438 0.031483
vt 0.901572 0.031484
vt 0.896154 0.033730
vt 0.892007 0.037878
vt 0.889762 0.043299
vt 0.889764 0.049165
vt 0.892009 0.054586
vt 0.260749 0.360644
vt 0.258529 0.357118
vt 0.246243 0.354519
vt 0.248307 0.358337
vt 0.239879 0.357080
vt 0.240538 0.359347
vt 0.233407 0.357997
vt 0.233431 0.359714
vt 0.226791 0.357273
vt 0.226270 0.359508
vt 0.217787 0.354316
vt 0.217029 0.358192
vt 0.207748 0.357115
vt 0.205480 0.360832
vt 0.192490 0.356487
vt 0.189103 0.361830
vt 0.172187 0.354857
vt 0.168162 0.363338
vt 0.145533 0.355632
vt 0.143962 0.368672
vt 0.397386 0.359142
vt 0.399080 0.350042
vt 0.379524 0.351611
vt 0.379025 0.363282
vt 0.361376 0.352568
vt 0.361815 0.365397
vt 0.343107 0.352786
vt 0.344315 0.364630
vt 0.309635 0.354183
vt 0.312701 0.364528
vt 0.290580 0.355189
vt 0.294344 0.361903
vt 0.272971 0.356450
vt 0.276025 0.361273
vt 0.684729 0.109859
vt 0.683839 0.114304
vt 0.689858 0.116801
vt 0.692381 0.113035
vt 0.313078 1.173535
vt 0.279080 0.366743
vt 0.263064 0.364687
vt 0.298819 1.175496
vt 0.327119 1.171643
vt 0.297664 0.369545
vt 0.340973 1.170092
vt 0.314861 0.374991
vt 0.354753 1.169115
vt 0.345352 0.376446
vt 0.368496 1.168880
vt 0.362311 0.377803
vt 0.382243 1.169559
vt 0.379108 0.374873
vt 0.396207 1.171356
vt 0.396458 0.368729
vt 0.182972 1.176091
vt 0.165076 0.372534
vt 0.144244 0.381065
vt 0.168774 1.175944
vt 0.197046 1.176852
vt 0.185833 0.368045
vt 0.211333 1.177887
vt 0.203109 0.365258
vt 0.225769 1.178829
vt 0.216315 0.363590
vt 0.240297 1.179345
vt 0.225647 0.362021
vt 0.254977 1.179267
vt 0.233448 0.361559
vt 0.269691 1.178553
vt 0.241257 0.361875
vt 0.284337 1.177248
vt 0.250726 0.362980
vt 0.186362 0.342878
vt 0.159074 0.337990
vt 0.395332 0.328031
vt 0.379258 0.319239
vt 0.264306 0.348923
vt 0.252739 0.349348
vt 0.360818 0.315830
vt 0.341976 0.318747
vt 0.240953 0.350944
vt 0.233434 0.352014
vt 0.310954 0.325762
vt 0.296656 0.337516
vt 0.225976 0.350692
vt 0.214664 0.349458
vt 0.202090 0.348398
vt 0.139952 0.321211
vt 0.278935 0.344501
vt 0.298929 1.180326
vt 0.284455 1.182200
vt 0.269804 1.183574
vt 0.255110 1.184346
vt 0.240453 1.184328
vt 0.225912 1.183730
vt 0.211506 1.182671
vt 0.197301 1.181479
vt 0.183348 1.180551
vt 0.169194 1.180454
vt 0.395877 1.175922
vt 0.382065 1.173893
vt 0.368429 1.173124
vt 0.354724 1.173436
vt 0.340992 1.174494
vt 0.327172 1.176170
vt 0.313166 1.178214
vt 0.671300 0.116793
vt 0.672228 0.118183
vt 0.677648 0.115940
vt 0.677322 0.114301
vt 0.659742 0.126538
vt 0.664194 0.127424
vt 0.666688 0.121402
vt 0.662919 0.118877
vt 0.684706 0.151516
vt 0.683825 0.147074
vt 0.677310 0.147070
vt 0.676428 0.151514
vt 0.698235 0.118896
vt 0.694464 0.121409
vt 0.696956 0.127429
vt 0.701400 0.126548
vt 0.668785 0.113020
vt 0.676443 0.109854
vt 0.668776 0.148344
vt 0.671292 0.144574
vt 0.666684 0.139966
vt 0.662916 0.142487
vt 0.701400 0.134827
vt 0.696958 0.133945
vt 0.694464 0.139966
vt 0.698236 0.142480
vt 0.659742 0.134830
vt 0.664190 0.133943
vt 0.692353 0.148364
vt 0.689852 0.144586
vt 0.689856 0.144585
vt 0.692392 0.148345
vt 0.259255 0.338961
vt 0.242731 0.338660
vt 0.207934 0.337981
vt 0.193290 0.333544
vt 0.378267 0.296375
vt 0.361388 0.292272
vt 0.287859 0.327650
vt 0.273242 0.335747
vt 0.304148 0.315738
vt 0.233494 0.339626
vt 0.224218 0.338507
vt 0.152579 0.310122
vt 0.139549 0.293247
vt 0.343977 0.295023
vt 0.314958 0.302330
vt 0.178522 0.323170
vt 0.392404 0.306340
vt 0.262728 0.332451
vt 0.244542 0.331538
vt 0.204642 0.330861
vt 0.190157 0.324816
vt 0.378330 0.285721
vt 0.361841 0.281544
vt 0.290815 0.318203
vt 0.276928 0.327991
vt 0.305930 0.305160
vt 0.233565 0.332203
vt 0.222542 0.331160
vt 0.151770 0.297941
vt 0.140215 0.281555
vt 0.344938 0.284164
vt 0.316033 0.291527
vt 0.176545 0.312478
vt 0.391980 0.295885
vt 0.299533 -0.177938
vt 0.267874 -0.150931
vt 0.217605 -0.105923
vt 0.206474 -0.106613
vt 0.390055 -0.124734
vt 0.380202 -0.135475
vt 0.320816 -0.177002
vt 0.310761 -0.177455
vt 0.330840 -0.176518
vt 0.257056 -0.141337
vt 0.246395 -0.131695
vt 0.174061 -0.108861
vt 0.156946 -0.128175
vt 0.370359 -0.146222
vt 0.343163 -0.175925
vt 0.196481 -0.107227
vt 0.398454 -0.115589
vt 0.246789 -0.137648
vt 0.218005 -0.112026
vt 0.390222 -0.130776
vt 0.380374 -0.141513
vt 0.343424 -0.181902
vt 0.331233 -0.182560
vt 0.321199 -0.183084
vt 0.311128 -0.183573
vt 0.268408 -0.157031
vt 0.257474 -0.147319
vt 0.370527 -0.152246
vt 0.299978 -0.183987
vt 0.174346 -0.114936
vt 0.157184 -0.134093
vt 0.398618 -0.121635
vt 0.196795 -0.113278
vt 0.206754 -0.112642
vt 0.206932 -0.116951
vt 0.197019 -0.117561
vt 0.218055 -0.116400
vt 0.246734 -0.141929
vt 0.390685 -0.135058
vt 0.380841 -0.145788
vt 0.343847 -0.186174
vt 0.331538 -0.186896
vt 0.321487 -0.187425
vt 0.311391 -0.187930
vt 0.268422 -0.161449
vt 0.257426 -0.151614
vt 0.370999 -0.156550
vt 0.300087 -0.188392
vt 0.174763 -0.119274
vt 0.157693 -0.138325
vt 0.399080 -0.125919
vt 0.659742 -0.134658
vt 0.670020 -0.132487
vt 0.670020 -0.141159
vt 0.659742 -0.145498
vt 0.670020 -0.124694
vt 0.678243 -0.124516
vt 0.678243 -0.130750
vt 0.764903 -0.103179
vt 0.754150 -0.107304
vt 0.733972 -0.107302
vt 0.739682 -0.103176
vt 0.724288 -0.107300
vt 0.727577 -0.103174
vt 0.699136 -0.103174
vt 0.701535 -0.107300
vt 0.670020 -0.107302
vt 0.659742 -0.103176
vt 0.701535 -0.141161
vt 0.699136 -0.145500
vt 0.764903 -0.124916
vt 0.754149 -0.124694
vt 0.764903 -0.134658
vt 0.754149 -0.132487
vt 0.764903 -0.145498
vt 0.754149 -0.141159
vt 0.727577 -0.145500
vt 0.724288 -0.141161
vt 0.712912 -0.107300
vt 0.713356 -0.103173
vt 0.670020 -0.116900
vt 0.659742 -0.115174
vt 0.659742 -0.124916
vt 0.712912 -0.141161
vt 0.713356 -0.145500
vt 0.703455 -0.137689
vt 0.678243 -0.137688
vt 0.678243 -0.118281
vt 0.678243 -0.110602
vt 0.703455 -0.110601
vt 0.712556 -0.110601
vt 0.721657 -0.110601
vt 0.729405 -0.110602
vt 0.745546 -0.110604
vt 0.745546 -0.124516
vt 0.745546 -0.130750
vt 0.745546 -0.137688
vt 0.721657 -0.137689
vt 0.712556 -0.137690
vt 0.313147 1.182267
vt 0.298922 1.184409
vt 0.327148 1.180189
vt 0.340965 1.178487
vt 0.354686 1.177416
vt 0.368367 1.177166
vt 0.381904 1.177799
vt 0.395261 1.179845
vt 0.183761 1.184504
vt 0.170040 1.184475
vt 0.197603 1.185463
vt 0.211751 1.186700
vt 0.226114 1.187781
vt 0.240618 1.188392
vt 0.255210 1.188347
vt 0.269849 1.187673
vt 0.284469 1.186302
vt 0.683513 0.115943
vt 0.668078 0.122331
vt 0.665832 0.127750
vt 0.665830 0.133617
vt 0.668074 0.139037
vt 0.672221 0.143185
vt 0.677637 0.145432
vt 0.683501 0.145435
vt 0.688924 0.143194
vt 0.693075 0.139038
vt 0.695319 0.133619
vt 0.695318 0.127754
vt 0.693076 0.122337
vt 0.688930 0.118189
vt 1.146282 -0.144263
vt 1.144086 -0.140301
vt 1.144094 0.766331
vt 1.146284 0.770283
vt -0.358163 0.177263
vt -0.358163 0.169014
vt -0.368687 0.169014
vt -0.368710 0.177263
vt -0.358163 1.357270
vt -0.358163 1.349021
vt -0.368687 1.349021
vt -0.368710 1.357270
vt -0.368687 -0.403976
vt -0.368710 -0.395727
vt -0.358163 -0.395727
vt -0.358163 -0.403976
vt 1.098788 0.818294
vt 1.096861 0.813564
vt 0.688969 0.813568
vt 0.687042 0.818299
vt -0.368687 -0.329736
vt -0.368669 -0.321488
vt -0.358163 -0.321488
vt -0.358163 -0.329736
vt -0.347616 0.235004
vt -0.347594 0.226756
vt -0.358163 0.226756
vt -0.358163 0.235004
vt 0.687033 -0.192260
vt 0.688960 -0.187530
vt 1.096852 -0.187534
vt 1.098779 -0.192265
vt 0.680257 0.817814
vt 0.682247 0.813088
vt 0.675662 0.811656
vt 0.673611 0.816365
vt -0.375949 -1.501497
vt -0.375949 -0.412225
vt -0.371784 -0.412225
vt -0.371784 -1.501497
vt 1.145825 0.777111
vt 1.143613 0.773052
vt 1.142181 0.779638
vt 1.144412 0.783815
vt 1.139826 0.785952
vt 1.142067 0.790245
vt 1.142067 0.790245
vt 1.136596 0.791867
vt 1.138834 0.796265
vt 1.138834 0.796265
vt 1.132557 0.797262
vt 1.134780 0.801753
vt 1.127792 0.802027
vt 1.129987 0.806596
vt 1.129987 0.806596
vt 1.122397 0.806066
vt 1.124553 0.810697
vt 1.124553 0.810697
vt 1.116482 0.809296
vt 1.118590 0.813974
vt 1.118590 0.813974
vt 1.110168 0.811651
vt 1.112220 0.816360
vt 1.103583 0.813083
vt 1.105574 0.817809
vt -0.375949 -0.321488
vt -0.375949 0.160765
vt -0.371784 0.160765
vt -0.371784 -0.321488
vt 0.639539 0.770297
vt 0.641735 0.766335
vt 0.641727 -0.140297
vt 0.639537 -0.144249
vt -0.347658 0.251502
vt -0.347640 0.243253
vt -0.358163 0.243253
vt -0.358163 0.251502
vt 0.641419 0.783827
vt 0.643648 0.779650
vt 0.642213 0.773066
vt 0.640004 0.777127
vt 0.643764 0.790253
vt 0.646004 0.785962
vt 0.641419 0.783827
vt 0.646997 0.796272
vt 0.649234 0.791875
vt 0.643764 0.790253
vt 0.651051 0.801760
vt 0.653273 0.797269
vt 0.655844 0.806603
vt 0.658038 0.802034
vt 0.651051 0.801760
vt 0.661278 0.810704
vt 0.663433 0.806072
vt 0.655844 0.806603
vt 0.667241 0.813980
vt 0.669348 0.809301
vt 0.661278 0.810704
vt 0.667241 0.813980
vt -0.371784 0.251502
vt -0.371784 0.243253
vt -0.375949 0.243253
vt -0.375949 0.251502
vt 0.680247 -0.191775
vt 0.682238 -0.187049
vt -0.347658 1.431509
vt -0.347640 1.423260
vt -0.358163 1.423260
vt -0.358163 1.431509
vt 0.673601 -0.190326
vt 0.675653 -0.185617
vt 0.680247 -0.191775
vt 0.667231 -0.187940
vt 0.669339 -0.183262
vt 0.673601 -0.190326
vt 0.661268 -0.184663
vt 0.663424 -0.180032
vt 0.667231 -0.187940
vt 0.655834 -0.180562
vt 0.658029 -0.175993
vt 0.661268 -0.184663
vt 0.651041 -0.175719
vt 0.653264 -0.171228
vt 0.646987 -0.170231
vt 0.649225 -0.165833
vt 0.643754 -0.164210
vt 0.645995 -0.159918
vt 0.646987 -0.170231
vt 0.641409 -0.157781
vt 0.643640 -0.153604
vt -0.371784 1.431509
vt -0.371784 1.423260
vt -0.375949 1.423260
vt -0.375949 1.431509
vt 1.145817 -0.151092
vt 1.143608 -0.147032
vt -0.347658 -1.501497
vt -0.347640 -1.509745
vt -0.358163 -1.509746
vt -0.358163 -1.501497
vt 1.144402 -0.157792
vt 1.142173 -0.153616
vt 1.142057 -0.164219
vt 1.139817 -0.159927
vt 1.144402 -0.157792
vt 1.138825 -0.170237
vt 1.136587 -0.165840
vt 1.142057 -0.164219
vt 1.134771 -0.175724
vt 1.132548 -0.171234
vt 1.129977 -0.180568
vt 1.127783 -0.175999
vt 1.134771 -0.175724
vt 1.124544 -0.184669
vt 1.122388 -0.180037
vt 1.118580 -0.187945
vt 1.116473 -0.183267
vt 1.124544 -0.184669
vt 1.112211 -0.190331
vt 1.110159 -0.185622
vt -0.375949 1.431509
vt -0.375949 1.913761
vt -0.371784 1.913761
vt 0.639529 1.756190
vt 0.643735 1.748417
vt 0.643730 0.877619
vt 0.639528 0.869854
vt 0.680257 0.817814
vt 0.641426 1.769873
vt 0.645651 1.761757
vt 0.644215 1.755157
vt 0.639996 1.763096
vt 0.643798 1.776374
vt 0.648012 1.768083
vt 0.641426 1.769873
vt 0.647067 1.782461
vt 0.651249 1.774008
vt 0.643798 1.776374
vt 0.651166 1.788010
vt 0.655296 1.779413
vt 0.647067 1.782461
vt 0.656013 1.792909
vt 0.660071 1.784188
vt 0.651166 1.788011
vt 0.661507 1.797056
vt 0.665477 1.788234
vt 0.667535 1.800370
vt 0.671404 1.791470
vt 0.673976 1.802783
vt 0.677730 1.793829
vt -0.347658 -1.501497
vt -0.358163 -0.412225
vt -0.347658 -0.412225
vt -0.368669 0.251502
vt -0.368669 1.340772
vt -0.358163 1.340772
vt -0.368669 1.340772
vt -0.368687 1.349021
vt -0.368710 0.235004
vt -0.368687 0.243253
vt -0.368732 0.226756
vt -0.368710 0.235005
vt -0.358163 0.218507
vt -0.368749 0.218507
vt -0.368732 0.226756
vt -0.358163 0.210258
vt -0.368757 0.210258
vt -0.368749 0.218507
vt -0.358163 0.202009
vt -0.368757 0.202009
vt -0.368757 0.210258
vt -0.358163 0.193760
vt -0.368749 0.193760
vt -0.368757 0.202009
vt -0.358163 0.185512
vt -0.368732 0.185512
vt -0.368710 0.177263
vt -0.368732 0.185512
vt -0.368687 0.243253
vt -0.368669 0.251502
vt -0.368669 1.431509
vt -0.368669 1.913761
vt -0.358163 1.913761
vt -0.358163 1.922010
vt -0.368669 1.913761
vt -0.368687 1.922010
vt -0.358163 1.415011
vt -0.368710 1.415011
vt -0.368687 1.423260
vt -0.358163 1.406763
vt -0.368732 1.406763
vt -0.358163 1.398514
vt -0.368749 1.398514
vt -0.358163 1.390265
vt -0.368757 1.390265
vt -0.368749 1.398514
vt -0.358163 1.382016
vt -0.368757 1.382016
vt -0.368757 1.390265
vt -0.358163 1.373767
vt -0.368749 1.373767
vt -0.358163 1.365519
vt -0.368732 1.365518
vt -0.368749 1.373767
vt -0.368710 1.357270
vt -0.368732 1.365519
vt -0.368687 1.423260
vt -0.358163 1.930259
vt -0.368687 1.922010
vt -0.368710 1.930259
vt -0.358163 -1.517994
vt -0.368710 -1.517994
vt -0.368687 -1.509746
vt -0.358163 -1.526243
vt -0.368732 -1.526243
vt -0.368710 -1.517994
vt -0.358163 -1.534492
vt -0.368749 -1.534492
vt -0.368732 -1.526243
vt -0.358163 -1.542741
vt -0.368757 -1.542741
vt -0.368749 -1.534492
vt -0.358163 -1.550990
vt -0.368757 -1.550990
vt -0.368757 -1.542741
vt -0.358163 -1.559238
vt -0.368749 -1.559238
vt -0.368757 -1.550990
vt -0.358163 1.946756
vt -0.358163 1.938507
vt -0.368732 1.938507
vt -0.368749 1.946756
vt -0.368710 1.930259
vt -0.368732 1.938507
vt -0.368687 -1.509746
vt -0.368669 -1.501497
vt 0.639539 0.770297
vt 0.687556 1.804740
vt 0.691064 1.795746
vt 0.684329 1.795264
vt 0.680695 1.804249
vt -0.371784 -1.550990
vt -0.371784 -1.559238
vt -0.375949 -1.559238
vt -0.375949 -1.550990
vt -0.371784 1.398514
vt -0.371784 1.390265
vt -0.375949 1.390265
vt -0.375949 1.398514
vt -0.371784 0.235005
vt -0.371784 0.226756
vt -0.375949 0.226756
vt -0.375949 0.235005
vt -0.371784 -1.501497
vt -0.371784 -1.509746
vt -0.375949 -1.509746
vt -0.375949 -1.501497
vt -0.375949 -0.362732
vt -0.375949 -0.354483
vt -0.371784 -0.354483
vt -0.371784 -0.362732
vt -0.371784 -1.517994
vt -0.371784 -1.526243
vt -0.375949 -1.526243
vt -0.375949 -1.517994
vt 0.639996 -0.151077
vt 0.642208 -0.147018
vt 0.641409 -0.157781
vt -0.371784 1.357270
vt -0.371784 1.349021
vt -0.375949 1.349021
vt -0.375949 1.357270
vt -0.371784 0.193760
vt -0.371784 0.185512
vt -0.375949 0.185512
vt -0.375949 0.193760
vt -0.375949 -0.395727
vt -0.375949 -0.387478
vt -0.371784 -0.387478
vt -0.371784 -0.395727
vt -0.375949 -0.329736
vt -0.375949 -0.321488
vt -0.371784 -0.329736
vt -0.371784 1.946756
vt -0.371784 1.938507
vt -0.375949 1.938507
vt -0.375949 1.946756
vt -0.371784 1.390265
vt -0.371784 1.382016
vt -0.375949 1.382016
vt -0.371784 0.226756
vt -0.371784 0.218507
vt -0.375949 0.218507
vt -0.375949 0.226756
vt -0.375949 -0.346234
vt -0.371784 -0.346234
vt -0.371784 -1.526243
vt -0.371784 -1.534492
vt -0.375949 -1.534492
vt -0.375949 -1.526243
vt -0.371784 1.415011
vt -0.375949 1.415011
vt -0.375949 1.423260
vt -0.371784 1.349021
vt -0.371784 1.340772
vt -0.375949 1.340772
vt -0.375949 1.349021
vt -0.371784 0.185512
vt -0.371784 0.177263
vt -0.375949 0.177263
vt -0.375949 0.185512
vt -0.375949 -0.387478
vt -0.375949 -0.379229
vt -0.371784 -0.379229
vt -0.371784 -0.387478
vt -0.371784 1.938508
vt -0.371784 1.930259
vt -0.375949 1.930259
vt -0.375949 1.938507
vt -0.371784 1.382016
vt -0.371784 1.373767
vt -0.375949 1.373767
vt -0.371784 0.218507
vt -0.371784 0.210258
vt -0.375949 0.210258
vt -0.375949 0.218507
vt -0.375949 -0.346234
vt -0.375949 -0.337985
vt -0.371784 -0.337985
vt -0.371784 -0.346234
vt -0.371784 -1.534492
vt -0.371784 -1.542741
vt -0.375949 -1.542741
vt -0.375949 -1.534492
vt -0.371784 1.406763
vt -0.375949 1.406763
vt -0.375949 0.251502
vt -0.371784 1.340772
vt -0.371784 0.251502
vt -0.371784 0.177263
vt -0.371784 0.169014
vt -0.375949 0.169014
vt -0.375949 0.177263
vt -0.375949 -0.379229
vt -0.375949 -0.370981
vt -0.371784 -0.370981
vt -0.371784 -0.379229
vt 1.105565 -0.191780
vt 1.103574 -0.187054
vt -0.371784 1.930259
vt -0.371784 1.922010
vt -0.375949 1.922010
vt -0.375949 1.930259
vt -0.371784 1.373768
vt -0.371784 1.365519
vt -0.375949 1.365519
vt -0.375949 1.373767
vt -0.371784 0.210258
vt -0.371784 0.202009
vt -0.375949 0.202009
vt -0.375949 0.210258
vt -0.375949 -0.329736
vt -0.371784 -0.329736
vt -0.371784 -1.542741
vt -0.375949 -1.550990
vt -0.375949 -1.542741
vt -0.371784 1.406763
vt -0.375949 1.406763
vt -0.371784 0.243253
vt -0.371784 0.235004
vt -0.375949 0.235004
vt -0.375949 0.243253
vt -0.375949 0.160765
vt -0.375949 0.169014
vt -0.375949 -0.370981
vt -0.375949 -0.362732
vt -0.371784 -0.362732
vt -0.371784 -0.370981
vt -0.371784 -1.509746
vt -0.371784 -1.517994
vt -0.375949 -1.509746
vt -0.375949 1.913761
vt -0.375949 1.922010
vt -0.375949 -0.403976
vt -0.371784 -0.403976
vt -0.371784 -0.412225
vt -0.375949 -0.403976
vt -0.375949 -0.395727
vt -0.371784 -0.395727
vt -0.371784 -0.403976
vt -0.371784 1.365519
vt -0.371784 1.357270
vt -0.371784 0.202009
vt -0.371784 0.193760
vt -0.375949 0.193760
vt -0.375949 0.202009
vt 1.107473 1.774002
vt 1.103426 1.779408
vt -0.347578 1.398514
vt -0.347570 1.390265
vt -0.347570 -1.550990
vt -0.347578 -1.559238
vt -0.358163 -0.362732
vt -0.358163 -0.354483
vt -0.347578 -0.354483
vt -0.347570 -0.362732
vt -0.347616 0.177263
vt -0.347640 0.169014
vt -0.347640 1.423260
vt -0.347617 1.415011
vt 0.680695 1.804249
vt 0.673976 1.802783
vt -0.347595 0.226756
vt -0.347578 0.218507
vt -0.347570 1.390265
vt -0.347570 1.382016
vt -0.347578 1.946756
vt -0.347595 1.938507
vt -0.358163 -0.346234
vt -0.347595 -0.346234
vt -0.347578 -0.354483
vt -0.347640 1.922010
vt -0.347658 1.913761
vt -0.347617 -0.395727
vt -0.347640 -0.403976
vt -0.347578 0.218507
vt -0.347570 0.210258
vt -0.347570 1.382016
vt -0.347578 1.373767
vt -0.347595 1.938507
vt -0.347617 1.930259
vt -0.358163 -0.337985
vt -0.347617 -0.337985
vt -0.347595 -0.346234
vt -0.347640 0.243253
vt -0.347617 0.235004
vt -0.347658 -0.321488
vt -0.347640 -0.329736
vt -0.347616 -1.517994
vt -0.347594 -1.526243
vt -0.358163 -0.387478
vt -0.347595 -0.387478
vt -0.347617 -0.395727
vt 0.680689 0.821788
vt 0.684322 0.830773
vt 0.691058 0.830291
vt 0.687549 0.821297
vt -0.347570 0.210258
vt -0.347570 0.202009
vt -0.347578 1.373767
vt -0.347595 1.365519
vt -0.347616 1.930258
vt -0.347640 1.922010
vt -0.347640 -0.329736
vt -0.347617 -0.337985
vt -0.347640 1.349021
vt -0.347658 1.340772
vt -0.347640 0.169014
vt -0.347658 0.160765
vt -0.358163 0.160765
vt -0.347595 -1.526243
vt -0.347578 -1.534492
vt -0.358163 -0.379229
vt -0.347578 -0.379229
vt -0.347595 -0.387478
vt -0.347570 0.202009
vt -0.347578 0.193761
vt -0.347595 1.365519
vt -0.347617 1.357270
vt 0.639537 -0.144249
vt -0.347658 -0.321488
vt -0.347616 1.415011
vt -0.347594 1.406763
vt -0.347578 -1.534492
vt -0.347570 -1.542741
vt -0.358163 -0.370981
vt -0.347570 -0.370981
vt -0.347578 -0.379229
vt -0.347578 0.193760
vt -0.347595 0.185512
vt -0.347640 1.349021
vt -0.347640 -1.509746
vt -0.347617 -1.517994
vt -0.347595 1.406763
vt -0.347578 1.398514
vt -0.347570 -1.542741
vt -0.347570 -1.550990
vt -0.347570 -0.362732
vt -0.347570 -0.370981
vt -0.347595 0.185512
vt -0.347617 0.177263
vt -0.368669 -0.412225
vt -0.368687 -0.403976
vt -0.347658 1.431509
vt 0.673969 0.823254
vt 0.677724 0.832208
vt 0.667528 0.825668
vt 0.671397 0.834568
vt 0.661499 0.828982
vt 0.665470 0.837804
vt 0.656005 0.833130
vt 0.660064 0.841851
vt 0.661499 0.828982
vt 0.651159 0.838028
vt 0.655290 0.846626
vt 0.647060 0.843578
vt 0.651243 0.852032
vt 0.651159 0.838028
vt 0.643791 0.849667
vt 0.648007 0.857959
vt 0.641420 0.856169
vt 0.645647 0.864286
vt 0.643791 0.849667
vt 0.639991 0.862949
vt 0.644212 0.870884
vt 0.641420 0.856169
vt 1.118720 0.862938
vt 1.114500 0.870876
vt 1.114981 0.877617
vt 1.119187 0.869844
vt 1.117290 0.856160
vt 1.113064 0.864277
vt 1.114918 0.849659
vt 1.110704 0.857951
vt 1.111649 0.843572
vt 1.107467 0.852026
vt 1.107549 0.838023
vt 1.103420 0.846620
vt 1.102703 0.833125
vt 1.098644 0.841846
vt 1.097209 0.828977
vt 1.093239 0.837799
vt 1.091180 0.825664
vt 1.087312 0.834564
vt 1.097209 0.828977
vt 1.084740 0.823250
vt 1.080985 0.832204
vt 1.078020 0.821785
vt 1.074387 0.830769
vt 1.071160 0.821294
vt 1.067652 0.830288
vt 1.078027 1.804246
vt 1.074394 1.795261
vt 1.067658 1.795743
vt 1.071167 1.804737
vt 1.084747 1.802780
vt 1.080992 1.793826
vt 1.091187 1.800366
vt 1.087319 1.791466
vt 1.097217 1.797052
vt 1.093246 1.788230
vt 1.102711 1.792904
vt 1.098652 1.784183
vt 1.097217 1.797053
vt 1.107557 1.788006
vt 1.111656 1.782456
vt 1.114925 1.776367
vt 1.110709 1.768075
vt 1.111656 1.782456
vt 1.117296 1.769865
vt 1.113069 1.761748
vt 1.118725 1.763085
vt 1.114504 1.755150
vt 1.117296 1.769865
vt 1.119188 1.756180
vt 1.114986 1.748415
vt -0.368669 0.160765
vt -0.368669 0.160765
vt -0.368687 0.169014
vt -0.368710 -0.337985
vt -0.368687 -0.329736
vt -0.368732 -0.346234
vt -0.368710 -0.337985
vt -0.368749 -0.354483
vt -0.368732 -0.346234
vt -0.368757 -0.362732
vt -0.368749 -0.354483
vt -0.368757 -0.370981
vt -0.368749 -0.379229
vt -0.368757 -0.370981
vt -0.368732 -0.387478
vt -0.368749 -0.379229
vt -0.368732 -0.387478
vt -0.368669 -1.501497
vt -0.368669 -0.412225
vt -0.347640 -0.403976
vt 1.071167 1.804737
vt 1.145825 0.777111
vt 1.146212 0.777817
vt 1.146685 0.771001
vt 1.146613 0.778333
vt 1.147086 0.771730
vt -0.376677 -0.404196
vt -0.376677 -0.412449
vt -0.369621 -0.412299
vt -0.369615 -0.404034
vt -0.370973 -0.412368
vt -0.370973 -0.404102
vt 1.144781 0.784501
vt 1.145187 0.785026
vt 1.146599 0.778532
vt -0.376676 -0.395920
vt -0.376676 -0.404174
vt -0.369612 -0.395766
vt -0.370974 -0.395826
vt 1.142416 0.790912
vt 1.144781 0.784501
vt 1.142817 0.791448
vt 1.145150 0.785195
vt -0.376675 -0.387642
vt -0.376675 -0.395895
vt -0.369614 -0.387504
vt -0.370974 -0.387549
vt 1.139165 0.796915
vt 1.142416 0.790911
vt 1.139555 0.797467
vt 1.142766 0.791585
vt -0.376675 -0.379363
vt -0.376675 -0.387614
vt -0.369616 -0.379244
vt -0.370975 -0.379272
vt 1.135094 0.802389
vt 1.139165 0.796915
vt 1.135465 0.802958
vt 1.139498 0.797570
vt -0.376675 -0.371085
vt -0.376674 -0.379334
vt -0.369618 -0.370985
vt -0.370975 -0.370995
vt 1.130286 0.807223
vt 1.130632 0.807809
vt 1.135412 0.803029
vt -0.376674 -0.362806
vt -0.376674 -0.371054
vt -0.369618 -0.362727
vt -0.370975 -0.362717
vt 1.124839 0.811317
vt 1.130286 0.807223
vt 1.125156 0.811919
vt 1.130590 0.807852
vt -0.376674 -0.354528
vt -0.376674 -0.362775
vt -0.369616 -0.354468
vt -0.370975 -0.354440
vt 1.118864 0.814590
vt 1.124839 0.811317
vt 1.119149 0.815205
vt 1.125130 0.811938
vt -0.376675 -0.346251
vt -0.376675 -0.354497
vt -0.369614 -0.346209
vt -0.370974 -0.346163
vt 1.112484 0.816975
vt 1.118864 0.814590
vt 1.112755 0.817590
vt 1.119124 0.815215
vt -0.376675 -0.337974
vt -0.376675 -0.346220
vt -0.369612 -0.337946
vt -0.370974 -0.337886
vt 1.105828 0.818424
vt 1.106092 0.819039
vt 1.112707 0.817600
vt -0.376676 -0.329697
vt -0.376676 -0.337943
vt -0.369615 -0.329679
vt -0.370973 -0.329611
vt 1.099034 0.818910
vt 1.105828 0.818424
vt 1.099290 0.819525
vt 1.106017 0.819044
vt -0.376677 -0.321421
vt -0.376677 -0.329667
vt -0.369621 -0.321413
vt -0.370973 -0.321345
vt -0.369615 0.243311
vt -0.369621 0.251577
vt -0.370973 0.243379
vt -0.370973 0.251646
vt 0.639137 0.771017
vt 0.639617 0.777832
vt 0.638735 0.771747
vt 0.639216 0.778348
vt -0.376677 0.251726
vt -0.376677 0.243474
vt -0.369612 0.235044
vt -0.370974 0.235104
vt 0.641051 0.784513
vt 0.639230 0.778547
vt 0.640645 0.785037
vt -0.376676 0.243451
vt -0.376676 0.235197
vt -0.369614 0.226781
vt -0.370974 0.226827
vt 0.641051 0.784513
vt 0.643415 0.790920
vt 0.640682 0.785207
vt 0.643014 0.791457
vt -0.376675 0.235172
vt -0.376676 0.226919
vt -0.369616 0.218521
vt -0.370975 0.218550
vt 0.646665 0.796922
vt 0.643065 0.791593
vt 0.646276 0.797475
vt -0.376675 0.226892
vt -0.376675 0.218641
vt -0.369618 0.210263
vt -0.370975 0.210272
vt 0.646665 0.796923
vt 0.650736 0.802396
vt 0.646333 0.797577
vt 0.650366 0.802965
vt -0.376674 0.218612
vt -0.376675 0.210362
vt -0.369618 0.202005
vt -0.370975 0.201995
vt 0.650736 0.802396
vt 0.655544 0.807229
vt 0.650419 0.803036
vt 0.655198 0.807815
vt -0.376674 0.210332
vt -0.376674 0.202084
vt -0.369616 0.193746
vt -0.370975 0.193718
vt 0.660992 0.811323
vt 0.655241 0.807858
vt 0.660675 0.811925
vt -0.376674 0.202053
vt -0.376674 0.193806
vt -0.369614 0.185486
vt -0.370974 0.185440
vt 0.660992 0.811323
vt 0.666967 0.814596
vt 0.660700 0.811944
vt 0.666682 0.815210
vt -0.376675 0.193775
vt -0.376675 0.185528
vt -0.369612 0.177224
vt -0.370974 0.177164
vt 0.666967 0.814595
vt 0.673347 0.816980
vt 0.666707 0.815220
vt 0.673075 0.817595
vt -0.376675 0.185497
vt -0.376675 0.177251
vt -0.369615 0.168956
vt -0.370973 0.168888
vt 0.673347 0.816980
vt 0.680002 0.818429
vt 0.673123 0.817605
vt 0.679739 0.819044
vt -0.376676 0.177220
vt -0.376676 0.168974
vt -0.369621 0.160691
vt -0.370973 0.160623
vt 0.680002 0.818429
vt 0.686796 0.818915
vt 0.679813 0.819049
vt 0.686540 0.819530
vt -0.376677 0.168945
vt -0.376677 0.160699
vt -0.369615 1.423318
vt -0.369621 1.431583
vt -0.370973 1.423386
vt -0.370973 1.431651
vt 0.686787 -0.192876
vt 0.679993 -0.192390
vt 0.686531 -0.193491
vt 0.679804 -0.193010
vt -0.376677 1.431576
vt -0.376677 1.423330
vt -0.369612 1.415051
vt -0.370974 1.415110
vt 0.679993 -0.192390
vt 0.673337 -0.190941
vt 0.679729 -0.193005
vt 0.673114 -0.191566
vt -0.376676 1.423300
vt -0.376676 1.415054
vt -0.369614 1.406788
vt -0.370974 1.406834
vt 0.666957 -0.188556
vt 0.673066 -0.191556
vt 0.666697 -0.189180
vt -0.376675 1.415023
vt -0.376675 1.406777
vt -0.369616 1.398528
vt -0.370975 1.398557
vt 0.666957 -0.188556
vt 0.660982 -0.185283
vt 0.666672 -0.189171
vt 0.660691 -0.185904
vt -0.376675 1.406746
vt -0.376675 1.398499
vt -0.369618 1.390270
vt -0.370975 1.390279
vt 0.655535 -0.181189
vt 0.660665 -0.185885
vt 0.655231 -0.181818
vt -0.376674 1.398468
vt -0.376674 1.390221
vt -0.369618 1.382011
vt -0.370975 1.382002
vt 0.655535 -0.181189
vt 0.650727 -0.176355
vt 0.655189 -0.181775
vt 0.650409 -0.176995
vt -0.376674 1.390190
vt -0.376674 1.381942
vt -0.369616 1.373753
vt -0.370975 1.373724
vt 0.650727 -0.176355
vt 0.646656 -0.170881
vt 0.650356 -0.176924
vt 0.646323 -0.171536
vt -0.376675 1.381912
vt -0.376674 1.373663
vt -0.369614 1.365493
vt -0.370974 1.365447
vt 0.646656 -0.170881
vt 0.643405 -0.164877
vt 0.646266 -0.171433
vt 0.643054 -0.165551
vt -0.376675 1.373633
vt -0.376675 1.365383
vt -0.369612 1.357230
vt -0.370974 1.357171
vt 0.643405 -0.164878
vt 0.641040 -0.158467
vt 0.643004 -0.165414
vt 0.640671 -0.159161
vt -0.376676 1.365355
vt -0.376675 1.357102
vt -0.369615 1.348963
vt -0.370973 1.348895
vt 0.641040 -0.158467
vt 0.639609 -0.151783
vt 0.640634 -0.158992
vt 0.639222 -0.152498
vt -0.376676 1.357077
vt -0.376676 1.348823
vt -0.369621 1.340697
vt -0.370973 1.340629
vt 0.639609 -0.151783
vt 0.639136 -0.144967
vt 0.639208 -0.152299
vt 0.638735 -0.145696
vt -0.376677 1.348801
vt -0.376677 1.340548
vt -0.369615 -1.509688
vt -0.369621 -1.501422
vt -0.370973 -1.509620
vt -0.370973 -1.501353
vt 1.146684 -0.144983
vt 1.146204 -0.151798
vt 1.147085 -0.145713
vt 1.146605 -0.152314
vt -0.376677 -1.501273
vt -0.376677 -1.509525
vt -0.369612 -1.517955
vt -0.370974 -1.517895
vt 1.144771 -0.158478
vt 1.146590 -0.152513
vt 1.145176 -0.159003
vt -0.376676 -1.509548
vt -0.376676 -1.517802
vt -0.369614 -1.526218
vt -0.370974 -1.526172
vt 1.144770 -0.158478
vt 1.142406 -0.164885
vt 1.145139 -0.159172
vt 1.142807 -0.165422
vt -0.376675 -1.517827
vt -0.376676 -1.526080
vt -0.369616 -1.534478
vt -0.370975 -1.534449
vt 1.139156 -0.170887
vt 1.142756 -0.165558
vt 1.139545 -0.171439
vt -0.376675 -1.526107
vt -0.376675 -1.534358
vt -0.369618 -1.542736
vt -0.370975 -1.542727
vt 1.135085 -0.176361
vt 1.139489 -0.171542
vt 1.135455 -0.176930
vt -0.376674 -1.534387
vt -0.376675 -1.542637
vt -0.369618 -1.550994
vt -0.370975 -1.551004
vt 1.135085 -0.176361
vt 1.130277 -0.181194
vt 1.135402 -0.177001
vt 1.130623 -0.181780
vt -0.376674 -1.542667
vt -0.376674 -1.550915
vt -0.369615 -1.559247
vt -0.370974 -1.559267
vt 1.130277 -0.181194
vt 1.124830 -0.185288
vt 1.130580 -0.181823
vt 1.125147 -0.185890
vt -0.376674 -1.550946
vt -0.376674 -1.559193
vt -0.369614 1.938482
vt -0.369618 1.946736
vt -0.370974 1.938436
vt -0.370975 1.946699
vt 1.124830 -0.185288
vt 1.118855 -0.188561
vt 1.125121 -0.185910
vt 1.119140 -0.189175
vt -0.376675 1.946770
vt -0.376675 1.938524
vt -0.369612 1.930219
vt -0.370974 1.930159
vt 1.118855 -0.188561
vt 1.112475 -0.190945
vt 1.119115 -0.189185
vt 1.112746 -0.191560
vt -0.376675 1.938493
vt -0.376675 1.930247
vt -0.369615 1.921952
vt -0.370973 1.921884
vt 1.105819 -0.192395
vt 1.112698 -0.191571
vt 1.106083 -0.193010
vt -0.376676 1.930216
vt -0.376676 1.921970
vt -0.369621 1.913687
vt -0.370973 1.913618
vt 1.099025 -0.192880
vt 1.106008 -0.193015
vt 1.099281 -0.193496
vt -0.376677 1.921940
vt -0.376677 1.913694
vt 0.639008 1.757050
vt 0.639491 1.763939
vt 0.638754 1.757906
vt 0.639232 1.764533
vt -0.346672 -0.412351
vt -0.346669 -0.404101
vt 0.639491 1.763939
vt 0.640942 1.770694
vt 0.639273 1.764721
vt 0.640700 1.771269
vt -0.346647 -0.404085
vt -0.346643 -0.395835
vt 0.640942 1.770694
vt 0.643335 1.777172
vt 0.640746 1.771391
vt 0.643110 1.777728
vt -0.346626 -0.395823
vt -0.346623 -0.387573
vt 0.643335 1.777172
vt 0.646623 1.783239
vt 0.643143 1.777787
vt 0.646415 1.783779
vt -0.346609 -0.387564
vt -0.346608 -0.379316
vt 0.646623 1.783239
vt 0.650739 1.788773
vt 0.646417 1.783781
vt 0.650548 1.789299
vt -0.346597 -0.379309
vt -0.346599 -0.371061
vt 0.650739 1.788773
vt 0.655600 1.793659
vt 0.655378 1.794129
vt -0.346588 -0.371056
vt -0.346594 -0.362809
vt 0.655600 1.793659
vt 0.661106 1.797800
vt 0.655424 1.794174
vt 0.660838 1.798228
vt -0.346584 -0.362805
vt -0.346593 -0.354558
vt 0.667145 1.801110
vt 0.660944 1.798306
vt 0.666822 1.801516
vt -0.346584 -0.354555
vt -0.346595 -0.346309
vt 0.667145 1.801110
vt 0.673593 1.803523
vt 0.666996 1.801611
vt 0.673209 1.803928
vt -0.346587 -0.346307
vt -0.346599 -0.338061
vt 0.680320 1.804990
vt 0.673457 1.804021
vt 0.679874 1.805417
vt -0.346592 -0.338059
vt -0.346604 -0.329813
vt 0.680320 1.804990
vt 0.687187 1.805483
vt 0.680195 1.805486
vt 0.686687 1.805951
vt -0.346598 -0.329811
vt -0.346607 -0.321565
vt 1.119229 1.763929
vt 1.119708 1.757038
vt 1.119489 1.764522
vt 1.119963 1.757894
vt -0.346669 0.243379
vt -0.346672 0.251628
vt 1.117780 1.770686
vt 1.119229 1.763929
vt 1.118023 1.771260
vt 1.119448 1.764710
vt -0.346643 0.235112
vt -0.346647 0.243362
vt 1.115388 1.777165
vt 1.117780 1.770685
vt 1.115613 1.777721
vt 1.117977 1.771383
vt -0.346623 0.226851
vt -0.346626 0.235100
vt 1.112101 1.783234
vt 1.112308 1.783774
vt 1.115581 1.777781
vt -0.346608 0.218593
vt -0.346609 0.226842
vt 1.107984 1.788769
vt 1.112100 1.783234
vt 1.108176 1.789294
vt 1.112307 1.783776
vt -0.346599 0.210339
vt -0.346597 0.218587
vt 1.103123 1.793655
vt 1.103346 1.794124
vt -0.346594 0.202086
vt -0.346588 0.210334
vt 1.097617 1.797796
vt 1.103123 1.793655
vt 1.097885 1.798224
vt 1.103300 1.794170
vt -0.346593 0.193836
vt -0.346584 0.202083
vt 1.091578 1.801106
vt 1.097617 1.797796
vt 1.091901 1.801512
vt 1.097779 1.798303
vt -0.346595 0.185586
vt -0.346584 0.193833
vt 1.085129 1.803520
vt 1.091578 1.801106
vt 1.085514 1.803925
vt 1.091727 1.801608
vt -0.346599 0.177338
vt -0.346587 0.185584
vt 1.078403 1.804987
vt 1.085129 1.803519
vt 1.078849 1.805413
vt 1.085266 1.804018
vt -0.346604 0.169091
vt -0.346592 0.177337
vt 1.071535 1.805480
vt 1.078402 1.804987
vt 1.072035 1.805948
vt 1.078528 1.805483
vt -0.346607 0.160843
vt -0.346598 0.169089
vt 1.078395 0.821043
vt 1.071528 0.820551
vt 1.078521 0.820547
vt 1.072028 0.820083
vt -0.346598 1.423186
vt -0.346607 1.431431
vt 1.085122 0.822511
vt 1.078396 0.821044
vt 1.085259 0.822013
vt 1.078842 0.820617
vt -0.346592 1.414938
vt -0.346604 1.423184
vt 1.091571 0.824924
vt 1.085122 0.822511
vt 1.091720 0.824422
vt 1.085507 0.822105
vt -0.346587 1.406690
vt -0.346599 1.414936
vt 1.097610 0.828234
vt 1.091570 0.824924
vt 1.097772 0.827727
vt 1.091894 0.824518
vt -0.346584 1.398441
vt -0.346595 1.406688
vt 1.103116 0.832374
vt 1.097610 0.828234
vt 1.103292 0.831859
vt 1.097877 0.827806
vt -0.346584 1.390191
vt -0.346593 1.398439
vt 1.107977 0.837260
vt 1.103116 0.832374
vt 1.108168 0.836734
vt 1.103338 0.831905
vt -0.346588 1.381940
vt -0.346594 1.390188
vt 1.112093 0.842794
vt 1.112299 0.842252
vt -0.346597 1.373688
vt -0.346599 1.381936
vt 1.115381 0.848861
vt 1.112093 0.842794
vt 1.115573 0.848246
vt 1.112300 0.842254
vt -0.346609 1.365432
vt -0.346608 1.373681
vt 1.117774 0.855339
vt 1.115381 0.848862
vt 1.117970 0.854642
vt 1.115605 0.848305
vt -0.346626 1.357174
vt -0.346623 1.365423
vt 1.119225 0.862094
vt 1.119443 0.861313
vt 1.118016 0.854765
vt -0.346647 1.348912
vt -0.346643 1.357162
vt 1.119708 0.868984
vt 1.119225 0.862094
vt 1.119962 0.868128
vt 1.119484 0.861501
vt -0.346672 1.340646
vt -0.346669 1.348895
vt 0.639487 0.862105
vt 0.639008 0.868996
vt 0.639227 0.861512
vt 0.638753 0.868140
vt -0.346669 -1.509620
vt -0.346672 -1.501371
vt 0.640935 0.855349
vt 0.639487 0.862105
vt 0.640693 0.854774
vt 0.639268 0.861324
vt -0.346643 -1.517886
vt -0.346647 -1.509637
vt 0.643328 0.848869
vt 0.640935 0.855349
vt 0.643103 0.848313
vt 0.640739 0.854651
vt -0.346623 -1.526148
vt -0.346626 -1.517899
vt 0.646615 0.842800
vt 0.643328 0.848869
vt 0.646407 0.842260
vt 0.643135 0.848254
vt -0.346608 -1.534405
vt -0.346609 -1.526157
vt 0.650731 0.837266
vt 0.650540 0.836740
vt 0.646409 0.842258
vt -0.346599 -1.542660
vt -0.346597 -1.534412
vt 0.655592 0.832379
vt 0.650731 0.837266
vt 0.655370 0.831910
vt -0.346594 -1.550913
vt -0.346588 -1.542665
vt 0.661099 0.828238
vt 0.655592 0.832379
vt 0.660831 0.827810
vt 0.655416 0.831864
vt -0.346593 -1.559163
vt -0.346584 -1.550916
vt 0.667138 0.824928
vt 0.661099 0.828238
vt 0.666815 0.824522
vt 0.660936 0.827731
vt -0.346595 1.938582
vt -0.346584 1.946829
vt 0.673587 0.822515
vt 0.667138 0.824928
vt 0.673202 0.822109
vt 0.666989 0.824426
vt -0.346599 1.930334
vt -0.346587 1.938580
vt 0.680313 0.821047
vt 0.679867 0.820621
vt 0.673450 0.822017
vt -0.346604 1.922086
vt -0.346592 1.930332
vt 0.687181 0.820554
vt 0.680313 0.821047
vt 0.686681 0.820086
vt 0.680188 0.820551
vt -0.346607 1.913839
vt -0.346598 1.922084
vt -0.376677 -0.321409
vt -0.376677 0.160687
vt -0.377405 -0.321188
vt -0.377405 0.160466
vt 1.099034 0.818910
vt 0.686797 0.818915
vt -0.376677 0.251732
vt -0.376677 1.340542
vt -0.377405 0.252367
vt -0.377405 1.339907
vt 0.639137 0.771017
vt -0.376677 1.431588
vt -0.376677 1.913682
vt -0.377405 1.431808
vt -0.377405 1.913461
vt 0.686787 -0.192876
vt -0.376677 -1.501267
vt -0.376677 -0.412455
vt -0.377405 -1.500632
vt -0.377405 -0.413090
vt 1.146683 -0.144983
vt 1.146685 0.771001
vt 0.687188 1.805483
vt 1.071535 1.805480
vt 0.687073 1.805979
vt 1.071650 1.805975
vt -0.346604 -0.321565
vt -0.346604 0.160843
vt -0.346604 1.913838
vt -0.346604 1.431432
vt -0.345999 1.913617
vt -0.345999 1.431653
vt 0.687181 0.820554
vt 1.071528 0.820551
vt -0.346685 1.340634
vt -0.346685 0.251640
vt -0.345999 1.340031
vt -0.345999 0.252243
vt 1.119708 0.868984
vt 1.119708 1.757038
vt -0.346685 -0.412363
vt -0.346685 -1.501359
vt -0.345999 -0.412966
vt -0.345999 -1.500756
vt 0.639008 0.868996
s 1
f 374/1/368 371/2/368 83/3/82 304/4/302
f 352/5/349 54/6/54 62/7/62 341/8/338
f 380/9/368 360/10/357 53/11/53 344/12/341
f 379/13/372 351/14/348 61/15/61 361/16/358
f 373/17/369 300/18/298 106/19/105 369/20/366
f 364/21/361 62/7/62 54/6/54 357/22/354
f 554/23/501 77/24/77 79/25/78 556/26/502
f 301/27/299 82/28/81 107/29/106 297/30/295
f 347/31/344 13/32/13 37/33/37 340/34/337
f 68/35/68 547/36/498 549/37/499 67/38/67
f 277/39/275 273/40/271 202/41/201 193/42/192
f 281/43/279 285/44/283 198/45/197 205/46/204
f 580/47/368 94/48/93 280/49/278 589/50/368
f 353/51/350 50/52/50 58/53/58 365/54/362
f 425/55/400 429/56/404 217/57/215 214/58/212
f 226/59/224 421/60/286 603/61/368 586/62/368
f 276/63/274 592/64/516 583/65/514 201/66/200
f 541/67/368 437/68/411 226/69/224 540/70/368
f 472/71/430 468/72/421 190/73/189 182/74/181
f 543/75/368 469/76/422 181/77/180 520/78/478
f 527/79/484 535/80/492 189/81/188 465/82/439
f 525/83/482 523/84/481 251/85/249 433/86/407
f 521/87/479 532/88/489 182/74/181 190/89/189
f 421/60/286 197/90/196 581/91/368 603/61/368
f 440/92/414 436/93/410 250/94/248 227/95/225
f 457/96/431 461/97/435 165/98/164 141/99/140
f 221/100/219 569/101/219 607/102/368 508/103/368
f 416/104/275 193/42/192 202/105/201 412/106/271
f 262/107/260 409/108/394 601/109/517 587/110/515
f 519/111/477 538/112/495 186/113/185 178/114/177
f 212/115/211 563/116/507 565/117/508 211/118/210
f 420/119/279 205/46/204 198/45/197 424/120/283
f 409/108/394 201/66/200 583/65/514 601/121/517
f 1/122/1 4/123/4 6/124/6 5/125/5
f 4/123/4 8/126/8 9/127/9 6/124/6
f 2/128/2 7/129/7 9/130/9 8/131/8
f 7/129/7 11/132/11 12/133/12 9/130/9
f 3/134/3 10/135/10 12/136/12 11/137/11
f 10/135/10 5/138/5 6/139/6 12/136/12
f 6/124/6 9/140/9 12/141/12
f 13/32/13 16/142/16 18/143/18 17/144/17
f 16/142/16 20/145/20 21/146/21 18/143/18
f 14/147/14 19/148/19 21/149/21 20/150/20
f 19/148/19 23/151/23 24/152/24 21/149/21
f 15/153/15 22/154/22 24/155/24 23/156/23
f 22/154/22 17/157/17 18/158/18 24/155/24
f 18/143/18 21/146/21 24/159/24
f 25/160/25 28/161/28 30/162/30 29/163/29
f 28/161/28 32/164/32 33/165/33 30/162/30
f 26/166/26 31/167/31 33/168/33 32/169/32
f 31/167/31 35/170/35 36/171/36 33/168/33
f 27/172/27 34/173/34 36/174/36 35/175/35
f 34/173/34 29/176/29 30/177/30 36/174/36
f 30/162/30 33/165/33 36/178/36
f 37/33/37 40/179/40 42/180/42 41/181/41
f 40/179/40 44/182/44 45/183/45 42/180/42
f 38/184/38 43/185/43 45/186/45 44/187/44
f 43/185/43 47/188/47 48/189/48 45/186/45
f 39/190/39 46/191/46 48/192/48 47/193/47
f 46/191/46 41/194/41 42/195/42 48/192/48
f 42/180/42 45/196/45 48/197/48
f 81/198/80 84/199/83 86/200/85 85/201/84
f 84/199/83 88/202/87 89/203/88 86/200/85
f 82/28/81 87/204/86 89/203/88 88/202/87
f 87/204/86 91/205/90 92/205/91 89/203/88
f 83/206/82 90/207/89 92/208/91 91/209/90
f 90/207/89 85/201/84 86/200/85 92/208/91
f 86/200/85 89/210/88 92/211/91
f 93/212/92 96/213/95 98/214/97 97/215/96
f 96/213/95 100/216/99 101/217/100 98/214/97
f 94/218/93 99/219/98 101/217/100 100/216/99
f 99/219/98 103/220/102 104/221/103 101/217/100
f 95/222/94 102/223/101 104/224/103 103/225/102
f 102/223/101 97/226/96 98/227/97 104/224/103
f 98/214/97 101/228/100 104/229/103
f 105/230/104 108/231/107 110/232/109 109/233/108
f 108/231/107 112/234/111 113/235/112 110/232/109
f 106/19/105 111/236/110 113/235/112 112/234/111
f 111/236/110 115/237/114 116/238/115 113/235/112
f 107/29/106 114/239/113 116/240/115 115/241/114
f 114/239/113 109/233/108 110/232/109 116/240/115
f 110/232/109 113/242/112 116/243/115
f 117/244/116 120/245/119 122/246/121 121/247/120
f 120/245/119 124/248/123 125/249/124 122/246/121
f 118/250/117 123/251/122 125/252/124 124/253/123
f 123/251/122 127/254/126 128/254/127 125/252/124
f 119/255/118 126/256/125 128/257/127 127/258/126
f 126/256/125 121/259/120 122/260/121 128/257/127
f 122/246/121 125/249/124 128/261/127
f 129/262/128 132/263/131 134/264/133 133/265/132
f 132/263/131 136/266/135 137/267/136 134/264/133
f 130/268/129 135/269/134 137/270/136 136/271/135
f 135/269/134 139/272/138 140/273/139 137/270/136
f 131/274/130 138/275/137 140/276/139 139/277/138
f 138/275/137 133/278/132 134/279/133 140/276/139
f 134/264/133 137/267/136 140/280/139
f 141/99/140 144/281/143 146/282/145 145/283/144
f 144/281/143 148/284/147 149/285/148 146/282/145
f 142/286/141 147/287/146 149/288/148 148/289/147
f 147/287/146 151/290/150 152/291/151 149/288/148
f 143/292/142 150/293/149 152/294/151 151/295/150
f 150/293/149 145/296/144 146/297/145 152/294/151
f 146/282/145 149/298/148 152/299/151
f 153/300/152 156/301/155 158/302/157 157/303/156
f 156/301/155 160/304/159 161/305/160 158/302/157
f 154/306/153 159/307/158 161/308/160 160/309/159
f 159/307/158 163/310/162 164/311/163 161/308/160
f 155/312/154 162/313/161 164/314/163 163/315/162
f 162/313/161 157/316/156 158/317/157 164/314/163
f 158/302/157 161/318/160 164/319/163
f 165/98/164 168/320/167 170/321/169 169/322/168
f 168/320/167 172/323/171 173/324/172 170/321/169
f 166/325/165 171/326/170 173/327/172 172/328/171
f 171/326/170 175/329/174 176/330/175 173/327/172
f 167/331/166 174/332/173 176/333/175 175/334/174
f 174/332/173 169/335/168 170/336/169 176/333/175
f 170/321/169 173/324/172 176/337/175
f 225/338/223 228/339/226 230/340/228 229/341/227
f 228/339/226 232/342/230 233/343/231 230/340/228
f 226/69/224 231/344/229 233/343/231 232/342/230
f 231/344/229 235/345/233 236/346/234 233/343/231
f 227/95/225 234/347/232 236/348/234 235/349/233
f 234/347/232 229/341/227 230/340/228 236/348/234
f 230/340/228 233/350/231 236/351/234
f 237/352/235 240/353/238 242/354/240 241/355/239
f 240/353/238 244/356/242 245/357/243 242/354/240
f 238/358/236 243/359/241 245/360/243 244/361/242
f 243/359/241 247/362/245 248/362/246 245/360/243
f 239/363/237 246/364/244 248/365/246 247/366/245
f 246/364/244 241/355/239 242/354/240 248/365/246
f 242/354/240 245/357/243 248/367/246
f 249/368/247 252/369/250 254/370/252 253/371/251
f 252/369/250 256/372/254 257/373/255 254/370/252
f 250/94/248 255/374/253 257/373/255 256/372/254
f 255/374/253 259/375/257 260/375/258 257/373/255
f 251/376/249 258/377/256 260/378/258 259/379/257
f 258/377/256 253/371/251 254/370/252 260/378/258
f 254/370/252 257/380/255 260/381/258
f 261/382/259 264/383/262 266/384/264 265/385/263
f 264/383/262 268/386/266 269/386/267 266/384/264
f 262/387/260 267/388/265 269/389/267 268/390/266
f 267/388/265 271/391/269 272/392/270 269/389/267
f 263/393/261 270/394/268 272/395/270 271/396/269
f 270/394/268 265/397/263 266/398/264 272/395/270
f 266/384/264 269/399/267 272/400/270
f 273/40/271 117/244/116 121/247/120 274/401/272
f 274/401/272 121/247/120 126/402/125 275/403/273
f 275/404/273 126/256/125 119/255/118 276/63/274
f 27/172/27 2/128/2 8/131/8 34/173/34
f 34/173/34 8/131/8 4/405/4 29/176/29
f 29/163/29 4/123/4 1/122/1 25/160/25
f 15/153/15 38/184/38 44/187/44 22/154/22
f 22/154/22 44/187/44 40/406/40 17/157/17
f 17/144/17 40/179/40 37/33/37 13/32/13
f 277/39/275 193/42/192 195/407/194 278/408/276
f 278/408/276 195/407/194 196/409/195 279/410/277
f 279/410/277 196/409/195 194/411/193 280/49/278
f 381/412/373 27/172/27 35/175/35 397/413/388
f 397/413/388 35/175/35 31/414/31 398/415/389
f 398/416/389 31/167/31 26/166/26 399/417/390
f 357/22/354 54/6/54 56/418/56 358/419/355
f 358/419/355 56/418/56 55/420/55 359/421/356
f 359/422/356 55/423/55 53/11/53 360/10/357
f 361/16/358 61/15/61 63/424/63 362/425/359
f 362/425/359 63/424/63 64/426/64 363/427/360
f 363/428/360 64/429/64 62/7/62 364/21/361
f 365/54/362 58/53/58 60/430/60 366/431/363
f 366/431/363 60/430/60 59/432/59 367/433/364
f 367/434/364 59/435/59 57/436/57 368/437/365
f 281/43/279 205/46/204 207/438/206 282/439/280
f 282/439/280 207/438/206 208/440/207 283/441/281
f 283/441/281 208/440/207 206/442/205 284/443/282
f 285/44/283 81/198/80 85/201/84 286/444/284
f 286/444/284 85/201/84 90/207/89 287/445/285
f 287/445/285 90/207/89 83/206/82 288/446/286
f 66/447/66 77/24/77 554/448/501 545/449/497
f 67/450/67 549/451/499 552/452/500 65/453/65
f 403/454/383 65/453/65 552/455/500 599/456/383
f 95/222/94 118/250/117 124/253/123 102/223/101
f 102/223/101 124/253/123 120/457/119 97/226/96
f 97/215/96 120/245/119 117/244/116 93/212/92
f 107/29/106 82/28/81 88/202/87 114/239/113
f 114/239/113 88/202/87 84/199/83 109/233/108
f 109/233/108 84/199/83 81/198/80 105/230/104
f 74/458/74 553/459/501 555/460/502 76/461/76
f 75/462/75 557/463/503 559/464/504 73/465/73
f 559/464/504 598/466/368 404/467/368 73/465/73
f 289/468/287 70/469/70 72/470/72 290/471/288
f 290/471/288 72/470/72 71/472/71 291/473/289
f 291/474/289 71/475/71 69/476/69 292/477/290
f 324/478/321 26/166/26 32/169/32 330/479/327
f 330/479/327 32/169/32 28/480/28 331/481/328
f 331/482/328 28/161/28 25/160/25 332/483/329
f 297/30/295 107/29/106 115/241/114 298/484/296
f 298/484/296 115/241/114 111/485/110 299/486/297
f 299/487/297 111/236/110 106/19/105 300/18/298
f 337/488/334 14/147/14 20/150/20 345/489/342
f 345/489/342 20/150/20 16/490/16 346/491/343
f 346/492/343 16/142/16 13/32/13 347/31/344
f 309/493/306 78/494/73 80/495/79 310/496/307
f 310/496/307 80/495/79 79/497/78 311/498/308
f 311/499/308 79/500/78 77/501/77 312/502/309
f 341/8/338 62/7/62 64/503/64 349/504/346
f 349/504/346 64/503/64 63/505/63 350/506/347
f 350/507/347 63/424/63 61/15/61 351/14/348
f 328/508/325 50/52/50 52/509/52 334/510/331
f 334/510/331 52/509/52 51/511/51 335/512/332
f 335/513/332 51/514/51 49/515/49 336/516/333
f 317/517/314 95/222/94 103/225/102 318/518/315
f 318/518/315 103/225/102 99/519/98 319/520/316
f 319/521/316 99/219/98 94/218/93 320/522/317
f 409/108/394 262/107/260 268/523/266 410/524/395
f 410/524/395 268/523/266 264/525/262 411/526/396
f 411/527/396 264/383/262 261/382/259 412/106/271
f 153/300/152 129/262/128 133/265/132 156/301/155
f 156/301/155 133/265/132 138/528/137 160/304/159
f 160/309/159 138/275/137 131/274/130 154/306/153
f 141/99/140 165/98/164 169/322/168 144/281/143
f 144/281/143 169/322/168 174/529/173 148/284/147
f 148/289/147 174/332/173 167/331/166 142/286/141
f 413/530/278 194/411/193 196/409/195 414/531/277
f 414/531/277 196/409/195 195/407/194 415/532/276
f 415/532/276 195/407/194 193/42/192 416/104/275
f 489/533/454 155/312/154 163/315/162 490/534/455
f 490/534/455 163/315/162 159/535/158 491/536/456
f 491/537/456 159/307/158 154/306/153 492/538/457
f 520/78/478 181/77/180 183/539/182 530/540/487
f 530/540/487 183/539/182 184/541/183 531/542/488
f 531/543/488 184/544/183 182/74/181 532/88/489
f 521/87/479 190/89/189 192/545/191 533/546/490
f 533/546/490 192/545/191 191/547/190 534/548/491
f 534/549/491 191/550/190 189/81/188 535/80/492
f 522/551/480 185/552/184 187/553/186 536/554/493
f 536/554/493 187/553/186 188/555/187 537/556/494
f 537/557/494 188/558/187 186/113/185 538/112/495
f 417/559/397 206/442/205 208/440/207 418/560/398
f 418/560/398 208/440/207 207/438/206 419/561/399
f 419/561/399 207/438/206 205/46/204 420/119/279
f 421/60/286 226/59/224 232/562/230 422/563/285
f 422/563/285 232/562/230 228/339/226 423/564/284
f 423/564/284 228/339/226 225/338/223 424/120/283
f 506/565/470 606/566/470 561/567/506 210/568/209
f 211/569/210 565/570/508 568/571/509 209/572/208
f 209/572/208 568/571/509 575/573/512 222/574/220
f 237/352/235 261/382/259 265/385/263 240/353/238
f 240/353/238 265/385/263 270/575/268 244/356/242
f 244/361/242 270/394/268 263/393/261 238/358/236
f 249/368/247 225/338/223 229/341/227 252/369/250
f 252/369/250 229/341/227 234/347/232 256/372/254
f 256/372/254 234/347/232 227/95/225 250/94/248
f 570/576/219 218/577/216 507/578/368 608/579/368
f 219/580/217 573/581/511 576/582/512 217/57/215
f 119/255/118 578/583/513 592/64/516 276/63/274
f 425/55/400 214/58/212 216/584/214 426/585/401
f 426/585/401 216/584/214 215/586/213 427/587/402
f 427/588/402 215/589/213 213/590/209 428/591/403
f 444/592/418 153/300/152 157/303/156 450/593/424
f 450/593/424 157/303/156 162/594/161 451/595/425
f 451/596/425 162/313/161 155/312/154 452/597/426
f 433/86/407 251/85/249 259/598/257 434/599/408
f 434/599/408 259/598/257 255/600/253 435/601/409
f 435/602/409 255/374/253 250/94/248 436/93/410
f 457/96/431 141/99/140 145/283/144 458/603/432
f 458/603/432 145/283/144 150/604/149 459/605/433
f 459/606/433 150/293/149 143/292/142 460/607/434
f 476/608/445 222/574/220 224/609/222 482/610/449
f 482/610/449 224/609/222 223/611/221 483/612/450
f 483/613/450 223/614/221 221/615/219 484/616/406
f 465/82/439 189/81/188 191/550/190 466/617/419
f 466/617/419 191/550/190 192/618/191 467/619/440
f 467/620/440 192/621/191 190/73/189 468/72/421
f 448/622/422 177/623/176 179/624/178 454/625/428
f 454/625/428 179/624/178 180/626/179 455/627/429
f 455/628/429 180/629/179 178/114/177 456/630/430
f 480/631/447 239/632/237 247/633/245 486/634/452
f 486/634/452 247/633/245 243/635/241 487/636/453
f 487/637/453 243/359/241 238/358/236 488/638/414
f 292/477/290 69/476/69 74/458/74 296/639/294
f 199/640/198 287/445/285 288/446/286 197/90/196
f 200/641/199 286/444/284 287/445/285 199/640/198
f 198/45/197 285/44/283 286/444/284 200/641/199
f 112/642/111 283/441/281 284/443/282 106/643/105
f 108/231/107 282/439/280 283/441/281 112/642/111
f 105/230/104 281/43/279 282/439/280 108/231/107
f 100/644/99 279/410/277 280/49/278 94/48/93
f 96/213/95 278/408/276 279/410/277 100/644/99
f 93/212/92 277/39/275 278/408/276 96/213/95
f 203/645/202 275/404/273 276/63/274 201/66/200
f 204/646/203 274/401/272 275/403/273 203/647/202
f 202/41/201 273/40/271 274/401/272 204/646/203
f 288/446/286 590/648/368 581/91/368 197/90/196
f 577/649/513 595/650/383 369/20/366 106/651/105
f 105/230/104 81/198/80 285/44/283 281/43/279
f 93/212/92 117/244/116 273/40/271 277/39/275
f 323/652/320 292/477/290 296/639/294 332/483/329
f 91/653/90 303/654/301 304/4/302 83/3/82
f 87/204/86 302/655/300 303/656/301 91/205/90
f 82/28/81 301/27/299 302/655/300 87/204/86
f 326/657/323 299/487/297 300/18/298 327/658/324
f 325/659/322 298/484/296 299/486/297 326/660/323
f 333/661/330 297/30/295 298/484/296 325/659/322
f 76/461/76 295/662/293 296/639/294 74/458/74
f 75/462/75 294/663/292 295/664/293 76/665/76
f 73/666/73 293/667/291 294/663/292 75/462/75
f 322/668/319 291/474/289 292/477/290 323/652/320
f 321/669/318 290/471/288 291/473/289 322/670/319
f 329/671/326 289/468/287 290/471/288 321/669/318
f 328/508/325 301/27/299 297/30/295 333/661/330
f 378/672/371 327/658/324 300/18/298 373/17/369
f 377/673/368 374/1/368 304/4/302 336/516/333
f 343/674/340 319/521/316 320/522/317 344/12/341
f 342/675/339 318/518/315 319/520/316 343/676/340
f 352/5/349 317/517/314 318/518/315 342/675/339
f 127/677/126 315/678/312 316/679/313 119/680/118
f 123/251/122 314/681/311 315/682/312 127/254/126
f 118/250/117 313/683/310 314/681/311 123/251/122
f 339/684/336 311/499/308 312/502/309 340/34/337
f 338/685/335 310/496/307 311/498/308 339/686/336
f 348/687/345 309/493/306 310/496/307 338/685/335
f 68/688/68 307/689/304 308/690/305 66/691/66
f 67/692/67 306/693/303 307/694/304 68/695/68
f 65/696/65 305/697/287 306/693/303 67/692/67
f 66/691/66 308/690/305 312/502/309 77/501/77
f 370/698/367 119/680/118 316/679/313 375/699/370
f 372/700/368 376/701/368 320/522/317 94/218/93
f 95/222/94 317/517/314 313/683/310 118/250/117
f 356/702/353 377/673/368 336/516/333 49/515/49
f 368/437/365 57/436/57 327/658/324 378/672/371
f 50/52/50 328/508/325 333/661/330 58/53/58
f 3/134/3 329/671/326 321/669/318 10/135/10
f 10/135/10 321/669/318 322/670/319 5/138/5
f 5/125/5 322/668/319 323/652/320 1/122/1
f 58/53/58 333/661/330 325/659/322 60/703/60
f 60/703/60 325/659/322 326/660/323 59/704/59
f 59/435/59 326/657/323 327/658/324 57/436/57
f 1/122/1 323/652/320 332/483/329 25/160/25
f 303/654/301 335/513/332 336/516/333 304/4/302
f 302/655/300 334/510/331 335/512/332 303/656/301
f 301/27/299 328/508/325 334/510/331 302/655/300
f 295/662/293 331/482/328 332/483/329 296/639/294
f 294/663/292 330/479/327 331/481/328 295/664/293
f 293/667/291 324/478/321 330/479/327 294/663/292
f 39/190/39 348/687/345 338/685/335 46/191/46
f 46/191/46 338/685/335 339/686/336 41/194/41
f 41/181/41 339/684/336 340/34/337 37/33/37
f 54/6/54 352/5/349 342/675/339 56/705/56
f 56/705/56 342/675/339 343/676/340 55/706/55
f 55/423/55 343/674/340 344/12/341 53/11/53
f 315/678/312 350/507/347 351/14/348 316/679/313
f 314/681/311 349/504/346 350/506/347 315/682/312
f 313/683/310 341/8/338 349/504/346 314/681/311
f 307/689/304 346/492/343 347/31/344 308/690/305
f 306/693/303 345/489/342 346/491/343 307/694/304
f 305/697/287 337/488/334 345/489/342 306/693/303
f 308/690/305 347/31/344 340/34/337 312/502/309
f 375/699/370 316/679/313 351/14/348 379/13/372
f 376/701/368 380/9/368 344/12/341 320/522/317
f 317/517/314 352/5/349 341/8/338 313/683/310
f 406/707/368 408/708/368 380/9/368 376/701/368
f 394/709/385 375/699/370 379/13/372 396/710/387
f 390/711/382 368/437/365 378/672/371 395/712/386
f 399/417/390 407/713/368 377/673/368 356/702/353
f 392/714/368 406/707/368 376/701/368 372/700/368
f 403/454/383 370/698/367 375/699/370 394/709/385
f 407/713/368 405/715/368 374/1/368 377/673/368
f 395/712/386 378/672/371 373/17/369 393/716/384
f 389/717/381 367/434/364 368/437/365 390/711/382
f 388/718/380 366/431/363 367/433/364 389/719/381
f 402/720/393 365/54/362 366/431/363 388/718/380
f 386/721/378 363/428/360 364/21/361 387/722/379
f 385/723/377 362/425/359 363/427/360 386/724/378
f 401/725/392 361/16/358 362/425/359 385/723/377
f 383/726/375 359/422/356 360/10/357 384/727/376
f 382/728/374 358/419/355 359/421/356 383/729/375
f 400/730/391 357/22/354 358/419/355 382/728/374
f 51/514/51 355/731/352 356/702/353 49/515/49
f 52/732/52 354/733/351 355/734/352 51/735/51
f 50/52/50 353/51/350 354/733/351 52/732/52
f 381/412/373 353/51/350 365/54/362 402/720/393
f 392/714/368 372/700/368 593/736/368 597/737/368
f 83/206/82 579/738/368 590/648/368 288/446/286
f 387/722/379 364/21/361 357/22/354 400/730/391
f 393/716/384 373/17/369 369/20/366 391/739/383
f 396/710/387 379/13/372 361/16/358 401/725/392
f 408/708/368 384/727/376 360/10/357 380/9/368
f 405/715/368 404/467/368 371/2/368 374/1/368
f 293/667/291 73/666/73 404/467/368 405/715/368
f 348/687/345 39/190/39 384/727/376 408/708/368
f 337/488/334 396/710/387 401/725/392 14/147/14
f 289/468/287 393/716/384 391/739/383 70/469/70
f 15/153/15 387/722/379 400/730/391 38/184/38
f 78/740/73 392/714/368 597/737/368 560/741/505
f 27/172/27 381/412/373 402/720/393 2/128/2
f 38/184/38 400/730/391 382/728/374 43/185/43
f 43/185/43 382/728/374 383/729/375 47/188/47
f 47/193/47 383/726/375 384/727/376 39/190/39
f 14/147/14 401/725/392 385/723/377 19/148/19
f 19/148/19 385/723/377 386/724/378 23/151/23
f 23/156/23 386/721/378 387/722/379 15/153/15
f 2/128/2 402/720/393 388/718/380 7/129/7
f 7/129/7 388/718/380 389/719/381 11/132/11
f 11/137/11 389/717/381 390/711/382 3/134/3
f 329/671/326 395/712/386 393/716/384 289/468/287
f 324/478/321 293/667/291 405/715/368 407/713/368
f 65/696/65 403/454/383 394/709/385 305/697/287
f 78/494/73 309/493/306 406/707/368 392/714/368
f 26/166/26 324/478/321 407/713/368 399/417/390
f 3/134/3 390/711/382 395/712/386 329/671/326
f 305/697/287 394/709/385 396/710/387 337/488/334
f 309/493/306 348/687/345 408/708/368 406/707/368
f 355/731/352 398/416/389 399/417/390 356/702/353
f 354/733/351 397/413/388 398/415/389 355/734/352
f 353/51/350 381/412/373 397/413/388 354/733/351
f 370/698/367 403/454/383 599/742/383 596/743/383
f 200/641/199 423/564/284 424/120/283 198/45/197
f 199/640/198 422/563/285 423/564/284 200/641/199
f 197/90/196 421/60/286 422/563/285 199/640/198
f 253/371/251 419/561/399 420/119/279 249/368/247
f 258/377/256 418/560/398 419/561/399 253/371/251
f 251/376/249 417/559/397 418/560/398 258/377/256
f 241/355/239 415/532/276 416/104/275 237/352/235
f 246/364/244 414/531/277 415/532/276 241/355/239
f 239/363/237 413/530/278 414/531/277 246/364/244
f 204/744/203 411/527/396 412/106/271 202/105/201
f 203/745/202 410/524/395 411/526/396 204/746/203
f 201/66/200 409/108/394 410/524/395 203/745/202
f 598/466/368 594/747/368 371/2/368 404/467/368
f 249/368/247 420/119/279 424/120/283 225/338/223
f 237/352/235 416/104/275 412/106/271 261/382/259
f 611/748/368 540/70/368 226/749/224 586/750/368
f 235/349/233 439/751/413 440/92/414 227/95/225
f 231/344/229 438/752/412 439/753/413 235/345/233
f 226/69/224 437/68/411 438/752/412 231/344/229
f 446/754/420 435/602/409 436/93/410 447/755/421
f 445/756/419 434/599/408 435/601/409 446/757/420
f 453/758/427 433/86/407 434/599/408 445/756/419
f 220/759/218 431/760/340 432/761/406 218/762/216
f 219/580/217 430/763/405 431/764/340 220/765/218
f 217/57/215 429/56/404 430/763/405 219/580/217
f 442/766/416 427/588/402 428/591/403 443/767/417
f 441/768/415 426/585/401 427/587/402 442/769/416
f 449/770/423 425/55/400 426/585/401 441/768/415
f 456/630/430 447/755/421 436/93/410 440/92/414
f 526/771/483 525/83/482 433/86/407 453/758/427
f 542/772/368 448/622/422 437/68/411 541/67/368
f 449/770/423 444/592/418 429/56/404 425/55/400
f 129/262/128 153/300/152 444/592/418 449/770/423
f 529/773/486 177/623/176 448/622/422 542/772/368
f 522/551/480 526/771/483 453/758/427 185/552/184
f 178/114/177 186/774/185 447/755/421 456/630/430
f 129/262/128 449/770/423 441/768/415 132/263/131
f 132/263/131 441/768/415 442/769/416 136/266/135
f 136/271/135 442/766/416 443/767/417 130/268/129
f 185/552/184 453/758/427 445/756/419 187/553/186
f 187/553/186 445/756/419 446/757/420 188/775/187
f 188/776/187 446/754/420 447/755/421 186/774/185
f 439/751/413 455/628/429 456/630/430 440/92/414
f 438/752/412 454/625/428 455/627/429 439/753/413
f 437/68/411 448/622/422 454/625/428 438/752/412
f 431/760/340 451/596/425 452/597/426 432/761/406
f 430/763/405 450/593/424 451/595/425 431/764/340
f 429/56/404 444/592/418 450/593/424 430/763/405
f 184/777/183 471/778/442 472/71/430 182/74/181
f 183/539/182 470/779/441 471/780/442 184/781/183
f 181/77/180 469/76/422 470/779/441 183/539/182
f 478/782/446 467/620/440 468/72/421 479/783/410
f 477/784/408 466/617/419 467/619/440 478/785/446
f 485/786/451 465/82/439 466/617/419 477/784/408
f 172/328/171 463/787/437 464/788/438 166/325/165
f 168/320/167 462/789/436 463/790/437 172/323/171
f 165/98/164 461/97/435 462/789/436 168/320/167
f 474/791/444 459/606/433 460/607/434 475/792/403
f 473/793/443 458/603/432 459/605/433 474/794/444
f 481/795/448 457/96/431 458/603/432 473/793/443
f 481/795/448 476/608/445 461/97/435 457/96/431
f 528/796/485 527/79/484 465/82/439 485/786/451
f 544/797/368 480/631/447 469/76/422 543/75/368
f 488/638/414 479/783/410 468/72/421 472/71/430
f 238/358/236 263/393/261 479/783/410 488/638/414
f 524/798/368 239/632/237 480/631/447 544/797/368
f 539/799/496 528/796/485 485/786/451 262/387/260
f 209/800/208 222/574/220 476/608/445 481/795/448
f 209/800/208 481/795/448 473/793/443 211/801/210
f 211/801/210 473/793/443 474/794/444 212/802/211
f 212/803/211 474/791/444 475/792/403 210/568/209
f 262/387/260 485/786/451 477/784/408 267/388/265
f 267/388/265 477/784/408 478/785/446 271/391/269
f 271/396/269 478/782/446 479/783/410 263/393/261
f 471/778/442 487/637/453 488/638/414 472/71/430
f 470/779/441 486/634/452 487/636/453 471/780/442
f 469/76/422 480/631/447 486/634/452 470/779/441
f 463/787/437 483/613/450 484/616/406 464/788/438
f 462/789/436 482/610/449 483/612/450 463/790/437
f 461/97/435 476/608/445 482/610/449 462/789/436
f 210/568/209 475/792/403 516/804/474 506/565/470
f 221/615/219 508/103/368 515/805/368 484/616/406
f 484/616/406 515/805/368 514/806/368 464/788/438
f 475/792/403 460/607/434 513/807/473 516/804/474
f 130/268/129 443/767/417 512/808/472 501/809/466
f 155/312/154 489/533/454 511/810/368 452/597/426
f 452/597/426 511/810/368 510/811/368 432/761/406
f 443/767/417 428/591/403 509/812/471 512/808/472
f 139/277/138 503/813/468 504/814/469 131/274/130
f 135/269/134 502/815/467 503/816/468 139/272/138
f 130/268/129 501/809/466 502/815/467 135/269/134
f 151/295/150 499/817/464 500/818/465 143/292/142
f 147/287/146 498/819/463 499/820/464 151/290/150
f 142/286/141 497/821/462 498/819/463 147/287/146
f 175/334/174 495/822/460 496/823/461 167/331/166
f 171/326/170 494/824/459 495/825/460 175/329/174
f 166/325/165 493/826/458 494/824/459 171/326/170
f 518/827/476 491/537/456 492/538/457 519/111/477
f 517/828/475 490/534/455 491/536/456 518/829/476
f 529/773/486 489/533/454 490/534/455 517/828/475
f 508/103/368 607/102/368 612/830/368 524/798/368
f 154/306/153 131/274/130 504/814/469 492/538/457
f 220/831/218 571/832/510 573/833/511 219/834/217
f 142/286/141 167/331/166 496/823/461 497/821/462
f 428/591/403 213/590/209 505/835/470 509/812/471
f 460/607/434 143/292/142 500/818/465 513/807/473
f 464/788/438 514/806/368 493/826/458 166/325/165
f 432/761/406 510/811/368 507/578/368 218/762/216
f 262/836/260 587/837/515 610/838/470 539/799/496
f 177/623/176 529/773/486 517/828/475 179/624/178
f 179/624/178 517/828/475 518/829/476 180/839/179
f 180/840/179 518/827/476 519/111/477 178/114/177
f 506/565/470 516/804/474 528/796/485 539/799/496
f 508/103/368 524/798/368 544/797/368 515/805/368
f 515/805/368 544/797/368 543/75/368 514/806/368
f 516/804/474 513/807/473 527/79/484 528/796/485
f 501/809/466 512/808/472 526/771/483 522/551/480
f 489/533/454 529/773/486 542/772/368 511/810/368
f 511/810/368 542/772/368 541/67/368 510/811/368
f 512/808/472 509/812/471 525/83/482 526/771/483
f 503/813/468 537/557/494 538/112/495 504/814/469
f 502/815/467 536/554/493 537/556/494 503/816/468
f 501/809/466 522/551/480 536/554/493 502/815/467
f 499/817/464 534/549/491 535/80/492 500/818/465
f 498/819/463 533/546/490 534/548/491 499/820/464
f 497/821/462 521/87/479 533/546/490 498/819/463
f 495/822/460 531/543/488 532/88/489 496/823/461
f 494/824/459 530/540/487 531/542/488 495/825/460
f 493/826/458 520/78/478 530/540/487 494/824/459
f 492/538/457 504/814/469 538/112/495 519/111/477
f 497/821/462 496/823/461 532/88/489 521/87/479
f 509/812/471 505/835/470 523/84/481 525/83/482
f 513/807/473 500/818/465 535/80/492 527/79/484
f 514/806/368 543/75/368 520/78/478 493/826/458
f 510/811/368 541/67/368 540/70/368 507/578/368
f 608/579/368 507/578/368 540/70/368 611/748/368
f 588/841/515 602/842/517 417/559/397 251/376/249
f 218/577/216 570/576/219 571/832/510 220/831/218
f 609/843/470 523/84/481 505/835/470 605/844/470
f 524/798/368 612/830/368 585/845/368 239/846/237
f 588/847/515 251/848/249 523/84/481 609/849/470
f 539/799/496 610/850/470 606/851/470 506/565/470
f 562/852/506 213/853/209 215/854/213 564/855/507
f 577/856/513 106/643/105 284/443/282 591/857/516
f 595/858/383 600/859/383 391/739/383 369/20/366
f 119/860/118 370/698/367 596/861/383 578/862/513
f 372/700/368 94/863/93 580/864/368 593/865/368
f 574/866/511 224/609/222 222/574/220 575/867/512
f 572/868/510 223/614/221 224/869/222 574/870/511
f 569/101/219 221/100/219 223/614/221 572/868/510
f 566/871/508 216/872/214 214/873/212 567/874/509
f 564/855/507 215/854/213 216/875/214 566/876/508
f 605/877/470 505/835/470 213/853/209 562/852/506
f 558/878/503 80/495/79 78/740/73 560/741/505
f 556/879/502 79/25/78 80/880/79 558/881/503
f 76/461/76 555/460/502 557/882/503 75/883/75
f 550/884/499 72/885/72 70/886/70 551/887/500
f 548/888/498 71/889/71 72/890/72 550/891/499
f 546/892/497 553/459/501 74/458/74 69/476/69
f 591/857/516 284/443/282 206/442/205 584/893/514
f 210/568/209 561/567/506 563/116/507 212/115/211
f 585/894/368 604/895/368 413/530/278 239/363/237
f 567/874/509 214/873/212 217/57/215 576/896/512
f 589/897/368 280/49/278 194/411/193 582/898/368
f 604/895/368 582/899/368 194/411/193 413/530/278
f 602/900/517 584/893/514 206/442/205 417/559/397
f 594/747/368 579/901/368 83/3/82 371/2/368
f 66/447/66 545/902/497 547/36/498 68/35/68
f 600/903/383 551/887/500 70/886/70 391/739/383
f 608/579/368 611/748/368 612/830/368 607/102/368
f 588/847/515 609/849/470 610/838/470 587/837/515
f 570/576/219 608/579/368 607/102/368 569/101/219
f 609/843/470 605/844/470 606/851/470 610/850/470
f 604/895/368 585/894/368 586/62/368 603/61/368
f 602/842/517 588/841/515 587/110/515 601/109/517
f 600/859/383 595/858/383 596/743/383 599/742/383
f 598/466/368 559/464/504 560/741/505 597/737/368
f 595/650/383 577/649/513 578/862/513 596/861/383
f 594/747/368 598/466/368 597/737/368 593/736/368
f 577/856/513 591/857/516 592/64/516 578/583/513
f 580/47/368 589/50/368 590/648/368 579/738/368
f 574/866/511 575/867/512 576/582/512 573/581/511
f 572/868/510 574/870/511 573/833/511 571/832/510
f 569/101/219 572/868/510 571/832/510 570/576/219
f 566/871/508 567/874/509 568/571/509 565/570/508
f 564/855/507 566/876/508 565/117/508 563/116/507
f 562/852/506 564/855/507 563/116/507 561/567/506
f 558/878/503 560/741/505 559/464/504 557/463/503
f 556/879/502 558/881/503 557/882/503 555/460/502
f 554/23/501 556/26/502 555/460/502 553/459/501
f 550/884/499 551/887/500 552/452/500 549/451/499
f 548/888/498 550/891/499 549/37/499 547/36/498
f 546/904/497 548/905/498 547/36/498 545/902/497
f 584/893/514 602/900/517 601/121/517 583/65/514
f 605/877/470 562/852/506 561/567/506 606/566/470
f 611/748/368 586/750/368 585/845/368 612/830/368
f 567/874/509 576/896/512 575/573/512 568/571/509
f 582/899/368 604/895/368 603/61/368 581/91/368
f 589/897/368 582/898/368 581/91/368 590/648/368
f 591/857/516 584/893/514 583/65/514 592/64/516
f 579/901/368 594/747/368 593/865/368 580/864/368
f 553/459/501 546/892/497 545/449/497 554/448/501
f 551/887/500 600/903/383 599/456/383 552/455/500
f 546/904/497 69/476/69 71/889/71 548/905/498
f 741/906/630 615/907/520 617/908/522 742/909/631
f 742/909/631 617/908/522 619/910/524 743/911/632
f 743/911/632 619/910/524 621/912/526 744/913/633
f 744/913/633 621/912/526 623/914/528 745/915/634
f 745/915/634 623/914/528 625/916/530 746/917/635
f 746/917/635 625/916/530 627/918/532 747/919/636
f 747/919/636 627/918/532 629/920/534 748/921/637
f 748/921/637 629/920/534 631/922/536 749/923/638
f 749/923/638 631/922/536 633/924/538 750/925/639
f 750/926/639 633/927/538 635/928/540 751/929/640
f 751/929/640 635/928/540 637/930/542 752/931/641
f 752/931/641 637/930/542 639/932/544 753/933/642
f 753/933/642 639/932/544 641/934/546 754/935/643
f 754/935/643 641/934/546 643/936/548 755/937/644
f 755/937/644 643/936/548 613/938/518 756/939/645
f 614/940/519 694/941/595 708/942/609 644/943/549
f 756/939/645 613/938/518 615/907/520 741/906/630
f 677/944/578 645/945/550 646/946/551 678/947/579
f 692/948/593 660/949/565 645/945/550 677/944/578
f 691/950/592 659/951/564 660/949/565 692/948/593
f 690/952/591 658/953/563 659/951/564 691/950/592
f 689/954/590 657/955/562 658/953/563 690/952/591
f 688/956/589 656/957/561 657/955/562 689/954/590
f 687/958/588 655/959/560 656/957/561 688/956/589
f 686/960/587 654/961/559 655/962/560 687/963/588
f 685/964/586 653/965/558 654/961/559 686/960/587
f 684/966/585 652/967/557 653/965/558 685/964/586
f 683/968/584 651/969/556 652/967/557 684/966/585
f 682/970/583 650/971/555 651/969/556 683/968/584
f 681/972/582 649/973/554 650/971/555 682/970/583
f 680/974/581 648/975/553 649/973/554 681/972/582
f 679/976/580 647/977/552 648/975/553 680/974/581
f 678/947/579 646/946/551 647/977/552 679/976/580
f 629/920/534 672/978/567 666/979/570 631/922/536
f 633/927/538 671/980/574 663/981/568 635/928/540
f 615/907/520 670/982/573 661/983/566 617/908/522
f 637/930/542 669/984/572 676/985/577 639/932/544
f 619/910/524 668/986/514 675/987/514 621/912/526
f 641/934/546 667/988/571 674/989/576 643/936/548
f 623/914/528 665/990/514 673/991/575 625/916/530
f 627/918/532 662/992/567 672/978/567 629/920/534
f 639/932/544 676/985/577 667/988/571 641/934/546
f 631/922/536 666/979/570 671/993/574 633/924/538
f 621/912/526 675/987/514 665/990/514 623/914/528
f 643/936/548 674/989/576 664/994/569 613/938/518
f 613/938/518 664/994/569 670/982/573 615/907/520
f 635/928/540 663/981/568 669/984/572 637/930/542
f 625/916/530 673/991/575 662/992/567 627/918/532
f 617/908/522 661/983/566 668/986/514 619/910/524
f 838/995/684 678/947/579 679/976/580 839/996/685
f 839/996/685 679/976/580 680/974/581 840/997/686
f 840/997/686 680/974/581 681/972/582 841/998/687
f 841/998/687 681/972/582 682/970/583 842/999/688
f 842/999/688 682/970/583 683/968/584 843/1000/689
f 843/1000/689 683/968/584 684/966/585 844/1001/690
f 844/1001/690 684/966/585 685/964/586 845/1002/691
f 845/1002/691 685/964/586 686/960/587 846/1003/692
f 846/1003/692 686/960/587 687/963/588 847/1004/693
f 847/1005/693 687/958/588 688/956/589 848/1006/694
f 848/1006/694 688/956/589 689/954/590 849/1007/695
f 849/1007/695 689/954/590 690/952/591 850/1008/696
f 850/1008/696 690/952/591 691/950/592 851/1009/697
f 851/1009/697 691/950/592 692/948/593 852/1010/698
f 852/1010/698 692/948/593 677/944/578 837/1011/683
f 837/1011/683 677/944/578 678/947/579 838/995/684
f 695/1012/596 855/1013/368 853/1014/368 693/1015/594
f 622/1016/527 697/1017/598 696/1018/597 620/1019/525
f 632/1020/537 702/1021/603 701/1022/602 630/1023/535
f 642/1024/547 707/1025/608 706/1026/607 640/1027/545
f 618/1028/523 695/1012/596 693/1015/594 616/1029/521
f 628/1030/533 700/1031/601 699/1032/600 626/1033/531
f 638/1034/543 705/1035/606 704/1036/605 636/1037/541
f 624/1038/529 698/1039/599 697/1017/598 622/1016/527
f 634/1040/539 703/1041/604 702/1021/603 632/1020/537
f 644/943/549 708/942/609 707/1025/608 642/1024/547
f 620/1019/525 696/1018/597 695/1012/596 618/1028/523
f 630/1023/535 701/1022/602 700/1031/601 628/1030/533
f 640/1027/545 706/1026/607 705/1035/606 638/1034/543
f 616/1029/521 693/1015/594 694/941/595 614/940/519
f 626/1033/531 699/1032/600 698/1039/599 624/1038/529
f 636/1037/541 704/1036/605 703/1042/604 634/1043/539
f 661/983/566 709/1044/610 716/1045/514 668/986/514
f 673/991/575 721/1046/575 713/1047/567 662/992/567
f 663/981/568 710/1048/368 717/1049/368 669/984/572
f 664/994/569 711/1050/611 718/1051/611 670/982/573
f 674/989/576 722/1052/611 711/1050/611 664/994/569
f 675/987/514 723/1053/514 714/1054/514 665/990/514
f 666/979/570 712/1055/612 719/1056/368 671/993/574
f 676/985/577 724/1057/368 715/1058/613 667/988/571
f 662/992/567 713/1047/567 720/1059/567 672/978/567
f 665/990/514 714/1054/514 721/1046/575 673/991/575
f 667/988/571 715/1058/613 722/1052/611 674/989/576
f 668/986/514 716/1045/514 723/1053/514 675/987/514
f 669/984/572 717/1049/368 724/1057/368 676/985/577
f 670/982/573 718/1051/611 709/1044/610 661/983/566
f 671/980/574 719/1060/368 710/1048/368 663/981/568
f 672/978/567 720/1059/567 712/1055/612 666/979/570
f 709/1044/610 737/1061/626 728/1062/617 716/1045/514
f 721/1046/575 733/1063/622 725/1064/614 713/1047/567
f 710/1048/368 738/1065/627 729/1066/618 717/1049/368
f 711/1050/611 739/1067/628 730/1068/619 718/1051/611
f 722/1052/611 734/1069/623 739/1067/628 711/1050/611
f 723/1053/514 735/1070/624 726/1071/615 714/1054/514
f 712/1055/612 740/1072/629 731/1073/620 719/1056/368
f 724/1057/368 736/1074/625 727/1075/616 715/1058/613
f 713/1047/567 725/1064/614 732/1076/621 720/1059/567
f 714/1054/514 726/1071/615 733/1063/622 721/1046/575
f 715/1058/613 727/1075/616 734/1069/623 722/1052/611
f 716/1045/514 728/1062/617 735/1070/624 723/1053/514
f 717/1049/368 729/1066/618 736/1074/625 724/1057/368
f 718/1051/611 730/1068/619 737/1061/626 709/1044/610
f 719/1060/368 731/1077/620 738/1065/627 710/1048/368
f 720/1059/567 732/1076/621 740/1072/629 712/1055/612
f 645/945/550 756/939/645 741/906/630 646/946/551
f 660/949/565 755/937/644 756/939/645 645/945/550
f 659/951/564 754/935/643 755/937/644 660/949/565
f 658/953/563 753/933/642 754/935/643 659/951/564
f 657/955/562 752/931/641 753/933/642 658/953/563
f 656/957/561 751/929/640 752/931/641 657/955/562
f 655/959/560 750/926/639 751/929/640 656/957/561
f 654/961/559 749/923/638 750/925/639 655/962/560
f 653/965/558 748/921/637 749/923/638 654/961/559
f 652/967/557 747/919/636 748/921/637 653/965/558
f 651/969/556 746/917/635 747/919/636 652/967/557
f 650/971/555 745/915/634 746/917/635 651/969/556
f 649/973/554 744/913/633 745/915/634 650/971/555
f 648/975/553 743/911/632 744/913/633 649/973/554
f 647/977/552 742/909/631 743/911/632 648/975/553
f 646/946/551 741/906/630 742/909/631 647/977/552
f 737/1061/626 769/1078/658 760/1079/649 728/1062/617
f 733/1063/622 765/1080/654 757/1081/646 725/1064/614
f 738/1065/627 770/1082/659 761/1083/650 729/1066/618
f 739/1067/628 771/1084/660 762/1085/651 730/1068/619
f 734/1069/623 766/1086/655 771/1084/660 739/1067/628
f 735/1070/624 767/1087/656 758/1088/647 726/1071/615
f 740/1072/629 772/1089/661 763/1090/652 731/1073/620
f 736/1074/625 768/1091/657 759/1092/648 727/1075/616
f 725/1064/614 757/1081/646 764/1093/653 732/1076/621
f 726/1071/615 758/1088/647 765/1080/654 733/1063/622
f 727/1075/616 759/1092/648 766/1086/655 734/1069/623
f 728/1062/617 760/1079/649 767/1087/656 735/1070/624
f 729/1066/618 761/1083/650 768/1091/657 736/1074/625
f 730/1068/619 762/1085/651 769/1078/658 737/1061/626
f 731/1077/620 763/1094/652 770/1082/659 738/1065/627
f 732/1076/621 764/1093/653 772/1089/661 740/1072/629
f 758/1088/647 774/1095/663 781/1096/667 765/1080/654
f 770/1082/659 786/1097/666 777/1098/368 761/1083/650
f 759/1092/648 775/1099/664 782/1100/665 766/1086/655
f 771/1084/660 787/1101/665 778/1102/665 762/1085/651
f 760/1079/649 776/1103/514 783/1104/514 767/1087/656
f 766/1086/655 782/1100/665 787/1101/665 771/1084/660
f 761/1083/650 777/1098/368 784/1105/668 768/1091/657
f 767/1087/656 783/1104/514 774/1095/663 758/1088/647
f 762/1085/651 778/1102/665 785/1106/669 769/1078/658
f 772/1089/661 788/1107/670 779/1108/666 763/1090/652
f 763/1094/652 779/1109/666 786/1097/666 770/1082/659
f 768/1091/657 784/1105/668 775/1099/664 759/1092/648
f 769/1078/658 785/1106/669 776/1103/514 760/1079/649
f 764/1093/653 780/1110/662 788/1107/670 772/1089/661
f 757/1081/646 773/1111/662 780/1110/662 764/1093/653
f 765/1080/654 781/1096/667 773/1111/662 757/1081/646
f 773/1111/662 789/1112/671 796/1113/671 780/1110/662
f 781/1096/667 797/1114/678 789/1112/671 773/1111/662
f 774/1095/663 790/1115/672 797/1114/678 781/1096/667
f 786/1097/666 802/1116/680 793/1117/675 777/1098/368
f 775/1099/664 791/1118/673 798/1119/676 782/1100/665
f 787/1101/665 803/1120/676 794/1121/676 778/1102/665
f 776/1103/514 792/1122/674 799/1123/674 783/1104/514
f 782/1100/665 798/1119/676 803/1120/676 787/1101/665
f 777/1098/368 793/1117/675 800/1124/675 784/1105/668
f 783/1104/514 799/1123/674 790/1115/672 774/1095/663
f 778/1102/665 794/1121/676 801/1125/679 785/1106/669
f 788/1107/670 804/1126/681 795/1127/677 779/1108/666
f 779/1109/666 795/1128/677 802/1116/680 786/1097/666
f 784/1105/668 800/1124/675 791/1118/673 775/1099/664
f 785/1106/669 801/1125/679 792/1122/674 776/1103/514
f 780/1110/662 796/1113/671 804/1126/681 788/1107/670
f 794/1129/676 811/1130/682 806/1131/682 801/1132/679
f 812/1133/682 828/1134/682 827/1135/682 811/1130/682
f 804/1136/681 817/1137/682 816/1138/682 795/1139/677
f 795/1139/677 816/1138/682 810/1140/682 802/1141/680
f 800/1142/675 819/1143/682 818/1144/682 791/1145/673
f 801/1132/679 806/1131/682 805/1146/682 792/1147/674
f 796/1148/671 820/1149/682 817/1137/682 804/1136/681
f 789/1150/671 807/1151/682 820/1149/682 796/1148/671
f 797/1152/678 808/1153/682 807/1151/682 789/1150/671
f 790/1154/672 814/1155/682 808/1153/682 797/1152/678
f 802/1141/680 810/1140/682 809/1156/682 793/1157/675
f 791/1145/673 818/1144/682 813/1158/682 798/1159/676
f 803/1160/676 812/1133/682 811/1130/682 794/1129/676
f 792/1147/674 805/1146/682 815/1161/682 799/1162/674
f 798/1159/676 813/1158/682 812/1133/682 803/1160/676
f 793/1157/675 809/1156/682 819/1143/682 800/1142/675
f 799/1162/674 815/1161/682 814/1155/682 790/1154/672
f 821/1163/682 822/1164/682 827/1135/682 828/1134/682 829/1165/682 834/1166/682 835/1167/682 825/1168/682 826/1169/682 832/1170/682 833/1171/682 836/1172/682 823/1173/682 824/1174/682 830/1175/682 831/1176/682
f 805/1146/682 821/1163/682 831/1176/682 815/1161/682
f 813/1158/682 829/1165/682 828/1134/682 812/1133/682
f 809/1156/682 825/1168/682 835/1167/682 819/1143/682
f 815/1161/682 831/1176/682 830/1175/682 814/1155/682
f 811/1130/682 827/1135/682 822/1164/682 806/1131/682
f 817/1137/682 833/1171/682 832/1170/682 816/1138/682
f 816/1138/682 832/1170/682 826/1169/682 810/1140/682
f 819/1143/682 835/1167/682 834/1166/682 818/1144/682
f 806/1131/682 822/1164/682 821/1163/682 805/1146/682
f 820/1149/682 836/1172/682 833/1171/682 817/1137/682
f 807/1151/682 823/1173/682 836/1172/682 820/1149/682
f 808/1153/682 824/1174/682 823/1173/682 807/1151/682
f 814/1155/682 830/1175/682 824/1174/682 808/1153/682
f 810/1140/682 826/1169/682 825/1168/682 809/1156/682
f 818/1144/682 834/1166/682 829/1165/682 813/1158/682
f 614/1177/519 837/1011/683 838/995/684 616/1178/521
f 644/1179/549 852/1010/698 837/1011/683 614/1177/519
f 642/1180/547 851/1009/697 852/1010/698 644/1179/549
f 640/1181/545 850/1008/696 851/1009/697 642/1180/547
f 638/1182/543 849/1007/695 850/1008/696 640/1181/545
f 636/1183/541 848/1006/694 849/1007/695 638/1182/543
f 634/1184/539 847/1005/693 848/1006/694 636/1183/541
f 632/1185/537 846/1003/692 847/1004/693 634/1186/539
f 630/1187/535 845/1002/691 846/1003/692 632/1185/537
f 628/1188/533 844/1001/690 845/1002/691 630/1187/535
f 626/1189/531 843/1000/689 844/1001/690 628/1188/533
f 624/1190/529 842/999/688 843/1000/689 626/1189/531
f 622/1191/527 841/998/687 842/999/688 624/1190/529
f 620/1192/525 840/997/686 841/998/687 622/1191/527
f 618/1193/523 839/996/685 840/997/686 620/1192/525
f 616/1178/521 838/995/684 839/996/685 618/1193/523
f 854/1194/368 853/1014/368 855/1013/368 856/1195/368 857/1196/368 858/1197/368 859/1198/368 860/1199/368 861/1200/368 862/1201/368 863/1202/368 864/1203/368 865/1204/368 866/1205/368 867/1206/368 868/1207/368
f 703/1041/604 863/1202/368 862/1201/368 702/1021/603
f 696/1018/597 856/1195/368 855/1013/368 695/1012/596
f 704/1036/605 864/1203/368 863/1202/368 703/1042/604
f 697/1017/598 857/1196/368 856/1195/368 696/1018/597
f 705/1035/606 865/1204/368 864/1203/368 704/1036/605
f 698/1039/599 858/1197/368 857/1196/368 697/1017/598
f 706/1026/607 866/1205/368 865/1204/368 705/1035/606
f 699/1032/600 859/1198/368 858/1197/368 698/1039/599
f 707/1025/608 867/1206/368 866/1205/368 706/1026/607
f 700/1031/601 860/1199/368 859/1198/368 699/1032/600
f 708/942/609 868/1207/368 867/1206/368 707/1025/608
f 701/1022/602 861/1200/368 860/1199/368 700/1031/601
f 693/1015/594 853/1014/368 854/1194/368 694/941/595
f 694/941/595 854/1194/368 868/1207/368 708/942/609
f 702/1021/603 862/1201/368 861/1200/368 701/1022/602
f 997/1208/795 998/1209/796 873/1210/703 871/1211/701
f 998/1209/796 999/1212/797 875/1213/705 873/1210/703
f 999/1212/797 1000/1214/798 877/1215/707 875/1213/705
f 1000/1214/798 1001/1216/799 879/1217/709 877/1215/707
f 1001/1216/799 1002/1218/800 881/1219/711 879/1217/709
f 1002/1218/800 1003/1220/801 883/1221/713 881/1219/711
f 1003/1220/801 1004/1222/802 885/1223/715 883/1221/713
f 1004/1222/802 1005/1224/803 887/1225/717 885/1223/715
f 1005/1224/803 1006/1226/804 889/1227/719 887/1225/717
f 1006/1228/804 1007/1229/805 891/1230/721 889/1231/719
f 1007/1229/805 1008/1232/806 893/1233/723 891/1230/721
f 1008/1232/806 1009/1234/807 895/1235/725 893/1233/723
f 1009/1234/807 1010/1236/808 897/1237/727 895/1235/725
f 1010/1236/808 1011/1238/809 899/1239/729 897/1237/727
f 1011/1238/809 1012/1240/810 869/1241/699 899/1239/729
f 870/1242/700 900/1243/730 964/1244/607 950/1245/606
f 1012/1240/810 997/1208/795 871/1211/701 869/1241/699
f 933/1246/759 934/1247/760 902/1248/732 901/1249/731
f 948/1250/774 933/1246/759 901/1249/731 916/1251/746
f 947/1252/773 948/1250/774 916/1251/746 915/1253/745
f 946/1254/772 947/1252/773 915/1253/745 914/1255/744
f 945/1256/771 946/1254/772 914/1255/744 913/1257/743
f 944/1258/770 945/1256/771 913/1257/743 912/1259/742
f 943/1260/769 944/1258/770 912/1259/742 911/1261/741
f 942/1262/768 943/1263/769 911/1264/741 910/1265/740
f 941/1266/767 942/1262/768 910/1265/740 909/1267/739
f 940/1268/766 941/1266/767 909/1267/739 908/1269/738
f 939/1270/765 940/1268/766 908/1269/738 907/1271/737
f 938/1272/764 939/1270/765 907/1271/737 906/1273/736
f 937/1274/763 938/1272/764 906/1273/736 905/1275/735
f 936/1276/762 937/1274/763 905/1275/735 904/1277/734
f 935/1278/761 936/1276/762 904/1277/734 903/1279/733
f 934/1247/760 935/1278/761 903/1279/733 902/1248/732
f 885/1223/715 887/1225/717 922/1280/751 928/1281/748
f 889/1231/719 891/1230/721 919/1282/749 927/1283/755
f 871/1211/701 873/1210/703 917/1284/747 926/1285/754
f 893/1233/723 895/1235/725 932/1286/758 925/1287/753
f 875/1213/705 877/1215/707 931/1288/514 924/1289/514
f 897/1237/727 899/1239/729 930/1290/757 923/1291/752
f 879/1217/709 881/1219/711 929/1292/756 921/1293/514
f 883/1221/713 885/1223/715 928/1281/748 918/1294/748
f 895/1235/725 897/1237/727 923/1291/752 932/1286/758
f 887/1225/717 889/1227/719 927/1295/755 922/1280/751
f 877/1215/707 879/1217/709 921/1293/514 931/1288/514
f 899/1239/729 869/1241/699 920/1296/750 930/1290/757
f 869/1241/699 871/1211/701 926/1285/754 920/1296/750
f 891/1230/721 893/1233/723 925/1287/753 919/1282/749
f 881/1219/711 883/1221/713 918/1294/748 929/1292/756
f 873/1210/703 875/1213/705 924/1289/514 917/1284/747
f 1094/1297/849 1095/1298/850 935/1278/761 934/1247/760
f 1095/1298/850 1096/1299/851 936/1276/762 935/1278/761
f 1096/1299/851 1097/1300/852 937/1274/763 936/1276/762
f 1097/1300/852 1098/1301/853 938/1272/764 937/1274/763
f 1098/1301/853 1099/1302/854 939/1270/765 938/1272/764
f 1099/1302/854 1100/1303/855 940/1268/766 939/1270/765
f 1100/1303/855 1101/1304/856 941/1266/767 940/1268/766
f 1101/1304/856 1102/1305/857 942/1262/768 941/1266/767
f 1102/1305/857 1103/1306/858 943/1263/769 942/1262/768
f 1103/1307/858 1104/1308/859 944/1258/770 943/1260/769
f 1104/1308/859 1105/1309/860 945/1256/771 944/1258/770
f 1105/1309/860 1106/1310/861 946/1254/772 945/1256/771
f 1106/1310/861 1107/1311/862 947/1252/773 946/1254/772
f 1107/1311/862 1108/1312/863 948/1250/774 947/1252/773
f 1108/1312/863 1093/1313/848 933/1246/759 948/1250/774
f 1093/1313/848 1094/1297/849 934/1247/760 933/1246/759
f 951/1314/604 949/1315/605 1109/1316/368 1111/1317/368
f 878/1318/708 876/1319/706 952/1320/603 953/1321/602
f 888/1322/718 886/1323/716 957/1324/598 958/1325/597
f 898/1326/728 896/1327/726 962/1328/609 963/1329/608
f 874/1330/704 872/1331/702 949/1315/605 951/1314/604
f 884/1332/714 882/1333/712 955/1334/600 956/1335/599
f 894/1336/724 892/1337/722 960/1338/594 961/1339/595
f 880/1340/710 878/1318/708 953/1321/602 954/1341/601
f 890/1342/720 888/1322/718 958/1325/597 959/1343/596
f 900/1243/730 898/1326/728 963/1329/608 964/1244/607
f 876/1319/706 874/1330/704 951/1314/604 952/1320/603
f 886/1323/716 884/1332/714 956/1335/599 957/1324/598
f 896/1327/726 894/1336/724 961/1339/595 962/1328/609
f 872/1331/702 870/1242/700 950/1245/606 949/1315/605
f 882/1333/712 880/1340/710 954/1341/601 955/1334/600
f 892/1337/722 890/1344/720 959/1345/596 960/1338/594
f 917/1284/747 924/1289/514 972/1346/514 965/1347/775
f 929/1292/756 918/1294/748 969/1348/748 977/1349/756
f 919/1282/749 925/1287/753 973/1350/368 966/1351/368
f 920/1296/750 926/1285/754 974/1352/776 967/1353/776
f 930/1290/757 920/1296/750 967/1353/776 978/1354/776
f 931/1288/514 921/1293/514 970/1355/514 979/1356/514
f 922/1280/751 927/1295/755 975/1357/368 968/1358/777
f 932/1286/758 923/1291/752 971/1359/778 980/1360/368
f 918/1294/748 928/1281/748 976/1361/748 969/1348/748
f 921/1293/514 929/1292/756 977/1349/756 970/1355/514
f 923/1291/752 930/1290/757 978/1354/776 971/1359/778
f 924/1289/514 931/1288/514 979/1356/514 972/1346/514
f 925/1287/753 932/1286/758 980/1360/368 973/1350/368
f 926/1285/754 917/1284/747 965/1347/775 974/1352/776
f 927/1283/755 919/1282/749 966/1351/368 975/1362/368
f 928/1281/748 922/1280/751 968/1358/777 976/1361/748
f 965/1347/775 972/1346/514 984/1363/782 993/1364/791
f 977/1349/756 969/1348/748 981/1365/779 989/1366/787
f 966/1351/368 973/1350/368 985/1367/783 994/1368/792
f 967/1353/776 974/1352/776 986/1369/784 995/1370/793
f 978/1354/776 967/1353/776 995/1370/793 990/1371/788
f 979/1356/514 970/1355/514 982/1372/780 991/1373/789
f 968/1358/777 975/1357/368 987/1374/785 996/1375/794
f 980/1360/368 971/1359/778 983/1376/781 992/1377/790
f 969/1348/748 976/1361/748 988/1378/786 981/1365/779
f 970/1355/514 977/1349/756 989/1366/787 982/1372/780
f 971/1359/778 978/1354/776 990/1371/788 983/1376/781
f 972/1346/514 979/1356/514 991/1373/789 984/1363/782
f 973/1350/368 980/1360/368 992/1377/790 985/1367/783
f 974/1352/776 965/1347/775 993/1364/791 986/1369/784
f 975/1362/368 966/1351/368 994/1368/792 987/1379/785
f 976/1361/748 968/1358/777 996/1375/794 988/1378/786
f 901/1249/731 902/1248/732 997/1208/795 1012/1240/810
f 916/1251/746 901/1249/731 1012/1240/810 1011/1238/809
f 915/1253/745 916/1251/746 1011/1238/809 1010/1236/808
f 914/1255/744 915/1253/745 1010/1236/808 1009/1234/807
f 913/1257/743 914/1255/744 1009/1234/807 1008/1232/806
f 912/1259/742 913/1257/743 1008/1232/806 1007/1229/805
f 911/1261/741 912/1259/742 1007/1229/805 1006/1228/804
f 910/1265/740 911/1264/741 1006/1226/804 1005/1224/803
f 909/1267/739 910/1265/740 1005/1224/803 1004/1222/802
f 908/1269/738 909/1267/739 1004/1222/802 1003/1220/801
f 907/1271/737 908/1269/738 1003/1220/801 1002/1218/800
f 906/1273/736 907/1271/737 1002/1218/800 1001/1216/799
f 905/1275/735 906/1273/736 1001/1216/799 1000/1214/798
f 904/1277/734 905/1275/735 1000/1214/798 999/1212/797
f 903/1279/733 904/1277/734 999/1212/797 998/1209/796
f 902/1248/732 903/1279/733 998/1209/796 997/1208/795
f 993/1364/791 984/1363/782 1016/1380/814 1025/1381/823
f 989/1366/787 981/1365/779 1013/1382/811 1021/1383/819
f 994/1368/792 985/1367/783 1017/1384/815 1026/1385/824
f 995/1370/793 986/1369/784 1018/1386/816 1027/1387/825
f 990/1371/788 995/1370/793 1027/1387/825 1022/1388/820
f 991/1373/789 982/1372/780 1014/1389/812 1023/1390/821
f 996/1375/794 987/1374/785 1019/1391/817 1028/1392/826
f 992/1377/790 983/1376/781 1015/1393/813 1024/1394/822
f 981/1365/779 988/1378/786 1020/1395/818 1013/1382/811
f 982/1372/780 989/1366/787 1021/1383/819 1014/1389/812
f 983/1376/781 990/1371/788 1022/1388/820 1015/1393/813
f 984/1363/782 991/1373/789 1023/1390/821 1016/1380/814
f 985/1367/783 992/1377/790 1024/1394/822 1017/1384/815
f 986/1369/784 993/1364/791 1025/1381/823 1018/1386/816
f 987/1379/785 994/1368/792 1026/1385/824 1019/1396/817
f 988/1378/786 996/1375/794 1028/1392/826 1020/1395/818
f 1014/1389/812 1021/1383/819 1037/1397/832 1030/1398/828
f 1026/1385/824 1017/1384/815 1033/1399/368 1042/1400/831
f 1015/1393/813 1022/1388/820 1038/1401/830 1031/1402/829
f 1027/1387/825 1018/1386/816 1034/1403/830 1043/1404/830
f 1016/1380/814 1023/1390/821 1039/1405/514 1032/1406/514
f 1022/1388/820 1027/1387/825 1043/1404/830 1038/1401/830
f 1017/1384/815 1024/1394/822 1040/1407/833 1033/1399/368
f 1023/1390/821 1014/1389/812 1030/1398/828 1039/1405/514
f 1018/1386/816 1025/1381/823 1041/1408/834 1034/1403/830
f 1028/1392/826 1019/1391/817 1035/1409/831 1044/1410/835
f 1019/1396/817 1026/1385/824 1042/1400/831 1035/1411/831
f 1024/1394/822 1015/1393/813 1031/1402/829 1040/1407/833
f 1025/1381/823 1016/1380/814 1032/1406/514 1041/1408/834
f 1020/1395/818 1028/1392/826 1044/1410/835 1036/1412/827
f 1013/1382/811 1020/1395/818 1036/1412/827 1029/1413/827
f 1021/1383/819 1013/1382/811 1029/1413/827 1037/1397/832
f 1029/1413/827 1036/1412/827 1052/1414/836 1045/1415/836
f 1037/1397/832 1029/1413/827 1045/1415/836 1053/1416/843
f 1030/1398/828 1037/1397/832 1053/1416/843 1046/1417/837
f 1042/1400/831 1033/1399/368 1049/1418/840 1058/1419/845
f 1031/1402/829 1038/1401/830 1054/1420/841 1047/1421/838
f 1043/1404/830 1034/1403/830 1050/1422/841 1059/1423/841
f 1032/1406/514 1039/1405/514 1055/1424/839 1048/1425/839
f 1038/1401/830 1043/1404/830 1059/1423/841 1054/1420/841
f 1033/1399/368 1040/1407/833 1056/1426/840 1049/1418/840
f 1039/1405/514 1030/1398/828 1046/1417/837 1055/1424/839
f 1034/1403/830 1041/1408/834 1057/1427/844 1050/1422/841
f 1044/1410/835 1035/1409/831 1051/1428/842 1060/1429/846
f 1035/1411/831 1042/1400/831 1058/1419/845 1051/1430/842
f 1040/1407/833 1031/1402/829 1047/1421/838 1056/1426/840
f 1041/1408/834 1032/1406/514 1048/1425/839 1057/1427/844
f 1036/1412/827 1044/1410/835 1060/1429/846 1052/1414/836
f 1050/1431/841 1057/1432/844 1062/1433/847 1067/1434/847
f 1068/1435/847 1067/1434/847 1083/1436/847 1084/1437/847
f 1060/1438/846 1051/1439/842 1072/1440/847 1073/1441/847
f 1051/1439/842 1058/1442/845 1066/1443/847 1072/1440/847
f 1056/1444/840 1047/1445/838 1074/1446/847 1075/1447/847
f 1057/1432/844 1048/1448/839 1061/1449/847 1062/1433/847
f 1052/1450/836 1060/1438/846 1073/1441/847 1076/1451/847
f 1045/1452/836 1052/1450/836 1076/1451/847 1063/1453/847
f 1053/1454/843 1045/1452/836 1063/1453/847 1064/1455/847
f 1046/1456/837 1053/1454/843 1064/1455/847 1070/1457/847
f 1058/1442/845 1049/1458/840 1065/1459/847 1066/1443/847
f 1047/1445/838 1054/1460/841 1069/1461/847 1074/1446/847
f 1059/1462/841 1050/1431/841 1067/1434/847 1068/1435/847
f 1048/1448/839 1055/1463/839 1071/1464/847 1061/1449/847
f 1054/1460/841 1059/1462/841 1068/1435/847 1069/1461/847
f 1049/1458/840 1056/1444/840 1075/1447/847 1065/1459/847
f 1055/1463/839 1046/1456/837 1070/1457/847 1071/1464/847
f 1077/1465/847 1087/1466/847 1086/1467/847 1080/1468/847 1079/1469/847 1092/1470/847 1089/1471/847 1088/1472/847 1082/1473/847 1081/1474/847 1091/1475/847 1090/1476/847 1085/1477/847 1084/1437/847 1083/1436/847 1078/1478/847
f 1061/1449/847 1071/1464/847 1087/1466/847 1077/1465/847
f 1069/1461/847 1068/1435/847 1084/1437/847 1085/1477/847
f 1065/1459/847 1075/1447/847 1091/1475/847 1081/1474/847
f 1071/1464/847 1070/1457/847 1086/1467/847 1087/1466/847
f 1067/1434/847 1062/1433/847 1078/1478/847 1083/1436/847
f 1073/1441/847 1072/1440/847 1088/1472/847 1089/1471/847
f 1072/1440/847 1066/1443/847 1082/1473/847 1088/1472/847
f 1075/1447/847 1074/1446/847 1090/1476/847 1091/1475/847
f 1062/1433/847 1061/1449/847 1077/1465/847 1078/1478/847
f 1076/1451/847 1073/1441/847 1089/1471/847 1092/1470/847
f 1063/1453/847 1076/1451/847 1092/1470/847 1079/1469/847
f 1064/1455/847 1063/1453/847 1079/1469/847 1080/1468/847
f 1070/1457/847 1064/1455/847 1080/1468/847 1086/1467/847
f 1066/1443/847 1065/1459/847 1081/1474/847 1082/1473/847
f 1074/1446/847 1069/1461/847 1085/1477/847 1090/1476/847
f 870/1479/700 872/1480/702 1094/1297/849 1093/1313/848
f 900/1481/730 870/1479/700 1093/1313/848 1108/1312/863
f 898/1482/728 900/1481/730 1108/1312/863 1107/1311/862
f 896/1483/726 898/1482/728 1107/1311/862 1106/1310/861
f 894/1484/724 896/1483/726 1106/1310/861 1105/1309/860
f 892/1485/722 894/1484/724 1105/1309/860 1104/1308/859
f 890/1486/720 892/1485/722 1104/1308/859 1103/1307/858
f 888/1487/718 890/1488/720 1103/1306/858 1102/1305/857
f 886/1489/716 888/1487/718 1102/1305/857 1101/1304/856
f 884/1490/714 886/1489/716 1101/1304/856 1100/1303/855
f 882/1491/712 884/1490/714 1100/1303/855 1099/1302/854
f 880/1492/710 882/1491/712 1099/1302/854 1098/1301/853
f 878/1493/708 880/1492/710 1098/1301/853 1097/1300/852
f 876/1494/706 878/1493/708 1097/1300/852 1096/1299/851
f 874/1495/704 876/1494/706 1096/1299/851 1095/1298/850
f 872/1480/702 874/1495/704 1095/1298/850 1094/1297/849
f 1110/1496/368 1124/1497/368 1123/1498/368 1122/1499/368 1121/1500/368 1120/1501/368 1119/1502/368 1118/1503/368 1117/1504/368 1116/1505/368 1115/1506/368 1114/1507/368 1113/1508/368 1112/1509/368 1111/1317/368 1109/1316/368
f 959/1343/596 958/1325/597 1118/1503/368 1119/1502/368
f 952/1320/603 951/1314/604 1111/1317/368 1112/1509/368
f 960/1338/594 959/1345/596 1119/1502/368 1120/1501/368
f 953/1321/602 952/1320/603 1112/1509/368 1113/1508/368
f 961/1339/595 960/1338/594 1120/1501/368 1121/1500/368
f 954/1341/601 953/1321/602 1113/1508/368 1114/1507/368
f 962/1328/609 961/1339/595 1121/1500/368 1122/1499/368
f 955/1334/600 954/1341/601 1114/1507/368 1115/1506/368
f 963/1329/608 962/1328/609 1122/1499/368 1123/1498/368
f 956/1335/599 955/1334/600 1115/1506/368 1116/1505/368
f 964/1244/607 963/1329/608 1123/1498/368 1124/1497/368
f 957/1324/598 956/1335/599 1116/1505/368 1117/1504/368
f 949/1315/605 950/1245/606 1110/1496/368 1109/1316/368
f 950/1245/606 964/1244/607 1124/1497/368 1110/1496/368
f 958/1325/597 957/1324/598 1117/1504/368 1118/1503/368
f 1253/1510/954 1254/1511/955 1129/1512/868 1127/1513/866
f 1254/1511/955 1255/1514/956 1131/1515/870 1129/1512/868
f 1255/1514/956 1256/1516/957 1133/1517/872 1131/1515/870
f 1256/1516/957 1257/1518/958 1135/1519/874 1133/1517/872
f 1257/1518/958 1258/1520/959 1137/1521/876 1135/1519/874
f 1258/1520/959 1259/1522/960 1139/1523/878 1137/1521/876
f 1259/1522/960 1260/1524/961 1141/1525/880 1139/1523/878
f 1260/1524/961 1261/1526/962 1143/1527/882 1141/1525/880
f 1261/1526/962 1262/1528/963 1145/1529/884 1143/1527/882
f 1262/1530/963 1263/1531/964 1147/1532/886 1145/1533/884
f 1263/1531/964 1264/1534/965 1149/1535/888 1147/1532/886
f 1264/1534/965 1265/1536/966 1151/1537/890 1149/1535/888
f 1265/1536/966 1266/1538/967 1153/1539/892 1151/1537/890
f 1266/1538/967 1267/1540/968 1155/1541/894 1153/1539/892
f 1267/1540/968 1268/1542/969 1125/1543/864 1155/1541/894
f 1126/1544/865 1156/1545/895 1220/1546/599 1206/1547/598
f 1268/1542/969 1253/1510/954 1127/1513/866 1125/1543/864
f 1189/1548/922 1190/1549/923 1158/1550/897 1157/1551/896
f 1204/1552/937 1189/1548/922 1157/1551/896 1172/1553/911
f 1203/1554/936 1204/1552/937 1172/1553/911 1171/1555/910
f 1202/1556/935 1203/1554/936 1171/1555/910 1170/1557/909
f 1201/1558/934 1202/1556/935 1170/1557/909 1169/1559/908
f 1200/1560/933 1201/1558/934 1169/1559/908 1168/1561/907
f 1199/1562/932 1200/1560/933 1168/1561/907 1167/1563/906
f 1198/1564/931 1199/1565/932 1167/1566/906 1166/1567/905
f 1197/1568/930 1198/1564/931 1166/1567/905 1165/1569/904
f 1196/1570/929 1197/1568/930 1165/1569/904 1164/1571/903
f 1195/1572/928 1196/1570/929 1164/1571/903 1163/1573/902
f 1194/1574/927 1195/1572/928 1163/1573/902 1162/1575/901
f 1193/1576/926 1194/1574/927 1162/1575/901 1161/1577/900
f 1192/1578/925 1193/1576/926 1161/1577/900 1160/1579/899
f 1191/1580/924 1192/1578/925 1160/1579/899 1159/1581/898
f 1190/1549/923 1191/1580/924 1159/1581/898 1158/1550/897
f 1141/1525/880 1143/1527/882 1178/1582/915 1184/1583/776
f 1145/1533/884 1147/1532/886 1175/1584/913 1183/1585/919
f 1127/1513/866 1129/1512/868 1173/1586/912 1182/1587/918
f 1149/1535/888 1151/1537/890 1188/1588/921 1181/1589/917
f 1131/1515/870 1133/1517/872 1187/1590/514 1180/1591/514
f 1153/1539/892 1155/1541/894 1186/1592/920 1179/1593/916
f 1135/1519/874 1137/1521/876 1185/1594/775 1177/1595/514
f 1139/1523/878 1141/1525/880 1184/1583/776 1174/1596/776
f 1151/1537/890 1153/1539/892 1179/1593/916 1188/1588/921
f 1143/1527/882 1145/1529/884 1183/1597/919 1178/1582/915
f 1133/1517/872 1135/1519/874 1177/1595/514 1187/1590/514
f 1155/1541/894 1125/1543/864 1176/1598/914 1186/1592/920
f 1125/1543/864 1127/1513/866 1182/1587/918 1176/1598/914
f 1147/1532/886 1149/1535/888 1181/1589/917 1175/1584/913
f 1137/1521/876 1139/1523/878 1174/1596/776 1185/1594/775
f 1129/1512/868 1131/1515/870 1180/1591/514 1173/1586/912
f 1350/1599/1006 1351/1600/1007 1191/1580/924 1190/1549/923
f 1351/1600/1007 1352/1601/1008 1192/1578/925 1191/1580/924
f 1352/1601/1008 1353/1602/1009 1193/1576/926 1192/1578/925
f 1353/1602/1009 1354/1603/1010 1194/1574/927 1193/1576/926
f 1354/1603/1010 1355/1604/1011 1195/1572/928 1194/1574/927
f 1355/1604/1011 1356/1605/1012 1196/1570/929 1195/1572/928
f 1356/1605/1012 1357/1606/1013 1197/1568/930 1196/1570/929
f 1357/1606/1013 1358/1607/1014 1198/1564/931 1197/1568/930
f 1358/1607/1014 1359/1608/1015 1199/1565/932 1198/1564/931
f 1359/1609/1015 1360/1610/1016 1200/1560/933 1199/1562/932
f 1360/1610/1016 1361/1611/1017 1201/1558/934 1200/1560/933
f 1361/1611/1017 1362/1612/1018 1202/1556/935 1201/1558/934
f 1362/1612/1018 1363/1613/1019 1203/1554/936 1202/1556/935
f 1363/1613/1019 1364/1614/1020 1204/1552/937 1203/1554/936
f 1364/1614/1020 1349/1615/1005 1189/1548/922 1204/1552/937
f 1349/1615/1005 1350/1599/1006 1190/1549/923 1189/1548/922
f 1207/1616/596 1205/1617/597 1365/1618/368 1367/1619/368
f 1134/1620/873 1132/1621/871 1208/1622/594 1209/1623/595
f 1144/1624/883 1142/1625/881 1213/1626/606 1214/1627/605
f 1154/1628/893 1152/1629/891 1218/1630/601 1219/1631/600
f 1130/1632/869 1128/1633/867 1205/1617/597 1207/1616/596
f 1140/1634/879 1138/1635/877 1211/1636/608 1212/1637/607
f 1150/1638/889 1148/1639/887 1216/1640/603 1217/1641/602
f 1136/1642/875 1134/1620/873 1209/1623/595 1210/1643/609
f 1146/1644/885 1144/1624/883 1214/1627/605 1215/1645/604
f 1156/1545/895 1154/1628/893 1219/1631/600 1220/1546/599
f 1132/1621/871 1130/1632/869 1207/1616/596 1208/1622/594
f 1142/1625/881 1140/1634/879 1212/1637/607 1213/1626/606
f 1152/1629/891 1150/1638/889 1217/1641/602 1218/1630/601
f 1128/1633/867 1126/1544/865 1206/1547/598 1205/1617/597
f 1138/1635/877 1136/1642/875 1210/1643/609 1211/1636/608
f 1148/1639/887 1146/1646/885 1215/1647/604 1216/1640/603
f 1173/1586/912 1180/1591/514 1228/1648/514 1221/1649/756
f 1185/1594/775 1174/1596/776 1225/1650/776 1233/1651/775
f 1175/1584/913 1181/1589/917 1229/1652/368 1222/1653/368
f 1176/1598/914 1182/1587/918 1230/1654/748 1223/1655/748
f 1186/1592/920 1176/1598/914 1223/1655/748 1234/1656/748
f 1187/1590/514 1177/1595/514 1226/1657/514 1235/1658/514
f 1178/1582/915 1183/1597/919 1231/1659/368 1224/1660/778
f 1188/1588/921 1179/1593/916 1227/1661/777 1236/1662/368
f 1174/1596/776 1184/1583/776 1232/1663/776 1225/1650/776
f 1177/1595/514 1185/1594/775 1233/1651/775 1226/1657/514
f 1179/1593/916 1186/1592/920 1234/1656/748 1227/1661/777
f 1180/1591/514 1187/1590/514 1235/1658/514 1228/1648/514
f 1181/1589/917 1188/1588/921 1236/1662/368 1229/1652/368
f 1182/1587/918 1173/1586/912 1221/1649/756 1230/1654/748
f 1183/1585/919 1175/1584/913 1222/1653/368 1231/1664/368
f 1184/1583/776 1178/1582/915 1224/1660/778 1232/1663/776
f 1221/1649/756 1228/1648/514 1240/1665/941 1249/1666/950
f 1233/1651/775 1225/1650/776 1237/1667/938 1245/1668/946
f 1222/1653/368 1229/1652/368 1241/1669/942 1250/1670/951
f 1223/1655/748 1230/1654/748 1242/1671/943 1251/1672/952
f 1234/1656/748 1223/1655/748 1251/1672/952 1246/1673/947
f 1235/1658/514 1226/1657/514 1238/1674/939 1247/1675/948
f 1224/1660/778 1231/1659/368 1243/1676/944 1252/1677/953
f 1236/1662/368 1227/1661/777 1239/1678/940 1248/1679/949
f 1225/1650/776 1232/1663/776 1244/1680/945 1237/1667/938
f 1226/1657/514 1233/1651/775 1245/1668/946 1238/1674/939
f 1227/1661/777 1234/1656/748 1246/1673/947 1239/1678/940
f 1228/1648/514 1235/1658/514 1247/1675/948 1240/1665/941
f 1229/1652/368 1236/1662/368 1248/1679/949 1241/1669/942
f 1230/1654/748 1221/1649/756 1249/1666/950 1242/1671/943
f 1231/1664/368 1222/1653/368 1250/1670/951 1243/1681/944
f 1232/1663/776 1224/1660/778 1252/1677/953 1244/1680/945
f 1157/1551/896 1158/1550/897 1253/1510/954 1268/1542/969
f 1172/1553/911 1157/1551/896 1268/1542/969 1267/1540/968
f 1171/1555/910 1172/1553/911 1267/1540/968 1266/1538/967
f 1170/1557/909 1171/1555/910 1266/1538/967 1265/1536/966
f 1169/1559/908 1170/1557/909 1265/1536/966 1264/1534/965
f 1168/1561/907 1169/1559/908 1264/1534/965 1263/1531/964
f 1167/1563/906 1168/1561/907 1263/1531/964 1262/1530/963
f 1166/1567/905 1167/1566/906 1262/1528/963 1261/1526/962
f 1165/1569/904 1166/1567/905 1261/1526/962 1260/1524/961
f 1164/1571/903 1165/1569/904 1260/1524/961 1259/1522/960
f 1163/1573/902 1164/1571/903 1259/1522/960 1258/1520/959
f 1162/1575/901 1163/1573/902 1258/1520/959 1257/1518/958
f 1161/1577/900 1162/1575/901 1257/1518/958 1256/1516/957
f 1160/1579/899 1161/1577/900 1256/1516/957 1255/1514/956
f 1159/1581/898 1160/1579/899 1255/1514/956 1254/1511/955
f 1158/1550/897 1159/1581/898 1254/1511/955 1253/1510/954
f 1249/1666/950 1240/1665/941 1272/1682/973 1281/1683/982
f 1245/1668/946 1237/1667/938 1269/1684/970 1277/1685/978
f 1250/1670/951 1241/1669/942 1273/1686/974 1282/1687/983
f 1251/1672/952 1242/1671/943 1274/1688/975 1283/1689/984
f 1246/1673/947 1251/1672/952 1283/1689/984 1278/1690/979
f 1247/1675/948 1238/1674/939 1270/1691/971 1279/1692/980
f 1252/1677/953 1243/1676/944 1275/1693/976 1284/1694/985
f 1248/1679/949 1239/1678/940 1271/1695/972 1280/1696/981
f 1237/1667/938 1244/1680/945 1276/1697/977 1269/1684/970
f 1238/1674/939 1245/1668/946 1277/1685/978 1270/1691/971
f 1239/1678/940 1246/1673/947 1278/1690/979 1271/1695/972
f 1240/1665/941 1247/1675/948 1279/1692/980 1272/1682/973
f 1241/1669/942 1248/1679/949 1280/1696/981 1273/1686/974
f 1242/1671/943 1249/1666/950 1281/1683/982 1274/1688/975
f 1243/1681/944 1250/1670/951 1282/1687/983 1275/1698/976
f 1244/1680/945 1252/1677/953 1284/1694/985 1276/1697/977
f 1270/1691/971 1277/1685/978 1293/1699/990 1286/1700/987
f 1282/1687/983 1273/1686/974 1289/1701/368 1298/1702/833
f 1271/1695/972 1278/1690/979 1294/1703/989 1287/1704/988
f 1283/1689/984 1274/1688/975 1290/1705/989 1299/1706/989
f 1272/1682/973 1279/1692/980 1295/1707/514 1288/1708/514
f 1278/1690/979 1283/1689/984 1299/1706/989 1294/1703/989
f 1273/1686/974 1280/1696/981 1296/1709/831 1289/1701/368
f 1279/1692/980 1270/1691/971 1286/1700/987 1295/1707/514
f 1274/1688/975 1281/1683/982 1297/1710/991 1290/1705/989
f 1284/1694/985 1275/1693/976 1291/1711/833 1300/1712/992
f 1275/1698/976 1282/1687/983 1298/1702/833 1291/1713/833
f 1280/1696/981 1271/1695/972 1287/1704/988 1296/1709/831
f 1281/1683/982 1272/1682/973 1288/1708/514 1297/1710/991
f 1276/1697/977 1284/1694/985 1300/1712/992 1292/1714/986
f 1269/1684/970 1276/1697/977 1292/1714/986 1285/1715/986
f 1277/1685/978 1269/1684/970 1285/1715/986 1293/1699/990
f 1285/1715/986 1292/1714/986 1308/1716/993 1301/1717/993
f 1293/1699/990 1285/1715/986 1301/1717/993 1309/1718/1000
f 1286/1700/987 1293/1699/990 1309/1718/1000 1302/1719/994
f 1298/1702/833 1289/1701/368 1305/1720/997 1314/1721/1002
f 1287/1704/988 1294/1703/989 1310/1722/998 1303/1723/995
f 1299/1706/989 1290/1705/989 1306/1724/998 1315/1725/998
f 1288/1708/514 1295/1707/514 1311/1726/996 1304/1727/996
f 1294/1703/989 1299/1706/989 1315/1725/998 1310/1722/998
f 1289/1701/368 1296/1709/831 1312/1728/997 1305/1720/997
f 1295/1707/514 1286/1700/987 1302/1719/994 1311/1726/996
f 1290/1705/989 1297/1710/991 1313/1729/1001 1306/1724/998
f 1300/1712/992 1291/1711/833 1307/1730/999 1316/1731/1003
f 1291/1713/833 1298/1702/833 1314/1721/1002 1307/1732/999
f 1296/1709/831 1287/1704/988 1303/1723/995 1312/1728/997
f 1297/1710/991 1288/1708/514 1304/1727/996 1313/1729/1001
f 1292/1714/986 1300/1712/992 1316/1731/1003 1308/1716/993
f 1306/1733/998 1313/1734/1001 1318/1735/1004 1323/1736/1004
f 1324/1737/1004 1323/1736/1004 1339/1738/1004 1340/1739/1004
f 1316/1740/1003 1307/1741/999 1328/1742/1004 1329/1743/1004
f 1307/1741/999 1314/1744/1002 1322/1745/1004 1328/1742/1004
f 1312/1746/997 1303/1747/995 1330/1748/1004 1331/1749/1004
f 1313/1734/1001 1304/1750/996 1317/1751/1004 1318/1735/1004
f 1308/1752/993 1316/1740/1003 1329/1743/1004 1332/1753/1004
f 1301/1754/993 1308/1752/993 1332/1753/1004 1319/1755/1004
f 1309/1756/1000 1301/1754/993 1319/1755/1004 1320/1757/1004
f 1302/1758/994 1309/1756/1000 1320/1757/1004 1326/1759/1004
f 1314/1744/1002 1305/1760/997 1321/1761/1004 1322/1745/1004
f 1303/1747/995 1310/1762/998 1325/1763/1004 1330/1748/1004
f 1315/1764/998 1306/1733/998 1323/1736/1004 1324/1737/1004
f 1304/1750/996 1311/1765/996 1327/1766/1004 1317/1751/1004
f 1310/1762/998 1315/1764/998 1324/1737/1004 1325/1763/1004
f 1305/1760/997 1312/1746/997 1331/1749/1004 1321/1761/1004
f 1311/1765/996 1302/1758/994 1326/1759/1004 1327/1766/1004
f 1333/1767/1004 1343/1768/1004 1342/1769/1004 1336/1770/1004 1335/1771/1004 1348/1772/1004 1345/1773/1004 1344/1774/1004 1338/1775/1004 1337/1776/1004 1347/1777/1004 1346/1778/1004 1341/1779/1004 1340/1739/1004 1339/1738/1004 1334/1780/1004
f 1317/1751/1004 1327/1766/1004 1343/1768/1004 1333/1767/1004
f 1325/1763/1004 1324/1737/1004 1340/1739/1004 1341/1779/1004
f 1321/1761/1004 1331/1749/1004 1347/1777/1004 1337/1776/1004
f 1327/1766/1004 1326/1759/1004 1342/1769/1004 1343/1768/1004
f 1323/1736/1004 1318/1735/1004 1334/1780/1004 1339/1738/1004
f 1329/1743/1004 1328/1742/1004 1344/1774/1004 1345/1773/1004
f 1328/1742/1004 1322/1745/1004 1338/1775/1004 1344/1774/1004
f 1331/1749/1004 1330/1748/1004 1346/1778/1004 1347/1777/1004
f 1318/1735/1004 1317/1751/1004 1333/1767/1004 1334/1780/1004
f 1332/1753/1004 1329/1743/1004 1345/1773/1004 1348/1772/1004
f 1319/1755/1004 1332/1753/1004 1348/1772/1004 1335/1771/1004
f 1320/1757/1004 1319/1755/1004 1335/1771/1004 1336/1770/1004
f 1326/1759/1004 1320/1757/1004 1336/1770/1004 1342/1769/1004
f 1322/1745/1004 1321/1761/1004 1337/1776/1004 1338/1775/1004
f 1330/1748/1004 1325/1763/1004 1341/1779/1004 1346/1778/1004
f 1126/1781/865 1128/1782/867 1350/1599/1006 1349/1615/1005
f 1156/1783/895 1126/1781/865 1349/1615/1005 1364/1614/1020
f 1154/1784/893 1156/1783/895 1364/1614/1020 1363/1613/1019
f 1152/1785/891 1154/1784/893 1363/1613/1019 1362/1612/1018
f 1150/1786/889 1152/1785/891 1362/1612/1018 1361/1611/1017
f 1148/1787/887 1150/1786/889 1361/1611/1017 1360/1610/1016
f 1146/1788/885 1148/1787/887 1360/1610/1016 1359/1609/1015
f 1144/1789/883 1146/1790/885 1359/1608/1015 1358/1607/1014
f 1142/1791/881 1144/1789/883 1358/1607/1014 1357/1606/1013
f 1140/1792/879 1142/1791/881 1357/1606/1013 1356/1605/1012
f 1138/1793/877 1140/1792/879 1356/1605/1012 1355/1604/1011
f 1136/1794/875 1138/1793/877 1355/1604/1011 1354/1603/1010
f 1134/1795/873 1136/1794/875 1354/1603/1010 1353/1602/1009
f 1132/1796/871 1134/1795/873 1353/1602/1009 1352/1601/1008
f 1130/1797/869 1132/1796/871 1352/1601/1008 1351/1600/1007
f 1128/1782/867 1130/1797/869 1351/1600/1007 1350/1599/1006
f 1366/1798/368 1380/1799/368 1379/1800/368 1378/1801/368 1377/1802/368 1376/1803/368 1375/1804/368 1374/1805/368 1373/1806/368 1372/1807/368 1371/1808/368 1370/1809/368 1369/1810/368 1368/1811/368 1367/1619/368 1365/1618/368
f 1215/1645/604 1214/1627/605 1374/1805/368 1375/1804/368
f 1208/1622/594 1207/1616/596 1367/1619/368 1368/1811/368
f 1216/1640/603 1215/1647/604 1375/1804/368 1376/1803/368
f 1209/1623/595 1208/1622/594 1368/1811/368 1369/1810/368
f 1217/1641/602 1216/1640/603 1376/1803/368 1377/1802/368
f 1210/1643/609 1209/1623/595 1369/1810/368 1370/1809/368
f 1218/1630/601 1217/1641/602 1377/1802/368 1378/1801/368
f 1211/1636/608 1210/1643/609 1370/1809/368 1371/1808/368
f 1219/1631/600 1218/1630/601 1378/1801/368 1379/1800/368
f 1212/1637/607 1211/1636/608 1371/1808/368 1372/1807/368
f 1220/1546/599 1219/1631/600 1379/1800/368 1380/1799/368
f 1213/1626/606 1212/1637/607 1372/1807/368 1373/1806/368
f 1205/1617/597 1206/1547/598 1366/1798/368 1365/1618/368
f 1206/1547/598 1220/1546/599 1380/1799/368 1366/1798/368
f 1214/1627/605 1213/1626/606 1373/1806/368 1374/1805/368
f 1509/1812/1111 1383/1813/1023 1385/1814/1025 1510/1815/1112
f 1510/1815/1112 1385/1814/1025 1387/1816/1027 1511/1817/1113
f 1511/1817/1113 1387/1816/1027 1389/1818/1029 1512/1819/1114
f 1512/1819/1114 1389/1818/1029 1391/1820/1031 1513/1821/1115
f 1513/1821/1115 1391/1820/1031 1393/1822/1033 1514/1823/1116
f 1514/1823/1116 1393/1822/1033 1395/1824/1035 1515/1825/1117
f 1515/1825/1117 1395/1824/1035 1397/1826/1037 1516/1827/1118
f 1516/1827/1118 1397/1826/1037 1399/1828/1039 1517/1829/1119
f 1517/1829/1119 1399/1828/1039 1401/1830/1041 1518/1831/1120
f 1518/1832/1120 1401/1833/1041 1403/1834/1043 1519/1835/1121
f 1519/1835/1121 1403/1834/1043 1405/1836/1045 1520/1837/1122
f 1520/1837/1122 1405/1836/1045 1407/1838/1047 1521/1839/1123
f 1521/1839/1123 1407/1838/1047 1409/1840/1049 1522/1841/1124
f 1522/1841/1124 1409/1840/1049 1411/1842/1051 1523/1843/1125
f 1523/1843/1125 1411/1842/1051 1381/1844/1021 1524/1845/1126
f 1382/1846/1022 1462/1847/602 1476/1848/601 1412/1849/1052
f 1524/1845/1126 1381/1844/1021 1383/1813/1023 1509/1812/1111
f 1445/1850/1079 1413/1851/1053 1414/1852/1054 1446/1853/1080
f 1460/1854/1094 1428/1855/1068 1413/1851/1053 1445/1850/1079
f 1459/1856/1093 1427/1857/1067 1428/1855/1068 1460/1854/1094
f 1458/1858/1092 1426/1859/1066 1427/1857/1067 1459/1856/1093
f 1457/1860/1091 1425/1861/1065 1426/1859/1066 1458/1858/1092
f 1456/1862/1090 1424/1863/1064 1425/1861/1065 1457/1860/1091
f 1455/1864/1089 1423/1865/1063 1424/1863/1064 1456/1862/1090
f 1454/1866/1088 1422/1867/1062 1423/1868/1063 1455/1869/1089
f 1453/1870/1087 1421/1871/1061 1422/1867/1062 1454/1866/1088
f 1452/1872/1086 1420/1873/1060 1421/1871/1061 1453/1870/1087
f 1451/1874/1085 1419/1875/1059 1420/1873/1060 1452/1872/1086
f 1450/1876/1084 1418/1877/1058 1419/1875/1059 1451/1874/1085
f 1449/1878/1083 1417/1879/1057 1418/1877/1058 1450/1876/1084
f 1448/1880/1082 1416/1881/1056 1417/1879/1057 1449/1878/1083
f 1447/1882/1081 1415/1883/1055 1416/1881/1056 1448/1880/1082
f 1446/1853/1080 1414/1852/1054 1415/1883/1055 1447/1882/1081
f 1397/1826/1037 1440/1884/611 1434/1885/1072 1399/1828/1039
f 1401/1833/1041 1439/1886/1076 1431/1887/1070 1403/1834/1043
f 1383/1813/1023 1438/1888/1075 1429/1889/1069 1385/1814/1025
f 1405/1836/1045 1437/1890/1074 1444/1891/1078 1407/1838/1047
f 1387/1816/1027 1436/1892/514 1443/1893/514 1389/1818/1029
f 1409/1840/1049 1435/1894/1073 1442/1895/1077 1411/1842/1051
f 1391/1820/1031 1433/1896/514 1441/1897/610 1393/1822/1033
f 1395/1824/1035 1430/1898/611 1440/1884/611 1397/1826/1037
f 1407/1838/1047 1444/1891/1078 1435/1894/1073 1409/1840/1049
f 1399/1828/1039 1434/1885/1072 1439/1899/1076 1401/1830/1041
f 1389/1818/1029 1443/1893/514 1433/1896/514 1391/1820/1031
f 1411/1842/1051 1442/1895/1077 1432/1900/1071 1381/1844/1021
f 1381/1844/1021 1432/1900/1071 1438/1888/1075 1383/1813/1023
f 1403/1834/1043 1431/1887/1070 1437/1890/1074 1405/1836/1045
f 1393/1822/1033 1441/1897/610 1430/1898/611 1395/1824/1035
f 1385/1814/1025 1429/1889/1069 1436/1892/514 1387/1816/1027
f 1606/1901/1163 1446/1853/1080 1447/1882/1081 1607/1902/1164
f 1607/1902/1164 1447/1882/1081 1448/1880/1082 1608/1903/1165
f 1608/1903/1165 1448/1880/1082 1449/1878/1083 1609/1904/1166
f 1609/1904/1166 1449/1878/1083 1450/1876/1084 1610/1905/1167
f 1610/1905/1167 1450/1876/1084 1451/1874/1085 1611/1906/1168
f 1611/1906/1168 1451/1874/1085 1452/1872/1086 1612/1907/1169
f 1612/1907/1169 1452/1872/1086 1453/1870/1087 1613/1908/1170
f 1613/1908/1170 1453/1870/1087 1454/1866/1088 1614/1909/1171
f 1614/1909/1171 1454/1866/1088 1455/1869/1089 1615/1910/1172
f 1615/1911/1172 1455/1864/1089 1456/1862/1090 1616/1912/1173
f 1616/1912/1173 1456/1862/1090 1457/1860/1091 1617/1913/1174
f 1617/1913/1174 1457/1860/1091 1458/1858/1092 1618/1914/1175
f 1618/1914/1175 1458/1858/1092 1459/1856/1093 1619/1915/1176
f 1619/1915/1176 1459/1856/1093 1460/1854/1094 1620/1916/1177
f 1620/1916/1177 1460/1854/1094 1445/1850/1079 1605/1917/1162
f 1605/1917/1162 1445/1850/1079 1446/1853/1080 1606/1901/1163
f 1463/1918/604 1623/1919/368 1621/1920/368 1461/1921/603
f 1390/1922/1030 1465/1923/606 1464/1924/605 1388/1925/1028
f 1400/1926/1040 1470/1927/594 1469/1928/595 1398/1929/1038
f 1410/1930/1050 1475/1931/600 1474/1932/599 1408/1933/1048
f 1386/1934/1026 1463/1918/604 1461/1921/603 1384/1935/1024
f 1396/1936/1036 1468/1937/609 1467/1938/608 1394/1939/1034
f 1406/1940/1046 1473/1941/598 1472/1942/597 1404/1943/1044
f 1392/1944/1032 1466/1945/607 1465/1923/606 1390/1922/1030
f 1402/1946/1042 1471/1947/596 1470/1927/594 1400/1926/1040
f 1412/1849/1052 1476/1848/601 1475/1931/600 1410/1930/1050
f 1388/1925/1028 1464/1924/605 1463/1918/604 1386/1934/1026
f 1398/1929/1038 1469/1928/595 1468/1937/609 1396/1936/1036
f 1408/1933/1048 1474/1932/599 1473/1941/598 1406/1940/1046
f 1384/1935/1024 1461/1921/603 1462/1847/602 1382/1846/1022
f 1394/1939/1034 1467/1938/608 1466/1945/607 1392/1944/1032
f 1404/1943/1044 1472/1942/597 1471/1948/596 1402/1949/1042
f 1429/1889/1069 1477/1950/575 1484/1951/514 1436/1892/514
f 1441/1897/610 1489/1952/610 1481/1953/611 1430/1898/611
f 1431/1887/1070 1478/1954/368 1485/1955/368 1437/1890/1074
f 1432/1900/1071 1479/1956/567 1486/1957/567 1438/1888/1075
f 1442/1895/1077 1490/1958/567 1479/1956/567 1432/1900/1071
f 1443/1893/514 1491/1959/514 1482/1960/514 1433/1896/514
f 1434/1885/1072 1480/1961/613 1487/1962/368 1439/1899/1076
f 1444/1891/1078 1492/1963/368 1483/1964/612 1435/1894/1073
f 1430/1898/611 1481/1953/611 1488/1965/611 1440/1884/611
f 1433/1896/514 1482/1960/514 1489/1952/610 1441/1897/610
f 1435/1894/1073 1483/1964/612 1490/1958/567 1442/1895/1077
f 1436/1892/514 1484/1951/514 1491/1959/514 1443/1893/514
f 1437/1890/1074 1485/1955/368 1492/1963/368 1444/1891/1078
f 1438/1888/1075 1486/1957/567 1477/1950/575 1429/1889/1069
f 1439/1886/1076 1487/1966/368 1478/1954/368 1431/1887/1070
f 1440/1884/611 1488/1965/611 1480/1961/613 1434/1885/1072
f 1477/1950/575 1505/1967/1107 1496/1968/1098 1484/1951/514
f 1489/1952/610 1501/1969/1103 1493/1970/1095 1481/1953/611
f 1478/1954/368 1506/1971/1108 1497/1972/1099 1485/1955/368
f 1479/1956/567 1507/1973/1109 1498/1974/1100 1486/1957/567
f 1490/1958/567 1502/1975/1104 1507/1973/1109 1479/1956/567
f 1491/1959/514 1503/1976/1105 1494/1977/1096 1482/1960/514
f 1480/1961/613 1508/1978/1110 1499/1979/1101 1487/1962/368
f 1492/1963/368 1504/1980/1106 1495/1981/1097 1483/1964/612
f 1481/1953/611 1493/1970/1095 1500/1982/1102 1488/1965/611
f 1482/1960/514 1494/1977/1096 1501/1969/1103 1489/1952/610
f 1483/1964/612 1495/1981/1097 1502/1975/1104 1490/1958/567
f 1484/1951/514 1496/1968/1098 1503/1976/1105 1491/1959/514
f 1485/1955/368 1497/1972/1099 1504/1980/1106 1492/1963/368
f 1486/1957/567 1498/1974/1100 1505/1967/1107 1477/1950/575
f 1487/1966/368 1499/1983/1101 1506/1971/1108 1478/1954/368
f 1488/1965/611 1500/1982/1102 1508/1978/1110 1480/1961/613
f 1413/1851/1053 1524/1845/1126 1509/1812/1111 1414/1852/1054
f 1428/1855/1068 1523/1843/1125 1524/1845/1126 1413/1851/1053
f 1427/1857/1067 1522/1841/1124 1523/1843/1125 1428/1855/1068
f 1426/1859/1066 1521/1839/1123 1522/1841/1124 1427/1857/1067
f 1425/1861/1065 1520/1837/1122 1521/1839/1123 1426/1859/1066
f 1424/1863/1064 1519/1835/1121 1520/1837/1122 1425/1861/1065
f 1423/1865/1063 1518/1832/1120 1519/1835/1121 1424/1863/1064
f 1422/1867/1062 1517/1829/1119 1518/1831/1120 1423/1868/1063
f 1421/1871/1061 1516/1827/1118 1517/1829/1119 1422/1867/1062
f 1420/1873/1060 1515/1825/1117 1516/1827/1118 1421/1871/1061
f 1419/1875/1059 1514/1823/1116 1515/1825/1117 1420/1873/1060
f 1418/1877/1058 1513/1821/1115 1514/1823/1116 1419/1875/1059
f 1417/1879/1057 1512/1819/1114 1513/1821/1115 1418/1877/1058
f 1416/1881/1056 1511/1817/1113 1512/1819/1114 1417/1879/1057
f 1415/1883/1055 1510/1815/1112 1511/1817/1113 1416/1881/1056
f 1414/1852/1054 1509/1812/1111 1510/1815/1112 1415/1883/1055
f 1505/1967/1107 1537/1984/1139 1528/1985/1130 1496/1968/1098
f 1501/1969/1103 1533/1986/1135 1525/1987/1127 1493/1970/1095
f 1506/1971/1108 1538/1988/1140 1529/1989/1131 1497/1972/1099
f 1507/1973/1109 1539/1990/1141 1530/1991/1132 1498/1974/1100
f 1502/1975/1104 1534/1992/1136 1539/1990/1141 1507/1973/1109
f 1503/1976/1105 1535/1993/1137 1526/1994/1128 1494/1977/1096
f 1508/1978/1110 1540/1995/1142 1531/1996/1133 1499/1979/1101
f 1504/1980/1106 1536/1997/1138 1527/1998/1129 1495/1981/1097
f 1493/1970/1095 1525/1987/1127 1532/1999/1134 1500/1982/1102
f 1494/1977/1096 1526/1994/1128 1533/1986/1135 1501/1969/1103
f 1495/1981/1097 1527/1998/1129 1534/1992/1136 1502/1975/1104
f 1496/1968/1098 1528/1985/1130 1535/1993/1137 1503/1976/1105
f 1497/1972/1099 1529/1989/1131 1536/1997/1138 1504/1980/1106
f 1498/1974/1100 1530/1991/1132 1537/1984/1139 1505/1967/1107
f 1499/1983/1101 1531/2000/1133 1538/1988/1140 1506/1971/1108
f 1500/1982/1102 1532/1999/1134 1540/1995/1142 1508/1978/1110
f 1526/1994/1128 1542/2001/1144 1549/2002/1147 1533/1986/1135
f 1538/1988/1140 1554/2003/668 1545/2004/368 1529/1989/1131
f 1527/1998/1129 1543/2005/1145 1550/2006/1146 1534/1992/1136
f 1539/1990/1141 1555/2007/1146 1546/2008/1146 1530/1991/1132
f 1528/1985/1130 1544/2009/514 1551/2010/514 1535/1993/1137
f 1534/1992/1136 1550/2006/1146 1555/2007/1146 1539/1990/1141
f 1529/1989/1131 1545/2004/368 1552/2011/666 1536/1997/1138
f 1535/1993/1137 1551/2010/514 1542/2001/1144 1526/1994/1128
f 1530/1991/1132 1546/2008/1146 1553/2012/1148 1537/1984/1139
f 1540/1995/1142 1556/2013/1149 1547/2014/668 1531/1996/1133
f 1531/2000/1133 1547/2015/668 1554/2003/668 1538/1988/1140
f 1536/1997/1138 1552/2011/666 1543/2005/1145 1527/1998/1129
f 1537/1984/1139 1553/2012/1148 1544/2009/514 1528/1985/1130
f 1532/1999/1134 1548/2016/1143 1556/2013/1149 1540/1995/1142
f 1525/1987/1127 1541/2017/1143 1548/2016/1143 1532/1999/1134
f 1533/1986/1135 1549/2002/1147 1541/2017/1143 1525/1987/1127
f 1541/2017/1143 1557/2018/1150 1564/2019/1150 1548/2016/1143
f 1549/2002/1147 1565/2020/1157 1557/2018/1150 1541/2017/1143
f 1542/2001/1144 1558/2021/1151 1565/2020/1157 1549/2002/1147
f 1554/2003/668 1570/2022/1159 1561/2023/1154 1545/2004/368
f 1543/2005/1145 1559/2024/1152 1566/2025/1155 1550/2006/1146
f 1555/2007/1146 1571/2026/1155 1562/2027/1155 1546/2008/1146
f 1544/2009/514 1560/2028/1153 1567/2029/1153 1551/2010/514
f 1550/2006/1146 1566/2025/1155 1571/2026/1155 1555/2007/1146
f 1545/2004/368 1561/2023/1154 1568/2030/1154 1552/2011/666
f 1551/2010/514 1567/2029/1153 1558/2021/1151 1542/2001/1144
f 1546/2008/1146 1562/2027/1155 1569/2031/1158 1553/2012/1148
f 1556/2013/1149 1572/2032/1160 1563/2033/1156 1547/2014/668
f 1547/2015/668 1563/2034/1156 1570/2022/1159 1554/2003/668
f 1552/2011/666 1568/2030/1154 1559/2024/1152 1543/2005/1145
f 1553/2012/1148 1569/2031/1158 1560/2028/1153 1544/2009/514
f 1548/2016/1143 1564/2019/1150 1572/2032/1160 1556/2013/1149
f 1562/2035/1155 1579/2036/1161 1574/2037/1161 1569/2038/1158
f 1580/2039/1161 1596/2040/1161 1595/2041/1161 1579/2036/1161
f 1572/2042/1160 1585/2043/1161 1584/2044/1161 1563/2045/1156
f 1563/2045/1156 1584/2044/1161 1578/2046/1161 1570/2047/1159
f 1568/2048/1154 1587/2049/1161 1586/2050/1161 1559/2051/1152
f 1569/2038/1158 1574/2037/1161 1573/2052/1161 1560/2053/1153
f 1564/2054/1150 1588/2055/1161 1585/2043/1161 1572/2042/1160
f 1557/2056/1150 1575/2057/1161 1588/2055/1161 1564/2054/1150
f 1565/2058/1157 1576/2059/1161 1575/2057/1161 1557/2056/1150
f 1558/2060/1151 1582/2061/1161 1576/2059/1161 1565/2058/1157
f 1570/2047/1159 1578/2046/1161 1577/2062/1161 1561/2063/1154
f 1559/2051/1152 1586/2050/1161 1581/2064/1161 1566/2065/1155
f 1571/2066/1155 1580/2039/1161 1579/2036/1161 1562/2035/1155
f 1560/2053/1153 1573/2052/1161 1583/2067/1161 1567/2068/1153
f 1566/2065/1155 1581/2064/1161 1580/2039/1161 1571/2066/1155
f 1561/2063/1154 1577/2062/1161 1587/2049/1161 1568/2048/1154
f 1567/2068/1153 1583/2067/1161 1582/2061/1161 1558/2060/1151
f 1589/2069/1161 1590/2070/1161 1595/2041/1161 1596/2040/1161 1597/2071/1161 1602/2072/1161 1603/2073/1161 1593/2074/1161 1594/2075/1161 1600/2076/1161 1601/2077/1161 1604/2078/1161 1591/2079/1161 1592/2080/1161 1598/2081/1161 1599/2082/1161
f 1573/2052/1161 1589/2069/1161 1599/2082/1161 1583/2067/1161
f 1581/2064/1161 1597/2071/1161 1596/2040/1161 1580/2039/1161
f 1577/2062/1161 1593/2074/1161 1603/2073/1161 1587/2049/1161
f 1583/2067/1161 1599/2082/1161 1598/2081/1161 1582/2061/1161
f 1579/2036/1161 1595/2041/1161 1590/2070/1161 1574/2037/1161
f 1585/2043/1161 1601/2077/1161 1600/2076/1161 1584/2044/1161
f 1584/2044/1161 1600/2076/1161 1594/2075/1161 1578/2046/1161
f 1587/2049/1161 1603/2073/1161 1602/2072/1161 1586/2050/1161
f 1574/2037/1161 1590/2070/1161 1589/2069/1161 1573/2052/1161
f 1588/2055/1161 1604/2078/1161 1601/2077/1161 1585/2043/1161
f 1575/2057/1161 1591/2079/1161 1604/2078/1161 1588/2055/1161
f 1576/2059/1161 1592/2080/1161 1591/2079/1161 1575/2057/1161
f 1582/2061/1161 1598/2081/1161 1592/2080/1161 1576/2059/1161
f 1578/2046/1161 1594/2075/1161 1593/2074/1161 1577/2062/1161
f 1586/2050/1161 1602/2072/1161 1597/2071/1161 1581/2064/1161
f 1382/2083/1022 1605/1917/1162 1606/1901/1163 1384/2084/1024
f 1412/2085/1052 1620/1916/1177 1605/1917/1162 1382/2083/1022
f 1410/2086/1050 1619/1915/1176 1620/1916/1177 1412/2085/1052
f 1408/2087/1048 1618/1914/1175 1619/1915/1176 1410/2086/1050
f 1406/2088/1046 1617/1913/1174 1618/1914/1175 1408/2087/1048
f 1404/2089/1044 1616/1912/1173 1617/1913/1174 1406/2088/1046
f 1402/2090/1042 1615/1911/1172 1616/1912/1173 1404/2089/1044
f 1400/2091/1040 1614/1909/1171 1615/1910/1172 1402/2092/1042
f 1398/2093/1038 1613/1908/1170 1614/1909/1171 1400/2091/1040
f 1396/2094/1036 1612/1907/1169 1613/1908/1170 1398/2093/1038
f 1394/2095/1034 1611/1906/1168 1612/1907/1169 1396/2094/1036
f 1392/2096/1032 1610/1905/1167 1611/1906/1168 1394/2095/1034
f 1390/2097/1030 1609/1904/1166 1610/1905/1167 1392/2096/1032
f 1388/2098/1028 1608/1903/1165 1609/1904/1166 1390/2097/1030
f 1386/2099/1026 1607/1902/1164 1608/1903/1165 1388/2098/1028
f 1384/2084/1024 1606/1901/1163 1607/1902/1164 1386/2099/1026
f 1622/2100/368 1621/1920/368 1623/1919/368 1624/2101/368 1625/2102/368 1626/2103/368 1627/2104/368 1628/2105/368 1629/2106/368 1630/2107/368 1631/2108/368 1632/2109/368 1633/2110/368 1634/2111/368 1635/2112/368 1636/2113/368
f 1471/1947/596 1631/2108/368 1630/2107/368 1470/1927/594
f 1464/1924/605 1624/2101/368 1623/1919/368 1463/1918/604
f 1472/1942/597 1632/2109/368 1631/2108/368 1471/1948/596
f 1465/1923/606 1625/2102/368 1624/2101/368 1464/1924/605
f 1473/1941/598 1633/2110/368 1632/2109/368 1472/1942/597
f 1466/1945/607 1626/2103/368 1625/2102/368 1465/1923/606
f 1474/1932/599 1634/2111/368 1633/2110/368 1473/1941/598
f 1467/1938/608 1627/2104/368 1626/2103/368 1466/1945/607
f 1475/1931/600 1635/2112/368 1634/2111/368 1474/1932/599
f 1468/1937/609 1628/2105/368 1627/2104/368 1467/1938/608
f 1476/1848/601 1636/2113/368 1635/2112/368 1475/1931/600
f 1469/1928/595 1629/2106/368 1628/2105/368 1468/1937/609
f 1461/1921/603 1621/1920/368 1622/2100/368 1462/1847/602
f 1462/1847/602 1622/2100/368 1636/2113/368 1476/1848/601
f 1470/1927/594 1630/2107/368 1629/2106/368 1469/1928/595
f 1978/2114/1423 1673/2115/514 1638/2116/514 1781/2117/1226
f 1754/2118/1199 1755/2119/1200 2222/2120/1667 2226/2121/1671
f 1766/2122/1211 1767/2123/1212 2270/2124/1715 2274/2125/1719
f 2173/2126/1618 2177/2127/1622 1735/2128/1180 1734/2129/1179
f 1786/2130/1231 1648/2131/514 1660/2132/514 1877/2133/1322
f 2209/2134/1654 2169/2135/1614 1744/2136/1189 1743/2137/1188
f 1937/2138/1382 1941/2139/1386 1748/2140/1193 1747/2141/1192
f 2074/2142/1519 1661/2143/514 1684/2144/514 1973/2145/1418
f 1885/2146/1330 1659/2147/514 1658/2148/514 1889/2149/1334
f 1977/2150/1422 1782/2151/1227 2165/2152/1610 2314/2153/1759
f 1790/2154/1235 1637/2155/514 1639/2156/514 1794/2157/1239
f 1794/2157/1239 1639/2156/514 1640/2158/514 1798/2159/1243
f 1798/2160/1243 1640/2158/514 1641/2161/514 1802/2162/1247
f 1802/2163/1247 1641/2161/514 1642/2164/514 1806/2165/1251
f 1806/2165/1251 1642/2164/514 1643/2166/514 1810/2167/1255
f 1810/2168/1255 1643/2166/514 1644/2169/514 1814/2170/1259
f 1814/2171/1259 1644/2169/514 1645/2172/514 1818/2173/1263
f 1818/2174/1263 1645/2172/514 1646/2175/514 1822/2176/1267
f 1822/2176/1267 1646/2175/514 1647/2177/514 1826/2178/1271
f 1785/2179/1230 1878/2180/1323 2213/2181/1658 2170/2182/1615
f 1882/2183/1327 1649/2184/514 1672/2185/514 2069/2186/1514
f 1926/2187/1371 1933/2188/1378 1746/2189/1191 1745/2190/1190
f 1917/2191/1362 1651/2192/514 1650/2193/514 1921/2194/1366
f 1913/2195/1358 1652/2196/514 1651/2192/514 1917/2197/1362
f 1909/2198/1354 1653/2199/514 1652/2196/514 1913/2200/1358
f 1905/2201/1350 1654/2202/514 1653/2199/514 1909/2198/1354
f 1901/2203/1346 1655/2204/514 1654/2202/514 1905/2205/1350
f 1897/2206/1342 1656/2207/514 1655/2204/514 1901/2208/1346
f 1893/2209/1338 1657/2210/514 1656/2207/514 1897/2211/1342
f 1889/2149/1334 1658/2148/514 1657/2210/514 1893/2212/1338
f 2218/2213/1663 2257/2214/1702 1922/2215/1367 1881/2216/1326
f 2113/2217/1558 1662/2218/514 1661/2143/514 2074/2142/1519
f 2118/2219/1563 2125/2220/1570 1758/2221/1203 1757/2222/1202
f 2109/2223/1554 1663/2224/514 1662/2218/514 2113/2225/1558
f 2105/2226/1550 1664/2227/514 1663/2224/514 2109/2228/1554
f 2101/2229/1546 1665/2230/514 1664/2227/514 2105/2231/1550
f 2097/2232/1542 1666/2233/514 1665/2230/514 2101/2234/1546
f 2093/2235/1538 1667/2236/514 1666/2233/514 2097/2232/1542
f 2089/2237/1534 1668/2238/514 1667/2236/514 2093/2235/1538
f 2085/2239/1530 1669/2240/514 1668/2238/514 2089/2241/1534
f 2081/2242/1526 1670/2243/514 1669/2240/514 2085/2239/1530
f 2266/2244/1711 2305/2245/1750 2114/2246/1559 2073/2247/1518
f 2017/2248/1462 1674/2249/514 1673/2115/514 1978/2114/1423
f 2022/2250/1467 2029/2251/1474 1770/2252/1215 1769/2253/1214
f 2013/2254/1458 1675/2255/514 1674/2249/514 2017/2248/1462
f 2009/2256/1454 1676/2257/514 1675/2255/514 2013/2258/1458
f 2005/2259/1450 1677/2260/514 1676/2257/514 2009/2261/1454
f 2001/2262/1446 1678/2263/514 1677/2260/514 2005/2259/1450
f 1997/2264/1442 1679/2265/514 1678/2263/514 2001/2266/1446
f 1993/2267/1438 1680/2268/514 1679/2265/514 1997/2264/1442
f 1989/2269/1434 1681/2270/514 1680/2268/514 1993/2271/1438
f 1985/2272/1430 1682/2273/514 1681/2270/514 1989/2269/1434
f 2073/2274/1518 1974/2275/1419 2309/2276/1754 2266/2244/1711
f 1834/2277/1279 1685/2278/368 1722/2279/368 2021/2280/1466
f 1877/2133/1322 1660/2132/514 1659/2147/514 1885/2281/1330
f 1869/2282/1314 1687/2283/368 1686/2284/368 1873/2285/1318
f 1865/2286/1310 1688/2287/368 1687/2283/368 1869/2288/1314
f 1861/2289/1306 1689/2290/368 1688/2287/368 1865/2291/1310
f 1857/2292/1302 1690/2293/368 1689/2290/368 1861/2294/1306
f 1853/2295/1298 1691/2296/368 1690/2293/368 1857/2297/1302
f 1849/2298/1294 1692/2299/368 1691/2296/368 1853/2295/1298
f 1845/2300/1290 1693/2301/368 1692/2299/368 1849/2298/1294
f 1841/2302/1286 1694/2303/368 1693/2301/368 1845/2300/1290
f 2022/2304/1467 1769/2253/1214 1733/2305/1178 1833/2306/1278
f 1745/2190/1190 2217/2307/1662 2262/2308/1707 1768/2309/1213
f 1767/2123/1212 1768/2309/1213 2262/2310/1707 2270/2311/1715
f 1746/2189/1191 1747/2141/1192 2254/2312/1699 2258/2313/1703
f 1747/2141/1192 1748/2140/1193 2250/2314/1695 2254/2315/1699
f 1748/2140/1193 1749/2316/1194 2246/2317/1691 2250/2318/1695
f 1749/2316/1194 1750/2319/1195 2242/2320/1687 2246/2321/1691
f 1750/2319/1195 1751/2322/1196 2238/2323/1683 2242/2324/1687
f 1751/2322/1196 1752/2325/1197 2234/2326/1679 2238/2327/1683
f 1752/2325/1197 1753/2328/1198 2230/2329/1675 2234/2326/1679
f 1753/2328/1198 1754/2118/1199 2226/2330/1671 2230/2331/1675
f 1745/2190/1190 1746/2189/1191 2258/2332/1703 2217/2333/1662
f 1757/2222/1202 2265/2334/1710 2310/2335/1755 1780/2336/1225
f 1779/2337/1224 1780/2336/1225 2310/2338/1755 2318/2339/1763
f 1758/2221/1203 1759/2340/1204 2302/2341/1747 2306/2342/1751
f 1759/2340/1204 1760/2343/1205 2298/2344/1743 2302/2341/1747
f 1760/2343/1205 1761/2345/1206 2294/2346/1739 2298/2344/1743
f 1761/2345/1206 1762/2347/1207 2290/2348/1735 2294/2349/1739
f 1762/2347/1207 1763/2350/1208 2286/2351/1731 2290/2352/1735
f 1763/2350/1208 1764/2353/1209 2282/2354/1727 2286/2351/1731
f 1764/2353/1209 1765/2355/1210 2278/2356/1723 2282/2357/1727
f 1765/2355/1210 1766/2122/1211 2274/2358/1719 2278/2359/1723
f 1757/2222/1202 1758/2221/1203 2306/2360/1751 2265/2334/1710
f 1778/2361/1223 1779/2337/1224 2318/2362/1763 2322/2363/1767
f 1770/2252/1215 1771/2364/1216 2350/2365/1795 2354/2366/1799
f 1771/2364/1216 1772/2367/1217 2346/2368/1791 2350/2369/1795
f 1772/2367/1217 1773/2370/1218 2342/2371/1787 2346/2372/1791
f 1773/2370/1218 1774/2373/1219 2338/2374/1783 2342/2375/1787
f 1774/2373/1219 1775/2376/1220 2334/2377/1779 2338/2378/1783
f 1775/2376/1220 1776/2379/1221 2330/2380/1775 2334/2381/1779
f 1776/2382/1221 1777/2383/1222 2326/2384/1771 2330/2385/1775
f 1777/2383/1222 1778/2361/1223 2322/2386/1767 2326/2387/1771
f 1769/2253/1214 1770/2252/1215 2354/2388/1799 2313/2389/1758
f 1921/2194/1366 1650/2193/514 1649/2184/514 1882/2390/1327
f 1677/2260/514 2445/2260/514 2444/2257/514 1676/2257/514
f 1829/2391/1274 1696/2392/368 1695/2393/368 1837/2394/1282
f 2333/2395/1778 2329/2396/1774 1994/2397/1439 1998/2398/1443
f 2293/2399/1738 2289/2400/1734 2098/2401/1543 2102/2402/1547
f 2253/2403/1698 2249/2404/1694 1914/2405/1359 1918/2406/1363
f 2314/2407/1759 2353/2408/1798 2018/2409/1463 1977/2410/1422
f 1809/2411/1254 1813/2412/1258 2198/2413/1643 2194/2414/1639
f 2349/2415/1794 2345/2416/1790 2010/2417/1455 2014/2418/1459
f 2077/2419/1522 1671/2420/514 1670/2243/514 2081/2421/1526
f 1826/2178/1271 1647/2177/514 1648/2131/514 1786/2130/1231
f 2273/2422/1718 2269/2423/1714 2078/2424/1523 2082/2425/1527
f 2233/2426/1678 2229/2427/1674 1894/2428/1339 1898/2429/1343
f 1793/2430/1238 1797/2431/1242 2182/2432/1627 2178/2433/1623
f 1825/2434/1270 1785/2435/1230 2170/2182/1615 2210/2436/1655
f 2329/2437/1774 2325/2438/1770 1990/2439/1435 1994/2440/1439
f 2289/2441/1734 2285/2442/1730 2094/2443/1539 2098/2401/1543
f 2249/2444/1694 2245/2445/1690 1910/2446/1355 1914/2447/1359
f 1813/2412/1258 1817/2448/1262 2202/2449/1647 2198/2413/1643
f 2345/2450/1790 2341/2451/1786 2006/2452/1451 2010/2453/1455
f 2305/2245/1750 2301/2454/1746 2110/2455/1555 2114/2456/1559
f 2269/2457/1714 2261/2458/1706 2070/2459/1515 2078/2460/1523
f 2229/2461/1674 2225/2462/1670 1890/2463/1335 1894/2464/1339
f 1797/2465/1242 1801/2466/1246 2186/2467/1631 2182/2468/1627
f 2325/2469/1770 2321/2470/1766 1986/2471/1431 1990/2472/1435
f 2285/2473/1730 2281/2474/1726 2090/2475/1535 2094/2443/1539
f 2245/2476/1690 2241/2477/1686 1906/2478/1351 1910/2479/1355
f 1817/2480/1262 1821/2481/1266 2206/2482/1651 2202/2483/1647
f 2341/2484/1786 2337/2485/1782 2002/2486/1447 2006/2487/1451
f 2301/2454/1746 2297/2488/1742 2106/2489/1551 2110/2455/1555
f 1881/2490/1326 2070/2459/1515 2261/2491/1706 2218/2492/1663
f 2225/2493/1670 2221/2494/1666 1886/2495/1331 1890/2496/1335
f 1801/2497/1246 1805/2498/1250 2190/2499/1635 2186/2500/1631
f 1981/2501/1426 1683/2502/514 1682/2273/514 1985/2272/1430
f 2321/2503/1766 2317/2504/1762 1982/2505/1427 1986/2506/1431
f 2281/2507/1726 2277/2508/1722 2086/2509/1531 2090/2510/1535
f 2241/2511/1686 2237/2512/1682 1902/2513/1347 1906/2514/1351
f 1821/2481/1266 1825/2515/1270 2210/2516/1655 2206/2482/1651
f 2337/2517/1782 2333/2395/1778 1998/2518/1443 2002/2519/1447
f 2297/2520/1742 2293/2399/1738 2102/2402/1547 2106/2521/1551
f 2257/2522/1702 2253/2523/1698 1918/2524/1363 1922/2525/1367
f 2221/2494/1666 2213/2181/1658 1878/2526/1323 1886/2527/1331
f 1805/2528/1250 1809/2529/1254 2194/2530/1639 2190/2531/1635
f 2353/2532/1798 2349/2533/1794 2014/2418/1459 2018/2534/1463
f 2317/2504/1762 2309/2276/1754 1974/2535/1419 1982/2536/1427
f 1782/2151/1227 1789/2537/1234 2174/2538/1619 2165/2539/1610
f 1789/2540/1234 1793/2541/1238 2178/2542/1623 2174/2543/1619
f 2277/2544/1722 2273/2545/1718 2082/2425/1527 2086/2509/1531
f 2237/2546/1682 2233/2547/1678 1898/2548/1343 1902/2549/1347
f 1701/2550/368 2373/2550/368 2374/2551/368 1702/2551/368
f 2137/2552/1582 2141/2553/1586 1762/2347/1207 1761/2345/1206
f 2049/2554/1494 2053/2555/1498 1776/2379/1221 1775/2376/1220
f 1739/2556/1184 1740/2557/1185 1850/2558/1295 1854/2559/1299
f 1965/2560/1410 1969/2561/1414 1755/2119/1200 1754/2118/1199
f 2125/2562/1570 2129/2563/1574 1759/2340/1204 1758/2221/1203
f 1837/2564/1282 1695/2393/368 1694/2303/368 1841/2565/1286
f 1941/2566/1386 1945/2567/1390 1749/2316/1194 1748/2140/1193
f 2141/2568/1586 2145/2569/1590 1763/2350/1208 1762/2347/1207
f 2053/2570/1498 2057/2571/1502 1777/2383/1222 1776/2382/1221
f 1740/2557/1185 1741/2572/1186 1846/2573/1291 1850/2574/1295
f 1973/2145/1418 1684/2144/514 1683/2502/514 1981/2501/1426
f 2065/2575/1510 2025/2576/1470 1780/2336/1225 1779/2337/1224
f 1734/2129/1179 1735/2128/1180 1870/2577/1315 1874/2578/1319
f 1945/2579/1390 1949/2580/1394 1750/2319/1195 1749/2316/1194
f 2145/2581/1590 2149/2582/1594 1764/2353/1209 1763/2350/1208
f 2057/2583/1502 2061/2584/1506 1778/2361/1223 1777/2383/1222
f 1741/2572/1186 1742/2585/1187 1842/2586/1287 1846/2587/1291
f 1933/2588/1378 1937/2589/1382 1747/2141/1192 1746/2189/1191
f 1743/2137/1188 1744/2136/1189 1830/2590/1275 1838/2591/1283
f 2033/2592/1478 2037/2593/1482 1772/2367/1217 1771/2364/1216
f 1735/2128/1180 1736/2594/1181 1866/2595/1311 1870/2596/1315
f 2066/2597/1511 1731/2598/368 1732/2599/368 2026/2600/1471
f 1949/2601/1394 1953/2602/1398 1751/2322/1196 1750/2319/1195
f 2149/2603/1594 2153/2604/1598 1765/2355/1210 1764/2353/1209
f 2061/2605/1506 2065/2606/1510 1779/2337/1224 1778/2361/1223
f 1742/2585/1187 1743/2137/1188 1838/2607/1283 1842/2608/1287
f 2161/2609/1606 2121/2610/1566 1768/2309/1213 1767/2123/1212
f 1969/2611/1414 1929/2612/1374 1756/2613/1201 1755/2119/1200
f 2037/2614/1482 2041/2615/1486 1773/2370/1218 1772/2367/1217
f 1736/2594/1181 1737/2616/1182 1862/2617/1307 1866/2618/1311
f 1873/2285/1318 1686/2284/368 1685/2278/368 1834/2277/1279
f 1953/2619/1398 1957/2620/1402 1752/2325/1197 1751/2322/1196
f 2153/2621/1598 2157/2622/1602 1766/2122/1211 1765/2355/1210
f 2069/2623/1514 1672/2185/514 1671/2420/514 2077/2419/1522
f 1830/2624/1275 1744/2136/1189 1756/2613/1201 1929/2612/1374
f 2129/2625/1574 2133/2626/1578 1760/2343/1205 1759/2340/1204
f 2041/2627/1486 2045/2628/1490 1774/2373/1219 1773/2370/1218
f 1737/2616/1182 1738/2629/1183 1858/2630/1303 1862/2631/1307
f 1957/2632/1402 1961/2633/1406 1753/2328/1198 1752/2325/1197
f 2157/2622/1602 2161/2634/1606 1767/2123/1212 1766/2122/1211
f 2029/2635/1474 2033/2636/1478 1771/2364/1216 1770/2252/1215
f 1926/2187/1371 1745/2190/1190 1768/2309/1213 2121/2610/1566
f 2133/2637/1578 2137/2638/1582 1761/2345/1206 1760/2343/1205
f 2045/2639/1490 2049/2640/1494 1775/2376/1220 1774/2373/1219
f 1738/2629/1183 1739/2556/1184 1854/2641/1299 1858/2642/1303
f 1961/2643/1406 1965/2644/1410 1754/2118/1199 1753/2328/1198
f 2166/2645/1611 2173/2646/1618 1734/2129/1179 1733/2305/1178
f 2118/2647/1563 1757/2222/1202 1780/2336/1225 2025/2576/1470
f 2062/2648/1507 1730/2649/368 1731/2598/368 2066/2597/1511
f 2058/2650/1503 1729/2651/368 1730/2649/368 2062/2648/1507
f 2054/2652/1499 1728/2653/368 1729/2651/368 2058/2650/1503
f 2050/2654/1495 1727/2655/368 1728/2653/368 2054/2656/1499
f 2046/2657/1491 1726/2658/368 1727/2655/368 2050/2654/1495
f 2042/2659/1487 1725/2660/368 1726/2658/368 2046/2661/1491
f 2038/2662/1483 1724/2663/368 1725/2660/368 2042/2659/1487
f 2034/2664/1479 1723/2665/368 1724/2663/368 2038/2666/1483
f 2030/2667/1475 1721/2668/368 1723/2665/368 2034/2669/1479
f 2021/2280/1466 1722/2279/368 1721/2668/368 2030/2667/1475
f 2162/2670/1607 1719/2671/368 1720/2672/368 2122/2673/1567
f 2158/2674/1603 1718/2675/368 1719/2671/368 2162/2670/1607
f 2154/2676/1599 1717/2677/368 1718/2675/368 2158/2674/1603
f 2150/2678/1595 1716/2679/368 1717/2677/368 2154/2676/1599
f 2146/2680/1591 1715/2681/368 1716/2679/368 2150/2678/1595
f 2142/2682/1587 1714/2683/368 1715/2681/368 2146/2680/1591
f 2138/2684/1583 1713/2685/368 1714/2683/368 2142/2682/1587
f 2134/2686/1579 1712/2687/368 1713/2685/368 2138/2688/1583
f 2130/2689/1575 1711/2690/368 1712/2687/368 2134/2686/1579
f 2126/2691/1571 1709/2692/368 1711/2690/368 2130/2689/1575
f 2117/2693/1562 1710/2694/368 1709/2692/368 2126/2691/1571
f 1970/2695/1415 1707/2696/368 1708/2697/368 1930/2698/1375
f 1966/2699/1411 1706/2700/368 1707/2696/368 1970/2695/1415
f 1962/2701/1407 1705/2702/368 1706/2700/368 1966/2699/1411
f 1958/2703/1403 1704/2704/368 1705/2702/368 1962/2701/1407
f 1954/2705/1399 1703/2706/368 1704/2704/368 1958/2707/1403
f 1950/2708/1395 1702/2551/368 1703/2706/368 1954/2705/1399
f 1946/2709/1391 1701/2550/368 1702/2551/368 1950/2708/1395
f 1942/2710/1387 1700/2711/368 1701/2550/368 1946/2712/1391
f 1938/2713/1383 1699/2714/368 1700/2711/368 1942/2710/1387
f 1934/2715/1379 1697/2716/368 1699/2714/368 1938/2717/1383
f 1925/2718/1370 1698/2719/368 1697/2716/368 1934/2715/1379
f 1744/2136/1189 2169/2135/1614 2214/2720/1659 1756/2613/1201
f 1755/2119/1200 1756/2613/1201 2214/2721/1659 2222/2722/1667
f 2205/2723/1650 2209/2724/1654 1743/2137/1188 1742/2585/1187
f 2201/2725/1646 2205/2726/1650 1742/2585/1187 1741/2572/1186
f 2197/2727/1642 2201/2728/1646 1741/2572/1186 1740/2557/1185
f 2193/2729/1638 2197/2730/1642 1740/2557/1185 1739/2556/1184
f 2189/2731/1634 2193/2729/1638 1739/2556/1184 1738/2629/1183
f 2185/2732/1630 2189/2733/1634 1738/2629/1183 1737/2616/1182
f 2181/2734/1626 2185/2735/1630 1737/2616/1182 1736/2594/1181
f 2177/2127/1622 2181/2736/1626 1736/2594/1181 1735/2128/1180
f 1769/2253/1214 2313/2737/1758 2166/2738/1611 1733/2305/1178
f 1733/2305/1178 1734/2129/1179 1874/2739/1319 1833/2306/1278
f 1930/2740/1375 1708/2697/368 1696/2392/368 1829/2391/1274
f 2026/2600/1471 1732/2599/368 1710/2694/368 2117/2693/1562
f 2122/2673/1567 1720/2672/368 1698/2719/368 1925/2718/1370
f 1790/2741/1235 1792/2742/1237 1783/2743/1228 1781/2117/1226
f 1792/2742/1237 1791/2744/1236 1784/2745/1229 1783/2743/1228
f 1791/2746/1236 1789/2537/1234 1782/2151/1227 1784/2747/1229
f 2166/2645/1611 2168/2748/1613 2175/2749/1620 2173/2646/1618
f 2168/2748/1613 2167/2750/1612 2176/2751/1621 2175/2749/1620
f 2167/2750/1612 2165/2539/1610 2174/2538/1619 2176/2751/1621
f 1794/2157/1239 1796/2752/1241 1792/2742/1237 1790/2154/1235
f 1796/2752/1241 1795/2753/1240 1791/2754/1236 1792/2742/1237
f 1795/2755/1240 1793/2541/1238 1789/2540/1234 1791/2756/1236
f 2173/2126/1618 2175/2749/1620 2179/2757/1624 2177/2127/1622
f 2175/2749/1620 2176/2751/1621 2180/2758/1625 2179/2757/1624
f 2176/2751/1621 2174/2543/1619 2178/2542/1623 2180/2758/1625
f 1798/2159/1243 1800/2759/1245 1796/2760/1241 1794/2157/1239
f 1800/2759/1245 1799/2761/1244 1795/2762/1240 1796/2760/1241
f 1799/2763/1244 1797/2431/1242 1793/2430/1238 1795/2764/1240
f 2177/2127/1622 2179/2757/1624 2183/2765/1628 2181/2736/1626
f 2179/2757/1624 2180/2758/1625 2184/2766/1629 2183/2765/1628
f 2180/2758/1625 2178/2433/1623 2182/2432/1627 2184/2766/1629
f 1802/2162/1247 1804/2767/1249 1800/2768/1245 1798/2160/1243
f 1804/2767/1249 1803/2769/1248 1799/2770/1244 1800/2768/1245
f 1803/2771/1248 1801/2466/1246 1797/2465/1242 1799/2772/1244
f 2181/2734/1626 2183/2765/1628 2187/2773/1632 2185/2735/1630
f 2183/2765/1628 2184/2766/1629 2188/2774/1633 2187/2773/1632
f 2184/2766/1629 2182/2468/1627 2186/2467/1631 2188/2774/1633
f 1806/2165/1251 1808/2775/1253 1804/2776/1249 1802/2163/1247
f 1808/2775/1253 1807/2777/1252 1803/2778/1248 1804/2776/1249
f 1807/2779/1252 1805/2498/1250 1801/2497/1246 1803/2780/1248
f 2185/2732/1630 2187/2773/1632 2191/2781/1636 2189/2733/1634
f 2187/2773/1632 2188/2774/1633 2192/2782/1637 2191/2781/1636
f 2188/2774/1633 2186/2500/1631 2190/2499/1635 2192/2782/1637
f 1810/2167/1255 1812/2783/1257 1808/2775/1253 1806/2165/1251
f 1812/2783/1257 1811/2784/1256 1807/2785/1252 1808/2775/1253
f 1811/2786/1256 1809/2529/1254 1805/2528/1250 1807/2787/1252
f 2189/2731/1634 2191/2781/1636 2195/2788/1640 2193/2729/1638
f 2191/2781/1636 2192/2782/1637 2196/2789/1641 2195/2788/1640
f 2192/2782/1637 2190/2531/1635 2194/2530/1639 2196/2789/1641
f 1814/2170/1259 1816/2790/1261 1812/2791/1257 1810/2168/1255
f 1816/2790/1261 1815/2792/1260 1811/2793/1256 1812/2791/1257
f 1815/2794/1260 1813/2412/1258 1809/2411/1254 1811/2795/1256
f 2193/2729/1638 2195/2788/1640 2199/2796/1644 2197/2730/1642
f 2195/2788/1640 2196/2789/1641 2200/2797/1645 2199/2796/1644
f 2196/2789/1641 2194/2414/1639 2198/2413/1643 2200/2797/1645
f 1818/2173/1263 1820/2798/1265 1816/2799/1261 1814/2171/1259
f 1820/2798/1265 1819/2800/1264 1815/2801/1260 1816/2799/1261
f 1819/2802/1264 1817/2448/1262 1813/2412/1258 1815/2803/1260
f 2197/2727/1642 2199/2796/1644 2203/2804/1648 2201/2728/1646
f 2199/2796/1644 2200/2797/1645 2204/2805/1649 2203/2804/1648
f 2200/2797/1645 2198/2413/1643 2202/2449/1647 2204/2805/1649
f 1822/2176/1267 1824/2806/1269 1820/2807/1265 1818/2174/1263
f 1824/2806/1269 1823/2808/1268 1819/2809/1264 1820/2807/1265
f 1823/2810/1268 1821/2481/1266 1817/2480/1262 1819/2811/1264
f 2201/2725/1646 2203/2804/1648 2207/2812/1652 2205/2726/1650
f 2203/2804/1648 2204/2805/1649 2208/2813/1653 2207/2812/1652
f 2204/2805/1649 2202/2483/1647 2206/2482/1651 2208/2813/1653
f 1826/2178/1271 1828/2814/1273 1824/2806/1269 1822/2176/1267
f 1828/2814/1273 1827/2815/1272 1823/2816/1268 1824/2806/1269
f 1827/2817/1272 1825/2515/1270 1821/2481/1266 1823/2818/1268
f 2205/2723/1650 2207/2812/1652 2211/2819/1656 2209/2724/1654
f 2207/2812/1652 2208/2813/1653 2212/2820/1657 2211/2819/1656
f 2208/2813/1653 2206/2482/1651 2210/2516/1655 2212/2820/1657
f 1786/2130/1231 1788/2821/1233 1828/2822/1273 1826/2178/1271
f 1788/2821/1233 1787/2823/1232 1827/2824/1272 1828/2822/1273
f 1787/2825/1232 1785/2435/1230 1825/2434/1270 1827/2826/1272
f 2209/2134/1654 2211/2819/1656 2171/2827/1616 2169/2135/1614
f 2211/2819/1656 2212/2820/1657 2172/2828/1617 2171/2827/1616
f 2212/2820/1657 2210/2436/1655 2170/2182/1615 2172/2828/1617
f 2258/2332/1703 2260/2829/1705 2219/2830/1664 2217/2333/1662
f 2260/2829/1705 2259/2831/1704 2220/2832/1665 2219/2830/1664
f 2259/2831/1704 2257/2214/1702 2218/2213/1663 2220/2832/1665
f 1882/2390/1327 1884/2833/1329 1923/2834/1368 1921/2194/1366
f 1884/2833/1329 1883/2835/1328 1924/2836/1369 1923/2834/1368
f 1883/2837/1328 1881/2216/1326 1922/2215/1367 1924/2838/1369
f 2254/2312/1699 2256/2839/1701 2260/2829/1705 2258/2313/1703
f 2256/2839/1701 2255/2840/1700 2259/2831/1704 2260/2829/1705
f 2255/2840/1700 2253/2523/1698 2257/2522/1702 2259/2831/1704
f 1921/2194/1366 1923/2834/1368 1919/2841/1364 1917/2191/1362
f 1923/2834/1368 1924/2842/1369 1920/2843/1365 1919/2841/1364
f 1924/2844/1369 1922/2525/1367 1918/2524/1363 1920/2845/1365
f 2250/2314/1695 2252/2846/1697 2256/2839/1701 2254/2315/1699
f 2252/2846/1697 2251/2847/1696 2255/2840/1700 2256/2839/1701
f 2251/2847/1696 2249/2404/1694 2253/2403/1698 2255/2840/1700
f 1917/2197/1362 1919/2848/1364 1915/2849/1360 1913/2195/1358
f 1919/2848/1364 1920/2850/1365 1916/2851/1361 1915/2849/1360
f 1920/2852/1365 1918/2406/1363 1914/2405/1359 1916/2853/1361
f 2246/2317/1691 2248/2854/1693 2252/2846/1697 2250/2318/1695
f 2248/2854/1693 2247/2855/1692 2251/2847/1696 2252/2846/1697
f 2247/2855/1692 2245/2445/1690 2249/2444/1694 2251/2847/1696
f 1913/2200/1358 1915/2849/1360 1911/2856/1356 1909/2198/1354
f 1915/2849/1360 1916/2857/1361 1912/2858/1357 1911/2856/1356
f 1916/2859/1361 1914/2447/1359 1910/2446/1355 1912/2860/1357
f 2242/2320/1687 2244/2861/1689 2248/2854/1693 2246/2321/1691
f 2244/2861/1689 2243/2862/1688 2247/2855/1692 2248/2854/1693
f 2243/2862/1688 2241/2477/1686 2245/2476/1690 2247/2855/1692
f 1909/2198/1354 1911/2863/1356 1907/2864/1352 1905/2201/1350
f 1911/2863/1356 1912/2865/1357 1908/2866/1353 1907/2864/1352
f 1912/2867/1357 1910/2479/1355 1906/2478/1351 1908/2868/1353
f 2238/2323/1683 2240/2869/1685 2244/2861/1689 2242/2324/1687
f 2240/2869/1685 2239/2870/1684 2243/2862/1688 2244/2861/1689
f 2239/2870/1684 2237/2512/1682 2241/2511/1686 2243/2862/1688
f 1905/2205/1350 1907/2871/1352 1903/2872/1348 1901/2203/1346
f 1907/2871/1352 1908/2873/1353 1904/2874/1349 1903/2872/1348
f 1908/2875/1353 1906/2514/1351 1902/2513/1347 1904/2876/1349
f 2234/2326/1679 2236/2877/1681 2240/2869/1685 2238/2327/1683
f 2236/2877/1681 2235/2878/1680 2239/2870/1684 2240/2869/1685
f 2235/2878/1680 2233/2547/1678 2237/2546/1682 2239/2870/1684
f 1901/2208/1346 1903/2872/1348 1899/2879/1344 1897/2206/1342
f 1903/2872/1348 1904/2880/1349 1900/2881/1345 1899/2879/1344
f 1904/2882/1349 1902/2549/1347 1898/2548/1343 1900/2883/1345
f 2230/2329/1675 2232/2884/1677 2236/2877/1681 2234/2326/1679
f 2232/2884/1677 2231/2885/1676 2235/2878/1680 2236/2877/1681
f 2231/2885/1676 2229/2427/1674 2233/2426/1678 2235/2878/1680
f 1897/2211/1342 1899/2886/1344 1895/2887/1340 1893/2209/1338
f 1899/2886/1344 1900/2888/1345 1896/2889/1341 1895/2887/1340
f 1900/2890/1345 1898/2429/1343 1894/2428/1339 1896/2891/1341
f 2226/2330/1671 2228/2892/1673 2232/2884/1677 2230/2331/1675
f 2228/2892/1673 2227/2893/1672 2231/2885/1676 2232/2884/1677
f 2227/2893/1672 2225/2462/1670 2229/2461/1674 2231/2885/1676
f 1893/2212/1338 1895/2894/1340 1891/2895/1336 1889/2149/1334
f 1895/2894/1340 1896/2896/1341 1892/2897/1337 1891/2895/1336
f 1896/2898/1341 1894/2464/1339 1890/2463/1335 1892/2899/1337
f 2222/2120/1667 2224/2900/1669 2228/2892/1673 2226/2121/1671
f 2224/2900/1669 2223/2901/1668 2227/2893/1672 2228/2892/1673
f 2223/2901/1668 2221/2494/1666 2225/2493/1670 2227/2893/1672
f 1889/2149/1334 1891/2902/1336 1887/2903/1332 1885/2146/1330
f 1891/2902/1336 1892/2904/1337 1888/2905/1333 1887/2903/1332
f 1892/2906/1337 1890/2496/1335 1886/2495/1331 1888/2907/1333
f 2214/2721/1659 2216/2908/1661 2224/2900/1669 2222/2722/1667
f 2216/2908/1661 2215/2909/1660 2223/2901/1668 2224/2900/1669
f 2215/2909/1660 2213/2181/1658 2221/2494/1666 2223/2901/1668
f 1885/2281/1330 1887/2910/1332 1879/2911/1324 1877/2133/1322
f 1887/2910/1332 1888/2912/1333 1880/2913/1325 1879/2911/1324
f 1888/2914/1333 1886/2527/1331 1878/2526/1323 1880/2915/1325
f 2306/2360/1751 2308/2916/1753 2267/2917/1712 2265/2334/1710
f 2308/2916/1753 2307/2918/1752 2268/2919/1713 2267/2917/1712
f 2307/2918/1752 2305/2245/1750 2266/2244/1711 2268/2919/1713
f 2074/2142/1519 2076/2920/1521 2115/2921/1560 2113/2217/1558
f 2076/2920/1521 2075/2922/1520 2116/2923/1561 2115/2921/1560
f 2075/2924/1520 2073/2247/1518 2114/2246/1559 2116/2925/1561
f 2302/2341/1747 2304/2926/1749 2308/2916/1753 2306/2342/1751
f 2304/2926/1749 2303/2927/1748 2307/2918/1752 2308/2916/1753
f 2303/2927/1748 2301/2454/1746 2305/2245/1750 2307/2918/1752
f 2113/2225/1558 2115/2928/1560 2111/2929/1556 2109/2223/1554
f 2115/2928/1560 2116/2930/1561 2112/2931/1557 2111/2929/1556
f 2116/2932/1561 2114/2456/1559 2110/2455/1555 2112/2933/1557
f 2298/2344/1743 2300/2934/1745 2304/2926/1749 2302/2341/1747
f 2300/2934/1745 2299/2935/1744 2303/2927/1748 2304/2926/1749
f 2299/2935/1744 2297/2488/1742 2301/2454/1746 2303/2927/1748
f 2109/2228/1554 2111/2929/1556 2107/2936/1552 2105/2226/1550
f 2111/2929/1556 2112/2937/1557 2108/2938/1553 2107/2936/1552
f 2112/2939/1557 2110/2455/1555 2106/2489/1551 2108/2940/1553
f 2294/2346/1739 2296/2941/1741 2300/2934/1745 2298/2344/1743
f 2296/2941/1741 2295/2942/1740 2299/2935/1744 2300/2934/1745
f 2295/2942/1740 2293/2399/1738 2297/2520/1742 2299/2935/1744
f 2105/2231/1550 2107/2943/1552 2103/2944/1548 2101/2229/1546
f 2107/2943/1552 2108/2945/1553 2104/2946/1549 2103/2944/1548
f 2108/2947/1553 2106/2521/1551 2102/2402/1547 2104/2948/1549
f 2290/2348/1735 2292/2949/1737 2296/2941/1741 2294/2349/1739
f 2292/2949/1737 2291/2950/1736 2295/2942/1740 2296/2941/1741
f 2291/2950/1736 2289/2400/1734 2293/2399/1738 2295/2942/1740
f 2101/2234/1546 2103/2944/1548 2099/2951/1544 2097/2232/1542
f 2103/2944/1548 2104/2952/1549 2100/2953/1545 2099/2951/1544
f 2104/2954/1549 2102/2402/1547 2098/2401/1543 2100/2955/1545
f 2286/2351/1731 2288/2956/1733 2292/2949/1737 2290/2352/1735
f 2288/2956/1733 2287/2957/1732 2291/2950/1736 2292/2949/1737
f 2287/2957/1732 2285/2442/1730 2289/2441/1734 2291/2950/1736
f 2097/2232/1542 2099/2958/1544 2095/2959/1540 2093/2235/1538
f 2099/2958/1544 2100/2960/1545 2096/2961/1541 2095/2959/1540
f 2100/2962/1545 2098/2401/1543 2094/2443/1539 2096/2963/1541
f 2282/2354/1727 2284/2964/1729 2288/2956/1733 2286/2351/1731
f 2284/2964/1729 2283/2965/1728 2287/2957/1732 2288/2956/1733
f 2283/2965/1728 2281/2474/1726 2285/2473/1730 2287/2957/1732
f 2093/2235/1538 2095/2966/1540 2091/2967/1536 2089/2237/1534
f 2095/2966/1540 2096/2968/1541 2092/2969/1537 2091/2967/1536
f 2096/2970/1541 2094/2443/1539 2090/2475/1535 2092/2971/1537
f 2278/2356/1723 2280/2972/1725 2284/2964/1729 2282/2357/1727
f 2280/2972/1725 2279/2973/1724 2283/2965/1728 2284/2964/1729
f 2279/2973/1724 2277/2508/1722 2281/2507/1726 2283/2965/1728
f 2089/2241/1534 2091/2974/1536 2087/2975/1532 2085/2239/1530
f 2091/2974/1536 2092/2976/1537 2088/2977/1533 2087/2975/1532
f 2092/2978/1537 2090/2510/1535 2086/2509/1531 2088/2979/1533
f 2274/2358/1719 2276/2980/1721 2280/2972/1725 2278/2359/1723
f 2276/2980/1721 2275/2981/1720 2279/2973/1724 2280/2972/1725
f 2275/2981/1720 2273/2545/1718 2277/2544/1722 2279/2973/1724
f 2085/2239/1530 2087/2982/1532 2083/2983/1528 2081/2242/1526
f 2087/2982/1532 2088/2984/1533 2084/2985/1529 2083/2983/1528
f 2088/2986/1533 2086/2509/1531 2082/2425/1527 2084/2987/1529
f 2270/2124/1715 2272/2988/1717 2276/2980/1721 2274/2125/1719
f 2272/2988/1717 2271/2989/1716 2275/2981/1720 2276/2980/1721
f 2271/2989/1716 2269/2423/1714 2273/2422/1718 2275/2981/1720
f 2081/2421/1526 2083/2990/1528 2079/2991/1524 2077/2419/1522
f 2083/2990/1528 2084/2992/1529 2080/2993/1525 2079/2991/1524
f 2084/2994/1529 2082/2425/1527 2078/2424/1523 2080/2995/1525
f 2262/2310/1707 2264/2996/1709 2272/2988/1717 2270/2311/1715
f 2264/2996/1709 2263/2997/1708 2271/2989/1716 2272/2988/1717
f 2263/2997/1708 2261/2458/1706 2269/2457/1714 2271/2989/1716
f 2077/2419/1522 2079/2998/1524 2071/2999/1516 2069/2623/1514
f 2079/2998/1524 2080/3000/1525 2072/3001/1517 2071/2999/1516
f 2080/3002/1525 2078/2460/1523 2070/2459/1515 2072/3003/1517
f 2354/2388/1799 2356/3004/1801 2315/3005/1760 2313/2389/1758
f 2356/3004/1801 2355/3006/1800 2316/3007/1761 2315/3005/1760
f 2355/3006/1800 2353/2408/1798 2314/2407/1759 2316/3007/1761
f 1978/2114/1423 1980/3008/1425 2019/3009/1464 2017/2248/1462
f 1980/3008/1425 1979/3010/1424 2020/3011/1465 2019/3009/1464
f 1979/3012/1424 1977/2410/1422 2018/2409/1463 2020/3013/1465
f 2350/2365/1795 2352/3014/1797 2356/3004/1801 2354/2366/1799
f 2352/3014/1797 2351/3015/1796 2355/3006/1800 2356/3004/1801
f 2351/3015/1796 2349/2533/1794 2353/2532/1798 2355/3006/1800
f 2017/2248/1462 2019/3009/1464 2015/3016/1460 2013/2254/1458
f 2019/3009/1464 2020/3017/1465 2016/3018/1461 2015/3016/1460
f 2020/3019/1465 2018/2534/1463 2014/2418/1459 2016/3020/1461
f 2346/2368/1791 2348/3021/1793 2352/3014/1797 2350/2369/1795
f 2348/3021/1793 2347/3022/1792 2351/3015/1796 2352/3014/1797
f 2347/3022/1792 2345/2416/1790 2349/2415/1794 2351/3015/1796
f 2013/2258/1458 2015/3023/1460 2011/3024/1456 2009/2256/1454
f 2015/3023/1460 2016/3025/1461 2012/3026/1457 2011/3024/1456
f 2016/3027/1461 2014/2418/1459 2010/2417/1455 2012/3028/1457
f 2342/2371/1787 2344/3029/1789 2348/3021/1793 2346/2372/1791
f 2344/3029/1789 2343/3030/1788 2347/3022/1792 2348/3021/1793
f 2343/3030/1788 2341/2451/1786 2345/2450/1790 2347/3022/1792
f 2009/2261/1454 2011/3024/1456 2007/3031/1452 2005/2259/1450
f 2011/3024/1456 2012/3032/1457 2008/3033/1453 2007/3031/1452
f 2012/3034/1457 2010/2453/1455 2006/2452/1451 2008/3035/1453
f 2338/2374/1783 2340/3036/1785 2344/3029/1789 2342/2375/1787
f 2340/3036/1785 2339/3037/1784 2343/3030/1788 2344/3029/1789
f 2339/3037/1784 2337/2485/1782 2341/2484/1786 2343/3030/1788
f 2005/2259/1450 2007/3031/1452 2003/3038/1448 2001/2262/1446
f 2007/3031/1452 2008/3039/1453 2004/3040/1449 2003/3038/1448
f 2008/3041/1453 2006/2487/1451 2002/2486/1447 2004/3042/1449
f 2334/2377/1779 2336/3043/1781 2340/3036/1785 2338/2378/1783
f 2336/3043/1781 2335/3044/1780 2339/3037/1784 2340/3036/1785
f 2335/3044/1780 2333/2395/1778 2337/2517/1782 2339/3037/1784
f 2001/2266/1446 2003/3045/1448 1999/3046/1444 1997/2264/1442
f 2003/3045/1448 2004/3047/1449 2000/3048/1445 1999/3046/1444
f 2004/3049/1449 2002/2519/1447 1998/2518/1443 2000/3050/1445
f 2330/2380/1775 2332/3051/1777 2336/3043/1781 2334/2381/1779
f 2332/3051/1777 2331/3052/1776 2335/3044/1780 2336/3043/1781
f 2331/3052/1776 2329/2396/1774 2333/2395/1778 2335/3044/1780
f 1997/2264/1442 1999/3053/1444 1995/3054/1440 1993/2267/1438
f 1999/3053/1444 2000/3055/1445 1996/3056/1441 1995/3054/1440
f 2000/3057/1445 1998/2398/1443 1994/2397/1439 1996/3058/1441
f 2326/2384/1771 2328/3059/1773 2332/3060/1777 2330/2385/1775
f 2328/3059/1773 2327/3061/1772 2331/3062/1776 2332/3060/1777
f 2327/3061/1772 2325/2438/1770 2329/2437/1774 2331/3062/1776
f 1993/2271/1438 1995/3063/1440 1991/3064/1436 1989/2269/1434
f 1995/3063/1440 1996/3065/1441 1992/3066/1437 1991/3064/1436
f 1996/3067/1441 1994/2440/1439 1990/2439/1435 1992/3068/1437
f 2322/2386/1767 2324/3069/1769 2328/3059/1773 2326/2387/1771
f 2324/3069/1769 2323/3070/1768 2327/3061/1772 2328/3059/1773
f 2323/3070/1768 2321/2470/1766 2325/2469/1770 2327/3061/1772
f 1989/2269/1434 1991/3071/1436 1987/3072/1432 1985/2272/1430
f 1991/3071/1436 1992/3073/1437 1988/3074/1433 1987/3072/1432
f 1992/3075/1437 1990/2472/1435 1986/2471/1431 1988/3076/1433
f 2318/2362/1763 2320/3077/1765 2324/3069/1769 2322/2363/1767
f 2320/3077/1765 2319/3078/1764 2323/3070/1768 2324/3069/1769
f 2319/3078/1764 2317/2504/1762 2321/2503/1766 2323/3070/1768
f 1985/2272/1430 1987/3072/1432 1983/3079/1428 1981/2501/1426
f 1987/3072/1432 1988/3080/1433 1984/3081/1429 1983/3079/1428
f 1988/3082/1433 1986/2506/1431 1982/2505/1427 1984/3083/1429
f 2310/2338/1755 2312/3084/1757 2320/3077/1765 2318/2339/1763
f 2312/3084/1757 2311/3085/1756 2319/3078/1764 2320/3077/1765
f 2311/3085/1756 2309/2276/1754 2317/2504/1762 2319/3078/1764
f 1981/2501/1426 1983/3079/1428 1975/3086/1420 1973/2145/1418
f 1983/3079/1428 1984/3087/1429 1976/3088/1421 1975/3086/1420
f 1984/3089/1429 1982/2536/1427 1974/2535/1419 1976/3090/1421
f 1834/2277/1279 1836/3091/1281 1875/3092/1320 1873/2285/1318
f 1836/3091/1281 1835/3093/1280 1876/3094/1321 1875/3092/1320
f 1835/3095/1280 1833/2306/1278 1874/2739/1319 1876/3096/1321
f 1873/2285/1318 1875/3097/1320 1871/3098/1316 1869/2282/1314
f 1875/3097/1320 1876/3099/1321 1872/3100/1317 1871/3098/1316
f 1876/3101/1321 1874/2578/1319 1870/2577/1315 1872/3102/1317
f 1869/2288/1314 1871/3103/1316 1867/3104/1312 1865/2286/1310
f 1871/3103/1316 1872/3105/1317 1868/3106/1313 1867/3104/1312
f 1872/3107/1317 1870/2596/1315 1866/2595/1311 1868/3108/1313
f 1865/2291/1310 1867/3109/1312 1863/3110/1308 1861/2289/1306
f 1867/3109/1312 1868/3111/1313 1864/3112/1309 1863/3110/1308
f 1868/3113/1313 1866/2618/1311 1862/2617/1307 1864/3114/1309
f 1861/2294/1306 1863/3115/1308 1859/3116/1304 1857/2292/1302
f 1863/3115/1308 1864/3117/1309 1860/3118/1305 1859/3116/1304
f 1864/3119/1309 1862/2631/1307 1858/2630/1303 1860/3120/1305
f 1857/2297/1302 1859/3121/1304 1855/3122/1300 1853/2295/1298
f 1859/3121/1304 1860/3118/1305 1856/3123/1301 1855/3122/1300
f 1860/3124/1305 1858/2642/1303 1854/2641/1299 1856/3125/1301
f 1853/2295/1298 1855/3126/1300 1851/3127/1296 1849/2298/1294
f 1855/3126/1300 1856/3128/1301 1852/3129/1297 1851/3127/1296
f 1856/3130/1301 1854/2559/1299 1850/2558/1295 1852/3131/1297
f 1849/2298/1294 1851/3127/1296 1847/3132/1292 1845/2300/1290
f 1851/3127/1296 1852/3133/1297 1848/3134/1293 1847/3132/1292
f 1852/3135/1297 1850/2574/1295 1846/2573/1291 1848/3136/1293
f 1845/2300/1290 1847/3137/1292 1843/3138/1288 1841/2302/1286
f 1847/3137/1292 1848/3139/1293 1844/3140/1289 1843/3138/1288
f 1848/3141/1293 1846/2587/1291 1842/2586/1287 1844/3142/1289
f 1841/2565/1286 1843/3138/1288 1839/3143/1284 1837/2564/1282
f 1843/3138/1288 1844/3144/1289 1840/3145/1285 1839/3143/1284
f 1844/3146/1289 1842/2608/1287 1838/2607/1283 1840/3147/1285
f 1837/2394/1282 1839/3148/1284 1831/3149/1276 1829/2391/1274
f 1839/3148/1284 1840/3150/1285 1832/3151/1277 1831/3149/1276
f 1840/3152/1285 1838/2591/1283 1830/2590/1275 1832/3153/1277
f 1934/2715/1379 1936/3154/1381 1927/3155/1372 1925/2718/1370
f 1936/3154/1381 1935/3156/1380 1928/3157/1373 1927/3155/1372
f 1935/3158/1380 1933/2188/1378 1926/2187/1371 1928/3159/1373
f 1938/2717/1383 1940/3160/1385 1936/3161/1381 1934/2715/1379
f 1940/3160/1385 1939/3162/1384 1935/3163/1380 1936/3161/1381
f 1939/3164/1384 1937/2589/1382 1933/2588/1378 1935/3165/1380
f 1942/2710/1387 1944/3166/1389 1940/3167/1385 1938/2713/1383
f 1944/3166/1389 1943/3168/1388 1939/3169/1384 1940/3167/1385
f 1943/3170/1388 1941/2139/1386 1937/2138/1382 1939/3171/1384
f 1946/2712/1391 1948/3172/1393 1944/3166/1389 1942/2710/1387
f 1948/3172/1393 1947/3173/1392 1943/3174/1388 1944/3166/1389
f 1947/3175/1392 1945/2567/1390 1941/2566/1386 1943/3176/1388
f 1950/2708/1395 1952/3177/1397 1948/3178/1393 1946/2709/1391
f 1952/3177/1397 1951/3179/1396 1947/3180/1392 1948/3178/1393
f 1951/3181/1396 1949/2580/1394 1945/2579/1390 1947/3182/1392
f 1954/2705/1399 1956/3183/1401 1952/3177/1397 1950/2708/1395
f 1956/3183/1401 1955/3184/1400 1951/3179/1396 1952/3177/1397
f 1955/3185/1400 1953/2602/1398 1949/2601/1394 1951/3186/1396
f 1958/2707/1403 1960/3187/1405 1956/3188/1401 1954/2705/1399
f 1960/3187/1405 1959/3189/1404 1955/3190/1400 1956/3188/1401
f 1959/3191/1404 1957/2620/1402 1953/2619/1398 1955/3192/1400
f 1962/2701/1407 1964/3193/1409 1960/3194/1405 1958/2703/1403
f 1964/3193/1409 1963/3195/1408 1959/3196/1404 1960/3194/1405
f 1963/3197/1408 1961/2633/1406 1957/2632/1402 1959/3198/1404
f 1966/2699/1411 1968/3199/1413 1964/3200/1409 1962/2701/1407
f 1968/3199/1413 1967/3201/1412 1963/3202/1408 1964/3200/1409
f 1967/3203/1412 1965/2644/1410 1961/2643/1406 1963/3204/1408
f 1970/2695/1415 1972/3205/1417 1968/3206/1413 1966/2699/1411
f 1972/3205/1417 1971/3207/1416 1967/3208/1412 1968/3206/1413
f 1971/3209/1416 1969/2561/1414 1965/2560/1410 1967/3210/1412
f 1930/2698/1375 1932/3211/1377 1972/3212/1417 1970/2695/1415
f 1932/3211/1377 1931/3213/1376 1971/3214/1416 1972/3212/1417
f 1931/3215/1376 1929/2612/1374 1969/2611/1414 1971/3216/1416
f 2126/2691/1571 2128/3217/1573 2119/3218/1564 2117/2693/1562
f 2128/3217/1573 2127/3219/1572 2120/3220/1565 2119/3218/1564
f 2127/3221/1572 2125/2220/1570 2118/2219/1563 2120/3222/1565
f 2130/2689/1575 2132/3223/1577 2128/3224/1573 2126/2691/1571
f 2132/3223/1577 2131/3225/1576 2127/3226/1572 2128/3224/1573
f 2131/3227/1576 2129/2563/1574 2125/2562/1570 2127/3228/1572
f 2134/2686/1579 2136/3229/1581 2132/3230/1577 2130/2689/1575
f 2136/3229/1581 2135/3231/1580 2131/3232/1576 2132/3230/1577
f 2135/3233/1580 2133/2626/1578 2129/2625/1574 2131/3234/1576
f 2138/2688/1583 2140/3235/1585 2136/3236/1581 2134/2686/1579
f 2140/3235/1585 2139/3237/1584 2135/3238/1580 2136/3236/1581
f 2139/3239/1584 2137/2638/1582 2133/2637/1578 2135/3240/1580
f 2142/2682/1587 2144/3241/1589 2140/3242/1585 2138/2684/1583
f 2144/3241/1589 2143/3243/1588 2139/3244/1584 2140/3242/1585
f 2143/3245/1588 2141/2553/1586 2137/2552/1582 2139/3246/1584
f 2146/2680/1591 2148/3247/1593 2144/3248/1589 2142/2682/1587
f 2148/3247/1593 2147/3249/1592 2143/3250/1588 2144/3248/1589
f 2147/3251/1592 2145/2569/1590 2141/2568/1586 2143/3252/1588
f 2150/2678/1595 2152/3253/1597 2148/3247/1593 2146/2680/1591
f 2152/3253/1597 2151/3254/1596 2147/3249/1592 2148/3247/1593
f 2151/3255/1596 2149/2582/1594 2145/2581/1590 2147/3256/1592
f 2154/2676/1599 2156/3257/1601 2152/3258/1597 2150/2678/1595
f 2156/3257/1601 2155/3259/1600 2151/3260/1596 2152/3258/1597
f 2155/3261/1600 2153/2604/1598 2149/2603/1594 2151/3262/1596
f 2158/2674/1603 2160/3263/1605 2156/3264/1601 2154/2676/1599
f 2160/3263/1605 2159/3265/1604 2155/3266/1600 2156/3264/1601
f 2159/3267/1604 2157/2622/1602 2153/2621/1598 2155/3268/1600
f 2162/2670/1607 2164/3269/1609 2160/3263/1605 2158/2674/1603
f 2164/3269/1609 2163/3270/1608 2159/3271/1604 2160/3263/1605
f 2163/3272/1608 2161/2634/1606 2157/2622/1602 2159/3273/1604
f 2122/2673/1567 2124/3274/1569 2164/3275/1609 2162/2670/1607
f 2124/3274/1569 2123/3276/1568 2163/3277/1608 2164/3275/1609
f 2123/3278/1568 2121/2610/1566 2161/2609/1606 2163/3279/1608
f 2030/2667/1475 2032/3280/1477 2023/3281/1468 2021/2280/1466
f 2032/3280/1477 2031/3282/1476 2024/3283/1469 2023/3281/1468
f 2031/3284/1476 2029/2251/1474 2022/2250/1467 2024/3285/1469
f 2034/2669/1479 2036/3286/1481 2032/3287/1477 2030/2667/1475
f 2036/3286/1481 2035/3288/1480 2031/3289/1476 2032/3287/1477
f 2035/3290/1480 2033/2636/1478 2029/2635/1474 2031/3291/1476
f 2038/2666/1483 2040/3292/1485 2036/3293/1481 2034/2664/1479
f 2040/3292/1485 2039/3294/1484 2035/3295/1480 2036/3293/1481
f 2039/3296/1484 2037/2593/1482 2033/2592/1478 2035/3297/1480
f 2042/2659/1487 2044/3298/1489 2040/3299/1485 2038/2662/1483
f 2044/3298/1489 2043/3300/1488 2039/3301/1484 2040/3299/1485
f 2043/3302/1488 2041/2615/1486 2037/2614/1482 2039/3303/1484
f 2046/2661/1491 2048/3304/1493 2044/3298/1489 2042/2659/1487
f 2048/3304/1493 2047/3305/1492 2043/3306/1488 2044/3298/1489
f 2047/3307/1492 2045/2628/1490 2041/2627/1486 2043/3308/1488
f 2050/2654/1495 2052/3309/1497 2048/3310/1493 2046/2657/1491
f 2052/3309/1497 2051/3311/1496 2047/3305/1492 2048/3310/1493
f 2051/3312/1496 2049/2640/1494 2045/2639/1490 2047/3313/1492
f 2054/2656/1499 2056/3314/1501 2052/3315/1497 2050/2654/1495
f 2056/3314/1501 2055/3316/1500 2051/3317/1496 2052/3315/1497
f 2055/3318/1500 2053/2555/1498 2049/2554/1494 2051/3319/1496
f 2058/2650/1503 2060/3320/1505 2056/3321/1501 2054/2652/1499
f 2060/3320/1505 2059/3322/1504 2055/3323/1500 2056/3321/1501
f 2059/3324/1504 2057/2571/1502 2053/2570/1498 2055/3325/1500
f 2062/2648/1507 2064/3326/1509 2060/3327/1505 2058/2650/1503
f 2064/3326/1509 2063/3328/1508 2059/3329/1504 2060/3327/1505
f 2063/3330/1508 2061/2584/1506 2057/2583/1502 2059/3331/1504
f 2066/2597/1511 2068/3332/1513 2064/3326/1509 2062/2648/1507
f 2068/3332/1513 2067/3333/1512 2063/3334/1508 2064/3326/1509
f 2067/3335/1512 2065/2606/1510 2061/2605/1506 2063/3336/1508
f 2026/2600/1471 2028/3337/1473 2068/3338/1513 2066/2597/1511
f 2028/3337/1473 2027/3339/1472 2067/3340/1512 2068/3338/1513
f 2027/3341/1472 2025/2576/1470 2065/2575/1510 2067/3342/1512
f 1785/2179/1230 1787/3343/1232 1880/3344/1325 1878/2180/1323
f 1787/3343/1232 1788/3345/1233 1879/3346/1324 1880/3344/1325
f 1788/3347/1233 1786/2130/1231 1877/2133/1322 1879/3348/1324
f 1881/2490/1326 1883/3349/1328 2072/3350/1517 2070/2459/1515
f 1883/3349/1328 1884/3351/1329 2071/3352/1516 2072/3350/1517
f 1884/3353/1329 1882/2183/1327 2069/2186/1514 2071/2999/1516
f 2073/2274/1518 2075/3354/1520 1976/3355/1421 1974/2275/1419
f 2075/3354/1520 2076/3356/1521 1975/3357/1420 1976/3355/1421
f 2076/3358/1521 2074/2142/1519 1973/2145/1418 1975/3086/1420
f 1977/2150/1422 1979/3359/1424 1784/3360/1229 1782/2151/1227
f 1979/3359/1424 1980/3361/1425 1783/3362/1228 1784/3360/1229
f 1980/3363/1425 1978/2114/1423 1781/2117/1226 1783/3364/1228
f 2169/2135/1614 2171/2827/1616 2216/2908/1661 2214/2720/1659
f 2171/2827/1616 2172/2828/1617 2215/2909/1660 2216/2908/1661
f 2172/2828/1617 2170/2182/1615 2213/2181/1658 2215/2909/1660
f 2313/2737/1758 2315/3005/1760 2168/2748/1613 2166/2738/1611
f 2315/3005/1760 2316/3007/1761 2167/2750/1612 2168/2748/1613
f 2316/3007/1761 2314/2153/1759 2165/2152/1610 2167/2750/1612
f 1829/2391/1274 1831/3365/1276 1932/3366/1377 1930/2740/1375
f 1831/3365/1276 1832/3367/1277 1931/3368/1376 1932/3366/1377
f 1832/3369/1277 1830/2624/1275 1929/2612/1374 1931/3370/1376
f 2025/2576/1470 2027/3371/1472 2120/3372/1565 2118/2647/1563
f 2027/3371/1472 2028/3373/1473 2119/3374/1564 2120/3372/1565
f 2028/3375/1473 2026/2600/1471 2117/2693/1562 2119/3376/1564
f 2121/2610/1566 2123/3377/1568 1928/3378/1373 1926/2187/1371
f 2123/3377/1568 2124/3379/1569 1927/3380/1372 1928/3378/1373
f 2124/3381/1569 2122/2673/1567 1925/2718/1370 1927/3382/1372
f 1833/2306/1278 1835/3383/1280 2024/3384/1469 2022/2304/1467
f 1835/3383/1280 1836/3385/1281 2023/3386/1468 2024/3384/1469
f 1836/3091/1281 1834/2277/1279 2021/2280/1466 2023/3387/1468
f 2217/2307/1662 2219/2830/1664 2264/2996/1709 2262/2308/1707
f 2219/2830/1664 2220/2832/1665 2263/2997/1708 2264/2996/1709
f 2220/2832/1665 2218/2492/1663 2261/2491/1706 2263/2997/1708
f 2265/2334/1710 2267/2917/1712 2312/3084/1757 2310/2335/1755
f 2267/2917/1712 2268/2919/1713 2311/3085/1756 2312/3084/1757
f 2268/2919/1713 2266/2244/1711 2309/2276/1754 2311/3085/1756
f 1781/2117/1226 1638/2116/514 1637/2155/514 1790/2741/1235
f 2382/2694/368 2404/2599/368 2403/2598/368 2402/2649/368 2401/2651/368 2400/2653/368 2399/2655/368 2398/2658/368 2397/2660/368 2396/2663/368 2395/2665/368 2393/2668/368 2394/2279/368 2357/2278/368 2358/2284/368 2359/2283/368 2360/2287/368 2361/2290/368 2362/2293/368 2363/2296/368 2364/2299/368 2365/2301/368 2366/2303/368 2367/2393/368 2368/2392/368 2380/2697/368 2379/2696/368 2378/2700/368 2377/2702/368 2376/2704/368 2375/2706/368 2374/2551/368 2373/2550/368 2372/2711/368 2371/2714/368 2369/2716/368 2370/2719/368 2392/2672/368 2391/2671/368 2390/2675/368 2389/2677/368 2388/2679/368 2387/2681/368 2386/2683/368 2385/2685/368 2384/2687/368 2383/2690/368 2381/2692/368
f 1730/2649/368 2402/2649/368 2403/2598/368 1731/2598/368
f 1688/2287/368 2360/2287/368 2359/2283/368 1687/2283/368
f 1716/2679/368 2388/2679/368 2389/2677/368 1717/2677/368
f 1702/2551/368 2374/2551/368 2375/2706/368 1703/2706/368
f 1731/2598/368 2403/2598/368 2404/2599/368 1732/2599/368
f 1689/2290/368 2361/2290/368 2360/2287/368 1688/2287/368
f 1717/2677/368 2389/2677/368 2390/2675/368 1718/2675/368
f 1703/2706/368 2375/2706/368 2376/2704/368 1704/2704/368
f 1708/2697/368 2380/2697/368 2368/2392/368 1696/2392/368
f 1690/2293/368 2362/2293/368 2361/2290/368 1689/2290/368
f 1718/2675/368 2390/2675/368 2391/2671/368 1719/2671/368
f 1704/2704/368 2376/2704/368 2377/2702/368 1705/2702/368
f 1732/2599/368 2404/2599/368 2382/2694/368 1710/2694/368
f 1691/2296/368 2363/2296/368 2362/2293/368 1690/2293/368
f 1719/2671/368 2391/2671/368 2392/2672/368 1720/2672/368
f 1705/2702/368 2377/2702/368 2378/2700/368 1706/2700/368
f 1720/2672/368 2392/2672/368 2370/2719/368 1698/2719/368
f 1692/2299/368 2364/2299/368 2363/2296/368 1691/2296/368
f 1722/2279/368 2394/2279/368 2393/2668/368 1721/2668/368
f 1706/2700/368 2378/2700/368 2379/2696/368 1707/2696/368
f 1685/2278/368 2357/2278/368 2394/2279/368 1722/2279/368
f 1693/2301/368 2365/2301/368 2364/2299/368 1692/2299/368
f 1721/2668/368 2393/2668/368 2395/2665/368 1723/2665/368
f 1707/2696/368 2379/2696/368 2380/2697/368 1708/2697/368
f 1694/2303/368 2366/2303/368 2365/2301/368 1693/2301/368
f 1723/2665/368 2395/2665/368 2396/2663/368 1724/2663/368
f 1710/2694/368 2382/2694/368 2381/2692/368 1709/2692/368
f 1695/2393/368 2367/2393/368 2366/2303/368 1694/2303/368
f 1724/2663/368 2396/2663/368 2397/2660/368 1725/2660/368
f 1709/2692/368 2381/2692/368 2383/2690/368 1711/2690/368
f 1696/2392/368 2368/2392/368 2367/2393/368 1695/2393/368
f 1725/2660/368 2397/2660/368 2398/2658/368 1726/2658/368
f 1711/2690/368 2383/2690/368 2384/2687/368 1712/2687/368
f 1698/2719/368 2370/2719/368 2369/2716/368 1697/2716/368
f 1726/2658/368 2398/2658/368 2399/2655/368 1727/2655/368
f 1712/2687/368 2384/2687/368 2385/2685/368 1713/2685/368
f 1697/2716/368 2369/2716/368 2371/2714/368 1699/2714/368
f 1727/2655/368 2399/2655/368 2400/2653/368 1728/2653/368
f 1713/2685/368 2385/2685/368 2386/2683/368 1714/2683/368
f 1699/2714/368 2371/2714/368 2372/2711/368 1700/2711/368
f 1728/2653/368 2400/2653/368 2401/2651/368 1729/2651/368
f 1686/2284/368 2358/2284/368 2357/2278/368 1685/2278/368
f 1714/2683/368 2386/2683/368 2387/2681/368 1715/2681/368
f 1700/2711/368 2372/2711/368 2373/2550/368 1701/2550/368
f 1729/2651/368 2401/2651/368 2402/2649/368 1730/2649/368
f 1687/2283/368 2359/2283/368 2358/2284/368 1686/2284/368
f 1715/2681/368 2387/2681/368 2388/2679/368 1716/2679/368
f 2428/2132/514 2416/2131/514 2415/2177/514 2414/2175/514 2413/2172/514 2412/2169/514 2411/2166/514 2410/2164/514 2409/2161/514 2408/2158/514 2407/2156/514 2405/2155/514 2406/2116/514 2441/2115/514 2442/2249/514 2443/2255/514 2444/2257/514 2445/2260/514 2446/2263/514 2447/2265/514 2448/2268/514 2449/2270/514 2450/2273/514 2451/2502/514 2452/2144/514 2429/2143/514 2430/2218/514 2431/2224/514 2432/2227/514 2433/2230/514 2434/2233/514 2435/2236/514 2436/2238/514 2437/2240/514 2438/2243/514 2439/2420/514 2440/2185/514 2417/2184/514 2418/2193/514 2419/2192/514 2420/2196/514 2421/2199/514 2422/2202/514 2423/2204/514 2424/2207/514 2425/2210/514 2426/2148/514 2427/2147/514
f 1663/2224/514 2431/2224/514 2430/2218/514 1662/2218/514
f 1647/2177/514 2415/2177/514 2416/2131/514 1648/2131/514
f 1678/2263/514 2446/2263/514 2445/2260/514 1677/2260/514
f 1664/2227/514 2432/2227/514 2431/2224/514 1663/2224/514
f 1650/2193/514 2418/2193/514 2417/2184/514 1649/2184/514
f 1679/2265/514 2447/2265/514 2446/2263/514 1678/2263/514
f 1665/2230/514 2433/2230/514 2432/2227/514 1664/2227/514
f 1651/2192/514 2419/2192/514 2418/2193/514 1650/2193/514
f 1680/2268/514 2448/2268/514 2447/2265/514 1679/2265/514
f 1666/2233/514 2434/2233/514 2433/2230/514 1665/2230/514
f 1652/2196/514 2420/2196/514 2419/2192/514 1651/2192/514
f 1681/2270/514 2449/2270/514 2448/2268/514 1680/2268/514
f 1638/2116/514 2406/2116/514 2405/2155/514 1637/2155/514
f 1667/2236/514 2435/2236/514 2434/2233/514 1666/2233/514
f 1653/2199/514 2421/2199/514 2420/2196/514 1652/2196/514
f 1682/2273/514 2450/2273/514 2449/2270/514 1681/2270/514
f 1637/2155/514 2405/2155/514 2407/2156/514 1639/2156/514
f 1668/2238/514 2436/2238/514 2435/2236/514 1667/2236/514
f 1654/2202/514 2422/2202/514 2421/2199/514 1653/2199/514
f 1683/2502/514 2451/2502/514 2450/2273/514 1682/2273/514
f 1639/2156/514 2407/2156/514 2408/2158/514 1640/2158/514
f 1669/2240/514 2437/2240/514 2436/2238/514 1668/2238/514
f 1655/2204/514 2423/2204/514 2422/2202/514 1654/2202/514
f 1684/2144/514 2452/2144/514 2451/2502/514 1683/2502/514
f 1640/2158/514 2408/2158/514 2409/2161/514 1641/2161/514
f 1670/2243/514 2438/2243/514 2437/2240/514 1669/2240/514
f 1656/2207/514 2424/2207/514 2423/2204/514 1655/2204/514
f 1648/2131/514 2416/2131/514 2428/2132/514 1660/2132/514
f 1641/2161/514 2409/2161/514 2410/2164/514 1642/2164/514
f 1671/2420/514 2439/2420/514 2438/2243/514 1670/2243/514
f 1657/2210/514 2425/2210/514 2424/2207/514 1656/2207/514
f 1649/2184/514 2417/2184/514 2440/2185/514 1672/2185/514
f 1642/2164/514 2410/2164/514 2411/2166/514 1643/2166/514
f 1672/2185/514 2440/2185/514 2439/2420/514 1671/2420/514
f 1658/2148/514 2426/2148/514 2425/2210/514 1657/2210/514
f 1661/2143/514 2429/2143/514 2452/2144/514 1684/2144/514
f 1643/2166/514 2411/2166/514 2412/2169/514 1644/2169/514
f 1674/2249/514 2442/2249/514 2441/2115/514 1673/2115/514
f 1659/2147/514 2427/2147/514 2426/2148/514 1658/2148/514
f 1673/2115/514 2441/2115/514 2406/2116/514 1638/2116/514
f 1644/2169/514 2412/2169/514 2413/2172/514 1645/2172/514
f 1675/2255/514 2443/2255/514 2442/2249/514 1674/2249/514
f 1660/2132/514 2428/2132/514 2427/2147/514 1659/2147/514
f 1645/2172/514 2413/2172/514 2414/2175/514 1646/2175/514
f 1676/2257/514 2444/2257/514 2443/2255/514 1675/2255/514
f 1662/2218/514 2430/2218/514 2429/2143/514 1661/2143/514
f 1646/2175/514 2414/2175/514 2415/2177/514 1647/2177/514
